timestamp,icao,flight,lat,lon,altitude_ft,speed_kts,track_deg,vertical_rate,squawk,rssi,messages,seen_pos
2026-07-28T21:33:44.055806,AAED0C,,32.890413,-117.45915,,,307,,,-36.9,11,12.4
2026-07-28T21:33:44.055806,ACF48C,TAI528,33.162506,-116.855035,,,279,,,-28.2,56,1.0
2026-07-28T21:33:44.055806,A1F543,,33.146404,-117.072667,,,314,,1200,-36.0,23,8.5
2026-07-28T21:33:44.055806,0C218A,CMP409,33.174957,-116.610095,,,121,,1705,-31.0,80,0.1
2026-07-28T21:33:49.148788,AAED0C,,32.903687,-117.479828,,,307,,,-34.9,15,1.5
2026-07-28T21:33:49.148788,ACF48C,TAI528,33.163628,-116.862581,,,279,,,-34.1,84,2.9
2026-07-28T21:33:49.148788,A1F543,,33.146404,-117.072667,,,314,,1200,-36.0,23,13.5
2026-07-28T21:33:49.148788,0C218A,CMP409,33.169556,-116.599713,,,121,,1705,-35.4,135,0.0
2026-07-28T21:33:49.148788,ACAC8C,N9157A,33.058502,-116.931555,,,319,,,-49.5,9,4.3
2026-07-28T21:33:54.229001,AAED0C,ASA291,32.907761,-117.4862,,,307,,7302,-49.5,54,1.6
2026-07-28T21:33:54.229001,ACF48C,TAI528,33.166328,-116.881135,,,279,,,-30.9,112,0.1
2026-07-28T21:33:54.229001,A1F543,,33.146404,-117.072667,,,314,,1200,-36.0,23,18.6
2026-07-28T21:33:54.229001,0C218A,CMP409,33.169556,-116.599713,,,121,,1705,-35.4,151,5.1
2026-07-28T21:33:54.229001,ACAC8C,N9157A,33.058502,-116.931555,,,319,,,-49.5,9,9.3
2026-07-28T21:33:54.229001,A667CF,,32.910523,-116.960169,,,,,,-36.7,3,1.6
2026-07-28T21:33:59.280909,AAED0C,ASA291,32.910461,-117.490375,,,307,,7302,-49.5,73,3.5
2026-07-28T21:33:59.280909,ACF48C,TAI528,33.168097,-116.893186,,,279,,4666,-49.5,154,0.0
2026-07-28T21:33:59.280909,A1F543,,33.146404,-117.072667,,,314,,1200,-36.0,23,23.6
2026-07-28T21:33:59.280909,0C218A,CMP409,33.169556,-116.599713,,,121,,1705,-49.5,154,10.2
2026-07-28T21:33:59.280909,ACAC8C,N9157A,33.058502,-116.931555,,,319,,,-49.5,9,14.4
2026-07-28T21:33:59.280909,A667CF,,32.909821,-116.958032,,,,,,-35.3,4,3.0
2026-07-28T21:33:59.280909,AE4FFE,,32.91069,-117.299048,,,282,,,-34.6,4,3.2
2026-07-28T21:34:04.332892,AAED0C,ASA291,32.910461,-117.490375,,,307,,7302,-49.5,74,8.5
2026-07-28T21:34:04.332892,ACF48C,TAI528,33.169819,-116.905237,,,279,,4666,-33.4,163,0.0
2026-07-28T21:34:04.332892,A1F543,,33.146404,-117.072667,,,314,,1200,-36.0,23,28.7
2026-07-28T21:34:04.332892,0C218A,CMP409,33.169556,-116.599713,,,121,,1705,-49.5,154,15.3
2026-07-28T21:34:04.332892,ACAC8C,N9157A,33.058502,-116.931555,,,319,,,-49.5,10,19.5
2026-07-28T21:34:04.332892,A667CF,,32.908447,-116.953802,,,111,,,-49.5,13,0.9
2026-07-28T21:34:04.332892,AE4FFE,,32.91069,-117.299048,,,282,,,-34.6,4,8.3
2026-07-28T21:34:09.410535,AAED0C,ASA291,32.910461,-117.490375,,,307,,7302,-49.5,74,13.6
2026-07-28T21:34:09.410535,ACF48C,TAI528,33.171542,-116.917008,,,279,,4666,-49.5,189,0.1
2026-07-28T21:34:09.410535,A1F543,,33.146404,-117.072667,,,314,,1200,-36.0,23,33.8
2026-07-28T21:34:09.410535,0C218A,CMP409,33.148224,-116.558899,,,121,,1705,-31.6,184,0.3
2026-07-28T21:34:09.410535,ACAC8C,N9157A,33.068941,-116.940775,,,326,,4636,-49.5,42,0.0
2026-07-28T21:34:09.410535,A667CF,,32.908127,-116.952924,,,111,,,-49.5,17,4.4
2026-07-28T21:34:09.410535,AE4FFE,,32.91069,-117.299048,,,282,,,-34.6,4,13.4
2026-07-28T21:34:14.488822,AAED0C,ASA291,32.910461,-117.490375,,,307,,7302,-49.5,74,18.7
2026-07-28T21:34:14.488822,ACF48C,TAI528,33.173264,-116.928555,,,279,,4666,-49.5,254,0.3
2026-07-28T21:34:14.488822,A1F543,,33.146404,-117.072667,,,314,,1200,-34.5,24,38.8
2026-07-28T21:34:14.488822,0C218A,CMP409,33.147149,-116.55687,,,121,,1705,-34.0,192,4.4
2026-07-28T21:34:14.488822,ACAC8C,N9157A,33.069406,-116.941111,,,326,,4636,-49.5,49,4.0
2026-07-28T21:34:14.488822,A667CF,,32.908127,-116.952924,,,112,,,-37.1,19,9.4
2026-07-28T21:34:14.488822,AE4FFE,,32.91069,-117.299048,,,282,,,-34.6,4,18.4
2026-07-28T21:34:19.541618,AAED0C,ASA291,32.910461,-117.490375,,,307,,7302,-49.5,74,23.7
2026-07-28T21:34:19.541618,ACF48C,TAI528,33.174957,-116.940344,,,279,,4666,-29.8,296,0.3
2026-07-28T21:34:19.541618,A1F543,,33.162418,-117.090043,,,321,,1200,-33.4,28,0.9
2026-07-28T21:34:19.541618,0C218A,CMP409,33.147149,-116.55687,,,121,,1705,-34.0,192,9.5
2026-07-28T21:34:19.541618,ACAC8C,N9157A,33.072106,-116.943241,,,326,,4636,-35.6,52,2.9
2026-07-28T21:34:19.541618,A667CF,,32.908127,-116.952924,,,112,,,-37.1,19,14.5
2026-07-28T21:34:19.541618,AE4FFE,,32.91069,-117.299048,,,282,,4612,-36.2,7,23.5
2026-07-28T21:34:24.593338,AAED0C,ASA291,32.910461,-117.490375,,,307,,7302,-49.5,74,28.8
2026-07-28T21:34:24.593338,ACF48C,TAI528,33.17657,-116.951481,,,279,,4666,-49.5,322,0.6
2026-07-28T21:34:24.593338,A1F543,,33.162418,-117.090043,,,321,,1200,-33.4,28,6.0
2026-07-28T21:34:24.593338,0C218A,CMP409,33.132477,-116.528961,,,121,,1705,-49.5,198,0.8
2026-07-28T21:34:24.593338,ACAC8C,N9157A,33.072106,-116.943241,,,326,,4636,-49.5,53,8.0
2026-07-28T21:34:24.593338,A667CF,,32.908127,-116.952924,,,112,,,-37.1,19,19.6
2026-07-28T21:34:24.593338,AE4FFE,,32.91069,-117.299048,,,282,,4612,-36.2,7,28.5
2026-07-28T21:34:29.671812,AAED0C,ASA291,32.910461,-117.490375,,,307,,7302,-37.7,75,33.8
2026-07-28T21:34:29.671812,ACF48C,TAI528,33.178207,-116.962756,,,279,,4666,-27.2,356,0.8
2026-07-28T21:34:29.671812,A1F543,,33.162418,-117.090043,,,321,,1200,-33.4,28,11.0
2026-07-28T21:34:29.671812,0C218A,CMP409,33.126526,-116.517535,,,121,,1705,-49.5,234,0.3
2026-07-28T21:34:29.671812,ACAC8C,N9157A,33.078003,-116.947705,,,328,,4636,-30.3,88,0.0
2026-07-28T21:34:29.671812,A667CF,,32.908127,-116.952924,,,112,,,-37.1,19,24.6
2026-07-28T21:34:29.671812,AE4FFE,,32.91069,-117.299048,,,282,,4612,-36.2,7,33.6
2026-07-28T21:34:34.721339,AAED0C,ASA291,32.910461,-117.490375,,,307,,7302,-37.7,75,38.9
2026-07-28T21:34:34.721339,ACF48C,TAI528,33.179993,-116.974786,,,279,,4666,-22.7,395,0.7
2026-07-28T21:34:34.721339,A1F543,,33.162418,-117.090043,,,321,,1200,-33.4,28,16.1
2026-07-28T21:34:34.721339,0C218A,CMP409,33.121078,-116.507153,,,121,,1705,-49.5,285,0.2
2026-07-28T21:34:34.721339,ACAC8C,N9157A,33.080246,-116.949298,,,329,,4636,-34.8,119,0.4
2026-07-28T21:34:34.721339,A667CF,,32.908127,-116.952924,,,112,,,-37.1,19,29.7
2026-07-28T21:34:34.721339,AE4FFE,,32.91069,-117.299048,,,282,,4612,-36.2,7,38.6
2026-07-28T21:34:39.775295,AAED0C,ASA291,32.946974,-117.547265,,,307,,7302,-49.5,82,1.5
2026-07-28T21:34:39.775295,ACF48C,TAI528,33.181644,-116.986233,,,279,,4666,-31.6,436,0.8
2026-07-28T21:34:39.775295,A1F543,,33.162418,-117.090043,,,321,,1200,-33.4,28,21.1
2026-07-28T21:34:39.775295,0C218A,CMP409,33.115633,-116.496781,,,121,,1705,-35.1,347,0.2
2026-07-28T21:34:39.775295,ACAC8C,N9157A,33.082767,-116.951088,,,329,,4636,-49.5,146,0.2
2026-07-28T21:34:39.775295,A667CF,,32.908127,-116.952924,,,112,,,-37.1,19,34.7
2026-07-28T21:34:39.775295,AE4FFE,,32.91069,-117.299048,,,282,,4612,-49.5,10,43.7
2026-07-28T21:34:44.837022,AAED0C,ASA291,32.946974,-117.547265,,,307,,7302,-49.5,82,6.6
2026-07-28T21:34:44.837022,ACF48C,TAI528,33.183273,-116.997276,,,279,,4666,-49.5,461,1.0
2026-07-28T21:34:44.837022,A1F543,,33.172194,-117.098899,,,324,,0275,-49.5,34,1.8
2026-07-28T21:34:44.837022,0C218A,CMP409,33.110186,-116.486412,,,121,,1705,-33.1,391,0.0
2026-07-28T21:34:44.837022,ACAC8C,N9157A,33.085141,-116.952714,,,329,,4636,-27.2,191,0.1
2026-07-28T21:34:44.837022,A667CF,,32.908127,-116.952924,,,112,,,-37.1,19,39.8
2026-07-28T21:34:44.837022,AE4FFE,,32.913391,-117.324371,,,252,,4612,-34.7,16,0.8
2026-07-28T21:34:49.873371,AAED0C,ASA291,32.946974,-117.547265,,,307,,7302,-35.7,88,11.7
2026-07-28T21:34:49.873371,ACF48C,TAI528,33.184949,-117.008991,,,279,,4666,-49.5,498,1.0
2026-07-28T21:34:49.873371,A1F543,,33.173032,-117.099628,,,325,,0275,-49.5,37,4.8
2026-07-28T21:34:49.873371,0C218A,CMP409,33.104833,-116.476266,,,121,,1705,-49.5,430,0.2
2026-07-28T21:34:49.873371,ACAC8C,N9157A,33.087469,-116.954339,,,330,,4636,-29.9,235,0.3
2026-07-28T21:34:49.873371,A667CF,,32.908127,-116.952924,,,112,,,-37.1,19,44.9
2026-07-28T21:34:49.873371,AE4FFE,,32.912704,-117.325854,,,230,,4612,-49.5,26,2.8
2026-07-28T21:34:49.873371,A1589D,,33.221213,-117.888794,,,321,,,-49.5,9,1.4
2026-07-28T21:34:54.957765,AAED0C,ASA291,32.946974,-117.547265,,,307,,7302,-35.7,88,16.7
2026-07-28T21:34:54.957765,ACF48C,TAI528,33.186905,-117.022632,,,279,,4666,-49.5,529,0.1
2026-07-28T21:34:54.957765,A1F543,,33.173032,-117.099628,,,325,,0275,-49.5,37,9.9
2026-07-28T21:34:54.957765,0C218A,CMP409,33.099747,-116.466504,,,121,,1705,-49.5,458,0.4
2026-07-28T21:34:54.957765,ACAC8C,N9157A,33.089813,-116.955945,,,328,,4636,-49.5,286,0.3
2026-07-28T21:34:54.957765,A667CF,,32.908127,-116.952924,,,112,,,-37.1,19,49.9
2026-07-28T21:34:54.957765,AE4FFE,,32.910477,-117.328884,,,221,,4612,-49.5,38,0.1
2026-07-28T21:34:54.957765,A1589D,,33.221213,-117.888794,,,321,,,-49.5,9,6.4
2026-07-28T21:35:00.009501,AAED0C,ASA291,32.946974,-117.547265,,,307,,7302,-35.7,88,21.7
2026-07-28T21:35:00.009501,ACF48C,TAI528,33.18858,-117.034159,,,279,,4666,-49.5,574,0.1
2026-07-28T21:35:00.009501,A1F543,,33.173032,-117.099628,,,325,,0275,-49.5,37,14.9
2026-07-28T21:35:00.009501,0C218A,CMP409,33.095336,-116.458161,,,121,,1705,-37.3,471,1.4
2026-07-28T21:35:00.009501,ACAC8C,N9157A,33.092239,-116.957758,,,328,,4636,-49.5,330,0.0
2026-07-28T21:35:00.009501,A667CF,,32.908127,-116.952924,,,112,,,-37.1,19,54.9
2026-07-28T21:35:00.009501,AE4FFE,,32.909453,-117.329836,,,221,,4612,-49.5,41,2.3
2026-07-28T21:35:00.009501,A1589D,,33.221213,-117.888794,,,321,,,-49.5,9,11.5
2026-07-28T21:35:05.052537,AAED0C,ASA291,32.946974,-117.547265,,,307,,7302,-35.7,88,26.8
2026-07-28T21:35:05.052537,ACF48C,TAI528,33.190201,-117.045483,,,279,,4666,-49.5,602,0.2
2026-07-28T21:35:05.052537,A1F543,,33.173032,-117.099628,,,325,,0275,-49.5,37,20.0
2026-07-28T21:35:05.052537,0C218A,CMP409,33.095336,-116.458161,,,121,,1705,-36.0,472,6.5
2026-07-28T21:35:05.052537,ACAC8C,N9157A,33.094731,-116.959552,,,329,,4636,-49.5,373,0.0
2026-07-28T21:35:05.052537,A667CF,,32.908127,-116.952924,,,112,,,-37.1,19,60.0
2026-07-28T21:35:05.052537,AE4FFE,,32.909453,-117.329836,,,221,,4612,-49.5,41,7.4
2026-07-28T21:35:05.052537,A1589D,,33.221213,-117.888794,,,321,,,-49.5,9,16.6
2026-07-28T21:35:10.121609,AAED0C,ASA291,32.946974,-117.547265,,,307,,7302,-35.7,88,31.9
2026-07-28T21:35:10.121609,ACF48C,TAI528,33.191932,-117.057364,,,279,,4666,-27.7,636,0.0
2026-07-28T21:35:10.121609,A1F543,,33.173032,-117.099628,,,325,,0275,-49.5,37,25.1
2026-07-28T21:35:10.121609,0C218A,CMP409,33.086072,-116.440448,,,121,,1705,-36.8,475,2.8
2026-07-28T21:35:10.121609,ACAC8C,N9157A,33.097092,-116.961218,,,328,,4636,-33.4,415,0.2
2026-07-28T21:35:10.121609,A667CF,,32.908127,-116.952924,,,112,,,-37.1,19,65.1
2026-07-28T21:35:10.121609,AE4FFE,,32.909453,-117.329836,,,221,,4612,-49.5,41,12.5
2026-07-28T21:35:10.121609,A1589D,,33.221213,-117.888794,,,321,,,-49.5,9,21.6
2026-07-28T21:35:15.202628,AAED0C,ASA291,32.946974,-117.547265,,,307,,7302,-35.7,88,37.0
2026-07-28T21:35:15.202628,ACF48C,TAI528,33.193608,-117.068911,,,279,,4666,-49.5,669,0.0
2026-07-28T21:35:15.202628,A1F543,,33.173032,-117.099628,,,325,,0275,-49.5,37,30.1
2026-07-28T21:35:15.202628,0C218A,CMP409,33.080812,-116.430471,,,121,,1705,-49.5,489,3.1
2026-07-28T21:35:15.202628,ACAC8C,N9157A,33.099386,-116.962916,,,329,,4636,-49.5,461,0.4
2026-07-28T21:35:15.202628,AE4FFE,,32.909453,-117.329836,,,221,,4612,-49.5,41,17.6
2026-07-28T21:35:15.202628,A1589D,,33.221213,-117.888794,,,321,,,-49.5,9,26.7
2026-07-28T21:35:20.277333,AAED0C,ASA291,32.946974,-117.547265,,,307,,7302,-49.5,89,42.0
2026-07-28T21:35:20.277333,ACF48C,TAI528,33.19519,-117.08001,,,279,,4666,-49.5,713,0.2
2026-07-28T21:35:20.277333,A1F543,,33.173032,-117.099628,,,325,,0275,-49.5,37,35.2
2026-07-28T21:35:20.277333,0C218A,CMP409,33.074434,-116.418308,,,121,,1705,-34.0,508,2.1
2026-07-28T21:35:20.277333,ACAC8C,N9157A,33.101667,-116.964485,,,329,,4636,-49.5,502,0.5
2026-07-28T21:35:20.277333,AE4FFE,,32.909453,-117.329836,,,188,,4612,-49.5,42,22.7
2026-07-28T21:35:20.277333,A1589D,,33.221213,-117.888794,,,321,,,-49.5,9,31.8
2026-07-28T21:35:25.322318,AAED0C,ASA291,32.946974,-117.547265,,,307,,7302,-49.5,93,47.1
2026-07-28T21:35:25.322318,ACF48C,TAI528,33.196913,-117.091725,,,279,,4666,-28.8,751,0.0
2026-07-28T21:35:25.322318,A1F543,,33.173032,-117.099628,,,325,,0275,-49.5,37,40.2
2026-07-28T21:35:25.322318,0C218A,CMP409,33.070896,-116.411581,,,121,,1705,-49.5,530,3.9
2026-07-28T21:35:25.322318,ACAC8C,N9157A,33.103867,-116.966052,,,329,,4636,-49.5,517,0.4
2026-07-28T21:35:25.322318,AE4FFE,,32.909453,-117.329836,,,188,,4612,-49.5,42,27.7
2026-07-28T21:35:25.322318,A1589D,,33.221213,-117.888794,,,321,,,-49.5,9,36.8
2026-07-28T21:35:30.371481,AAED0C,ASA291,32.946974,-117.547265,,,307,,7302,-36.3,96,52.1
2026-07-28T21:35:30.371481,ACF48C,TAI528,33.198395,-117.101953,,,279,,4666,-26.3,784,0.5
2026-07-28T21:35:30.371481,A1F543,,33.173032,-117.099628,,,325,,0275,-49.5,37,45.3
2026-07-28T21:35:30.371481,0C218A,CMP409,33.061523,-116.393665,,,121,,1705,-34.5,552,0.1
2026-07-28T21:35:30.371481,ACAC8C,N9157A,33.106089,-116.967568,,,329,,4636,-34.0,536,0.4
2026-07-28T21:35:30.371481,AE4FFE,,32.909453,-117.329836,,,188,,4612,-49.5,42,32.7
2026-07-28T21:35:30.371481,A1589D,,33.221213,-117.888794,,,321,,,-49.5,9,41.9
2026-07-28T21:35:30.371481,AD0919,,32.840974,-117.382078,,,307,,1332,-49.5,17,0.0
2026-07-28T21:35:35.426821,AAED0C,ASA291,32.946974,-117.547265,,,307,,7302,-49.5,97,57.2
2026-07-28T21:35:35.426821,ACF48C,TAI528,33.199631,-117.110468,,,279,,4666,-35.8,803,1.8
2026-07-28T21:35:35.426821,A1F543,,33.173032,-117.099628,,,325,,0275,-49.5,37,50.4
2026-07-28T21:35:35.426821,0C218A,CMP409,33.056305,-116.383722,,,121,,1705,-49.5,570,0.3
2026-07-28T21:35:35.426821,ACAC8C,N9157A,33.108417,-116.969193,,,329,,4636,-49.5,562,0.0
2026-07-28T21:35:35.426821,AE4FFE,,32.909453,-117.329836,,,188,,4612,-49.5,42,37.8
2026-07-28T21:35:35.426821,A1589D,,33.221213,-117.888794,,,321,,,-49.5,9,46.9
2026-07-28T21:35:35.426821,AD0919,,32.842045,-117.383759,,,307,,1332,-32.9,28,3.8
2026-07-28T21:35:40.504717,AAED0C,ASA291,32.946974,-117.547265,,,307,,7302,-49.5,97,62.3
2026-07-28T21:35:40.504717,ACF48C,TAI528,33.201522,-117.123507,,,279,,4666,-49.5,837,1.0
2026-07-28T21:35:40.504717,A1F543,,33.173032,-117.099628,,,325,,0275,-49.5,37,55.4
2026-07-28T21:35:40.504717,0C218A,CMP409,33.052042,-116.375595,,,121,,1705,-49.5,593,1.3
2026-07-28T21:35:40.504717,ACAC8C,N9157A,33.110413,-116.970667,,,328,,4636,-30.7,603,0.4
2026-07-28T21:35:40.504717,AE4FFE,,32.909453,-117.329836,,,188,,4612,-49.5,42,42.9
2026-07-28T21:35:40.504717,A1589D,,33.221213,-117.888794,,,321,,,-49.5,9,52.0
2026-07-28T21:35:40.504717,AD0919,,32.842045,-117.383759,,,307,,1332,-32.9,28,8.9
2026-07-28T21:35:45.584565,AAED0C,ASA291,32.946974,-117.547265,,,307,,7302,-49.5,97,67.3
2026-07-28T21:35:45.584565,ACF48C,TAI528,33.20343,-117.137054,,,279,,4666,-32.2,871,0.0
2026-07-28T21:35:45.584565,A1F543,,33.173032,-117.099628,,,325,,0275,-49.5,37,60.5
2026-07-28T21:35:45.584565,0C218A,CMP409,33.052042,-116.375595,,,121,,1705,-38.0,595,6.4
2026-07-28T21:35:45.584565,ACAC8C,N9157A,33.1127,-116.972276,,,329,,4636,-49.5,642,0.2
2026-07-28T21:35:45.584565,AE4FFE,,32.909453,-117.329836,,,188,,4612,-49.5,42,47.9
2026-07-28T21:35:45.584565,A1589D,,33.221213,-117.888794,,,321,,,-49.5,9,57.1
2026-07-28T21:35:45.584565,AD0919,,32.842045,-117.383759,,,307,,1332,-49.5,29,13.9
2026-07-28T21:35:50.650547,AAED0C,ASA291,32.946974,-117.547265,,,307,,7302,-49.5,97,72.4
2026-07-28T21:35:50.650547,ACF48C,TAI528,33.204987,-117.147766,,,279,,4666,-29.9,880,0.3
2026-07-28T21:35:50.650547,0C218A,CMP409,33.052042,-116.375595,,,121,,1705,-38.0,595,11.5
2026-07-28T21:35:50.650547,ACAC8C,N9157A,33.113584,-116.972893,,,329,,4636,-49.5,654,3.2
2026-07-28T21:35:50.650547,AE4FFE,,32.909453,-117.329836,,,188,,4612,-49.5,42,53.0
2026-07-28T21:35:50.650547,AD0919,,32.842045,-117.383759,,,307,,1332,-49.5,29,19.0
2026-07-28T21:35:55.723985,AAED0C,ASA291,32.946974,-117.547265,,,307,,7302,-49.5,97,77.5
2026-07-28T21:35:55.723985,ACF48C,TAI528,33.206642,-117.15938,,,279,,4666,-29.8,943,0.2
2026-07-28T21:35:55.723985,0C218A,CMP409,33.052042,-116.375595,,,122,,1705,-35.8,596,16.5
2026-07-28T21:35:55.723985,ACAC8C,N9157A,33.113584,-116.972893,,,329,,4636,-36.3,655,8.3
2026-07-28T21:35:55.723985,AE4FFE,,32.909453,-117.329836,,,188,,4612,-49.5,42,58.1
2026-07-28T21:35:55.723985,AD0919,,32.842045,-117.383759,,,307,,1332,-49.5,29,24.1
2026-07-28T21:36:00.797195,AAED0C,ASA291,32.946974,-117.547265,,,307,,7302,-49.5,97,82.5
2026-07-28T21:36:00.797195,ACF48C,TAI528,33.208225,-117.170479,,,279,,4666,-49.5,985,0.4
2026-07-28T21:36:00.797195,0C218A,CMP409,33.052042,-116.375595,,,122,,1705,-36.0,600,21.6
2026-07-28T21:36:00.797195,ACAC8C,N9157A,33.118607,-116.976544,,,327,,4636,-36.2,663,1.5
2026-07-28T21:36:00.797195,AE4FFE,,32.909453,-117.329836,,,188,,4612,-49.5,42,63.2
2026-07-28T21:36:00.797195,AD0919,,32.842045,-117.383759,,,307,,1332,-49.5,29,29.1
2026-07-28T21:36:05.845743,AAED0C,ASA291,32.946974,-117.547265,,,307,,7302,-49.5,98,87.6
2026-07-28T21:36:05.845743,ACF48C,TAI528,33.209575,-117.180064,,,279,,4666,-30.8,1016,1.3
2026-07-28T21:36:05.845743,0C218A,CMP409,33.052042,-116.375595,,,122,,1705,-36.0,600,26.7
2026-07-28T21:36:05.845743,ACAC8C,N9157A,33.120163,-116.977698,,,328,,4636,-34.2,676,2.9
2026-07-28T21:36:05.845743,AE4FFE,,32.909453,-117.329836,,,188,,4612,-49.5,42,68.2
2026-07-28T21:36:05.845743,AD0919,,32.842045,-117.383759,,,307,,1332,-49.5,38,34.2
2026-07-28T21:36:10.896827,AAED0C,ASA291,32.946974,-117.547265,,,307,,7302,-49.5,98,92.6
2026-07-28T21:36:10.896827,ACF48C,TAI528,33.211484,-117.19346,,,279,,4666,-28.5,1032,0.3
2026-07-28T21:36:10.896827,0C218A,CMP409,33.052042,-116.375595,,,122,,1705,-36.0,600,31.7
2026-07-28T21:36:10.896827,ACAC8C,N9157A,33.123276,-116.979895,,,329,,4636,-49.5,690,0.6
2026-07-28T21:36:10.896827,AE4FFE,,32.909453,-117.329836,,,188,,4612,-49.5,42,73.2
2026-07-28T21:36:10.896827,AD0919,,32.874069,-117.433795,,,307,,1332,-31.9,72,0.0
2026-07-28T21:36:15.937702,AAED0C,ASA291,32.946974,-117.547265,,,307,,7302,-49.5,98,97.7
2026-07-28T21:36:15.937702,ACF48C,TAI528,33.213113,-117.204951,,,279,,4666,-49.5,1061,0.2
2026-07-28T21:36:15.937702,0C218A,CMP409,33.052042,-116.375595,,,122,,1705,-36.0,600,36.8
2026-07-28T21:36:15.937702,ACAC8C,N9157A,33.125427,-116.981378,,,329,,4636,-49.5,730,0.4
2026-07-28T21:36:15.937702,AE4FFE,,32.909453,-117.329836,,,188,,4612,-49.5,42,78.3
2026-07-28T21:36:15.937702,AD0919,SWA948,32.875702,-117.436281,,,307,,1332,-36.8,91,3.2
2026-07-28T21:36:21.027520,AAED0C,ASA291,32.946974,-117.547265,,,307,,7302,-49.5,98,102.8
2026-07-28T21:36:21.027520,ACF48C,TAI528,33.214554,-117.215167,,,279,,4666,-27.1,1088,0.6
2026-07-28T21:36:21.027520,0C218A,CMP409,33.052042,-116.375595,,,122,,1705,-36.0,600,41.9
2026-07-28T21:36:21.027520,ACAC8C,N9157A,33.12755,-116.98287,,,329,,4636,-31.1,775,0.4
2026-07-28T21:36:21.027520,AD0919,SWA948,32.882034,-117.446258,,,307,,1332,-33.8,100,0.6
2026-07-28T21:36:26.108526,AAED0C,ASA291,32.946974,-117.547265,,,307,,7302,-49.5,98,107.9
2026-07-28T21:36:26.108526,ACF48C,TAI528,33.215836,-117.224121,,,279,,4666,-33.1,1100,1.6
2026-07-28T21:36:26.108526,0C218A,CMP409,33.052042,-116.375595,,,122,,1705,-36.0,600,46.9
2026-07-28T21:36:26.108526,ACAC8C,N9157A,33.129776,-116.984509,,,327,,4636,-49.5,818,0.2
2026-07-28T21:36:26.108526,AD0919,SWA948,32.886658,-117.453571,,,307,,1332,-49.5,142,0.0
2026-07-28T21:36:31.185699,AAED0C,ASA291,32.946974,-117.547265,,,307,,7302,-49.5,98,113.0
2026-07-28T21:36:31.185699,ACF48C,TAI528,33.215836,-117.224121,,,279,,4666,-49.5,1110,6.6
2026-07-28T21:36:31.185699,0C218A,CMP409,33.052042,-116.375595,,,122,,1705,-36.0,600,52.0
2026-07-28T21:36:31.185699,ACAC8C,N9157A,33.131833,-116.986065,,,326,,4636,-30.5,867,0.2
2026-07-28T21:36:31.185699,AD0919,SWA948,32.890594,-117.459668,,,307,,1332,-35.8,187,0.4
2026-07-28T21:36:36.266136,AAED0C,ASA291,33.069305,-117.733557,,,307,,7302,-35.3,100,1.1
2026-07-28T21:36:36.266136,ACF48C,TAI528,33.219452,-117.249335,,,279,,4666,-29.5,1140,0.0
2026-07-28T21:36:36.266136,0C218A,CMP409,33.052042,-116.375595,,,122,,1705,-36.0,600,57.1
2026-07-28T21:36:36.266136,ACAC8C,N9157A,33.13385,-116.987695,,,325,,4636,-26.2,912,0.1
2026-07-28T21:36:36.266136,AD0919,SWA948,32.894649,-117.465932,,,307,,1332,-36.8,223,0.7
2026-07-28T21:36:41.343315,AAED0C,ASA291,33.069305,-117.733557,,,307,,7302,-49.5,101,6.1
2026-07-28T21:36:41.343315,ACF48C,TAI528,33.220688,-117.258014,,,279,,4666,-30.6,1188,1.0
2026-07-28T21:36:41.343315,0C218A,CMP409,33.052042,-116.375595,,,122,,1705,-36.0,600,62.2
2026-07-28T21:36:41.343315,ACAC8C,N9157A,33.135773,-116.989343,,,322,,4636,-26.5,955,0.2
2026-07-28T21:36:41.343315,AD0919,SWA948,32.894649,-117.465932,,,307,,1332,-36.8,223,5.7
2026-07-28T21:36:46.399253,AAED0C,ASA291,33.069305,-117.733557,,,307,,7302,-49.5,101,11.2
2026-07-28T21:36:46.399253,ACF48C,TAI528,33.22247,-117.270477,,,279,,4666,-49.5,1217,0.0
2026-07-28T21:36:46.399253,0C218A,CMP409,33.052042,-116.375595,,,122,,1705,-36.0,600,67.2
2026-07-28T21:36:46.399253,ACAC8C,N9157A,33.137512,-116.990998,,,321,,4636,-22.3,996,0.6
2026-07-28T21:36:46.399253,AD0919,SWA948,32.894649,-117.465932,,,307,,1332,-49.5,226,10.8
2026-07-28T21:36:51.446822,AAED0C,ASA291,33.069305,-117.733557,,,307,,7302,-49.5,101,16.3
2026-07-28T21:36:51.446822,ACF48C,TAI528,33.223618,-117.278613,,,279,,4666,-36.2,1255,1.2
2026-07-28T21:36:51.446822,0C218A,CMP409,33.052042,-116.375595,,,122,,1705,-36.0,600,72.3
2026-07-28T21:36:51.446822,ACAC8C,N9157A,33.139514,-116.992848,,,321,,4636,-49.5,1041,0.5
2026-07-28T21:36:51.446822,AD0919,SWA948,32.907578,-117.48609,,,307,,1332,-49.5,246,0.7
2026-07-28T21:36:56.526217,AAED0C,ASA291,33.069305,-117.733557,,,307,,7302,-49.5,101,21.3
2026-07-28T21:36:56.526217,ACF48C,TAI528,33.223618,-117.278613,,,279,,4666,-35.1,1260,6.3
2026-07-28T21:36:56.526217,0C218A,CMP409,33.052042,-116.375595,,,122,,1705,-36.0,600,77.3
2026-07-28T21:36:56.526217,ACAC8C,N9157A,33.141376,-116.994641,,,322,,4636,-30.6,1091,0.4
2026-07-28T21:36:56.526217,AD0919,SWA948,32.910324,-117.49032,,,307,,1332,-49.5,254,2.7
2026-07-28T21:37:01.576936,AAED0C,ASA291,33.069305,-117.733557,,,307,,7302,-49.5,101,26.4
2026-07-28T21:37:01.576936,ACF48C,TAI528,33.226822,-117.301025,,,279,,4666,-29.6,1284,0.3
2026-07-28T21:37:01.576936,ACAC8C,N9157A,33.143463,-116.996594,,,321,,4636,-49.5,1133,0.0
2026-07-28T21:37:01.576936,AD0919,SWA948,32.910324,-117.49032,,,307,,1332,-49.5,254,7.7
2026-07-28T21:37:06.629120,AAED0C,ASA291,33.069305,-117.733557,,,307,,7302,-49.5,101,31.4
2026-07-28T21:37:06.629120,ACF48C,TAI528,33.227692,-117.306903,,,279,,4666,-34.2,1295,2.5
2026-07-28T21:37:06.629120,ACAC8C,N9157A,33.145203,-116.998187,,,320,,4636,-30.3,1176,0.5
2026-07-28T21:37:06.629120,AD0919,SWA948,32.910324,-117.49032,,,307,,1332,-49.5,254,12.8
2026-07-28T21:37:11.708252,AAED0C,ASA291,33.069305,-117.733557,,,307,,7302,-49.5,101,36.5
2026-07-28T21:37:11.708252,ACF48C,TAI528,33.229156,-117.31723,,,279,,4666,-35.8,1307,2.5
2026-07-28T21:37:11.708252,ACAC8C,N9157A,33.147242,-117.000135,,,322,,4636,-49.5,1226,0.0
2026-07-28T21:37:11.708252,AD0919,SWA948,32.910324,-117.49032,,,307,,1332,-49.5,254,17.9
2026-07-28T21:37:16.802620,AAED0C,ASA291,33.069305,-117.733557,,,307,,7302,-49.5,101,41.6
2026-07-28T21:37:16.802620,ACF48C,TAI528,33.230012,-117.323222,,,279,,4666,-37.1,1311,4.6
2026-07-28T21:37:16.802620,ACAC8C,N9157A,33.149231,-117.001868,,,324,,4636,-30.5,1268,0.0
2026-07-28T21:37:16.802620,AD0919,SWA948,32.910324,-117.49032,,,307,,1332,-49.5,254,23.0
2026-07-28T21:37:21.866139,AAED0C,ASA291,33.069305,-117.733557,,,307,,7302,-49.5,101,46.7
2026-07-28T21:37:21.866139,ACF48C,TAI528,33.230012,-117.323222,,,279,,4666,-37.1,1311,9.6
2026-07-28T21:37:21.866139,ACAC8C,N9157A,33.151154,-117.003461,,,325,,4636,-31.5,1308,0.3
2026-07-28T21:37:21.866139,AD0919,SWA948,32.910324,-117.49032,,,307,,1332,-49.5,254,28.0
2026-07-28T21:37:26.944826,AAED0C,ASA291,33.069305,-117.733557,,,307,,7302,-49.5,101,51.7
2026-07-28T21:37:26.944826,ACF48C,TAI528,33.230012,-117.323222,,,279,,4666,-37.1,1311,14.7
2026-07-28T21:37:26.944826,ACAC8C,N9157A,33.153168,-117.004999,,,327,,4636,-49.5,1342,0.4
2026-07-28T21:37:26.944826,AD0919,SWA948,32.910324,-117.49032,,,307,,1332,-49.5,254,33.1
2026-07-28T21:37:31.998369,AAED0C,ASA291,33.069305,-117.733557,,,307,,7302,-49.5,101,56.8
2026-07-28T21:37:31.998369,ACF48C,TAI528,33.230012,-117.323222,,,279,,4666,-37.1,1311,19.8
2026-07-28T21:37:31.998369,ACAC8C,N9157A,33.155202,-117.006525,,,327,,4636,-30.6,1399,0.4
2026-07-28T21:37:31.998369,AD0919,SWA948,32.910324,-117.49032,,,307,,1332,-49.5,254,38.2
2026-07-28T21:37:37.084631,ACF48C,TAI528,33.230012,-117.323222,,,279,,4666,-37.1,1311,24.8
2026-07-28T21:37:37.084631,ACAC8C,N9157A,33.15725,-117.008038,,,328,,4636,-28.7,1444,0.5
2026-07-28T21:37:37.084631,AD0919,SWA948,32.910324,-117.49032,,,307,,1332,-49.5,254,43.2
2026-07-28T21:37:42.127719,ACF48C,TAI528,33.230012,-117.323222,,,279,,4666,-37.1,1311,29.9
2026-07-28T21:37:42.127719,ACAC8C,N9157A,33.159485,-117.009613,,,329,,4636,-49.5,1497,0.0
2026-07-28T21:37:42.127719,AD0919,SWA948,32.910324,-117.49032,,,307,,1332,-49.5,254,48.3
2026-07-28T21:37:47.206961,ACF48C,TAI528,33.230012,-117.323222,,,279,,4666,-37.1,1311,35.0
2026-07-28T21:37:47.206961,ACAC8C,N9157A,33.161545,-117.011096,,,327,,4636,-49.5,1541,0.0
2026-07-28T21:37:47.206961,AD0919,SWA948,32.910324,-117.49032,,,307,,1332,-49.5,254,53.3
2026-07-28T21:37:52.270805,ACF48C,TAI528,33.24234,-117.402155,,,280,,4666,-35.4,1320,1.3
2026-07-28T21:37:52.270805,ACAC8C,N9157A,33.163513,-117.012579,,,328,,4636,-24.8,1596,0.4
2026-07-28T21:37:52.270805,AD0919,SWA948,32.910324,-117.49032,,,307,,1332,-49.5,254,58.4
2026-07-28T21:37:52.270805,A6E8AE,,33.026392,-116.3849,,,,,,-49.5,6,3.9
2026-07-28T21:37:57.347751,ACF48C,TAI528,33.24234,-117.402155,,,280,,4666,-35.4,1320,6.4
2026-07-28T21:37:57.347751,ACAC8C,N9157A,33.165665,-117.014062,,,328,,4636,-28.9,1659,0.2
2026-07-28T21:37:57.347751,A6E8AE,,33.026392,-116.3849,,,,,,-49.5,9,9.0
2026-07-28T21:38:02.427640,ACF48C,TAI528,33.24234,-117.402155,,,280,,4666,-35.4,1320,11.5
2026-07-28T21:38:02.427640,ACAC8C,N9157A,33.16777,-117.015601,,,329,,4636,-49.5,1702,0.2
2026-07-28T21:38:02.427640,A6E8AE,,33.026392,-116.3849,,,,,,-49.5,10,14.1
2026-07-28T21:38:07.469095,ACF48C,TAI528,33.24234,-117.402155,,,280,,4666,-35.4,1320,16.5
2026-07-28T21:38:07.469095,ACAC8C,N9157A,33.169876,-117.017029,,,329,,4636,-30.9,1755,0.1
2026-07-28T21:38:07.469095,A6E8AE,,33.026392,-116.3849,,,,,,-49.5,10,19.1
2026-07-28T21:38:12.533220,ACF48C,TAI528,33.24234,-117.402155,,,280,,4666,-35.4,1320,21.6
2026-07-28T21:38:12.533220,ACAC8C,N9157A,33.171914,-117.01852,,,328,,4636,-31.1,1799,0.4
2026-07-28T21:38:12.533220,A6E8AE,,33.026392,-116.3849,,,,,,-49.5,13,24.2
2026-07-28T21:38:17.605186,ACF48C,TAI528,33.24234,-117.402155,,,280,,4666,-35.4,1320,26.6
2026-07-28T21:38:17.605186,ACAC8C,N9157A,33.173904,-117.01994,,,328,,4636,-49.5,1849,0.5
2026-07-28T21:38:17.605186,A6E8AE,,33.054199,-116.446124,,,295,,,-35.6,27,1.0
2026-07-28T21:38:22.653986,ACF48C,TAI528,33.24234,-117.402155,,,280,,4666,-35.4,1320,31.7
2026-07-28T21:38:22.653986,ACAC8C,N9157A,33.17601,-117.021533,,,327,,4636,-49.5,1897,0.1
2026-07-28T21:38:22.653986,A6E8AE,,33.058502,-116.45722,,,294,,,-35.4,59,1.0
2026-07-28T21:38:27.715304,ACF48C,TAI528,33.24234,-117.402155,,,280,,4666,-35.4,1320,36.8
2026-07-28T21:38:27.715304,ACAC8C,N9157A,33.178024,-117.023071,,,327,,4636,-34.6,1927,0.2
2026-07-28T21:38:27.715304,A6E8AE,,33.062805,-116.468591,,,294,,4675,-49.5,85,1.0
2026-07-28T21:38:32.755019,ACF48C,TAI528,33.24234,-117.402155,,,280,,4666,-36.7,1327,41.8
2026-07-28T21:38:32.755019,ACAC8C,N9157A,33.179581,-117.02417,,,327,,4636,-49.5,1961,1.4
2026-07-28T21:38:32.755019,A6E8AE,VOS4308,33.06368,-116.470941,,,294,,4675,-49.5,94,5.0
2026-07-28T21:38:37.813668,ACF48C,TAI528,33.24234,-117.402155,,,280,,4666,-35.2,1328,46.9
2026-07-28T21:38:37.813668,ACAC8C,N9157A,33.179581,-117.02417,,,327,,4636,-49.5,1961,6.4
2026-07-28T21:38:37.813668,A6E8AE,VOS4308,33.06368,-116.470941,,,294,,4675,-49.5,97,10.0
2026-07-28T21:38:42.857966,ACF48C,TAI528,33.258636,-117.506689,,,280,,4666,-49.5,1333,0.4
2026-07-28T21:38:42.857966,ACAC8C,N9157A,33.179581,-117.02417,,,327,,4636,-49.5,1961,11.5
2026-07-28T21:38:42.857966,A6E8AE,VOS4308,33.06368,-116.470941,,,294,,4675,-49.5,97,15.1
2026-07-28T21:38:47.936955,ACF48C,TAI528,33.260177,-117.514979,,,281,,4666,-49.5,1349,1.3
2026-07-28T21:38:47.936955,ACAC8C,N9157A,33.185898,-117.028894,,,327,,4636,-49.5,1965,1.2
2026-07-28T21:38:47.936955,A6E8AE,VOS4308,33.06368,-116.470941,,,294,,4675,-38.0,99,20.2
2026-07-28T21:38:52.997681,ACF48C,TAI528,33.26325,-117.526862,,,288,,4666,-31.3,1364,0.3
2026-07-28T21:38:52.997681,ACAC8C,N9157A,33.185898,-117.028894,,,327,,4636,-49.5,1965,6.3
2026-07-28T21:38:52.997681,A6E8AE,VOS4308,33.06368,-116.470941,,,294,,4675,-49.5,101,25.2
2026-07-28T21:38:58.039798,ACF48C,TAI528,33.266464,-117.536023,,,293,,4666,-32.0,1388,0.5
2026-07-28T21:38:58.039798,ACAC8C,N9157A,33.185898,-117.028894,,,327,,4636,-37.4,1967,11.3
2026-07-28T21:38:58.039798,A6E8AE,VOS4308,33.088211,-116.536487,,,293,,4675,-49.5,105,0.7
2026-07-28T21:38:58.039798,AD0919,,33.031677,-117.679504,,,,,,-49.5,2,3.3
2026-07-28T21:39:03.113809,ACF48C,TAI528,33.269674,-117.543341,,,298,,4666,-30.7,1412,1.6
2026-07-28T21:39:03.113809,ACAC8C,N9157A,33.185898,-117.028894,,,327,,4636,-37.4,1967,16.4
2026-07-28T21:39:03.113809,A6E8AE,VOS4308,33.089843,-116.540783,,,293,,4675,-49.5,113,3.9
2026-07-28T21:39:03.113809,AD0919,,33.031677,-117.679504,,,,,,-49.5,2,8.4
2026-07-28T21:39:08.198159,ACF48C,TAI528,33.275307,-117.553823,,,303,,4666,-49.5,1430,0.6
2026-07-28T21:39:08.198159,ACAC8C,N9157A,33.193588,-117.03642,,,327,,4636,-49.5,1973,0.7
2026-07-28T21:39:08.198159,A6E8AE,VOS4308,33.096453,-116.558383,,,294,,4675,-32.4,132,0.9
2026-07-28T21:39:08.198159,AD0919,,33.031677,-117.679504,,,,,,-49.5,2,13.5
2026-07-28T21:39:13.277167,ACF48C,TAI528,33.280381,-117.561502,,,308,,4666,-33.9,1440,0.8
2026-07-28T21:39:13.277167,ACAC8C,N9157A,33.193588,-117.03642,,,327,,4636,-49.5,1973,5.8
2026-07-28T21:39:13.277167,A6E8AE,VOS4308,33.100479,-116.569226,,,293,,4675,-36.1,155,1.1
2026-07-28T21:39:13.277167,AD0919,,33.031677,-117.679504,,,,,,-49.5,2,18.6
2026-07-28T21:39:18.356831,ACF48C,TAI528,33.286285,-117.569312,,,312,,4666,-49.5,1453,0.7
2026-07-28T21:39:18.356831,ACAC8C,N9157A,33.193588,-117.03642,,,327,,4636,-49.5,1973,10.8
2026-07-28T21:39:18.356831,A6E8AE,VOS4308,33.104919,-116.581036,,,294,,4675,-34.2,183,0.8
2026-07-28T21:39:18.356831,AD0919,,33.031677,-117.679504,,,,,,-49.5,2,23.7
2026-07-28T21:39:18.356831,AAF47A,,33.423065,-117.786401,,,138,,,-49.5,6,2.2
2026-07-28T21:39:23.436146,ACF48C,TAI528,33.291962,-117.576562,,,313,,4666,-49.5,1481,0.9
2026-07-28T21:39:23.436146,ACAC8C,N9157A,33.193588,-117.03642,,,327,,4636,-49.5,1973,15.9
2026-07-28T21:39:23.436146,A6E8AE,VOS4308,33.109069,-116.592015,,,293,,4675,-49.5,218,0.8
2026-07-28T21:39:23.436146,AD0919,,33.031677,-117.679504,,,,,,-49.5,2,28.7
2026-07-28T21:39:23.436146,AAF47A,ASA336,33.413681,-117.776404,,,138,,,-33.2,24,1.0
2026-07-28T21:39:28.514422,ACF48C,TAI528,33.298279,-117.584583,,,313,,4666,-49.5,1509,0.6
2026-07-28T21:39:28.514422,ACAC8C,N9157A,33.193588,-117.03642,,,327,,4636,-49.5,1973,21.0
2026-07-28T21:39:28.514422,A6E8AE,VOS4308,33.113388,-116.603668,,,293,,4675,-32.9,251,0.5
2026-07-28T21:39:28.514422,AD0919,,33.031677,-117.679504,,,,,,-49.5,2,33.8
2026-07-28T21:39:28.514422,AAF47A,ASA336,33.40773,-117.770087,,,138,,,-33.3,60,2.1
2026-07-28T21:39:33.593667,ACF48C,TAI528,33.304169,-117.591995,,,313,,4666,-49.5,1533,0.6
2026-07-28T21:39:33.593667,ACAC8C,N9157A,33.193588,-117.03642,,,327,,4636,-49.5,1973,26.0
2026-07-28T21:39:33.593667,A6E8AE,VOS4308,33.11419,-116.605748,,,293,,4675,-35.5,271,4.6
2026-07-28T21:39:33.593667,AD0919,,33.031677,-117.679504,,,,,,-49.5,2,38.9
2026-07-28T21:39:33.593667,AAF47A,ASA336,33.397972,-117.759817,,,138,,,-34.5,83,0.5
2026-07-28T21:39:38.656777,ACF48C,TAI528,33.31041,-117.599908,,,313,,4666,-49.5,1553,0.3
2026-07-28T21:39:38.656777,ACAC8C,N9157A,33.193588,-117.03642,,,327,,4636,-49.5,1973,31.1
2026-07-28T21:39:38.656777,A6E8AE,VOS4308,33.11419,-116.605748,,,293,,4675,-35.5,271,9.7
2026-07-28T21:39:38.656777,AD0919,,33.031677,-117.679504,,,,,,-49.5,2,44.0
2026-07-28T21:39:38.656777,AAF47A,ASA336,33.390477,-117.751913,,,138,,,-35.2,103,0.4
2026-07-28T21:39:43.738782,ACF48C,TAI528,33.311524,-117.6013,,,313,,4666,-49.5,1557,4.4
2026-07-28T21:39:43.738782,ACAC8C,N9157A,33.207687,-117.048615,,,326,,4636,-49.5,1997,0.3
2026-07-28T21:39:43.738782,A6E8AE,VOS4308,33.11419,-116.605748,,,293,,4675,-49.5,273,14.7
2026-07-28T21:39:43.738782,AD0919,,33.031677,-117.679504,,,,,,-49.5,2,49.0
2026-07-28T21:39:43.738782,AAF47A,ASA336,33.383698,-117.744763,,,138,,,-49.5,122,0.7
2026-07-28T21:39:48.806591,ACF48C,TAI528,33.311524,-117.6013,,,313,,4666,-37.8,1559,9.5
2026-07-28T21:39:48.806591,ACAC8C,N9157A,33.209761,-117.050302,,,326,,4636,-49.5,2006,0.2
2026-07-28T21:39:48.806591,A6E8AE,VOS4308,33.11419,-116.605748,,,293,,4675,-49.5,274,19.8
2026-07-28T21:39:48.806591,AD0919,,33.031677,-117.679504,,,,,,-49.5,2,54.1
2026-07-28T21:39:48.806591,AAF47A,ASA336,33.383698,-117.744763,,,138,,,-34.9,128,5.8
2026-07-28T21:39:53.855542,ACF48C,TAI528,33.311524,-117.6013,,,313,,4666,-37.8,1559,14.5
2026-07-28T21:39:53.855542,ACAC8C,N9157A,33.209761,-117.050302,,,326,,4636,-49.5,2006,5.2
2026-07-28T21:39:53.855542,A6E8AE,VOS4308,33.130669,-116.656195,,,287,,4675,-35.5,299,1.9
2026-07-28T21:39:53.855542,AD0919,,33.031677,-117.679504,,,,,,-49.5,2,59.1
2026-07-28T21:39:53.855542,AAF47A,ASA336,33.383698,-117.744763,,,138,,,-34.9,128,10.8
2026-07-28T21:39:58.918742,ACF48C,TAI528,33.311524,-117.6013,,,313,,4666,-37.8,1559,19.6
2026-07-28T21:39:58.918742,ACAC8C,N9157A,33.209761,-117.050302,,,326,,4636,-49.5,2006,10.3
2026-07-28T21:39:58.918742,A6E8AE,VOS4308,33.130669,-116.656195,,,287,,4675,-35.5,299,7.0
2026-07-28T21:39:58.918742,AAF47A,ASA336,33.383698,-117.744763,,,138,,,-34.9,128,15.9
2026-07-28T21:40:03.997034,ACF48C,TAI528,33.311524,-117.6013,,,313,,4666,-37.8,1559,24.7
2026-07-28T21:40:03.997034,ACAC8C,N9157A,33.209761,-117.050302,,,326,,4636,-49.5,2006,15.4
2026-07-28T21:40:03.997034,A6E8AE,VOS4308,33.130669,-116.656195,,,287,,4675,-35.5,299,12.1
2026-07-28T21:40:03.997034,AAF47A,ASA336,33.383698,-117.744763,,,138,,,-34.9,128,21.0
2026-07-28T21:40:09.067870,ACF48C,TAI528,33.311524,-117.6013,,,313,,4666,-36.6,1560,29.7
2026-07-28T21:40:09.067870,ACAC8C,N9157A,33.209761,-117.050302,,,326,,4636,-49.5,2006,20.5
2026-07-28T21:40:09.067870,A6E8AE,VOS4308,33.130669,-116.656195,,,287,,4675,-35.5,299,17.1
2026-07-28T21:40:09.067870,AAF47A,ASA336,33.383698,-117.744763,,,138,,,-34.9,128,26.0
2026-07-28T21:40:14.116824,ACF48C,TAI528,33.311524,-117.6013,,,313,,4666,-36.6,1560,34.8
2026-07-28T21:40:14.116824,ACAC8C,N9157A,33.209761,-117.050302,,,326,,4636,-49.5,2006,25.5
2026-07-28T21:40:14.116824,A6E8AE,VOS4308,33.130669,-116.656195,,,279,,4675,-49.5,302,22.2
2026-07-28T21:40:14.116824,AAF47A,ASA336,33.383698,-117.744763,,,138,,,-34.9,128,31.1
2026-07-28T21:40:19.185106,ACF48C,TAI528,33.311524,-117.6013,,,313,,4666,-36.6,1560,39.9
2026-07-28T21:40:19.185106,ACAC8C,N9157A,33.209761,-117.050302,,,326,,4636,-49.5,2006,30.6
2026-07-28T21:40:19.185106,A6E8AE,VOS4308,33.141795,-116.715275,,,279,,4675,-49.5,329,1.1
2026-07-28T21:40:19.185106,AAF47A,ASA336,33.383698,-117.744763,,,138,,,-34.9,128,36.2
2026-07-28T21:40:24.260276,ACF48C,TAI528,33.311524,-117.6013,,,313,,4666,-36.6,1560,44.9
2026-07-28T21:40:24.260276,ACAC8C,N9157A,33.209761,-117.050302,,,326,,4636,-49.5,2006,35.7
2026-07-28T21:40:24.260276,A6E8AE,VOS4308,33.143738,-116.728638,,,280,,4675,-49.5,349,0.3
2026-07-28T21:40:24.260276,AAF47A,ASA336,33.383698,-117.744763,,,138,,,-49.5,129,41.2
2026-07-28T21:40:29.298952,ACF48C,TAI528,33.311524,-117.6013,,,313,,4666,-36.6,1560,50.0
2026-07-28T21:40:29.298952,ACAC8C,N9157A,33.209761,-117.050302,,,326,,4636,-37.7,2007,40.7
2026-07-28T21:40:29.298952,A6E8AE,VOS4308,33.14538,-116.739714,,,280,,4675,-49.5,366,0.3
2026-07-28T21:40:29.298952,AAF47A,ASA336,33.383698,-117.744763,,,138,,,-37.7,131,46.3
2026-07-28T21:40:34.350328,ACF48C,TAI528,33.311524,-117.6013,,,313,,4666,-36.6,1560,55.0
2026-07-28T21:40:34.350328,ACAC8C,N9157A,33.209761,-117.050302,,,326,,4636,-37.7,2007,45.8
2026-07-28T21:40:34.350328,A6E8AE,VOS4308,33.14538,-116.739714,,,280,,4675,-49.5,366,5.4
2026-07-28T21:40:34.350328,AAF47A,ASA336,33.383698,-117.744763,,,138,,,-37.7,131,51.3
2026-07-28T21:40:39.401999,ACF48C,TAI528,33.311524,-117.6013,,,313,,4666,-36.6,1560,60.1
2026-07-28T21:40:39.401999,ACAC8C,N9157A,33.209761,-117.050302,,,326,,4636,-37.7,2007,50.8
2026-07-28T21:40:39.401999,A6E8AE,VOS4308,33.148636,-116.761542,,,280,,4675,-49.5,377,0.7
2026-07-28T21:40:39.401999,AAF47A,ASA336,33.383698,-117.744763,,,138,,,-37.7,131,56.4
2026-07-28T21:40:44.480555,ACF48C,TAI528,33.311524,-117.6013,,,313,,4666,-36.6,1560,65.2
2026-07-28T21:40:44.480555,ACAC8C,N9157A,33.209761,-117.050302,,,326,,4636,-37.7,2007,55.9
2026-07-28T21:40:44.480555,A6E8AE,VOS4308,33.150284,-116.772473,,,280,,4675,-30.7,396,0.9
2026-07-28T21:40:44.480555,AAF47A,ASA336,33.383698,-117.744763,,,138,,,-37.7,131,61.5
2026-07-28T21:40:49.559779,ACF48C,TAI528,33.311524,-117.6013,,,313,,4666,-36.6,1560,70.2
2026-07-28T21:40:49.559779,ACAC8C,N9157A,33.209761,-117.050302,,,326,,4636,-37.7,2007,60.9
2026-07-28T21:40:49.559779,A6E8AE,VOS4308,33.15199,-116.783995,,,280,,4675,-30.2,419,0.8
2026-07-28T21:40:49.559779,AAF47A,ASA336,33.383698,-117.744763,,,138,,,-37.7,131,66.5
2026-07-28T21:40:54.620881,ACF48C,TAI528,33.311524,-117.6013,,,313,,4666,-36.6,1560,75.3
2026-07-28T21:40:54.620881,ACAC8C,N9157A,33.209761,-117.050302,,,326,,4636,-37.7,2007,66.0
2026-07-28T21:40:54.620881,A6E8AE,VOS4308,33.153759,-116.796047,,,279,,4675,-49.5,457,0.4
2026-07-28T21:40:54.620881,AAF47A,ASA336,33.383698,-117.744763,,,138,,,-49.5,133,71.6
2026-07-28T21:40:59.662718,ACF48C,TAI528,33.311524,-117.6013,,,313,,4666,-36.6,1560,80.3
2026-07-28T21:40:59.662718,ACAC8C,N9157A,33.209761,-117.050302,,,326,,4636,-37.7,2007,71.1
2026-07-28T21:40:59.662718,A6E8AE,VOS4308,33.155548,-116.808179,,,279,,4675,-30.7,484,0.0
2026-07-28T21:40:59.662718,AAF47A,ASA336,33.283356,-117.637756,,,138,,6654,-49.5,138,1.8
2026-07-28T21:41:04.729277,ACF48C,TAI528,33.311524,-117.6013,,,313,,4666,-36.6,1560,85.4
2026-07-28T21:41:04.729277,ACAC8C,N9157A,33.209761,-117.050302,,,326,,4636,-37.7,2007,76.1
2026-07-28T21:41:04.729277,A6E8AE,VOS4308,33.156876,-116.817023,,,280,,4675,-49.5,502,1.1
2026-07-28T21:41:04.729277,AAF47A,ASA336,33.283356,-117.637756,,,138,,6654,-38.0,139,6.9
2026-07-28T21:41:09.804751,ACAC8C,N9157A,33.209761,-117.050302,,,326,,4636,-37.7,2007,81.3
2026-07-28T21:41:09.804751,A6E8AE,VOS4308,33.158844,-116.830316,,,279,,4675,-49.5,521,0.3
2026-07-28T21:41:09.804751,AAF47A,ASA336,33.283356,-117.637756,,,138,,6654,-49.5,141,12.0
2026-07-28T21:41:14.900079,ACAC8C,N9157A,33.209761,-117.050302,,,326,,4636,-37.7,2007,86.3
2026-07-28T21:41:14.900079,A6E8AE,VOS4308,33.160446,-116.841302,,,279,,4675,-29.3,536,0.3
2026-07-28T21:41:14.900079,AAF47A,ASA336,33.262319,-117.615425,,,138,,6654,-35.6,155,0.9
2026-07-28T21:41:19.952106,ACAC8C,N9157A,33.209761,-117.050302,,,326,,4636,-37.7,2007,91.3
2026-07-28T21:41:19.952106,A6E8AE,VOS4308,33.162045,-116.852211,,,279,,4675,-49.5,561,0.4
2026-07-28T21:41:19.952106,AAF47A,ASA336,33.255661,-117.608313,,,138,,6654,-34.1,191,0.8
2026-07-28T21:41:25.004022,ACAC8C,N9157A,33.209761,-117.050302,,,326,,4636,-37.7,2007,96.4
2026-07-28T21:41:25.004022,A6E8AE,VOS4308,33.163768,-116.863814,,,279,,4675,-49.5,589,0.2
2026-07-28T21:41:25.004022,AAF47A,ASA336,33.248726,-117.600963,,,138,,6654,-32.0,228,0.5
2026-07-28T21:41:30.067116,A6E8AE,VOS4308,33.165344,-116.874811,,,279,,4675,-30.2,604,0.1
2026-07-28T21:41:30.067116,AAF47A,ASA336,33.241928,-117.593756,,,138,,6654,-49.5,262,0.3
2026-07-28T21:41:35.140832,A6E8AE,VOS4308,33.166747,-116.88433,,,279,,4675,-49.5,629,0.9
2026-07-28T21:41:35.140832,AAF47A,ASA336,33.235412,-117.586894,,,138,,6654,-29.4,296,0.3
2026-07-28T21:41:40.186185,A6E8AE,VOS4308,33.168411,-116.89574,,,279,,4675,-49.5,658,0.6
2026-07-28T21:41:40.186185,AAF47A,ASA336,33.229248,-117.580463,,,138,,6654,-49.5,333,0.6
2026-07-28T21:41:45.246166,A6E8AE,VOS4308,33.168732,-116.897882,,,279,,4675,-34.7,664,4.7
2026-07-28T21:41:45.246166,AAF47A,ASA336,33.222931,-117.573816,,,138,,6654,-33.6,360,0.8
2026-07-28T21:41:50.320286,A6E8AE,VOS4308,33.171799,-116.918866,,,279,,4675,-36.7,691,0.0
2026-07-28T21:41:50.320286,AAF47A,ASA336,33.218948,-117.569586,,,138,,6654,-37.0,375,2.8
2026-07-28T21:41:55.368453,A6E8AE,VOS4308,33.173401,-116.929852,,,279,,4675,-30.5,751,0.0
2026-07-28T21:41:55.368453,AAF47A,ASA336,33.218948,-117.569586,,,138,,6654,-35.7,376,7.8
2026-07-28T21:42:00.416740,A6E8AE,VOS4308,33.174661,-116.938589,,,279,,4675,-33.7,792,1.0
2026-07-28T21:42:00.416740,AAF47A,ASA336,33.218948,-117.569586,,,138,,6654,-35.7,376,12.8
2026-07-28T21:42:00.416740,0C210D,,33.021271,-116.355865,,,301,,,-49.5,18,3.5
2026-07-28T21:42:05.457030,A6E8AE,VOS4308,33.17643,-116.950808,,,279,,4675,-49.5,801,0.3
2026-07-28T21:42:05.457030,AAF47A,ASA336,33.218948,-117.569586,,,138,,6654,-35.7,376,17.9
2026-07-28T21:42:05.457030,0C210D,,33.030908,-116.374362,,,301,,,-33.8,39,0.3
2026-07-28T21:42:10.528366,A6E8AE,VOS4308,33.178024,-116.961823,,,279,,4675,-49.5,826,0.3
2026-07-28T21:42:10.528366,AAF47A,ASA336,33.218948,-117.569586,,,138,,6654,-49.5,377,23.0
2026-07-28T21:42:10.528366,0C210D,,33.033096,-116.378622,,,301,,,-33.6,60,3.6
2026-07-28T21:42:15.575762,A6E8AE,VOS4308,33.179581,-116.97226,,,279,,4675,-49.5,853,0.4
2026-07-28T21:42:15.575762,AAF47A,ASA336,33.183151,-117.532013,,,138,,6654,-49.5,410,0.0
2026-07-28T21:42:15.575762,0C210D,,33.033096,-116.378622,,,301,,,-35.8,67,8.6
2026-07-28T21:42:20.636654,A6E8AE,VOS4308,33.181178,-116.983431,,,279,,4675,-26.2,916,0.3
2026-07-28T21:42:20.636654,AAF47A,ASA336,33.177128,-117.525629,,,138,,6654,-26.2,464,0.4
2026-07-28T21:42:20.636654,0C210D,,33.048411,-116.40805,,,301,,,-32.6,92,0.5
2026-07-28T21:42:25.712412,A6E8AE,VOS4308,33.182739,-116.993903,,,279,,4675,-49.5,937,0.4
2026-07-28T21:42:25.712412,AAF47A,ASA336,33.170609,-117.518774,,,138,,6654,-49.5,530,0.3
2026-07-28T21:42:25.712412,0C210D,CMP382,33.054416,-116.419653,,,301,,1055,-49.5,126,0.4
2026-07-28T21:42:30.758423,A6E8AE,VOS4308,33.184341,-117.004889,,,279,,4675,-49.5,970,0.2
2026-07-28T21:42:30.758423,AAF47A,ASA336,33.164017,-117.511908,,,138,,6654,-49.5,573,0.1
2026-07-28T21:42:30.758423,0C210D,CMP382,33.060196,-116.430798,,,301,,1055,-30.4,172,0.3
2026-07-28T21:42:35.837172,A6E8AE,VOS4308,33.185806,-117.014832,,,279,,4675,-49.5,985,0.6
2026-07-28T21:42:35.837172,AAF47A,ASA336,33.157809,-117.505337,,,138,,6654,-49.5,618,0.2
2026-07-28T21:42:35.837172,0C210D,CMP382,33.065872,-116.441785,,,301,,1055,-49.5,210,0.5
2026-07-28T21:42:40.889636,A6E8AE,VOS4308,33.187556,-117.026704,,,279,,4675,-49.5,1041,0.0
2026-07-28T21:42:40.889636,AAF47A,ASA336,33.15213,-117.49934,,,138,,6654,-49.5,654,0.8
2026-07-28T21:42:40.889636,0C210D,CMP382,33.070617,-116.45093,,,301,,1055,-49.5,245,1.5
2026-07-28T21:42:45.940524,A6E8AE,VOS4308,33.188906,-117.036176,,,279,,4675,-27.4,1088,0.8
2026-07-28T21:42:45.940524,AAF47A,ASA336,33.145569,-117.492407,,,138,,6654,-31.4,679,0.8
2026-07-28T21:42:45.940524,0C210D,CMP382,33.073037,-116.455583,,,301,,1055,-34.7,252,4.7
2026-07-28T21:42:51.206828,A6E8AE,VOS4308,33.190628,-117.047891,,,279,,4675,-27.7,1127,0.2
2026-07-28T21:42:51.206828,AAF47A,ASA336,33.138519,-117.485376,,,140,,6654,-29.4,727,0.3
2026-07-28T21:42:51.206828,0C210D,CMP382,33.073037,-116.455583,,,301,,1055,-34.7,252,9.7
2026-07-28T21:42:56.295822,A6E8AE,VOS4308,33.191839,-117.056467,,,279,,4675,-49.5,1154,1.2
2026-07-28T21:42:56.295822,AAF47A,ASA336,33.132764,-117.480114,,,143,,6654,-49.5,785,1.1
2026-07-28T21:42:56.295822,0C210D,CMP382,33.073037,-116.455583,,,301,,1055,-49.5,254,14.8
2026-07-28T21:43:01.309646,A6E8AE,VOS4308,33.193634,-117.068884,,,279,,4675,-32.1,1195,0.3
2026-07-28T21:43:01.309646,AAF47A,ASA336,33.124617,-117.473275,,,145,,6654,-32.8,843,0.1
2026-07-28T21:43:01.309646,0C210D,CMP382,33.095718,-116.499408,,,301,,1055,-49.5,289,0.2
2026-07-28T21:43:06.396875,A6E8AE,VOS4308,33.195145,-117.079266,,,279,,4675,-49.5,1250,0.4
2026-07-28T21:43:06.396875,AAF47A,ASA336,33.117783,-117.467523,,,144,,6654,-49.5,878,0.2
2026-07-28T21:43:06.396875,0C210D,CMP382,33.10162,-116.510795,,,301,,1055,-31.7,332,0.2
2026-07-28T21:43:11.434855,A6E8AE,VOS4308,33.196634,-117.089539,,,279,,4675,-29.6,1279,0.5
2026-07-28T21:43:11.434855,AAF47A,ASA336,33.110977,-117.461785,,,144,,6654,-49.5,930,0.2
2026-07-28T21:43:11.434855,0C210D,CMP382,33.1073,-116.521725,,,301,,1055,-49.5,374,0.3
2026-07-28T21:43:16.497058,A6E8AE,VOS4308,33.1978,-117.097943,,,279,,4675,-49.5,1301,1.5
2026-07-28T21:43:16.497058,AAF47A,ASA336,33.10432,-117.456291,,,144,,6654,-25.8,987,0.3
2026-07-28T21:43:16.497058,0C210D,CMP382,33.112976,-116.532697,,,301,,1055,-32.1,416,0.5
2026-07-28T21:43:21.548736,A6E8AE,VOS4308,33.199585,-117.110303,,,279,,4675,-32.8,1324,0.5
2026-07-28T21:43:21.548736,AAF47A,ASA336,33.097477,-117.450574,,,144,,6654,-30.7,1051,0.2
2026-07-28T21:43:21.548736,0C210D,CMP382,33.115167,-116.536971,,,301,,1055,-37.7,427,3.5
2026-07-28T21:43:26.597870,A6E8AE,VOS4308,33.201187,-117.121619,,,279,,4675,-49.5,1345,0.0
2026-07-28T21:43:26.597870,AAF47A,ASA336,33.090494,-117.444688,,,144,,6654,-49.5,1105,0.0
2026-07-28T21:43:26.597870,0C210D,CMP382,33.115167,-116.536971,,,301,,1055,-37.7,427,8.6
2026-07-28T21:43:26.597870,ABC7E9,,33.253567,-117.606008,,,138,,,-34.9,4,0.4
2026-07-28T21:43:31.651882,A6E8AE,VOS4308,33.202546,-117.130962,,,279,,4675,-26.7,1380,0.6
2026-07-28T21:43:31.651882,AAF47A,ASA336,33.084862,-117.43998,,,144,,6654,-30.9,1136,1.0
2026-07-28T21:43:31.651882,0C210D,CMP382,33.115167,-116.536971,,,305,,1055,-49.5,430,13.6
2026-07-28T21:43:31.651882,ABC7E9,,33.251007,-117.603318,,,138,,,-36.3,11,3.5
2026-07-28T21:43:36.704539,A6E8AE,VOS4308,33.204082,-117.141612,,,279,,4675,-32.5,1403,0.5
2026-07-28T21:43:36.704539,AAF47A,ASA336,33.077087,-117.433534,,,144,,6654,-33.4,1184,0.2
2026-07-28T21:43:36.704539,0C210D,CMP382,33.138336,-116.577301,,,307,,1055,-49.5,442,0.3
2026-07-28T21:43:36.704539,ABC7E9,,33.240005,-117.591614,,,138,,3736,-35.3,31,0.4
2026-07-28T21:43:41.755567,A6E8AE,VOS4308,33.205618,-117.15243,,,279,,4675,-25.6,1435,0.2
2026-07-28T21:43:41.755567,AAF47A,ASA336,33.070943,-117.428377,,,144,,6654,-49.5,1218,0.6
2026-07-28T21:43:41.755567,0C210D,CMP382,33.145065,-116.587463,,,308,,1055,-34.9,483,0.3
2026-07-28T21:43:41.755567,ABC7E9,,33.233317,-117.58454,,,138,,3736,-33.1,68,0.4
2026-07-28T21:43:46.808295,A6E8AE,VOS4308,33.207184,-117.163092,,,279,,4675,-26.1,1496,0.0
2026-07-28T21:43:46.808295,AAF47A,ASA336,33.064379,-117.42294,,,144,,6654,-33.9,1251,0.8
2026-07-28T21:43:46.808295,0C210D,CMP382,33.145065,-116.587463,,,310,,1055,-49.5,489,5.3
2026-07-28T21:43:46.808295,ABC7E9,,33.226334,-117.577253,,,138,,3736,-35.7,91,0.2
2026-07-28T21:43:51.858719,A6E8AE,VOS4308,33.208365,-117.171319,,,279,,4675,-30.4,1531,1.0
2026-07-28T21:43:51.858719,AAF47A,ASA336,33.057266,-117.416986,,,144,,6654,-49.5,1305,0.5
2026-07-28T21:43:51.858719,0C210D,CMP382,33.157669,-116.605187,,,311,,1055,-49.5,505,1.6
2026-07-28T21:43:51.858719,ABC7E9,SWA3822,33.226334,-117.577253,,,138,,3736,-34.7,108,5.2
2026-07-28T21:43:56.919194,A6E8AE,VOS4308,33.209808,-117.181241,,,279,,4675,-31.4,1552,1.2
2026-07-28T21:43:56.919194,AAF47A,ASA336,33.050413,-117.411281,,,144,,6654,-49.5,1329,0.4
2026-07-28T21:43:56.919194,0C210D,CMP382,33.16658,-116.616687,,,313,,1055,-32.2,519,0.9
2026-07-28T21:43:56.919194,ABC7E9,SWA3822,33.226334,-117.577253,,,138,,3736,-34.7,108,10.3
2026-07-28T21:44:01.999977,A6E8AE,VOS4308,33.211158,-117.190938,,,279,,4675,-34.6,1563,1.4
2026-07-28T21:44:01.999977,AAF47A,ASA336,33.043488,-117.405505,,,144,,6654,-49.5,1374,0.3
2026-07-28T21:44:01.999977,0C210D,CMP382,33.175415,-116.627454,,,314,,1055,-49.5,569,0.2
2026-07-28T21:44:01.999977,ABC7E9,SWA3822,33.226334,-117.577253,,,138,,3736,-34.7,108,15.4
2026-07-28T21:44:07.081926,A6E8AE,VOS4308,33.212906,-117.203137,,,279,,4675,-27.6,1580,0.4
2026-07-28T21:44:07.081926,AAF47A,ASA336,33.04216,-117.404407,,,144,,6654,-33.7,1400,4.4
2026-07-28T21:44:07.081926,0C210D,CMP382,33.182156,-116.635568,,,314,,1055,-49.5,601,1.1
2026-07-28T21:44:07.081926,ABC7E9,SWA3822,33.226334,-117.577253,,,138,,3736,-34.7,108,20.5
2026-07-28T21:44:07.081926,A9D284,,33.337189,-118.349506,,,93,,,-35.3,12,1.2
2026-07-28T21:44:12.146174,A6E8AE,VOS4308,33.214325,-117.21297,,,279,,4675,-49.5,1598,0.6
2026-07-28T21:44:12.146174,AAF47A,ASA336,33.030256,-117.394353,,,144,,6654,-49.5,1442,0.4
2026-07-28T21:44:12.146174,0C210D,CMP382,33.190933,-116.646075,,,314,,1055,-49.5,609,0.4
2026-07-28T21:44:12.146174,ABC7E9,SWA3822,33.226334,-117.577253,,,138,,3736,-34.7,108,25.5
2026-07-28T21:44:12.146174,A9D284,,33.336709,-118.341083,,,93,,,-49.5,25,2.1
2026-07-28T21:44:17.199882,A6E8AE,VOS4308,33.215813,-117.22328,,,279,,4675,-32.9,1615,0.5
2026-07-28T21:44:17.199882,AAF47A,ASA336,33.024344,-117.389364,,,144,,6654,-49.5,1493,0.9
2026-07-28T21:44:17.199882,0C210D,CMP382,33.199081,-116.655908,,,314,,1055,-28.0,656,0.3
2026-07-28T21:44:17.199882,ABC7E9,SWA3822,33.185806,-117.53476,,,138,,3736,-49.5,130,0.0
2026-07-28T21:44:17.199882,A9D284,,33.335964,-118.327687,,,93,,,-49.5,37,0.5
2026-07-28T21:44:22.278980,A6E8AE,VOS4308,33.217209,-117.232965,,,279,,4675,-49.5,1625,0.8
2026-07-28T21:44:22.278980,AAF47A,ASA336,33.018338,-117.384264,,,144,,6654,-33.8,1524,1.4
2026-07-28T21:44:22.278980,0C210D,CMP382,33.207341,-116.665892,,,314,,1055,-34.3,696,0.1
2026-07-28T21:44:22.278980,ABC7E9,SWA3822,33.179549,-117.528207,,,138,,3736,-49.5,173,0.4
2026-07-28T21:44:22.278980,A9D284,,33.335499,-118.319839,,,93,,,-49.5,45,1.7
2026-07-28T21:44:27.357729,A6E8AE,VOS4308,33.218606,-117.243011,,,279,,4675,-49.5,1638,0.9
2026-07-28T21:44:27.357729,AAF47A,ASA336,33.010192,-117.377481,,,144,,6654,-31.6,1552,0.3
2026-07-28T21:44:27.357729,0C210D,CMP382,33.215301,-116.675477,,,314,,1055,-49.5,710,0.0
2026-07-28T21:44:27.357729,ABC7E9,SWA3822,33.173264,-117.521576,,,138,,3736,-49.5,213,0.6
2026-07-28T21:44:27.357729,A9D284,,33.334801,-118.307227,,,93,,,-37.1,55,0.5
2026-07-28T21:44:32.436114,A6E8AE,VOS4308,33.220096,-117.253325,,,279,,4675,-36.9,1679,0.7
2026-07-28T21:44:32.436114,AAF47A,ASA336,33.003937,-117.372217,,,144,,6654,-34.1,1587,0.5
2026-07-28T21:44:32.436114,0C210D,CMP382,33.222191,-116.683773,,,314,,1055,-49.5,745,0.8
2026-07-28T21:44:32.436114,ABC7E9,SWA3822,33.1667,-117.514698,,,138,,3736,-49.5,253,0.6
2026-07-28T21:44:32.436114,A9D284,,33.334717,-118.306165,,,93,,,-49.5,66,5.0
2026-07-28T21:44:37.496520,A6E8AE,VOS4308,33.221512,-117.263287,,,279,,4675,-29.7,1704,0.6
2026-07-28T21:44:37.496520,AAF47A,ASA336,32.997482,-117.366833,,,144,,6654,-34.3,1611,0.6
2026-07-28T21:44:37.496520,0C210D,CMP382,33.230621,-116.693921,,,314,,1055,-49.5,794,0.4
2026-07-28T21:44:37.496520,ABC7E9,SWA3822,33.161179,-117.508887,,,138,,3736,-49.5,293,1.4
2026-07-28T21:44:37.496520,A9D284,,33.334076,-118.295178,,,93,,,-49.5,70,4.5
2026-07-28T21:44:42.573449,A6E8AE,VOS4308,33.22261,-117.270978,,,279,,4675,-30.0,1755,1.8
2026-07-28T21:44:42.573449,AAF47A,ASA336,32.991028,-117.36145,,,144,,6654,-49.5,1633,0.4
2026-07-28T21:44:42.573449,0C210D,CMP382,33.23909,-116.704083,,,314,,1055,-34.0,828,0.1
2026-07-28T21:44:42.573449,ABC7E9,SWA3822,33.153351,-117.500647,,,138,,3736,-36.0,323,0.4
2026-07-28T21:44:42.573449,A9D284,,33.334076,-118.295178,,,93,,,-49.5,70,9.6
2026-07-28T21:44:47.619342,A6E8AE,VOS4308,33.224286,-117.282696,,,279,,4675,-35.4,1783,0.9
2026-07-28T21:44:47.619342,AAF47A,ASA336,32.984253,-117.355792,,,144,,6654,-49.5,1681,0.2
2026-07-28T21:44:47.619342,0C210D,CMP382,33.24705,-116.713705,,,314,,1055,-49.5,857,0.0
2026-07-28T21:44:47.619342,ABC7E9,SWA3822,33.153351,-117.500647,,,138,,3736,-49.5,326,5.4
2026-07-28T21:44:47.619342,A9D284,,33.334076,-118.295178,,,93,,,-49.5,70,14.7
2026-07-28T21:44:52.697373,A6E8AE,VOS4308,33.225682,-117.292674,,,279,,4675,-34.3,1788,0.9
2026-07-28T21:44:52.697373,AAF47A,ASA336,32.977844,-117.350409,,,144,,6654,-24.4,1724,0.0
2026-07-28T21:44:52.697373,0C210D,CMP382,33.253326,-116.721222,,,314,,1055,-34.3,892,1.0
2026-07-28T21:44:52.697373,ABC7E9,SWA3822,33.140396,-117.487244,,,140,,3736,-31.7,359,0.6
2026-07-28T21:44:52.697373,A9D284,,33.334076,-118.295178,,,93,,,-38.7,71,19.7
2026-07-28T21:44:57.754753,A6E8AE,VOS4308,33.227234,-117.303333,,,279,,4675,-30.6,1811,0.4
2026-07-28T21:44:57.754753,AAF47A,ASA336,32.971693,-117.345251,,,144,,6654,-49.5,1770,0.1
2026-07-28T21:44:57.754753,0C210D,CMP382,33.262831,-116.732707,,,314,,1055,-49.5,930,0.0
2026-07-28T21:44:57.754753,ABC7E9,SWA3822,33.132764,-117.480114,,,143,,3736,-29.5,403,0.0
2026-07-28T21:44:57.754753,A9D284,,33.334076,-118.295178,,,93,,,-38.7,71,24.8
2026-07-28T21:45:02.906589,A6E8AE,VOS4308,33.227824,-117.307528,,,279,,4675,-49.5,1822,3.6
2026-07-28T21:45:02.906589,AAF47A,ASA336,32.966991,-117.341271,,,144,,6654,-49.5,1790,1.3
2026-07-28T21:45:02.906589,0C210D,CMP382,33.26595,-116.736519,,,314,,1055,-49.5,958,3.2
2026-07-28T21:45:02.906589,ABC7E9,SWA3822,33.126846,-117.475049,,,144,,3736,-49.5,449,0.9
2026-07-28T21:45:02.906589,A9D284,,33.334076,-118.295178,,,93,,,-38.7,71,30.0
2026-07-28T21:45:07.989199,A6E8AE,VOS4308,33.227824,-117.307528,,,279,,4675,-36.1,1823,8.7
2026-07-28T21:45:07.989199,AAF47A,ASA336,32.959854,-117.335358,,,144,,6654,-28.6,1815,0.5
2026-07-28T21:45:07.989199,0C210D,CMP382,33.27095,-116.742535,,,314,,1055,-49.5,962,5.1
2026-07-28T21:45:07.989199,ABC7E9,SWA3822,33.118752,-117.468343,,,145,,3736,-31.0,476,0.2
2026-07-28T21:45:07.989199,A9D284,,33.334076,-118.295178,,,93,,,-38.7,71,35.0
2026-07-28T21:45:13.067938,A6E8AE,VOS4308,33.227824,-117.307528,,,279,,4675,-36.1,1823,13.7
2026-07-28T21:45:13.067938,AAF47A,ASA336,32.954453,-117.330798,,,144,,6654,-49.5,1849,0.9
2026-07-28T21:45:13.067938,0C210D,CMP382,33.285781,-116.760453,,,314,,1055,-49.5,990,0.8
2026-07-28T21:45:13.067938,ABC7E9,SWA3822,33.112141,-117.46285,,,145,,3736,-33.6,527,0.5
2026-07-28T21:45:13.067938,A9D284,,33.334076,-118.295178,,,93,,,-38.7,71,40.1
2026-07-28T21:45:18.148352,A6E8AE,VOS4308,33.227824,-117.307528,,,279,,4675,-36.1,1823,18.8
2026-07-28T21:45:18.148352,AAF47A,ASA336,32.948184,-117.325633,,,144,,6654,-49.5,1885,0.7
2026-07-28T21:45:18.148352,0C210D,CMP382,33.294719,-116.771159,,,314,,1055,-30.9,1015,0.0
2026-07-28T21:45:18.148352,ABC7E9,SWA3822,33.104874,-117.456812,,,145,,3736,-27.5,584,0.4
2026-07-28T21:45:18.148352,A9D284,,33.334076,-118.295178,,,93,,,-38.7,71,45.2
2026-07-28T21:45:23.226108,A6E8AE,VOS4308,33.227824,-117.307528,,,279,,4675,-36.1,1823,23.9
2026-07-28T21:45:23.226108,AAF47A,ASA336,32.943948,-117.322045,,,144,,6654,-49.5,1917,2.0
2026-07-28T21:45:23.226108,0C210D,CMP382,33.302673,-116.780768,,,314,,1055,-32.6,1071,0.0
2026-07-28T21:45:23.226108,ABC7E9,SWA3822,33.098465,-117.451483,,,144,,3736,-49.5,629,0.8
2026-07-28T21:45:23.226108,A9D284,,33.334076,-118.295178,,,93,,,-38.7,71,50.3
2026-07-28T21:45:28.305291,A6E8AE,VOS4308,33.227824,-117.307528,,,280,,4675,-49.5,1826,29.0
2026-07-28T21:45:28.305291,AAF47A,ASA336,32.936691,-117.315967,,,144,,6654,-49.5,1962,0.7
2026-07-28T21:45:28.305291,0C210D,CMP382,33.309243,-116.788704,,,314,,1055,-33.4,1112,0.7
2026-07-28T21:45:28.305291,ABC7E9,SWA3822,33.091053,-117.445305,,,144,,3736,-34.4,671,0.5
2026-07-28T21:45:28.305291,A9D284,,33.334076,-118.295178,,,93,,,-38.7,71,55.4
2026-07-28T21:45:33.417650,A6E8AE,VOS4308,33.227824,-117.307528,,,280,,4675,-49.5,1826,34.0
2026-07-28T21:45:33.417650,AAF47A,ASA336,32.932496,-117.31246,,,144,,6654,-30.7,1995,1.4
2026-07-28T21:45:33.417650,0C210D,CMP382,33.310966,-116.790778,,,314,,1055,-34.6,1116,5.0
2026-07-28T21:45:33.417650,ABC7E9,SWA3822,33.086884,-117.441815,,,144,,3736,-31.5,692,1.4
2026-07-28T21:45:33.417650,A9D284,,33.334076,-118.295178,,,93,,,-38.7,71,60.4
2026-07-28T21:45:38.501924,A6E8AE,VOS4308,33.227824,-117.307528,,,280,,4675,-49.5,1826,39.2
2026-07-28T21:45:38.501924,AAF47A,ASA336,32.925001,-117.306238,,,144,,6654,-49.5,2045,0.5
2026-07-28T21:45:38.501924,0C210D,CMP382,33.324419,-116.806977,,,314,,1055,-49.5,1157,1.4
2026-07-28T21:45:38.501924,ABC7E9,SWA3822,33.07869,-117.435004,,,144,,3736,-33.6,724,1.6
2026-07-28T21:45:38.501924,A9D284,,33.334076,-118.295178,,,93,,,-38.7,71,65.5
2026-07-28T21:45:43.542635,A6E8AE,VOS4308,33.227824,-117.307528,,,280,,4675,-49.5,1826,44.2
2026-07-28T21:45:43.542635,AAF47A,ASA336,32.920349,-117.302344,,,144,,6654,-29.6,2068,1.3
2026-07-28T21:45:43.542635,0C210D,CMP382,33.333776,-116.8183,,,314,,1055,-49.5,1185,0.5
2026-07-28T21:45:43.542635,ABC7E9,SWA3822,33.074387,-117.431404,,,144,,3736,-34.9,743,3.5
2026-07-28T21:45:43.542635,A9D284,,33.334076,-118.295178,,,93,,,-38.7,71,70.6
2026-07-28T21:45:48.595930,A6E8AE,VOS4308,33.242069,-117.400239,,,280,,4675,-49.5,1830,0.9
2026-07-28T21:45:48.595930,AAF47A,ASA336,32.913549,-117.296653,,,144,,6654,-49.5,2094,0.2
2026-07-28T21:45:48.595930,0C210D,CMP382,33.341132,-116.827156,,,314,,1055,-49.5,1225,0.8
2026-07-28T21:45:48.595930,ABC7E9,SWA3822,33.063171,-117.42204,,,144,,3736,-49.5,746,0.4
2026-07-28T21:45:48.595930,A9D284,,33.334076,-118.295178,,,93,,,-38.7,71,75.6
2026-07-28T21:45:53.645093,A6E8AE,VOS4308,33.243347,-117.408307,,,280,,4675,-36.5,1839,1.6
2026-07-28T21:45:53.645093,AAF47A,ASA336,32.908149,-117.292113,,,144,,6654,-49.5,2109,0.2
2026-07-28T21:45:53.645093,0C210D,CMP382,33.342854,-116.82923,,,314,,1055,-34.3,1252,4.8
2026-07-28T21:45:53.645093,ABC7E9,SWA3822,33.056372,-117.41627,,,144,,3736,-36.8,783,0.4
2026-07-28T21:45:58.699873,A6E8AE,VOS4308,33.243347,-117.408307,,,280,,4675,-36.5,1839,6.7
2026-07-28T21:45:58.699873,AAF47A,ASA336,32.903075,-117.287853,,,144,,6654,-23.6,2164,0.5
2026-07-28T21:45:58.699873,0C210D,CMP382,33.357378,-116.84683,,,314,,1055,-49.5,1290,0.6
2026-07-28T21:45:58.699873,ABC7E9,SWA3822,33.049575,-117.410608,,,144,,3736,-49.5,797,0.4
2026-07-28T21:46:03.748368,A6E8AE,VOS4308,33.243347,-117.408307,,,280,,4675,-36.5,1839,11.8
2026-07-28T21:46:03.748368,AAF47A,ASA336,32.897507,-117.283228,,,144,,6654,-31.3,2208,0.4
2026-07-28T21:46:03.748368,0C210D,CMP382,33.36506,-116.856079,,,314,,1055,-49.5,1337,0.6
2026-07-28T21:46:03.748368,ABC7E9,SWA3822,33.042892,-117.404956,,,144,,3736,-49.5,818,0.5
2026-07-28T21:46:08.827579,A6E8AE,VOS4308,33.243347,-117.408307,,,280,,4675,-36.5,1839,16.8
2026-07-28T21:46:08.827579,AAF47A,ASA336,32.891856,-117.278548,,,144,,6654,-49.5,2262,0.2
2026-07-28T21:46:08.827579,0C210D,CMP382,33.369919,-116.861902,,,314,,1055,-49.5,1370,2.7
2026-07-28T21:46:08.827579,ABC7E9,SWA3822,33.040054,-117.402594,,,144,,3736,-34.4,831,3.4
2026-07-28T21:46:13.876967,A6E8AE,VOS4308,33.243347,-117.408307,,,280,,4675,-36.5,1839,21.9
2026-07-28T21:46:13.876967,AAF47A,ASA336,32.886968,-117.274456,,,145,,6654,-33.9,2315,0.7
2026-07-28T21:46:13.876967,0C210D,CMP382,33.380701,-116.874913,,,314,,1055,-34.1,1407,0.9
2026-07-28T21:46:13.876967,ABC7E9,SWA3822,33.029434,-117.39364,,,144,,3736,-31.4,855,0.6
2026-07-28T21:46:18.966577,A6E8AE,VOS4308,33.250763,-117.455493,,,280,,4675,-49.5,1842,2.0
2026-07-28T21:46:18.966577,AAF47A,ASA336,32.881577,-117.269989,,,145,,6654,-49.5,2346,0.8
2026-07-28T21:46:18.966577,0C210D,CMP382,33.385403,-116.880574,,,314,,1055,-35.8,1443,2.8
2026-07-28T21:46:18.966577,ABC7E9,SWA3822,33.024949,-117.389869,,,144,,3736,-49.5,882,2.3
2026-07-28T21:46:24.010143,A6E8AE,VOS4308,33.250763,-117.455493,,,280,,4675,-37.5,1843,7.0
2026-07-28T21:46:24.010143,AAF47A,ASA336,32.876401,-117.265712,,,144,,6654,-33.3,2375,0.9
2026-07-28T21:46:24.010143,0C210D,CMP382,33.396698,-116.894202,,,314,,1055,-49.5,1469,0.8
2026-07-28T21:46:24.010143,ABC7E9,SWA3822,33.01899,-117.38488,,,144,,3736,-49.5,898,2.9
2026-07-28T21:46:29.064362,A6E8AE,VOS4308,33.250763,-117.455493,,,280,,4675,-49.5,1845,12.1
2026-07-28T21:46:29.064362,AAF47A,ASA336,32.870956,-117.261145,,,144,,6654,-49.5,2414,0.8
2026-07-28T21:46:29.064362,0C210D,CMP382,33.404536,-116.903612,,,314,,1055,-29.9,1516,0.8
2026-07-28T21:46:29.064362,ABC7E9,SWA3822,33.008423,-117.375968,,,144,,3736,-35.2,908,0.0
2026-07-28T21:46:34.147240,A6E8AE,VOS4308,33.250763,-117.455493,,,280,,4675,-49.5,1850,17.1
2026-07-28T21:46:34.147240,AAF47A,ASA336,32.865507,-117.256576,,,144,,6654,-49.5,2445,0.7
2026-07-28T21:46:34.147240,0C210D,CMP382,33.413614,-116.914598,,,314,,1055,-49.5,1565,0.0
2026-07-28T21:46:34.147240,ABC7E9,SWA3822,33.003069,-117.371484,,,144,,3736,-34.7,928,1.0
2026-07-28T21:46:39.195478,A6E8AE,VOS4308,33.250763,-117.455493,,,280,,4675,-49.5,1850,22.2
2026-07-28T21:46:39.195478,AAF47A,ASA336,32.860245,-117.252246,,,144,,6654,-34.2,2459,0.8
2026-07-28T21:46:39.195478,0C210D,CMP382,33.419861,-116.922162,,,314,,1055,-34.9,1599,1.1
2026-07-28T21:46:39.195478,ABC7E9,SWA3822,32.997809,-117.367055,,,144,,3736,-35.6,943,1.9
2026-07-28T21:46:44.271843,A6E8AE,VOS4308,33.250763,-117.455493,,,280,,4675,-49.5,1850,27.3
2026-07-28T21:46:44.271843,AAF47A,ASA336,32.856216,-117.248895,,,144,,6654,-35.1,2499,2.1
2026-07-28T21:46:44.271843,0C210D,CMP382,33.428925,-116.933093,,,314,,1055,-31.1,1640,0.3
2026-07-28T21:46:44.271843,ABC7E9,SWA3822,32.992781,-117.362852,,,144,,3736,-49.5,969,3.0
2026-07-28T21:46:49.352072,A6E8AE,VOS4308,33.260364,-117.515987,,,283,,4675,-33.6,1863,0.3
2026-07-28T21:46:49.352072,AAF47A,ASA336,32.84967,-117.243457,,,145,,6654,-33.0,2508,1.0
2026-07-28T21:46:49.352072,0C210D,CMP382,33.430326,-116.934833,,,314,,1055,-49.5,1645,4.5
2026-07-28T21:46:49.352072,ABC7E9,SWA3822,32.983337,-117.354913,,,144,,3736,-49.5,1002,0.7
2026-07-28T21:46:54.416547,A6E8AE,VOS4308,33.26207,-117.523279,,,288,,4675,-33.6,1880,1.1
2026-07-28T21:46:54.416547,AAF47A,ASA336,32.845459,-117.239941,,,144,,6654,-49.5,2521,1.9
2026-07-28T21:46:54.416547,0C210D,CMP382,33.430326,-116.934833,,,314,,1055,-49.5,1645,9.6
2026-07-28T21:46:54.416547,ABC7E9,SWA3822,32.976581,-117.349231,,,144,,3736,-49.5,1057,0.3
2026-07-28T21:46:59.485121,A6E8AE,VOS4308,33.265577,-117.53398,,,295,,4675,-32.5,1900,0.4
2026-07-28T21:46:59.485121,AAF47A,ASA336,32.8386,-117.234211,,,144,,6654,-31.8,2560,0.6
2026-07-28T21:46:59.485121,0C210D,CMP382,33.44957,-116.958087,,,314,,1055,-35.4,1655,2.4
2026-07-28T21:46:59.485121,ABC7E9,SWA3822,32.971321,-117.344803,,,144,,3736,-49.5,1078,1.0
2026-07-28T21:47:04.533708,A6E8AE,VOS4308,33.269211,-117.541956,,,301,,4675,-31.8,1924,0.7
2026-07-28T21:47:04.533708,AAF47A,ASA336,32.833107,-117.22967,,,144,,6654,-32.8,2592,0.5
2026-07-28T21:47:04.533708,0C210D,CMP382,33.458679,-116.969073,,,314,,1055,-49.5,1665,1.7
2026-07-28T21:47:04.533708,ABC7E9,SWA3822,32.964203,-117.338873,,,144,,3736,-49.5,1086,0.2
2026-07-28T21:47:09.615267,A6E8AE,VOS4308,33.273538,-117.549619,,,306,,4675,-49.5,1942,1.0
2026-07-28T21:47:09.615267,AAF47A,ASA336,32.829011,-117.226251,,,144,,6654,-33.2,2620,1.6
2026-07-28T21:47:09.615267,0C210D,CMP382,33.458679,-116.969073,,,314,,1055,-35.4,1668,6.8
2026-07-28T21:47:09.615267,ABC7E9,SWA3822,32.958053,-117.33376,,,144,,3736,-32.5,1099,0.1
2026-07-28T21:47:14.692571,A6E8AE,VOS4308,33.277634,-117.555798,,,310,,4675,-49.5,1949,1.8
2026-07-28T21:47:14.692571,AAF47A,ASA336,32.825519,-117.223224,,,143,,6654,-36.8,2631,3.3
2026-07-28T21:47:14.692571,0C210D,CMP382,33.458679,-116.969073,,,314,,1055,-35.4,1668,11.9
2026-07-28T21:47:14.692571,ABC7E9,SWA3822,32.952095,-117.328771,,,144,,3736,-28.8,1120,0.1
2026-07-28T21:47:19.756231,A6E8AE,VOS4308,33.284059,-117.564137,,,313,,4675,-35.3,1952,1.0
2026-07-28T21:47:19.756231,AAF47A,ASA336,32.825519,-117.223224,,,143,,6654,-36.8,2631,8.4
2026-07-28T21:47:19.756231,0C210D,CMP382,33.483536,-116.999176,,,314,,1055,-49.5,1677,0.9
2026-07-28T21:47:19.756231,ABC7E9,SWA3822,32.946415,-117.324007,,,144,,3736,-32.6,1163,0.3
2026-07-28T21:47:24.830360,A6E8AE,VOS4308,33.288345,-117.569586,,,313,,4675,-49.5,1962,2.1
2026-07-28T21:47:24.830360,AAF47A,ASA336,32.816162,-117.212518,,,129,,6654,-49.5,2642,3.1
2026-07-28T21:47:24.830360,0C210D,CMP382,33.483536,-116.999176,,,314,,1055,-37.5,1679,6.0
2026-07-28T21:47:24.830360,ABC7E9,SWA3822,32.940811,-117.319373,,,144,,3736,-26.0,1192,0.5
2026-07-28T21:47:29.876530,A6E8AE,VOS4308,33.292671,-117.575011,,,313,,4675,-49.5,1974,3.2
2026-07-28T21:47:29.876530,AAF47A,ASA336,32.81076,-117.202368,,,116,,6654,-49.5,2665,0.4
2026-07-28T21:47:29.876530,0C210D,CMP382,33.483536,-116.999176,,,314,,1055,-36.0,1680,11.1
2026-07-28T21:47:29.876530,ABC7E9,SWA3822,32.934769,-117.314264,,,144,,3736,-31.0,1240,0.1
2026-07-28T21:47:34.953957,A6E8AE,VOS4308,33.300305,-117.584596,,,313,,4675,-49.5,1977,1.3
2026-07-28T21:47:34.953957,AAF47A,ASA336,32.809272,-117.198393,,,110,,6654,-33.5,2696,2.6
2026-07-28T21:47:34.953957,0C210D,CMP382,33.483536,-116.999176,,,314,,1055,-36.0,1680,16.1
2026-07-28T21:47:34.953957,ABC7E9,SWA3822,32.929982,-117.310274,,,144,,3736,-34.7,1275,1.0
2026-07-28T21:47:40.034371,A6E8AE,VOS4308,33.300305,-117.584596,,,313,,4675,-36.1,1980,6.3
2026-07-28T21:47:40.034371,AAF47A,ASA336,32.806549,-117.187921,,,104,,6654,-49.5,2706,0.4
2026-07-28T21:47:40.034371,0C210D,CMP382,33.514572,-117.036639,,,314,,1055,-49.5,1689,1.3
2026-07-28T21:47:40.034371,ABC7E9,SWA3822,32.925018,-117.306079,,,144,,3736,-35.2,1315,1.5
2026-07-28T21:47:45.103742,A6E8AE,VOS4308,33.300305,-117.584596,,,313,,4675,-49.5,1981,11.4
2026-07-28T21:47:45.103742,AAF47A,ASA336,32.805455,-117.182698,,,104,,6654,-32.9,2724,1.9
2026-07-28T21:47:45.103742,0C210D,CMP382,33.514572,-117.036639,,,314,,1055,-36.7,1695,6.4
2026-07-28T21:47:45.103742,ABC7E9,SWA3822,32.918655,-117.300696,,,144,,3736,-32.2,1332,0.8
2026-07-28T21:47:45.103742,0D094C,VIV146,33.051041,-116.438873,,,299,,,-33.4,24,1.6
2026-07-28T21:47:50.192443,A6E8AE,VOS4308,33.300305,-117.584596,,,313,,4675,-49.5,1981,16.5
2026-07-28T21:47:50.192443,AAF47A,ASA336,32.804105,-117.176532,,,105,,6654,-49.5,2742,2.8
2026-07-28T21:47:50.192443,0C210D,CMP382,33.52565,-117.050098,,,314,,1055,-49.5,1701,4.6
2026-07-28T21:47:50.192443,ABC7E9,SWA3822,32.915272,-117.297886,,,144,,3736,-49.5,1337,2.7
2026-07-28T21:47:50.192443,0D094C,VIV146,33.054565,-116.447552,,,295,,,-35.6,44,2.7
2026-07-28T21:47:55.576777,A6E8AE,VOS4308,33.300305,-117.584596,,,313,,4675,-36.5,1983,21.9
2026-07-28T21:47:55.576777,AAF47A,ASA336,32.803034,-117.17188,,,105,,6654,-34.4,2748,4.9
2026-07-28T21:47:55.576777,0C210D,CMP382,33.52565,-117.050098,,,314,,1055,-49.5,1701,9.9
2026-07-28T21:47:55.576777,ABC7E9,SWA3822,32.906846,-117.29088,,,145,,3736,-30.5,1360,0.3
2026-07-28T21:47:55.576777,0D094C,VIV146,33.054565,-116.447552,,,295,,,-49.5,46,8.1
2026-07-28T21:48:00.622090,A6E8AE,VOS4308,33.324692,-117.615454,,,313,,4675,-49.5,1986,4.6
2026-07-28T21:48:00.622090,AAF47A,ASA336,32.799683,-117.157699,,,105,,6654,-49.5,2778,0.3
2026-07-28T21:48:00.622090,0C210D,CMP382,33.52565,-117.050098,,,314,,1055,-49.5,1701,15.0
2026-07-28T21:48:00.622090,ABC7E9,SWA3822,32.901398,-117.286414,,,145,,3736,-27.8,1407,0.3
2026-07-28T21:48:00.622090,0D094C,VIV146,33.062237,-116.46769,,,293,,,-37.7,55,4.0
2026-07-28T21:48:00.622090,ABB5C9,,33.632875,-116.478252,,,91,,,-37.1,15,2.7
2026-07-28T21:48:05.702951,A6E8AE,VOS4308,33.334991,-117.628528,,,313,,4675,-37.9,1991,0.0
2026-07-28T21:48:05.702951,AAF47A,ASA336,32.797943,-117.150238,,,105,,6654,-25.3,2828,0.0
2026-07-28T21:48:05.702951,0C210D,CMP382,33.52565,-117.050098,,,314,,1055,-49.5,1701,20.1
2026-07-28T21:48:05.702951,ABC7E9,SWA3822,32.898047,-117.283649,,,145,,3736,-31.1,1431,2.3
2026-07-28T21:48:05.702951,0D094C,VIV146,33.062237,-116.46769,,,293,,,-37.7,55,9.1
2026-07-28T21:48:05.702951,ABB5C9,SKW5458,33.632735,-116.465836,,,91,,,-49.5,33,2.9
2026-07-28T21:48:10.808356,A6E8AE,VOS4308,33.334991,-117.628528,,,313,,4675,-36.2,1992,5.0
2026-07-28T21:48:10.808356,AAF47A,ASA336,32.796478,-117.143591,,,104,,6654,-35.6,2887,0.7
2026-07-28T21:48:10.808356,0C210D,CMP382,33.52565,-117.050098,,,314,,1055,-49.5,1701,25.1
2026-07-28T21:48:10.808356,ABC7E9,SWA3822,32.890732,-117.277625,,,144,,3736,-29.3,1487,0.6
2026-07-28T21:48:10.808356,0D094C,VIV146,33.070358,-116.489355,,,294,,,-36.6,75,4.3
2026-07-28T21:48:10.808356,ABB5C9,SKW5458,33.632735,-116.465836,,,91,,,-49.5,34,7.9
2026-07-28T21:48:15.849630,A6E8AE,VOS4308,33.334991,-117.628528,,,313,,4675,-36.2,1992,10.1
2026-07-28T21:48:15.849630,AAF47A,ASA336,32.794748,-117.135726,,,104,,6654,-49.5,2910,0.3
2026-07-28T21:48:15.849630,0C210D,CMP382,33.52565,-117.050098,,,314,,1055,-49.5,1701,30.2
2026-07-28T21:48:15.849630,ABC7E9,SWA3822,32.887759,-117.275129,,,144,,3736,-49.5,1514,2.9
2026-07-28T21:48:15.849630,0D094C,VIV146,33.075348,-116.502539,,,294,,,-49.5,89,3.2
2026-07-28T21:48:15.849630,ABB5C9,SKW5458,33.632735,-116.465836,,,91,,,-49.5,34,13.0
2026-07-28T21:48:20.937958,A6E8AE,VOS4308,33.334991,-117.628528,,,313,,4675,-36.2,1992,15.2
2026-07-28T21:48:20.937958,AAF47A,ASA336,32.793305,-117.128775,,,104,,6654,-32.0,2936,0.5
2026-07-28T21:48:20.937958,0C210D,CMP382,33.52565,-117.050098,,,314,,1055,-49.5,1701,35.3
2026-07-28T21:48:20.937958,ABC7E9,SWA3822,32.879985,-117.268627,,,144,,3736,-49.5,1522,0.6
2026-07-28T21:48:20.937958,0D094C,VIV146,33.075348,-116.502539,,,294,,,-38.7,91,8.3
2026-07-28T21:48:20.937958,ABB5C9,SKW5458,33.632735,-116.465836,,,91,,,-49.5,34,18.1
2026-07-28T21:48:25.989174,A6E8AE,VOS4308,33.334991,-117.628528,,,313,,4675,-36.2,1992,20.2
2026-07-28T21:48:25.989174,AAF47A,ASA336,32.792953,-117.127112,,,104,,6654,-49.5,2941,4.5
2026-07-28T21:48:25.989174,0C210D,CMP382,33.586881,-117.124786,,,314,,1055,-49.5,1721,1.0
2026-07-28T21:48:25.989174,ABC7E9,SWA3822,32.875626,-117.265045,,,145,,3736,-31.6,1540,1.6
2026-07-28T21:48:25.989174,0D094C,VIV146,33.075348,-116.502539,,,294,,,-37.3,99,13.3
2026-07-28T21:48:25.989174,ABB5C9,SKW5458,33.632735,-116.465836,,,91,,,-49.5,34,23.1
2026-07-28T21:48:31.040941,A6E8AE,VOS4308,33.334991,-117.628528,,,313,,4675,-36.2,1992,25.3
2026-07-28T21:48:31.040941,AAF47A,ASA336,32.790791,-117.117116,,,104,,6654,-35.7,2951,2.6
2026-07-28T21:48:31.040941,0C210D,CMP382,33.596098,-117.136002,,,314,,1055,-49.5,1742,0.1
2026-07-28T21:48:31.040941,ABC7E9,SWA3822,32.872559,-117.262518,,,145,,3736,-34.7,1568,3.8
2026-07-28T21:48:31.040941,0D094C,VIV146,33.08947,-116.540222,,,293,,,-49.5,102,1.4
2026-07-28T21:48:31.040941,ABB5C9,SKW5458,33.632735,-116.465836,,,91,,,-49.5,34,28.2
2026-07-28T21:48:36.094919,A6E8AE,VOS4308,33.334991,-117.628528,,,313,,4675,-36.2,1992,30.4
2026-07-28T21:48:36.094919,AAF47A,ASA336,32.78851,-117.106747,,,104,,6654,-36.7,2955,0.4
2026-07-28T21:48:36.094919,0C210D,CMP382,33.599404,-117.13995,,,314,,1055,-49.5,1761,3.1
2026-07-28T21:48:36.094919,ABC7E9,SWA3822,32.865182,-117.256407,,,145,,3736,-49.5,1582,1.9
2026-07-28T21:48:36.094919,0D094C,VIV146,33.08947,-116.540222,,,293,,,-49.5,102,6.4
2026-07-28T21:48:36.094919,ABB5C9,SKW5458,33.632735,-116.465836,,,91,,,-49.5,34,33.2
2026-07-28T21:48:41.144513,A6E8AE,VOS4308,33.334991,-117.628528,,,313,,4675,-36.2,1992,35.4
2026-07-28T21:48:41.144513,AAF47A,ASA336,32.78851,-117.106747,,,104,,6654,-36.7,2955,5.4
2026-07-28T21:48:41.144513,0C210D,CMP382,33.599404,-117.13995,,,314,,1055,-49.5,1761,8.2
2026-07-28T21:48:41.144513,ABC7E9,SWA3822,32.865182,-117.256407,,,145,,3736,-31.1,1600,7.0
2026-07-28T21:48:41.144513,0D094C,VIV146,33.097663,-116.562307,,,293,,,-35.8,127,1.4
2026-07-28T21:48:41.144513,ABB5C9,SKW5458,33.632735,-116.465836,,,91,,,-49.5,34,38.3
2026-07-28T21:48:46.232901,A6E8AE,VOS4308,33.334991,-117.628528,,,313,,4675,-36.2,1992,40.5
2026-07-28T21:48:46.232901,AAF47A,ASA336,32.785263,-117.092285,,,105,,6654,-34.1,2983,0.4
2026-07-28T21:48:46.232901,0C210D,CMP382,33.599404,-117.13995,,,314,,1055,-49.5,1761,13.3
2026-07-28T21:48:46.232901,ABC7E9,SWA3822,32.85643,-117.249177,,,145,,3736,-49.5,1613,3.9
2026-07-28T21:48:46.232901,0D094C,VIV146,33.100829,-116.570771,,,293,,,-49.5,142,2.5
2026-07-28T21:48:46.232901,ABB5C9,SKW5458,33.632735,-116.465836,,,91,,,-49.5,34,43.4
2026-07-28T21:48:51.302416,A6E8AE,VOS4308,33.334991,-117.628528,,,313,,4675,-36.2,1992,45.6
2026-07-28T21:48:51.302416,AAF47A,ASA336,32.783576,-117.08483,,,104,,6654,-36.9,3023,0.2
2026-07-28T21:48:51.302416,0C210D,CMP382,33.599404,-117.13995,,,314,,1055,-49.5,1761,18.3
2026-07-28T21:48:51.302416,ABC7E9,SWA3822,32.85643,-117.249177,,,145,,3736,-49.5,1621,8.9
2026-07-28T21:48:51.302416,0D094C,VIV146,33.106508,-116.585961,,,293,,,-49.5,181,0.5
2026-07-28T21:48:51.302416,ABB5C9,SKW5458,33.632735,-116.465836,,,91,,,-49.5,34,48.4
2026-07-28T21:48:56.369319,A6E8AE,VOS4308,33.334991,-117.628528,,,313,,4675,-36.2,1992,50.6
2026-07-28T21:48:56.369319,AAF47A,ASA336,32.781993,-117.077655,,,104,,6654,-33.6,3075,0.2
2026-07-28T21:48:56.369319,0C210D,CMP382,33.599404,-117.13995,,,314,,1055,-49.5,1761,23.4
2026-07-28T21:48:56.369319,ABC7E9,SWA3822,32.842418,-117.237798,,,145,,3736,-49.5,1638,0.8
2026-07-28T21:48:56.369319,0D094C,VIV146,33.110279,-116.596107,,,294,,7352,-31.4,231,0.8
2026-07-28T21:48:56.369319,ABB5C9,SKW5458,33.632735,-116.465836,,,91,,,-49.5,34,53.5
2026-07-28T21:49:01.437208,A6E8AE,VOS4308,33.334991,-117.628528,,,313,,4675,-36.2,1992,55.7
2026-07-28T21:49:01.437208,AAF47A,ASA336,32.78041,-117.070705,,,104,,6654,-31.7,3128,0.3
2026-07-28T21:49:01.437208,0C210D,CMP382,33.599404,-117.13995,,,314,,1055,-49.5,1761,28.5
2026-07-28T21:49:01.437208,ABC7E9,SWA3822,32.83754,-117.233899,,,145,,3736,-34.1,1672,1.2
2026-07-28T21:49:01.437208,0D094C,VIV146,33.114376,-116.606981,,,294,,7352,-33.5,287,0.7
2026-07-28T21:49:01.437208,ABB5C9,SKW5458,33.632735,-116.465836,,,91,,,-49.5,34,58.6
2026-07-28T21:49:06.484797,AAF47A,ASA336,32.779129,-117.065039,,,104,,6654,-34.0,3180,1.3
2026-07-28T21:49:06.484797,0C210D,CMP382,33.599404,-117.13995,,,314,,1055,-49.5,1761,33.5
2026-07-28T21:49:06.484797,ABC7E9,SWA3822,32.832688,-117.230007,,,145,,3736,-49.5,1677,1.5
2026-07-28T21:49:06.484797,0D094C,VIV146,33.116867,-116.613556,,,294,,7352,-36.7,307,2.5
2026-07-28T21:49:06.484797,ABB5C9,SKW5458,33.632735,-116.465836,,,91,,,-49.5,34,63.6
2026-07-28T21:49:11.514117,AAF47A,ASA336,32.777161,-117.05636,,,105,,6654,-33.4,3203,0.0
2026-07-28T21:49:11.514117,0C210D,CMP382,33.599404,-117.13995,,,314,,1055,-49.5,1761,38.6
2026-07-28T21:49:11.514117,ABC7E9,SWA3822,32.828476,-117.226593,,,145,,3736,-49.5,1689,2.4
2026-07-28T21:49:11.514117,0D094C,VIV146,33.116867,-116.613556,,,294,,7352,-36.7,307,7.6
2026-07-28T21:49:16.588901,AAF47A,ASA336,32.775513,-117.049658,,,106,,6654,-33.0,3236,0.2
2026-07-28T21:49:16.588901,0C210D,CMP382,33.599404,-117.13995,,,314,,1055,-49.5,1762,43.6
2026-07-28T21:49:16.588901,ABC7E9,SWA3822,32.828476,-117.226593,,,144,,3736,-34.8,1692,7.5
2026-07-28T21:49:16.588901,0D094C,VIV146,33.116867,-116.613556,,,294,,7352,-36.7,307,12.6
2026-07-28T21:49:21.653303,AAF47A,ASA336,32.773846,-117.043071,,,107,,6654,-36.1,3267,0.3
2026-07-28T21:49:21.653303,0C210D,CMP382,33.674377,-117.231072,,,314,,1055,-49.5,1766,0.6
2026-07-28T21:49:21.653303,ABC7E9,SWA3822,32.828476,-117.226593,,,144,,3736,-34.8,1692,12.6
2026-07-28T21:49:21.653303,0D094C,VIV146,33.116867,-116.613556,,,294,,7352,-49.5,309,17.7
2026-07-28T21:49:26.723950,AAF47A,ASA336,32.773846,-117.043071,,,106,,6654,-49.5,3269,5.4
2026-07-28T21:49:26.723950,0C210D,CMP382,33.674377,-117.231072,,,314,,1055,-35.0,1768,5.7
2026-07-28T21:49:26.723950,ABC7E9,SWA3822,32.828476,-117.226593,,,144,,3736,-49.5,1694,17.6
2026-07-28T21:49:26.723950,0D094C,VIV146,33.130417,-116.654974,,,288,,7352,-35.0,328,3.2
2026-07-28T21:49:31.770575,AAF47A,ASA336,32.773846,-117.043071,,,106,,6654,-49.5,3269,10.5
2026-07-28T21:49:31.770575,0C210D,CMP382,33.674377,-117.231072,,,314,,1055,-49.5,1769,10.7
2026-07-28T21:49:31.770575,ABC7E9,SWA3822,32.810211,-117.204895,,,117,,3736,-33.7,1700,0.6
2026-07-28T21:49:31.770575,0D094C,VIV146,33.130417,-116.654974,,,288,,7352,-35.0,328,8.3
2026-07-28T21:49:36.849868,AAF47A,ASA336,32.773846,-117.043071,,,106,,6654,-49.5,3269,15.5
2026-07-28T21:49:36.849868,0C210D,CMP382,33.674377,-117.231072,,,314,,1055,-49.5,1770,15.8
2026-07-28T21:49:36.849868,ABC7E9,SWA3822,32.808792,-117.201105,,,113,,3736,-34.9,1719,2.6
2026-07-28T21:49:36.849868,0D094C,VIV146,33.130417,-116.654974,,,288,,7352,-37.5,331,13.3
2026-07-28T21:49:41.933977,AAF47A,ASA336,32.767502,-117.017743,,,106,,6654,-49.5,3273,0.7
2026-07-28T21:49:41.933977,0C210D,CMP382,33.705414,-117.268963,,,314,,1055,-49.5,1774,0.8
2026-07-28T21:49:41.933977,ABC7E9,SWA3822,32.808792,-117.201105,,,113,,3736,-34.9,1719,7.7
2026-07-28T21:49:41.933977,0D094C,VIV146,33.138304,-116.694087,,,280,,7352,-34.0,352,0.6
2026-07-28T21:49:47.051583,AAF47A,ASA336,32.766129,-117.01214,,,106,,6654,-34.5,3284,1.2
2026-07-28T21:49:47.051583,0C210D,CMP382,33.709779,-117.274303,,,314,,1055,-49.5,1790,3.1
2026-07-28T21:49:47.051583,ABC7E9,SWA3822,32.805828,-117.188079,,,113,,3736,-49.5,1726,3.1
2026-07-28T21:49:47.051583,0D094C,VIV146,33.139572,-116.702325,,,280,,7352,-49.5,385,1.9
2026-07-28T21:49:52.114451,AAF47A,ASA336,32.766129,-117.01214,,,106,,6654,-34.5,3284,6.3
2026-07-28T21:49:52.114451,0C210D,CMP382,33.718918,-117.285499,,,314,,1055,-49.5,1798,2.1
2026-07-28T21:49:52.114451,ABC7E9,SWA3822,32.803779,-117.176925,,,102,,3736,-49.5,1733,0.1
2026-07-28T21:49:52.114451,0D094C,VIV146,33.141586,-116.715839,,,280,,7352,-30.1,435,0.8
2026-07-28T21:49:57.198740,AAF47A,ASA336,32.766129,-117.01214,,,106,,6654,-34.5,3284,11.3
2026-07-28T21:49:57.198740,0C210D,CMP382,33.718918,-117.285499,,,314,,1055,-49.5,1798,7.2
2026-07-28T21:49:57.198740,ABC7E9,SWA3822,32.802988,-117.173113,,,102,,3736,-49.5,1737,2.4
2026-07-28T21:49:57.198740,0D094C,VIV146,33.143192,-116.726822,,,280,,7352,-49.5,481,0.9
2026-07-28T21:50:02.243942,AAF47A,ASA336,32.766129,-117.01214,,,106,,6654,-34.5,3284,16.4
2026-07-28T21:50:02.243942,0C210D,CMP382,33.718918,-117.285499,,,314,,1055,-49.5,1798,12.2
2026-07-28T21:50:02.243942,ABC7E9,SWA3822,32.802988,-117.173113,,,102,,3736,-49.5,1737,7.4
2026-07-28T21:50:02.243942,0D094C,VIV146,33.14415,-116.733197,,,280,,7352,-49.5,509,2.9
2026-07-28T21:50:07.296638,AAF47A,ASA336,32.766129,-117.01214,,,106,,6654,-34.5,3284,21.4
2026-07-28T21:50:07.296638,0C210D,CMP382,33.718918,-117.285499,,,314,,1055,-49.5,1798,17.3
2026-07-28T21:50:07.296638,ABC7E9,SWA3822,32.799454,-117.156555,,,104,,3736,-32.3,1763,0.3
2026-07-28T21:50:07.296638,0D094C,VIV146,33.14415,-116.733197,,,280,,7352,-49.5,510,8.0
2026-07-28T21:50:12.381362,AAF47A,ASA336,32.766129,-117.01214,,,106,,6654,-34.5,3284,26.5
2026-07-28T21:50:12.381362,0C210D,CMP382,33.718918,-117.285499,,,314,,1055,-49.5,1798,22.4
2026-07-28T21:50:12.381362,ABC7E9,SWA3822,32.797943,-117.149524,,,103,,3736,-49.5,1810,0.0
2026-07-28T21:50:12.381362,0D094C,VIV146,33.148315,-116.761157,,,280,,7352,-49.5,533,0.1
2026-07-28T21:50:17.426428,AAF47A,ASA336,32.766129,-117.01214,,,106,,6654,-34.5,3284,31.6
2026-07-28T21:50:17.426428,0C210D,CMP382,33.718918,-117.285499,,,314,,1055,-49.5,1798,27.4
2026-07-28T21:50:17.426428,ABC7E9,SWA3822,32.796796,-117.143798,,,103,,3736,-49.5,1850,1.0
2026-07-28T21:50:17.426428,0D094C,VIV146,33.150009,-116.772363,,,280,,7352,-49.5,577,0.0
2026-07-28T21:50:22.477247,AAF47A,ASA336,32.766129,-117.01214,,,106,,6654,-34.5,3284,36.6
2026-07-28T21:50:22.477247,0C210D,CMP382,33.718918,-117.285499,,,314,,1055,-49.5,1798,32.5
2026-07-28T21:50:22.477247,ABC7E9,SWA3822,32.795539,-117.138136,,,105,,3736,-35.3,1859,1.8
2026-07-28T21:50:22.477247,0D094C,VIV146,33.151571,-116.782874,,,280,,7352,-27.2,623,0.2
2026-07-28T21:50:27.530243,AAF47A,ASA336,32.766129,-117.01214,,,106,,6654,-34.5,3284,41.7
2026-07-28T21:50:27.530243,0C210D,CMP382,33.718918,-117.285499,,,314,,1055,-49.5,1798,37.5
2026-07-28T21:50:27.530243,ABC7E9,SWA3822,32.793686,-117.130078,,,105,,3736,-49.5,1866,0.9
2026-07-28T21:50:27.530243,0D094C,VIV146,33.153154,-116.793692,,,279,,7352,-26.7,684,0.3
2026-07-28T21:50:32.582904,AAF47A,ASA336,32.766129,-117.01214,,,106,,6654,-34.5,3284,46.7
2026-07-28T21:50:32.582904,0C210D,CMP382,33.718918,-117.285499,,,314,,1055,-49.5,1798,42.6
2026-07-28T21:50:32.582904,ABC7E9,SWA3822,32.793686,-117.130078,,,105,,3736,-49.5,1870,6.0
2026-07-28T21:50:32.582904,0D094C,VIV146,33.154495,-116.80285,,,279,,7352,-32.2,739,1.1
2026-07-28T21:50:37.633126,AAF47A,ASA336,32.766129,-117.01214,,,106,,6654,-34.5,3284,51.8
2026-07-28T21:50:37.633126,0C210D,CMP382,33.718918,-117.285499,,,314,,1055,-49.5,1798,47.7
2026-07-28T21:50:37.633126,ABC7E9,SWA3822,32.793686,-117.130078,,,105,,3736,-49.5,1870,11.1
2026-07-28T21:50:37.633126,0D094C,VIV146,33.155807,-116.811573,,,279,,7352,-35.8,767,2.1
2026-07-28T21:50:42.712272,AAF47A,ASA336,32.766129,-117.01214,,,106,,6654,-34.5,3284,56.9
2026-07-28T21:50:42.712272,0C210D,CMP382,33.718918,-117.285499,,,314,,1055,-49.5,1798,52.7
2026-07-28T21:50:42.712272,ABC7E9,SWA3822,32.793686,-117.130078,,,105,,3736,-49.5,1870,16.1
2026-07-28T21:50:42.712272,0D094C,VIV146,33.157425,-116.822461,,,279,,7352,-36.8,787,2.1
2026-07-28T21:50:47.808324,0C210D,CMP382,33.718918,-117.285499,,,314,,1055,-49.5,1798,57.8
2026-07-28T21:50:47.808324,ABC7E9,SWA3822,32.793686,-117.130078,,,105,,3736,-49.5,1870,21.2
2026-07-28T21:50:47.808324,0D094C,VIV146,33.159252,-116.835171,,,279,,7352,-36.7,791,0.9
2026-07-28T21:50:52.878955,ABC7E9,SWA3822,32.793686,-117.130078,,,105,,3736,-49.5,1870,26.3
2026-07-28T21:50:52.878955,0D094C,VIV146,33.161114,-116.847671,,,279,,7352,-30.1,823,0.4
2026-07-28T21:50:52.878955,E80210,LPE2477,33.277588,-117.787843,,,138,,1056,-31.6,28,0.5
2026-07-28T21:50:57.920117,ABC7E9,SWA3822,32.793686,-117.130078,,,104,,3736,-49.5,1873,31.3
2026-07-28T21:50:57.920117,0D094C,VIV146,33.162697,-116.858433,,,279,,7352,-49.5,869,0.3
2026-07-28T21:50:57.920117,E80210,LPE2477,33.269488,-117.779323,,,138,,1056,-33.2,48,0.4
2026-07-28T21:51:02.957840,ABC7E9,SWA3822,32.793686,-117.130078,,,104,,3736,-49.5,1878,36.4
2026-07-28T21:51:02.957840,0D094C,VIV146,33.1642,-116.868878,,,279,,7352,-49.5,909,0.4
2026-07-28T21:51:02.957840,E80210,LPE2477,33.261807,-117.771251,,,138,,1056,-33.0,64,0.5
2026-07-28T21:51:08.030580,ABC7E9,SWA3822,32.781876,-117.077618,,,104,,3736,-35.1,1903,1.9
2026-07-28T21:51:08.030580,0D094C,VIV146,33.165769,-116.879509,,,279,,7352,-49.5,950,0.4
2026-07-28T21:51:08.030580,E80210,LPE2477,33.254032,-117.763012,,,138,,1056,-49.5,86,0.6
2026-07-28T21:51:08.030580,0D0DB9,,33.020945,-116.355304,,,301,,,-49.5,22,2.7
2026-07-28T21:51:13.077757,ABC7E9,SWA3822,32.779953,-117.068939,,,104,,3736,-33.0,1944,0.2
2026-07-28T21:51:13.077757,0D094C,VIV146,33.167073,-116.888309,,,279,,7352,-32.7,996,1.3
2026-07-28T21:51:13.077757,E80210,LPE2477,33.24527,-117.753827,,,138,,1056,-34.4,100,0.0
2026-07-28T21:51:13.077757,0D0DB9,,33.027742,-116.368309,,,301,,,-35.8,31,1.7
2026-07-28T21:51:18.156585,ABC7E9,SWA3822,32.779339,-117.066221,,,104,,3736,-49.5,1953,3.2
2026-07-28T21:51:18.156585,0D094C,VIV146,33.168549,-116.898541,,,279,,7352,-33.9,1028,1.5
2026-07-28T21:51:18.156585,E80210,LPE2477,33.243576,-117.752014,,,138,,1056,-49.5,106,4.1
2026-07-28T21:51:18.156585,0D0DB9,,33.031233,-116.375035,,,301,,,-49.5,46,3.7
2026-07-28T21:51:18.156585,AA38F8,,33.266788,-116.973734,,,,,1200,-35.1,4,1.3
2026-07-28T21:51:23.208415,ABC7E9,SWA3822,32.777161,-117.056635,,,105,,3736,-34.2,1960,0.8
2026-07-28T21:51:23.208415,0D094C,VIV146,33.170334,-116.910736,,,279,,7352,-49.5,1049,0.8
2026-07-28T21:51:23.208415,E80210,LPE2477,33.229965,-117.73762,,,138,,1056,-37.6,107,0.4
2026-07-28T21:51:23.208415,0D0DB9,,33.031233,-116.375035,,,301,,,-49.5,49,8.8
2026-07-28T21:51:23.208415,AA38F8,,33.265205,-116.972052,,,137,,1200,-49.5,18,1.4
2026-07-28T21:51:23.208415,A6E140,,33.458909,-116.82071,,,121,,,-49.5,5,0.0
2026-07-28T21:51:28.259736,ABC7E9,SWA3822,32.77565,-117.050098,,,105,,3736,-33.7,1976,0.7
2026-07-28T21:51:28.259736,0D094C,VIV146,33.171982,-116.921832,,,279,,7352,-49.5,1097,0.6
2026-07-28T21:51:28.259736,E80210,LPE2477,33.22197,-117.729163,,,138,,1056,-49.5,117,0.4
2026-07-28T21:51:28.259736,0D0DB9,,33.031233,-116.375035,,,301,,,-49.5,49,13.9
2026-07-28T21:51:28.259736,AA38F8,,33.264693,-116.971492,,,134,,1200,-37.7,23,5.0
2026-07-28T21:51:28.259736,A6E140,VOI1863,33.457031,-116.817078,,,121,,,-37.7,11,3.1
2026-07-28T21:51:33.339720,ABC7E9,SWA3822,32.774734,-117.046307,,,105,,3736,-35.3,1992,2.8
2026-07-28T21:51:33.339720,0D094C,VIV146,33.173683,-116.933488,,,279,,7352,-25.2,1148,0.0
2026-07-28T21:51:33.339720,E80210,LPE2477,33.213765,-117.720524,,,138,,1056,-28.5,140,0.2
2026-07-28T21:51:33.339720,0D0DB9,,33.051763,-116.414608,,,301,,,-29.6,76,0.8
2026-07-28T21:51:33.339720,AA38F8,,33.261841,-116.96781,,,133,,1200,-36.1,35,0.5
2026-07-28T21:51:33.339720,A6E140,VOI1863,33.449432,-116.802246,,,121,,,-49.5,14,0.3
2026-07-28T21:51:38.402721,ABC7E9,SWA3822,32.774734,-117.046307,,,105,,3736,-35.3,1992,7.9
2026-07-28T21:51:38.402721,0D094C,VIV146,33.17494,-116.942064,,,279,,7352,-34.7,1207,1.0
2026-07-28T21:51:38.402721,E80210,LPE2477,33.205897,-117.712228,,,138,,1056,-34.2,171,0.3
2026-07-28T21:51:38.402721,0D0DB9,AMX698,33.057404,-116.42547,,,301,,,-49.5,130,0.7
2026-07-28T21:51:38.402721,AA38F8,N758NL,33.260084,-116.96583,,,137,,1200,-49.5,66,0.1
2026-07-28T21:51:38.402721,A6E140,VOI1863,33.444534,-116.792688,,,121,,,-49.5,42,0.2
2026-07-28T21:51:43.468582,ABC7E9,SWA3822,32.774734,-117.046307,,,105,,3736,-35.3,1992,13.0
2026-07-28T21:51:43.468582,0D094C,VIV146,33.176697,-116.954297,,,279,,7352,-31.2,1263,0.2
2026-07-28T21:51:43.468582,E80210,LPE2477,33.198915,-117.704885,,,138,,1056,-49.5,189,1.0
2026-07-28T21:51:43.468582,0D0DB9,AMX698,33.063168,-116.436581,,,301,,1054,-33.6,175,0.7
2026-07-28T21:51:43.468582,AA38F8,N758NL,33.260084,-116.96583,,,137,,1200,-35.2,68,5.1
2026-07-28T21:51:43.468582,A6E140,VOI1863,33.441833,-116.787415,,,121,,,-49.5,65,2.5
2026-07-28T21:51:48.511768,ABC7E9,SWA3822,32.774734,-117.046307,,,105,,3736,-35.3,1992,18.0
2026-07-28T21:51:48.511768,0D094C,VIV146,33.178253,-116.964954,,,279,,7352,-33.5,1295,0.2
2026-07-28T21:51:48.511768,E80210,LPE2477,33.191345,-117.696863,,,138,,1056,-35.9,203,1.2
2026-07-28T21:51:48.511768,0D0DB9,AMX698,33.068893,-116.447662,,,301,,1054,-34.6,219,0.7
2026-07-28T21:51:48.511768,AA38F8,N758NL,33.256732,-116.962579,,,141,,1200,-49.5,97,0.3
2026-07-28T21:51:48.511768,A6E140,VOI1863,33.441833,-116.787415,,,121,,,-49.5,65,7.5
2026-07-28T21:51:53.572508,ABC7E9,SWA3822,32.774734,-117.046307,,,105,,3736,-35.3,1992,23.1
2026-07-28T21:51:53.572508,0D094C,VIV146,33.179855,-116.975885,,,279,,7352,-49.5,1346,0.1
2026-07-28T21:51:53.572508,E80210,LPE2477,33.183692,-117.688798,,,138,,1056,-37.2,211,1.4
2026-07-28T21:51:53.572508,0D0DB9,AMX698,33.072601,-116.454803,,,301,,1054,-35.4,240,2.4
2026-07-28T21:51:53.572508,AA38F8,N758NL,33.255895,-116.961738,,,138,,1200,-37.0,119,2.8
2026-07-28T21:51:53.572508,A6E140,VOI1863,33.441833,-116.787415,,,121,,,-49.5,65,12.6
2026-07-28T21:51:58.662006,ABC7E9,SWA3822,32.774734,-117.046307,,,105,,3736,-35.3,1992,28.2
2026-07-28T21:51:58.662006,0D094C,VIV146,33.181274,-116.985553,,,279,,7352,-25.0,1424,0.4
2026-07-28T21:51:58.662006,E80210,LPE2477,33.174149,-117.678708,,,138,,1056,-49.5,225,0.4
2026-07-28T21:51:58.662006,0D0DB9,AMX698,33.072601,-116.454803,,,301,,1054,-35.4,240,7.5
2026-07-28T21:51:58.662006,AA38F8,N758NL,33.253693,-116.959351,,,136,,1200,-49.5,133,1.0
2026-07-28T21:51:58.662006,A6E140,VOI1863,33.441833,-116.787415,,,121,,,-49.5,65,17.7
2026-07-28T21:52:03.704204,ABC7E9,SWA3822,32.774734,-117.046307,,,105,,3736,-35.3,1992,33.2
2026-07-28T21:52:03.704204,0D094C,VIV146,33.182808,-116.996155,,,279,,7352,-29.8,1460,0.5
2026-07-28T21:52:03.704204,E80210,LPE2477,33.165863,-117.669964,,,138,,1056,-31.6,255,0.4
2026-07-28T21:52:03.704204,0D0DB9,AMX698,33.072601,-116.454803,,,301,,1054,-35.4,240,12.5
2026-07-28T21:52:03.704204,AA38F8,N758NL,33.251891,-116.957366,,,137,,1200,-34.1,167,0.4
2026-07-28T21:52:03.704204,A6E140,VOI1863,33.420227,-116.745172,,,121,,,-33.9,80,0.5
2026-07-28T21:52:03.704204,AA3764,,33.185303,-117.712958,,,,,,-36.9,3,0.3
2026-07-28T21:52:08.767312,ABC7E9,SWA3822,32.774734,-117.046307,,,105,,3736,-35.3,1992,38.3
2026-07-28T21:52:08.767312,0D094C,VIV146,33.18439,-117.006805,,,279,,7352,-28.6,1523,0.5
2026-07-28T21:52:08.767312,E80210,LPE2477,33.157995,-117.661668,,,138,,1056,-29.8,283,0.6
2026-07-28T21:52:08.767312,0D0DB9,AMX698,33.09231,-116.492858,,,301,,1054,-35.4,251,0.2
2026-07-28T21:52:08.767312,AA38F8,N758NL,33.250122,-116.955573,,,139,,1200,-31.3,216,0.2
2026-07-28T21:52:08.767312,A6E140,VOI1863,33.419293,-116.743357,,,121,,,-49.5,82,4.6
2026-07-28T21:52:08.767312,AA3764,N7577N,33.18332,-117.709874,,,127,,,-49.5,26,0.4
2026-07-28T21:52:13.818147,ABC7E9,SWA3822,32.774734,-117.046307,,,105,,3736,-35.3,1992,43.3
2026-07-28T21:52:13.818147,0D094C,VIV146,33.185944,-117.017578,,,279,,7352,-49.5,1569,0.4
2026-07-28T21:52:13.818147,E80210,LPE2477,33.153014,-117.656399,,,138,,1056,-49.5,302,2.5
2026-07-28T21:52:13.818147,0D0DB9,AMX698,33.097687,-116.503308,,,301,,1054,-49.5,285,0.3
2026-07-28T21:52:13.818147,AA38F8,N758NL,33.248474,-116.953857,,,139,,1200,-30.4,264,0.4
2026-07-28T21:52:13.818147,A6E140,VOI1863,33.419293,-116.743357,,,121,,,-49.5,82,9.7
2026-07-28T21:52:13.818147,AA3764,N7577N,33.18132,-117.70675,,,127,,4775,-34.9,59,0.4
2026-07-28T21:52:18.859910,ABC7E9,SWA3822,32.774734,-117.046307,,,105,,3736,-35.3,1992,48.4
2026-07-28T21:52:18.859910,0D094C,VIV146,33.187546,-117.028619,,,279,,7352,-31.6,1647,0.0
2026-07-28T21:52:18.859910,E80210,LPE2477,33.14808,-117.651131,,,138,,1056,-34.1,308,4.5
2026-07-28T21:52:18.859910,0D0DB9,AMX698,33.100067,-116.507867,,,301,,1054,-49.5,302,3.1
2026-07-28T21:52:18.859910,AA38F8,N758NL,33.246826,-116.952209,,,138,,1200,-32.2,308,0.4
2026-07-28T21:52:18.859910,A6E140,VOI1863,33.419293,-116.743357,,,121,,,-49.5,82,14.7
2026-07-28T21:52:18.859910,AA3764,N7577N,33.17913,-117.703428,,,127,,4775,-49.5,93,0.0
2026-07-28T21:52:23.910390,ABC7E9,SWA3822,32.774734,-117.046307,,,105,,3736,-35.3,1992,53.4
2026-07-28T21:52:23.910390,0D094C,VIV146,33.189046,-117.038923,,,279,,7352,-49.5,1710,0.2
2026-07-28T21:52:23.910390,E80210,LPE2477,33.14808,-117.651131,,,138,,1056,-34.1,308,9.5
2026-07-28T21:52:23.910390,0D0DB9,AMX698,33.100067,-116.507867,,,301,,1054,-37.8,303,8.1
2026-07-28T21:52:23.910390,AA38F8,N758NL,33.246368,-116.95166,,,137,,1200,-36.0,323,3.9
2026-07-28T21:52:23.910390,A6E140,VOI1863,33.400393,-116.706531,,,121,,,-33.9,88,0.5
2026-07-28T21:52:23.910390,AA3764,N7577N,33.177292,-117.700543,,,127,,4775,-31.8,128,0.4
2026-07-28T21:52:28.962379,ABC7E9,SWA3822,32.774734,-117.046307,,,105,,3736,-35.3,1992,58.4
2026-07-28T21:52:28.962379,0D094C,VIV146,33.190396,-117.048228,,,279,,7352,-30.4,1768,0.8
2026-07-28T21:52:28.962379,E80210,LPE2477,33.14808,-117.651131,,,138,,1056,-34.1,308,14.5
2026-07-28T21:52:28.962379,0D0DB9,AMX698,33.100067,-116.507867,,,301,,1054,-49.5,306,13.2
2026-07-28T21:52:28.962379,AA38F8,N758NL,33.246368,-116.95166,,,137,,1200,-36.0,323,8.9
2026-07-28T21:52:28.962379,A6E140,VOI1863,33.39732,-116.700589,,,121,,,-35.0,100,2.5
2026-07-28T21:52:28.962379,AA3764,N7577N,33.175313,-117.697486,,,127,,4775,-49.5,162,0.6
2026-07-28T21:52:34.002485,0D094C,VIV146,33.192032,-117.059491,,,279,,7352,-28.6,1824,0.4
2026-07-28T21:52:34.002485,E80210,LPE2477,33.14808,-117.651131,,,136,,1056,-49.5,310,19.6
2026-07-28T21:52:34.002485,0D0DB9,AMX698,33.119636,-116.545715,,,302,,1054,-49.5,326,1.1
2026-07-28T21:52:34.002485,AA38F8,N758NL,33.246368,-116.95166,,,137,,1200,-49.5,326,14.0
2026-07-28T21:52:34.002485,A6E140,VOI1863,33.39732,-116.700589,,,121,,,-49.5,101,7.6
2026-07-28T21:52:34.002485,AA3764,N7577N,33.173078,-117.693955,,,127,,4775,-30.7,200,0.0
2026-07-28T21:52:39.096724,0D094C,VIV146,33.193421,-117.069247,,,279,,7352,-49.5,1874,0.7
2026-07-28T21:52:39.096724,E80210,LPE2477,33.110184,-117.609027,,,136,,1056,-33.8,328,0.7
2026-07-28T21:52:39.096724,0D0DB9,AMX698,33.126479,-116.558103,,,302,,1054,-49.5,330,0.4
2026-07-28T21:52:39.096724,AA38F8,N758NL,33.240784,-116.945453,,,137,,1200,-49.5,338,1.2
2026-07-28T21:52:39.096724,A6E140,VOI1863,33.39732,-116.700589,,,121,,,-49.5,101,12.7
2026-07-28T21:52:39.096724,AA3764,N7577N,33.171066,-117.69082,,,127,,4775,-31.0,236,0.0
2026-07-28T21:52:44.143378,0D094C,VIV146,33.195053,-117.080475,,,279,,7352,-31.6,1940,0.3
2026-07-28T21:52:44.143378,E80210,LPE2477,33.110184,-117.609027,,,136,,1056,-49.5,330,5.7
2026-07-28T21:52:44.143378,0D0DB9,AMX698,33.132391,-116.568136,,,305,,1054,-33.8,348,0.6
2026-07-28T21:52:44.143378,AA38F8,N758NL,33.239275,-116.943858,,,138,,1200,-49.5,349,1.6
2026-07-28T21:52:44.143378,A6E140,VOI1863,33.39732,-116.700589,,,121,,,-49.5,101,17.7
2026-07-28T21:52:44.143378,AA3764,N7577N,33.169261,-117.688069,,,127,,4775,-31.1,272,0.6
2026-07-28T21:52:49.196046,0D094C,VIV146,33.196564,-117.091132,,,279,,7352,-29.7,1996,0.2
2026-07-28T21:52:49.196046,E80210,LPE2477,33.110184,-117.609027,,,136,,1056,-49.5,330,10.8
2026-07-28T21:52:49.196046,0D0DB9,AMX698,33.139095,-116.578842,,,307,,1054,-49.5,394,0.5
2026-07-28T21:52:49.196046,AA38F8,N758NL,33.237167,-116.941663,,,139,,1200,-36.5,363,0.2
2026-07-28T21:52:49.196046,A6E140,VOI1863,33.39732,-116.700589,,,121,,,-49.5,101,22.8
2026-07-28T21:52:49.196046,AA3764,N7577N,33.167084,-117.684613,,,126,,4775,-49.5,305,0.2
2026-07-28T21:52:54.274888,0D094C,VIV146,33.197891,-117.100305,,,279,,7352,-49.5,2046,0.8
2026-07-28T21:52:54.274888,E80210,LPE2477,33.110184,-117.609027,,,136,,1056,-49.5,330,15.9
2026-07-28T21:52:54.274888,0D0DB9,AMX698,33.145659,-116.588708,,,308,,1054,-34.5,443,0.7
2026-07-28T21:52:54.274888,AA38F8,N758NL,33.237167,-116.941663,,,139,,1200,-36.5,363,5.3
2026-07-28T21:52:54.274888,A6E140,VOI1863,33.39732,-116.700589,,,121,,,-49.5,101,27.9
2026-07-28T21:52:54.274888,AA3764,N7577N,33.16507,-117.681482,,,127,,4775,-33.0,339,0.2
2026-07-28T21:52:59.354038,0D094C,VIV146,33.19924,-117.109942,,,279,,7352,-49.5,2081,1.0
2026-07-28T21:52:59.354038,E80210,LPE2477,33.110184,-117.609027,,,136,,1056,-49.5,330,20.9
2026-07-28T21:52:59.354038,0D0DB9,AMX698,33.145659,-116.588708,,,310,,1054,-49.5,450,5.7
2026-07-28T21:52:59.354038,AA38F8,N758NL,33.237167,-116.941663,,,139,,1200,-35.5,364,10.3
2026-07-28T21:52:59.354038,A6E140,VOI1863,33.39732,-116.700589,,,121,,,-49.5,101,32.9
2026-07-28T21:52:59.354038,AA3764,N7577N,33.16333,-117.67879,,,127,,4775,-49.5,365,0.8
2026-07-28T21:52:59.354038,AC36A9,,33.379303,-117.740094,,,138,,,-37.4,11,2.6
2026-07-28T21:53:04.416607,0D094C,VIV146,33.201056,-117.122273,,,279,,7352,-49.5,2137,0.0
2026-07-28T21:53:04.416607,E80210,LPE2477,33.071827,-117.56565,,,136,,1056,-34.5,339,1.7
2026-07-28T21:53:04.416607,0D0DB9,AMX698,33.155156,-116.602104,,,311,,1054,-49.5,458,4.0
2026-07-28T21:53:04.416607,AA38F8,N758NL,33.237167,-116.941663,,,139,,1200,-35.5,364,15.4
2026-07-28T21:53:04.416607,A6E140,VOI1863,33.39732,-116.700589,,,121,,,-49.5,101,38.0
2026-07-28T21:53:04.416607,AA3764,N7577N,33.161207,-117.675457,,,127,,4775,-33.5,396,0.5
2026-07-28T21:53:04.416607,AC36A9,,33.379303,-117.740094,,,138,,,-37.4,11,7.7
2026-07-28T21:53:09.491645,0D094C,VIV146,33.202499,-117.132363,,,279,,7352,-32.2,2171,0.0
2026-07-28T21:53:09.491645,E80210,LPE2477,33.062563,-117.555224,,,136,,1056,-33.5,352,1.1
2026-07-28T21:53:09.491645,0D0DB9,AMX698,33.168237,-116.61892,,,313,,1054,-49.5,494,0.2
2026-07-28T21:53:09.491645,AA38F8,N758NL,33.237167,-116.941663,,,139,,1200,-35.5,364,20.5
2026-07-28T21:53:09.491645,A6E140,VOI1863,33.39732,-116.700589,,,121,,,-49.5,102,43.1
2026-07-28T21:53:09.491645,AA3764,N7577N,33.15995,-117.673496,,,127,,4775,-36.2,415,2.4
2026-07-28T21:53:09.491645,AC36A9,,33.379303,-117.740094,,,138,,,-37.4,11,12.8
2026-07-28T21:53:14.536684,0D094C,VIV146,33.203934,-117.142328,,,279,,7352,-49.5,2210,0.3
2026-07-28T21:53:14.536684,E80210,LPE2477,33.052973,-117.544462,,,136,,1056,-49.5,358,0.1
2026-07-28T21:53:14.536684,0D0DB9,AMX698,33.176197,-116.628505,,,314,,1054,-49.5,546,0.0
2026-07-28T21:53:14.536684,AA38F8,N758NL,33.237167,-116.941663,,,139,,1200,-35.5,364,25.5
2026-07-28T21:53:14.536684,A6E140,VOI1863,33.34964,-116.607953,,,121,,7231,-49.5,117,0.4
2026-07-28T21:53:14.536684,AA3764,N7577N,33.15715,-117.669067,,,127,,4775,-49.5,425,0.3
2026-07-28T21:53:14.536684,AC36A9,,33.379303,-117.740094,,,138,,,-37.4,11,17.8
2026-07-28T21:53:19.617213,0D094C,VIV146,33.205444,-117.15293,,,279,,7352,-20.9,2243,0.0
2026-07-28T21:53:19.617213,E80210,LPE2477,33.044998,-117.535474,,,136,,1056,-49.5,370,0.1
2026-07-28T21:53:19.617213,0D0DB9,AMX698,33.183701,-116.637506,,,314,,1054,-49.5,593,0.2
2026-07-28T21:53:19.617213,AA38F8,N758NL,33.237167,-116.941663,,,139,,1200,-35.5,364,30.6
2026-07-28T21:53:19.617213,A6E140,VOI1863,33.344742,-116.598395,,,121,,7231,-32.5,132,0.6
2026-07-28T21:53:19.617213,AA3764,N7577N,33.156372,-117.667859,,,127,,4775,-35.0,428,3.4
2026-07-28T21:53:19.617213,AC36A9,,33.379303,-117.740094,,,138,,,-37.4,11,22.9
2026-07-28T21:53:24.680677,0D094C,VIV146,33.206863,-117.162543,,,279,,7352,-25.2,2328,0.2
2026-07-28T21:53:24.680677,E80210,LPE2477,33.041428,-117.531514,,,136,,1056,-34.6,379,3.1
2026-07-28T21:53:24.680677,0D0DB9,AMX698,33.191483,-116.646899,,,314,,1054,-35.0,608,0.2
2026-07-28T21:53:24.680677,AA38F8,N758NL,33.226706,-116.928275,,,135,,1200,-49.5,381,0.1
2026-07-28T21:53:24.680677,A6E140,VOI1863,33.341644,-116.592407,,,121,,7231,-34.4,144,2.6
2026-07-28T21:53:24.680677,AA3764,N7577N,33.156372,-117.667859,,,127,,4775,-35.0,428,8.5
2026-07-28T21:53:24.680677,AC36A9,,33.379303,-117.740094,,,138,,,-37.4,11,28.0
2026-07-28T21:53:29.758221,0D094C,VIV146,33.208225,-117.17216,,,279,,7352,-25.5,2376,0.5
2026-07-28T21:53:29.758221,E80210,LPE2477,33.028906,-117.517445,,,136,,1056,-49.5,386,0.2
2026-07-28T21:53:29.758221,0D0DB9,AMX698,33.199448,-116.656458,,,314,,1054,-29.3,651,0.0
2026-07-28T21:53:29.758221,AA38F8,N758NL,33.225217,-116.926425,,,135,,1200,-49.5,422,0.2
2026-07-28T21:53:29.758221,A6E140,VOI1863,33.341644,-116.592407,,,121,,7231,-34.4,144,7.7
2026-07-28T21:53:29.758221,AA3764,N7577N,33.156372,-117.667859,,,127,,4775,-35.0,428,13.6
2026-07-28T21:53:29.758221,AC36A9,,33.379303,-117.740094,,,138,,,-35.9,12,33.0
2026-07-28T21:53:34.798377,0D094C,VIV146,33.209335,-117.179791,,,279,,7352,-36.0,2399,1.7
2026-07-28T21:53:34.798377,E80210,LPE2477,33.02211,-117.509875,,,136,,1056,-33.6,412,1.1
2026-07-28T21:53:34.798377,0D0DB9,AMX698,33.202313,-116.659951,,,314,,1054,-49.5,677,3.2
2026-07-28T21:53:34.798377,AA38F8,N758NL,33.223634,-116.924688,,,138,,1200,-32.2,463,0.3
2026-07-28T21:53:34.798377,A6E140,VOI1863,33.341644,-116.592407,,,121,,7231,-34.4,144,12.7
2026-07-28T21:53:34.798377,AA3764,N7577N,33.156372,-117.667859,,,127,,4775,-35.0,428,18.7
2026-07-28T21:53:34.798377,AC36A9,SWA382,33.379303,-117.740094,,,137,,,-36.8,15,38.1
2026-07-28T21:53:34.798377,0D0A21,,33.051819,-116.441016,,,296,,,-34.3,11,0.2
2026-07-28T21:53:39.877599,0D094C,VIV146,33.211018,-117.191779,,,279,,7352,-49.5,2418,0.5
2026-07-28T21:53:39.877599,E80210,LPE2477,33.012726,-117.499384,,,136,,1056,-49.5,430,0.4
2026-07-28T21:53:39.877599,0D0DB9,AMX698,33.214137,-116.674132,,,314,,1054,-49.5,694,0.4
2026-07-28T21:53:39.877599,AA38F8,N758NL,33.221832,-116.922986,,,142,,1200,-33.7,511,0.0
2026-07-28T21:53:39.877599,A6E140,VOI1863,33.341644,-116.592407,,,121,,7231,-34.4,144,17.8
2026-07-28T21:53:39.877599,AA3764,N7577N,33.156372,-117.667859,,,127,,4775,-35.0,428,23.7
2026-07-28T21:53:39.877599,AC36A9,SWA382,33.321167,-117.678076,,,137,,,-34.9,20,4.8
2026-07-28T21:53:39.877599,0D0A21,,33.055394,-116.449977,,,295,,,-33.1,40,0.6
2026-07-28T21:53:44.941968,0D094C,VIV146,33.212461,-117.201588,,,279,,7352,-49.5,2430,0.8
2026-07-28T21:53:44.941968,E80210,LPE2477,33.004466,-117.490203,,,136,,1056,-49.5,454,0.4
2026-07-28T21:53:44.941968,0D0DB9,AMX698,33.222098,-116.683717,,,314,,1054,-49.5,753,0.5
2026-07-28T21:53:44.941968,AA38F8,N758NL,33.220236,-116.921493,,,141,,1200,-32.8,555,0.4
2026-07-28T21:53:44.941968,A6E140,VOI1863,33.318558,-116.547473,,,121,,7231,-37.2,147,0.0
2026-07-28T21:53:44.941968,AA3764,N7577N,33.156372,-117.667859,,,127,,4775,-35.0,428,28.8
2026-07-28T21:53:44.941968,AC36A9,SWA382,33.321167,-117.678076,,,137,,,-34.9,20,9.8
2026-07-28T21:53:44.941968,0D0A21,VOI710,33.058777,-116.458594,,,294,,,-36.0,59,2.6
2026-07-28T21:53:50.012109,0D094C,VIV146,33.214091,-117.212967,,,279,,7352,-34.3,2460,0.0
2026-07-28T21:53:50.012109,E80210,LPE2477,32.997809,-117.482748,,,136,,1056,-31.6,488,1.4
2026-07-28T21:53:50.012109,0D0DB9,AMX698,33.229872,-116.693078,,,314,,1054,-49.5,826,0.4
2026-07-28T21:53:50.012109,AA38F8,N758NL,33.218491,-116.9198,,,139,,1200,-49.5,601,0.4
2026-07-28T21:53:50.012109,A6E140,VOI1863,33.318558,-116.547473,,,121,,7231,-35.7,148,5.1
2026-07-28T21:53:50.012109,AA3764,N7577N,33.156372,-117.667859,,,127,,4775,-35.0,428,33.8
2026-07-28T21:53:50.012109,AC36A9,SWA382,33.321167,-117.678076,,,137,,,-34.9,20,14.9
2026-07-28T21:53:50.012109,0D0A21,VOI710,33.061295,-116.465405,,,293,,,-34.8,76,4.7
2026-07-28T21:53:55.059476,0D094C,VIV146,33.215195,-117.22088,,,279,,7352,-49.5,2482,1.1
2026-07-28T21:53:55.059476,E80210,LPE2477,32.987381,-117.471145,,,136,,1056,-33.0,515,0.0
2026-07-28T21:53:55.059476,0D0DB9,AMX698,33.237227,-116.701934,,,314,,1054,-49.5,882,0.6
2026-07-28T21:53:55.059476,AA38F8,N758NL,33.216934,-116.918097,,,137,,1200,-49.5,666,0.5
2026-07-28T21:53:55.059476,A6E140,VOI1863,33.309265,-116.52951,,,121,,7231,-36.1,151,1.0
2026-07-28T21:53:55.059476,AA3764,N7577N,33.156372,-117.667859,,,127,,4775,-35.0,428,38.9
2026-07-28T21:53:55.059476,AC36A9,SWA382,33.321167,-117.678076,,,137,,,-49.5,21,20.0
2026-07-28T21:53:55.059476,0D0A21,VOI710,33.061295,-116.465405,,,293,,,-34.8,76,9.7
2026-07-28T21:54:00.138834,0D094C,VIV146,33.215195,-117.22088,,,279,,7352,-34.1,2484,6.1
2026-07-28T21:54:00.138834,E80210,LPE2477,32.980352,-117.463354,,,136,,1056,-32.1,536,0.8
2026-07-28T21:54:00.138834,0D0DB9,AMX698,33.2403,-116.705578,,,314,,1054,-35.2,896,3.7
2026-07-28T21:54:00.138834,AA38F8,N758NL,33.215378,-116.916449,,,139,,1200,-25.0,712,0.4
2026-07-28T21:54:00.138834,A6E140,VOI1863,33.304402,-116.520099,,,121,,7231,-49.5,177,1.1
2026-07-28T21:54:00.138834,AA3764,N7577N,33.139526,-117.641766,,,127,,4775,-49.5,429,0.7
2026-07-28T21:54:00.138834,AC36A9,SWA382,33.321167,-117.678076,,,137,,,-49.5,25,25.0
2026-07-28T21:54:00.138834,0D0A21,VOI710,33.061295,-116.465405,,,293,,,-49.5,77,14.8
2026-07-28T21:54:05.193536,0D094C,VIV146,33.215195,-117.22088,,,279,,7352,-49.5,2490,11.2
2026-07-28T21:54:05.193536,E80210,LPE2477,32.972031,-117.454065,,,136,,1056,-32.7,548,0.8
2026-07-28T21:54:05.193536,0D0DB9,AMX698,33.2403,-116.705578,,,314,,1054,-36.7,899,8.8
2026-07-28T21:54:05.193536,AA38F8,N758NL,33.21373,-116.914746,,,138,,1200,-49.5,762,0.3
2026-07-28T21:54:05.193536,A6E140,VOI1863,33.298583,-116.508889,,,121,,7231,-49.5,202,0.4
2026-07-28T21:54:05.193536,AA3764,N7577N,33.138955,-117.640873,,,127,,4775,-49.5,434,4.3
2026-07-28T21:54:05.193536,AC36A9,SWA382,33.283035,-117.637372,,,137,,,-49.5,29,4.5
2026-07-28T21:54:05.193536,0D0A21,VOI710,33.061295,-116.465405,,,293,,,-49.5,78,19.9
2026-07-28T21:54:10.244550,0D094C,VIV146,33.21963,-117.252091,,,279,,7352,-33.7,2520,0.2
2026-07-28T21:54:10.244550,E80210,LPE2477,32.965347,-117.446649,,,136,,1056,-34.7,571,1.7
2026-07-28T21:54:10.244550,0D0DB9,AMX698,33.259781,-116.729022,,,314,,1054,-29.3,936,1.1
2026-07-28T21:54:10.244550,AA38F8,N758NL,33.212128,-116.913043,,,136,,1200,-49.5,818,0.2
2026-07-28T21:54:10.244550,A6E140,VOI1863,33.298583,-116.508889,,,121,,7231,-49.5,214,5.4
2026-07-28T21:54:10.244550,AA3764,N7577N,33.136322,-117.636768,,,127,,4775,-49.5,438,2.5
2026-07-28T21:54:10.244550,AC36A9,SWA382,33.283035,-117.637372,,,137,,,-49.5,29,9.5
2026-07-28T21:54:10.244550,0D0A21,VOI710,33.061295,-116.465405,,,293,,,-37.9,79,24.9
2026-07-28T21:54:15.321378,0D094C,VIV146,33.220184,-117.255817,,,279,,7352,-49.5,2541,3.3
2026-07-28T21:54:15.321378,E80210,LPE2477,32.956005,-117.436281,,,136,,1056,-49.5,597,1.0
2026-07-28T21:54:15.321378,0D0DB9,AMX698,33.268184,-116.739153,,,314,,1054,-49.5,989,0.6
2026-07-28T21:54:15.321378,AA38F8,N758NL,33.210646,-116.911347,,,135,,1200,-49.5,861,0.4
2026-07-28T21:54:15.321378,A6E140,VOI1863,33.288528,-116.48941,,,121,,7231,-32.6,228,0.4
2026-07-28T21:54:15.321378,AA3764,N7577N,33.133602,-117.632577,,,127,,4775,-34.6,448,0.5
2026-07-28T21:54:15.321378,AC36A9,SWA382,33.262527,-117.615564,,,138,,,-35.5,43,0.6
2026-07-28T21:54:15.321378,0D0A21,VOI710,33.085098,-116.529181,,,293,,,-49.5,82,1.9
2026-07-28T21:54:20.388688,0D094C,VIV146,33.222423,-117.271486,,,279,,7352,-28.7,2583,0.2
2026-07-28T21:54:20.388688,E80210,LPE2477,32.94635,-117.42561,,,136,,1056,-33.6,620,0.2
2026-07-28T21:54:20.388688,0D0DB9,AMX698,33.272933,-116.744871,,,314,,1054,-35.1,1011,2.6
2026-07-28T21:54:20.388688,AA38F8,N758NL,33.209061,-116.909528,,,137,,1200,-33.5,895,0.1
2026-07-28T21:54:20.388688,A6E140,VOI1863,33.283593,-116.479853,,,121,,7231,-49.5,258,0.5
2026-07-28T21:54:20.388688,AA3764,N7577N,33.132431,-117.63078,,,127,,4775,-35.0,460,2.5
2026-07-28T21:54:20.388688,AC36A9,SWA382,33.256439,-117.609082,,,138,,3222,-49.5,66,1.6
2026-07-28T21:54:20.388688,0D0A21,VOI710,33.085098,-116.529181,,,293,,,-35.9,84,7.0
2026-07-28T21:54:25.452688,0D094C,VIV146,33.222977,-117.275262,,,279,,7352,-34.4,2611,3.3
2026-07-28T21:54:25.452688,E80210,LPE2477,32.939026,-117.41748,,,137,,1056,-49.5,641,0.7
2026-07-28T21:54:25.452688,0D0DB9,AMX698,33.280151,-116.753522,,,314,,1054,-34.2,1024,3.0
2026-07-28T21:54:25.452688,AA38F8,N758NL,33.20748,-116.90776,,,136,,1200,-49.5,933,0.0
2026-07-28T21:54:25.452688,A6E140,VOI1863,33.278412,-116.46991,,,121,,7231,-36.4,283,0.3
2026-07-28T21:54:25.452688,AA3764,N7577N,33.129547,-117.626276,,,127,,4775,-49.5,470,0.0
2026-07-28T21:54:25.452688,AC36A9,SWA382,33.247467,-117.599524,,,138,,3222,-33.9,91,0.5
2026-07-28T21:54:25.452688,0D0A21,VOI710,33.085098,-116.529181,,,293,,,-49.5,86,12.0
2026-07-28T21:54:30.625804,0D094C,VIV146,33.225128,-117.290369,,,279,,7352,-49.5,2614,0.6
2026-07-28T21:54:30.625804,E80210,LPE2477,32.92975,-117.407245,,,137,,1056,-49.5,666,0.3
2026-07-28T21:54:30.625804,0D0DB9,AMX698,33.291926,-116.76774,,,314,,1054,-26.5,1064,0.5
2026-07-28T21:54:30.625804,AA38F8,N758NL,33.205948,-116.905957,,,134,,1200,-49.5,962,0.2
2026-07-28T21:54:30.625804,A6E140,VOI1863,33.276306,-116.465845,,,121,,7231,-49.5,289,3.5
2026-07-28T21:54:30.625804,AA3764,N7577N,33.129547,-117.626276,,,127,,4775,-49.5,474,5.2
2026-07-28T21:54:30.625804,AC36A9,SWA382,33.240189,-117.591779,,,138,,3222,-49.5,121,0.7
2026-07-28T21:54:30.625804,0D0A21,VOI710,33.098781,-116.565614,,,294,,,-35.6,99,1.0
2026-07-28T21:54:35.692631,0D094C,VIV146,33.225677,-117.294159,,,279,,7352,-49.5,2629,3.7
2026-07-28T21:54:35.692631,E80210,LPE2477,32.921324,-117.39794,,,137,,1056,-49.5,693,0.1
2026-07-28T21:54:35.692631,0D0DB9,AMX698,33.299886,-116.777325,,,314,,1054,-33.7,1111,0.4
2026-07-28T21:54:35.692631,AA38F8,N758NL,33.204641,-116.90434,,,134,,1200,-35.0,972,0.7
2026-07-28T21:54:35.692631,A6E140,VOI1863,33.276306,-116.465845,,,121,,7231,-49.5,289,8.5
2026-07-28T21:54:35.692631,AA3764,N7577N,33.129547,-117.626276,,,127,,4775,-49.5,477,10.3
2026-07-28T21:54:35.692631,AC36A9,SWA382,33.232432,-117.583643,,,138,,3222,-33.9,159,0.5
2026-07-28T21:54:35.692631,0D0A21,VOI710,33.10297,-116.576712,,,294,,,-49.5,113,1.2
2026-07-28T21:54:40.770874,0D094C,VIV146,33.227829,-117.309155,,,279,,7352,-49.5,2665,0.8
2026-07-28T21:54:40.770874,E80210,LPE2477,32.913574,-117.389355,,,136,,1056,-31.2,724,0.4
2026-07-28T21:54:40.770874,0D0DB9,AMX698,33.304504,-116.782855,,,314,,1054,-34.5,1152,2.4
2026-07-28T21:54:40.770874,AA38F8,N758NL,33.203104,-116.902379,,,132,,1200,-35.0,995,0.4
2026-07-28T21:54:40.770874,A6E140,VOI1863,33.276306,-116.465845,,,121,,7231,-49.5,289,13.6
2026-07-28T21:54:40.770874,AA3764,N7577N,33.129547,-117.626276,,,127,,4775,-49.5,477,15.3
2026-07-28T21:54:40.770874,AC36A9,SWA382,33.228195,-117.579199,,,138,,3222,-34.1,176,2.6
2026-07-28T21:54:40.770874,0D0A21,VOI710,33.107626,-116.5891,,,293,,,-31.3,140,0.6
2026-07-28T21:54:45.837298,0D094C,VIV146,33.227829,-117.309155,,,279,,7352,-49.5,2665,5.9
2026-07-28T21:54:45.837298,E80210,LPE2477,32.905655,-117.380621,,,136,,1056,-30.9,743,0.5
2026-07-28T21:54:45.837298,0D0DB9,AMX698,33.315857,-116.796533,,,314,,1054,-49.5,1162,0.0
2026-07-28T21:54:45.837298,AA38F8,N758NL,33.201801,-116.900529,,,128,,1200,-49.5,1042,0.7
2026-07-28T21:54:45.837298,A6E140,VOI1863,33.276306,-116.465845,,,121,,7231,-49.5,289,18.7
2026-07-28T21:54:45.837298,AA3764,N7577N,33.129547,-117.626276,,,127,,4775,-49.5,477,20.4
2026-07-28T21:54:45.837298,AC36A9,SWA382,33.219727,-117.570355,,,138,,3222,-36.6,183,1.9
2026-07-28T21:54:45.837298,0D0A21,VOI710,33.111832,-116.600482,,,293,,7204,-32.6,176,0.6
2026-07-28T21:54:50.911791,0D094C,VIV146,33.227829,-117.309155,,,279,,7352,-49.5,2666,11.0
2026-07-28T21:54:50.911791,E80210,LPE2477,32.897908,-117.372044,,,137,,1056,-49.5,754,0.5
2026-07-28T21:54:50.911791,0D0DB9,AMX698,33.320297,-116.801917,,,314,,1054,-49.5,1206,2.2
2026-07-28T21:54:50.911791,AA38F8,N758NL,33.200546,-116.898651,,,128,,1200,-34.8,1067,0.7
2026-07-28T21:54:50.911791,A6E140,VOI1863,33.276306,-116.465845,,,121,,7231,-49.5,289,23.7
2026-07-28T21:54:50.911791,AA3764,N7577N,33.121638,-117.613631,,,127,,4775,-36.9,479,4.1
2026-07-28T21:54:50.911791,AC36A9,SWA382,33.219727,-117.570355,,,138,,3222,-36.6,183,6.9
2026-07-28T21:54:50.911791,0D0A21,VOI710,33.115219,-116.609601,,,293,,7204,-49.5,197,1.6
2026-07-28T21:54:55.953963,0D094C,VIV146,33.231125,-117.332172,,,279,,7352,-36.3,2679,3.5
2026-07-28T21:54:55.953963,E80210,LPE2477,32.889359,-117.362604,,,137,,1056,-27.7,788,0.5
2026-07-28T21:54:55.953963,0D0DB9,AMX698,33.329633,-116.813199,,,314,,1054,-36.6,1219,1.2
2026-07-28T21:54:55.953963,AA38F8,N758NL,33.19899,-116.896454,,,131,,1200,-49.5,1101,0.5
2026-07-28T21:54:55.953963,A6E140,VOI1863,33.276306,-116.465845,,,121,,7231,-49.5,289,28.8
2026-07-28T21:54:55.953963,AA3764,N7577N,33.121638,-117.613631,,,127,,4775,-36.9,479,9.2
2026-07-28T21:54:55.953963,AC36A9,SWA382,33.219727,-117.570355,,,138,,3222,-36.6,183,12.0
2026-07-28T21:54:55.953963,0D0A21,VOI710,33.115219,-116.609601,,,293,,7204,-49.5,197,6.6
2026-07-28T21:55:01.019738,0D094C,VIV146,33.231125,-117.332172,,,280,,7352,-49.5,2685,8.6
2026-07-28T21:55:01.019738,E80210,LPE2477,32.881149,-117.353547,,,137,,1056,-30.1,840,0.5
2026-07-28T21:55:01.019738,0D0DB9,AMX698,33.338379,-116.823724,,,314,,1054,-49.5,1245,0.5
2026-07-28T21:55:01.019738,AA38F8,N758NL,33.197425,-116.894531,,,133,,1200,-49.5,1105,0.3
2026-07-28T21:55:01.019738,A6E140,VOI1863,33.276306,-116.465845,,,121,,7231,-49.5,289,33.9
2026-07-28T21:55:01.019738,AA3764,N7577N,33.121638,-117.613631,,,127,,4775,-36.9,479,14.3
2026-07-28T21:55:01.019738,AC36A9,SWA382,33.219727,-117.570355,,,138,,3222,-36.6,183,17.0
2026-07-28T21:55:01.019738,0D0A21,VOI710,33.115219,-116.609601,,,293,,7204,-49.5,197,11.7
2026-07-28T21:55:06.086673,0D094C,VIV146,33.235107,-117.358044,,,280,,7352,-49.5,2705,0.0
2026-07-28T21:55:06.086673,E80210,LPE2477,32.87263,-117.34413,,,137,,1056,-49.5,893,0.3
2026-07-28T21:55:06.086673,0D0DB9,AMX698,33.346344,-116.833337,,,314,,1054,-32.1,1307,0.5
2026-07-28T21:55:06.086673,AA38F8,N758NL,33.196168,-116.892794,,,128,,1200,-49.5,1146,0.8
2026-07-28T21:55:06.086673,A6E140,VOI1863,33.276306,-116.465845,,,121,,7231,-49.5,289,38.9
2026-07-28T21:55:06.086673,AA3764,N7577N,33.121638,-117.613631,,,127,,4775,-36.9,479,19.3
2026-07-28T21:55:06.086673,AC36A9,SWA382,33.189011,-117.53822,,,138,,3222,-49.5,206,0.8
2026-07-28T21:55:06.086673,0D0A21,VOI710,33.115219,-116.609601,,,293,,7204,-49.5,197,16.8
2026-07-28T21:55:11.186650,0D094C,VIV146,33.235412,-117.359937,,,280,,7352,-36.2,2711,4.0
2026-07-28T21:55:11.186650,E80210,LPE2477,32.864731,-117.335413,,,137,,1056,-49.5,950,0.5
2026-07-28T21:55:11.186650,0D0DB9,AMX698,33.354166,-116.842795,,,314,,1054,-28.3,1359,0.4
2026-07-28T21:55:11.186650,AA38F8,N758NL,33.195282,-116.8914,,,126,,1200,-49.5,1170,2.3
2026-07-28T21:55:11.186650,A6E140,VOI1863,33.276306,-116.465845,,,121,,7231,-49.5,289,44.0
2026-07-28T21:55:11.186650,AA3764,N7577N,33.121638,-117.613631,,,127,,4775,-36.9,479,24.4
2026-07-28T21:55:11.186650,AC36A9,SWA382,33.183289,-117.532178,,,138,,3222,-49.5,246,1.8
2026-07-28T21:55:11.186650,0D0A21,VOI710,33.130297,-116.656363,,,287,,7204,-35.1,207,1.0
2026-07-28T21:55:16.241963,0D094C,VIV146,33.235412,-117.359937,,,280,,7352,-36.2,2711,9.0
2026-07-28T21:55:16.241963,E80210,LPE2477,32.856995,-117.326898,,,137,,1056,-29.7,996,0.8
2026-07-28T21:55:16.241963,0D0DB9,AMX698,33.362127,-116.852436,,,314,,1054,-49.5,1417,0.3
2026-07-28T21:55:16.241963,AA38F8,N758NL,33.195282,-116.8914,,,126,,1200,-36.9,1171,7.3
2026-07-28T21:55:16.241963,A6E140,VOI1863,33.276306,-116.465845,,,121,,7231,-49.5,290,49.1
2026-07-28T21:55:16.241963,AA3764,N7577N,33.121638,-117.613631,,,127,,4775,-36.9,479,29.5
2026-07-28T21:55:16.241963,AC36A9,SWA382,33.174801,-117.523274,,,138,,3222,-49.5,306,1.0
2026-07-28T21:55:16.241963,0D0A21,VOI710,33.130297,-116.656363,,,287,,7204,-35.1,207,6.0
2026-07-28T21:55:21.301573,0D094C,VIV146,33.235412,-117.359937,,,280,,7352,-36.2,2711,14.1
2026-07-28T21:55:21.301573,E80210,LPE2477,32.847839,-117.316846,,,136,,1056,-49.5,1054,0.1
2026-07-28T21:55:21.301573,0D0DB9,AMX698,33.363663,-116.854285,,,314,,1054,-49.5,1434,4.3
2026-07-28T21:55:21.301573,AA38F8,N758NL,33.195282,-116.8914,,,126,,1200,-36.9,1171,12.4
2026-07-28T21:55:21.301573,A6E140,VOI1863,33.276306,-116.465845,,,121,,7231,-49.5,290,54.1
2026-07-28T21:55:21.301573,AA3764,N7577N,33.121638,-117.613631,,,127,,4775,-36.9,479,34.5
2026-07-28T21:55:21.301573,AC36A9,SWA382,33.166443,-117.51449,,,138,,3222,-49.5,361,0.2
2026-07-28T21:55:21.301573,0D0A21,VOI710,33.130297,-116.656363,,,287,,7204,-35.1,207,11.1
2026-07-28T21:55:26.382692,0D094C,VIV146,33.240998,-117.395138,,,280,,7352,-49.5,2717,0.0
2026-07-28T21:55:26.382692,E80210,LPE2477,32.839508,-117.307617,,,137,,1056,-27.3,1107,0.0
2026-07-28T21:55:26.382692,0D0DB9,AMX698,33.378048,-116.871718,,,314,,1054,-33.9,1471,0.0
2026-07-28T21:55:26.382692,AA38F8,N758NL,33.195282,-116.8914,,,126,,1200,-36.9,1171,17.5
2026-07-28T21:55:26.382692,A6E140,VOI1863,33.276306,-116.465845,,,121,,7231,-49.5,290,59.2
2026-07-28T21:55:26.382692,AA3764,N7577N,33.121638,-117.613631,,,127,,4775,-36.9,479,39.6
2026-07-28T21:55:26.382692,AC36A9,SWA382,33.16008,-117.507788,,,138,,3222,-49.5,410,0.7
2026-07-28T21:55:26.382692,0D0A21,VOI710,33.130297,-116.656363,,,287,,7204,-35.1,207,16.2
2026-07-28T21:55:31.452184,0D094C,VIV146,33.242432,-117.404187,,,280,,7352,-49.5,2742,0.1
2026-07-28T21:55:31.452184,E80210,LPE2477,32.831543,-117.298828,,,137,,1056,-49.5,1166,0.2
2026-07-28T21:55:31.452184,0D0DB9,AMX698,33.385217,-116.880406,,,314,,1054,-49.5,1506,0.4
2026-07-28T21:55:31.452184,AA38F8,N758NL,33.195282,-116.8914,,,126,,1200,-36.9,1171,22.5
2026-07-28T21:55:31.452184,A6E140,VOI1863,33.276306,-116.465845,,,121,,7231,-49.5,290,64.3
2026-07-28T21:55:31.452184,AA3764,N7577N,33.121638,-117.613631,,,127,,4775,-36.9,479,44.7
2026-07-28T21:55:31.452184,AC36A9,SWA382,33.157013,-117.504547,,,138,,3222,-49.5,445,3.5
2026-07-28T21:55:31.452184,0D0A21,VOI710,33.130297,-116.656363,,,280,,7204,-33.0,212,21.2
2026-07-28T21:55:36.520881,0D094C,VIV146,33.243558,-117.411225,,,280,,7352,-49.5,2781,1.4
2026-07-28T21:55:36.520881,E80210,LPE2477,32.82389,-117.290375,,,137,,1056,-24.5,1227,0.3
2026-07-28T21:55:36.520881,0D0DB9,AMX698,33.385217,-116.880406,,,314,,1054,-49.5,1514,5.5
2026-07-28T21:55:36.520881,AA38F8,N758NL,33.195282,-116.8914,,,126,,1200,-36.9,1171,27.6
2026-07-28T21:55:36.520881,A6E140,VOI1863,33.276306,-116.465845,,,121,,7231,-49.5,290,69.4
2026-07-28T21:55:36.520881,AA3764,N7577N,33.121638,-117.613631,,,127,,4775,-36.9,479,49.8
2026-07-28T21:55:36.520881,AC36A9,SWA382,33.145612,-117.492501,,,138,,3222,-31.0,475,0.5
2026-07-28T21:55:36.520881,0D0A21,VOI710,33.14122,-116.713641,,,279,,7204,-34.3,235,1.6
2026-07-28T21:55:41.594999,0D094C,VIV146,33.244396,-117.416494,,,280,,7352,-35.2,2788,3.5
2026-07-28T21:55:41.594999,E80210,LPE2477,32.81781,-117.283722,,,136,,1056,-30.1,1252,1.6
2026-07-28T21:55:41.594999,0D0DB9,AMX698,33.398856,-116.896942,,,314,,1054,-28.7,1568,1.6
2026-07-28T21:55:41.594999,AA38F8,N758NL,33.195282,-116.8914,,,126,,1200,-36.9,1171,32.7
2026-07-28T21:55:41.594999,A6E140,VOI1863,33.276306,-116.465845,,,121,,7231,-49.5,290,74.4
2026-07-28T21:55:41.594999,AA3764,N7577N,33.121638,-117.613631,,,127,,4775,-36.9,479,54.8
2026-07-28T21:55:41.594999,AC36A9,SWA382,33.138397,-117.485383,,,141,,3222,-28.0,516,0.6
2026-07-28T21:55:41.594999,0D0A21,VOI710,33.143331,-116.727887,,,279,,7204,-29.6,267,0.5
2026-07-28T21:55:46.672389,0D094C,VIV146,33.246643,-117.430994,,,280,,7352,-35.5,2791,0.6
2026-07-28T21:55:46.672389,E80210,LPE2477,32.81131,-117.276526,,,137,,1056,-31.1,1272,2.6
2026-07-28T21:55:46.672389,0D0DB9,AMX698,33.408783,-116.908978,,,314,,1054,-30.7,1624,0.1
2026-07-28T21:55:46.672389,AA38F8,N758NL,33.195282,-116.8914,,,126,,1200,-36.9,1171,37.8
2026-07-28T21:55:46.672389,A6E140,VOI1863,33.276306,-116.465845,,,121,,7231,-49.5,290,79.5
2026-07-28T21:55:46.672389,AA3764,N7577N,33.121638,-117.613631,,,127,,4775,-36.9,479,59.9
2026-07-28T21:55:46.672389,AC36A9,SWA382,33.130948,-117.4786,,,143,,3222,-49.5,577,0.7
2026-07-28T21:55:46.672389,0D0A21,VOI710,33.144402,-116.735005,,,280,,7204,-49.5,285,2.5
2026-07-28T21:55:51.713362,0D094C,VIV146,33.247467,-117.436322,,,280,,7352,-49.5,2817,2.8
2026-07-28T21:55:51.713362,E80210,LPE2477,32.800334,-117.264479,,,137,,1056,-49.5,1294,0.7
2026-07-28T21:55:51.713362,0D0DB9,AMX698,33.415522,-116.917177,,,314,,1054,-49.5,1673,0.9
2026-07-28T21:55:51.713362,AA38F8,N758NL,33.195282,-116.8914,,,126,,1200,-36.9,1171,42.8
2026-07-28T21:55:51.713362,A6E140,VOI1863,33.276306,-116.465845,,,121,,7231,-49.5,290,84.6
2026-07-28T21:55:51.713362,AC36A9,SWA382,33.123276,-117.472192,,,145,,3222,-31.5,631,0.7
2026-07-28T21:55:51.713362,0D0A21,VOI710,33.144402,-116.735005,,,280,,7204,-49.5,285,7.6
2026-07-28T21:55:56.791972,0D094C,VIV146,33.248383,-117.44198,,,280,,7352,-49.5,2826,4.7
2026-07-28T21:55:56.791972,E80210,LPE2477,32.792542,-117.255927,,,137,,1056,-49.5,1309,0.9
2026-07-28T21:55:56.791972,0D0DB9,AMX698,33.423157,-116.926481,,,314,,1054,-29.9,1700,0.9
2026-07-28T21:55:56.791972,AA38F8,N758NL,33.195282,-116.8914,,,126,,1200,-36.9,1171,47.9
2026-07-28T21:55:56.791972,A6E140,VOI1863,33.276306,-116.465845,,,121,,7231,-49.5,290,89.6
2026-07-28T21:55:56.791972,AC36A9,SWA382,33.115074,-117.465428,,,144,,3222,-49.5,669,0.4
2026-07-28T21:55:56.791972,0D0A21,VOI710,33.148499,-116.762303,,,280,,7204,-33.0,300,0.8
2026-07-28T21:56:01.857255,0D094C,VIV146,33.248383,-117.44198,,,280,,7352,-35.2,2836,9.8
2026-07-28T21:56:01.857255,E80210,LPE2477,32.783808,-117.246318,,,137,,1056,-28.0,1320,0.5
2026-07-28T21:56:01.857255,0D0DB9,AMX698,33.429115,-116.933712,,,314,,1054,-49.5,1721,2.1
2026-07-28T21:56:01.857255,AA38F8,N758NL,33.195282,-116.8914,,,126,,1200,-36.9,1171,53.0
2026-07-28T21:56:01.857255,A6E140,VOI1863,33.276306,-116.465845,,,121,,7231,-49.5,290,94.7
2026-07-28T21:56:01.857255,AC36A9,SWA382,33.107208,-117.458459,,,142,,3222,-49.5,734,0.1
2026-07-28T21:56:01.857255,0D0A21,VOI710,33.150421,-116.775494,,,280,,7204,-31.6,320,0.1
2026-07-28T21:56:01.857255,AA3764,,33.092239,-117.571179,,,135,,,-49.5,6,1.6
2026-07-28T21:56:06.935565,0D094C,VIV146,33.252543,-117.468959,,,280,,7352,-32.3,2867,0.2
2026-07-28T21:56:06.935565,E80210,LPE2477,32.775708,-117.237406,,,137,,1056,-49.5,1365,0.4
2026-07-28T21:56:06.935565,0D0DB9,AMX698,33.429115,-116.933712,,,314,,1054,-49.5,1721,7.2
2026-07-28T21:56:06.935565,AA38F8,N758NL,33.195282,-116.8914,,,126,,1200,-36.9,1171,58.0
2026-07-28T21:56:06.935565,A6E140,VOI1863,33.276306,-116.465845,,,121,,7231,-49.5,290,99.8
2026-07-28T21:56:06.935565,AC36A9,SWA382,33.10027,-117.451863,,,140,,3222,-31.7,795,0.3
2026-07-28T21:56:06.935565,0D0A21,VOI710,33.152176,-116.787302,,,279,,7204,-28.9,351,0.0
2026-07-28T21:56:06.935565,AA3764,N7577N,33.089355,-117.567828,,,135,,4775,-49.5,17,0.3
2026-07-28T21:56:12.013688,0D094C,VIV146,33.253967,-117.478015,,,280,,7352,-32.9,2919,0.3
2026-07-28T21:56:12.013688,E80210,LPE2477,32.767731,-117.228735,,,137,,1056,-29.0,1399,0.5
2026-07-28T21:56:12.013688,0D0DB9,AMX698,33.44769,-116.956133,,,314,,1054,-49.5,1733,0.2
2026-07-28T21:56:12.013688,AA38F8,N758NL,33.195282,-116.8914,,,126,,1200,-36.9,1171,63.1
2026-07-28T21:56:12.013688,A6E140,VOI1863,33.276306,-116.465845,,,121,,7231,-49.5,290,104.8
2026-07-28T21:56:12.013688,AC36A9,SWA382,33.092776,-117.44424,,,138,,3222,-33.5,871,0.0
2026-07-28T21:56:12.013688,0D0A21,VOI710,33.1532,-116.794085,,,280,,7204,-49.5,377,2.1
2026-07-28T21:56:12.013688,AA3764,N7577N,33.087341,-117.565521,,,136,,4775,-49.5,29,1.0
2026-07-28T21:56:17.090948,0D094C,VIV146,33.255429,-117.487401,,,280,,7352,-49.5,2973,0.2
2026-07-28T21:56:17.090948,E80210,LPE2477,32.759811,-117.220001,,,137,,1056,-30.5,1444,0.6
2026-07-28T21:56:17.090948,0D0DB9,AMX698,33.449066,-116.957812,,,314,,1054,-49.5,1737,4.4
2026-07-28T21:56:17.090948,AC36A9,SWA382,33.08606,-117.436981,,,137,,3222,-49.5,918,0.0
2026-07-28T21:56:17.090948,0D0A21,VOI710,33.155502,-116.809607,,,279,,7204,-34.7,403,0.4
2026-07-28T21:56:17.090948,AA3764,N7577N,33.087341,-117.565521,,,136,,4775,-35.7,32,6.1
2026-07-28T21:56:22.173485,0D094C,VIV146,33.255429,-117.487401,,,280,,7352,-36.3,2975,5.3
2026-07-28T21:56:22.173485,E80210,LPE2477,32.751755,-117.211157,,,137,,1056,-49.5,1474,0.6
2026-07-28T21:56:22.173485,0D0DB9,AMX698,33.463192,-116.974855,,,314,,1054,-34.9,1763,0.2
2026-07-28T21:56:22.173485,AC36A9,SWA382,33.080579,-117.430787,,,135,,3222,-49.5,949,0.9
2026-07-28T21:56:22.173485,0D0A21,VOI710,33.156876,-116.81911,,,279,,7204,-49.5,417,1.3
2026-07-28T21:56:22.173485,AA3764,N7577N,33.087341,-117.565521,,,136,,4775,-35.7,32,11.1
2026-07-28T21:56:27.247344,0D094C,VIV146,33.258316,-117.50592,,,280,,7352,-31.8,2992,0.2
2026-07-28T21:56:27.247344,E80210,LPE2477,32.742966,-117.201489,,,137,,1056,-49.5,1510,0.0
2026-07-28T21:56:27.247344,0D0DB9,AMX698,33.464728,-116.976705,,,314,,1054,-35.4,1767,4.2
2026-07-28T21:56:27.247344,AC36A9,SWA382,33.07327,-117.421987,,,134,,3222,-29.5,999,0.1
2026-07-28T21:56:27.247344,0D0A21,VOI710,33.15889,-116.833008,,,279,,7204,-49.5,441,0.1
2026-07-28T21:56:27.247344,AA3764,N7577N,33.087341,-117.565521,,,136,,4775,-35.7,32,16.2
2026-07-28T21:56:32.321895,0D094C,VIV146,33.259572,-117.512905,,,283,,7352,-49.5,3010,1.4
2026-07-28T21:56:32.321895,E80210,LPE2477,32.735733,-117.193524,,,137,,1056,-30.3,1544,0.6
2026-07-28T21:56:32.321895,0D0DB9,AMX698,33.464728,-116.976705,,,314,,1054,-34.1,1768,9.3
2026-07-28T21:56:32.321895,AC36A9,SWA382,33.068024,-117.415613,,,134,,3222,-49.5,1033,1.0
2026-07-28T21:56:32.321895,0D0A21,VOI710,33.160509,-116.843972,,,279,,7204,-34.4,451,0.4
2026-07-28T21:56:32.321895,AA3764,N7577N,33.087341,-117.565521,,,136,,4775,-35.7,32,21.3
2026-07-28T21:56:37.370983,0D094C,VIV146,33.26239,-117.523169,,,287,,7352,-36.9,3023,0.7
2026-07-28T21:56:37.370983,E80210,LPE2477,32.729482,-117.186678,,,137,,1056,-30.7,1572,1.7
2026-07-28T21:56:37.370983,0D0DB9,AMX698,33.482986,-116.998792,,,314,,1054,-33.7,1792,2.5
2026-07-28T21:56:37.370983,AC36A9,SWA382,33.060883,-117.406989,,,134,,3222,-33.5,1048,0.3
2026-07-28T21:56:37.370983,0D0A21,VOI710,33.16214,-116.8552,,,279,,7204,-49.5,477,0.5
2026-07-28T21:56:37.370983,AA3764,N7577N,33.087341,-117.565521,,,136,,4775,-49.5,33,26.4
2026-07-28T21:56:42.449551,0D094C,VIV146,33.265045,-117.53031,,,295,,7352,-34.0,3036,1.6
2026-07-28T21:56:42.449551,E80210,LPE2477,32.720125,-117.176364,,,137,,1056,-35.0,1576,0.7
2026-07-28T21:56:42.449551,0D0DB9,AMX698,33.482986,-116.998792,,,314,,1054,-37.2,1795,7.6
2026-07-28T21:56:42.449551,AC36A9,SWA382,33.054932,-117.399738,,,134,,3222,-33.0,1111,0.5
2026-07-28T21:56:42.449551,0D0A21,VOI710,33.163768,-116.866617,,,279,,7204,-49.5,506,0.4
2026-07-28T21:56:42.449551,AA3764,N7577N,33.087341,-117.565521,,,136,,4775,-49.5,33,31.4
2026-07-28T21:56:47.528307,0D094C,VIV146,33.267242,-117.534979,,,298,,7352,-49.5,3046,3.6
2026-07-28T21:56:47.528307,E80210,LPE2477,32.71249,-117.168012,,,137,,1056,-49.5,1589,0.9
2026-07-28T21:56:47.528307,0D0DB9,AMX698,33.482986,-116.998792,,,314,,1054,-36.9,1799,12.6
2026-07-28T21:56:47.528307,AC36A9,SWA382,33.048225,-117.391607,,,134,,3222,-34.8,1139,0.2
2026-07-28T21:56:47.528307,0D0A21,VOI710,33.165304,-116.877267,,,279,,7204,-49.5,525,0.8
2026-07-28T21:56:47.528307,AA3764,N7577N,33.087341,-117.565521,,,136,,4775,-49.5,34,36.5
2026-07-28T21:56:52.594340,0D094C,VIV146,33.267242,-117.534979,,,305,,7352,-36.7,3047,8.9
2026-07-28T21:56:52.594340,E80210,LPE2477,32.71249,-117.168012,,,137,,1056,-49.5,1594,6.1
2026-07-28T21:56:52.594340,0D0DB9,AMX698,33.482986,-116.998792,,,314,,1054,-36.9,1799,17.9
2026-07-28T21:56:52.594340,AC36A9,SWA382,33.042592,-117.384768,,,134,,3222,-34.0,1199,1.0
2026-07-28T21:56:52.594340,0D0A21,VOI710,33.16658,-116.885577,,,279,,7204,-32.6,552,2.2
2026-07-28T21:56:52.594340,AA3764,N7577N,33.087341,-117.565521,,,136,,4775,-49.5,34,41.7
2026-07-28T21:56:57.841677,0D094C,VIV146,33.277908,-117.551184,,,311,,7352,-34.8,3056,2.8
2026-07-28T21:56:57.841677,E80210,LPE2477,32.696616,-117.150524,,,136,,1056,-49.5,1625,0.9
2026-07-28T21:56:57.841677,0D0DB9,AMX698,33.482986,-116.998792,,,314,,1054,-49.5,1802,22.9
2026-07-28T21:56:57.841677,AC36A9,SWA382,33.036168,-117.376865,,,134,,3222,-32.9,1244,1.0
2026-07-28T21:56:57.841677,0D0A21,VOI710,33.168283,-116.897222,,,279,,7204,-49.5,570,2.0
2026-07-28T21:56:57.841677,AA3764,N7577N,33.087341,-117.565521,,,136,,4775,-49.5,34,46.8
2026-07-28T21:57:02.900913,0D094C,VIV146,33.283035,-117.557859,,,312,,7352,-35.8,3067,2.9
2026-07-28T21:57:02.900913,E80210,LPE2477,32.69494,-117.148674,,,136,,1056,-49.5,1630,4.8
2026-07-28T21:57:02.900913,0D0DB9,AMX698,33.525101,-117.049768,,,314,,1054,-49.5,1821,0.7
2026-07-28T21:57:02.900913,AC36A9,SWA382,33.028627,-117.367672,,,134,,3222,-49.5,1281,0.0
2026-07-28T21:57:02.900913,0D0A21,VOI710,33.170471,-116.912439,,,279,,7204,-49.5,581,0.2
2026-07-28T21:57:02.900913,AA3764,N7577N,33.087341,-117.565521,,,136,,4775,-49.5,34,51.9
2026-07-28T21:57:07.952942,0D094C,VIV146,33.287384,-117.563489,,,312,,7352,-49.5,3082,3.8
2026-07-28T21:57:07.952942,E80210,LPE2477,32.680389,-117.13222,,,135,,1056,-31.3,1652,0.3
2026-07-28T21:57:07.952942,0D0DB9,AMX698,33.525101,-117.049768,,,314,,1054,-35.5,1824,5.8
2026-07-28T21:57:07.952942,AC36A9,SWA382,33.023087,-117.360946,,,134,,3222,-33.9,1348,0.6
2026-07-28T21:57:07.952942,0D0A21,VOI710,33.172073,-116.92326,,,279,,7204,-49.5,609,0.3
2026-07-28T21:57:07.952942,AA3764,N7577N,33.087341,-117.565521,,,136,,4775,-49.5,34,56.9
2026-07-28T21:57:13.004585,0D094C,VIV146,33.287384,-117.563489,,,312,,7352,-49.5,3086,8.8
2026-07-28T21:57:13.004585,E80210,LPE2477,32.676361,-117.127551,,,135,,1056,-33.4,1668,2.7
2026-07-28T21:57:13.004585,0D0DB9,AMX698,33.525101,-117.049768,,,314,,1054,-49.5,1825,10.8
2026-07-28T21:57:13.004585,AC36A9,SWA382,33.018677,-117.355573,,,134,,3222,-31.0,1372,2.1
2026-07-28T21:57:13.004585,0D0A21,VOI710,33.173676,-116.934467,,,279,,7204,-49.5,657,0.3
2026-07-28T21:57:13.004585,AA3764,N7577N,33.087341,-117.565521,,,136,,4775,-49.5,34,61.9
2026-07-28T21:57:18.045671,0D094C,VIV146,33.299747,-117.579383,,,312,,7352,-49.5,3093,2.1
2026-07-28T21:57:18.045671,E80210,LPE2477,32.665146,-117.114258,,,134,,1056,-49.5,1681,0.1
2026-07-28T21:57:18.045671,0D0DB9,AMX698,33.525101,-117.049768,,,314,,1054,-49.5,1825,15.9
2026-07-28T21:57:18.045671,AC36A9,SWA382,33.010254,-117.3453,,,134,,3222,-49.5,1397,0.2
2026-07-28T21:57:18.045671,0D0A21,VOI710,33.173996,-116.936609,,,279,,7204,-35.3,675,4.4
2026-07-28T21:57:18.045671,AA3764,N7577N,33.087341,-117.565521,,,136,,4775,-49.5,34,67.0
2026-07-28T21:57:23.118221,0D094C,VIV146,33.299747,-117.579383,,,312,,7352,-49.5,3094,7.2
2026-07-28T21:57:23.118221,E80210,LPE2477,32.658325,-117.105963,,,134,,1056,-49.5,1726,0.3
2026-07-28T21:57:23.118221,0D0DB9,AMX698,33.525101,-117.049768,,,314,,1054,-49.5,1825,21.0
2026-07-28T21:57:23.118221,AC36A9,SWA382,33.004652,-117.338469,,,134,,3222,-31.5,1432,0.5
2026-07-28T21:57:23.118221,0D0A21,VOI710,33.176197,-116.951873,,,279,,7204,-49.5,690,2.5
2026-07-28T21:57:23.118221,AA3764,N7577N,33.087341,-117.565521,,,136,,4775,-49.5,34,72.1
2026-07-28T21:57:28.185234,0D094C,VIV146,33.299747,-117.579383,,,312,,7352,-38.2,3095,12.2
2026-07-28T21:57:28.185234,E80210,LPE2477,32.650818,-117.096625,,,133,,1056,-49.5,1790,0.3
2026-07-28T21:57:28.185234,0D0DB9,AMX698,33.525101,-117.049768,,,314,,1054,-49.5,1825,26.0
2026-07-28T21:57:28.185234,AC36A9,SWA382,33.00023,-117.333088,,,134,,3222,-33.4,1455,1.6
2026-07-28T21:57:28.185234,0D0A21,VOI710,33.178385,-116.966951,,,279,,7204,-28.4,712,0.6
2026-07-28T21:57:28.185234,AA3764,N7577N,33.087341,-117.565521,,,136,,4775,-49.5,34,77.1
2026-07-28T21:57:33.229024,0D094C,VIV146,33.299747,-117.579383,,,312,,7352,-38.2,3095,17.3
2026-07-28T21:57:33.229024,E80210,LPE2477,32.643453,-117.087296,,,132,,1056,-30.8,1832,0.1
2026-07-28T21:57:33.229024,0D0DB9,AMX698,33.571798,-117.106361,,,314,,1054,-37.1,1827,0.8
2026-07-28T21:57:33.229024,AC36A9,SWA382,32.993061,-117.324343,,,134,,3222,-49.5,1494,0.3
2026-07-28T21:57:33.229024,0D0A21,VOI710,33.180084,-116.978522,,,279,,7204,-49.5,741,0.4
2026-07-28T21:57:33.229024,AA3764,N7577N,33.087341,-117.565521,,,136,,4775,-49.5,34,82.2
2026-07-28T21:57:38.320666,0D094C,VIV146,33.299747,-117.579383,,,312,,7352,-38.2,3095,22.4
2026-07-28T21:57:38.320666,E80210,LPE2477,32.636215,-117.078058,,,132,,1056,-32.2,1891,0.1
2026-07-28T21:57:38.320666,0D0DB9,AMX698,33.573166,-117.108036,,,314,,1054,-49.5,1830,4.9
2026-07-28T21:57:38.320666,AC36A9,SWA382,32.987754,-117.317841,,,134,,3222,-49.5,1533,0.4
2026-07-28T21:57:38.320666,0D0A21,VOI710,33.18169,-116.989653,,,279,,7204,-49.5,786,0.3
2026-07-28T21:57:38.320666,AA3764,N7577N,33.087341,-117.565521,,,136,,4775,-49.5,34,87.3
2026-07-28T21:57:38.320666,0D1154,,33.053811,-116.417859,,,301,,,-34.7,23,1.4
2026-07-28T21:57:38.320666,AA38F8,N758NL,33.151245,-116.838446,,,138,,,-49.5,42,0.5
2026-07-28T21:57:43.397394,0D094C,VIV146,33.299747,-117.579383,,,312,,7352,-38.2,3095,27.4
2026-07-28T21:57:43.397394,E80210,LPE2477,32.628882,-117.068631,,,132,,1056,-30.2,1924,0.0
2026-07-28T21:57:43.397394,0D0DB9,AMX698,33.587346,-117.125244,,,314,,1054,-33.7,1868,0.8
2026-07-28T21:57:43.397394,AC36A9,SWA382,32.982147,-117.311023,,,134,,3222,-32.0,1595,0.1
2026-07-28T21:57:43.397394,0D0A21,VOI710,33.183413,-117.001312,,,279,,7204,-49.5,798,0.0
2026-07-28T21:57:43.397394,AA3764,N7577N,33.087341,-117.565521,,,136,,4775,-49.5,34,92.3
2026-07-28T21:57:43.397394,0D1154,,33.060049,-116.42991,,,301,,,-34.3,59,0.7
2026-07-28T21:57:43.397394,AA38F8,N758NL,33.149802,-116.837021,,,141,,,-49.5,81,1.0
2026-07-28T21:57:48.449089,0D094C,VIV146,33.299747,-117.579383,,,312,,7352,-38.2,3095,32.5
2026-07-28T21:57:48.449089,E80210,LPE2477,32.62595,-117.064819,,,132,,1056,-49.5,1934,2.9
2026-07-28T21:57:48.449089,0D0DB9,AMX698,33.594727,-117.134213,,,314,,1054,-34.5,1907,0.9
2026-07-28T21:57:48.449089,AC36A9,SWA382,32.977112,-117.304926,,,134,,3222,-31.7,1647,0.3
2026-07-28T21:57:48.449089,0D0A21,VOI710,33.184064,-117.005796,,,279,,7204,-49.5,810,2.9
2026-07-28T21:57:48.449089,0D1154,VOI7750,33.064636,-116.438763,,,301,,2667,-35.7,83,1.6
2026-07-28T21:57:48.449089,AA38F8,N758NL,33.149057,-116.836349,,,142,,,-49.5,93,3.9
2026-07-28T21:57:53.487501,0D094C,VIV146,33.299747,-117.579383,,,312,,7352,-38.2,3095,37.5
2026-07-28T21:57:53.487501,E80210,LPE2477,32.615243,-117.050974,,,132,,1056,-49.5,1978,0.4
2026-07-28T21:57:53.487501,0D0DB9,AMX698,33.60229,-117.143383,,,314,,1054,-35.7,1916,1.1
2026-07-28T21:57:53.487501,AC36A9,SWA382,32.973136,-117.300072,,,134,,3222,-35.2,1679,1.4
2026-07-28T21:57:53.487501,0D0A21,VOI710,33.18631,-117.021259,,,279,,7204,-30.3,828,0.9
2026-07-28T21:57:53.487501,0D1154,VOI7750,33.070011,-116.44908,,,301,,2667,-35.2,111,1.7
2026-07-28T21:57:53.487501,AA38F8,N758NL,33.149057,-116.836349,,,142,,,-49.5,93,8.9
2026-07-28T21:57:58.553422,0D094C,VIV146,33.299747,-117.579383,,,312,,7352,-38.2,3095,42.6
2026-07-28T21:57:58.553422,E80210,LPE2477,32.607834,-117.041254,,,132,,1056,-49.5,2034,0.3
2026-07-28T21:57:58.553422,0D0DB9,AMX698,33.60229,-117.143383,,,314,,1054,-49.5,1917,6.2
2026-07-28T21:57:58.553422,AC36A9,SWA382,32.96759,-117.293335,,,134,,3222,-27.0,1716,0.8
2026-07-28T21:57:58.553422,0D0A21,VOI710,33.188095,-117.033563,,,279,,7204,-29.1,875,0.2
2026-07-28T21:57:58.553422,0D1154,VOI7750,33.070011,-116.44908,,,301,,2667,-35.9,116,6.8
2026-07-28T21:57:58.553422,AA38F8,N758NL,33.149057,-116.836349,,,142,,,-49.5,93,14.0
2026-07-28T21:58:03.604158,0D094C,VIV146,33.299747,-117.579383,,,312,,7352,-38.2,3095,47.7
2026-07-28T21:58:03.604158,E80210,LPE2477,32.600967,-117.0323,,,132,,1056,-24.8,2088,0.4
2026-07-28T21:58:03.604158,0D0DB9,AMX698,33.60229,-117.143383,,,314,,1054,-49.5,1917,11.3
2026-07-28T21:58:03.604158,AC36A9,SWA382,32.962243,-117.286788,,,134,,3222,-49.5,1769,0.4
2026-07-28T21:58:03.604158,0D0A21,VOI710,33.189651,-117.044416,,,279,,7204,-49.5,902,0.3
2026-07-28T21:58:03.604158,0D1154,VOI7750,33.070011,-116.44908,,,301,,2667,-36.4,123,11.9
2026-07-28T21:58:03.604158,AA38F8,N758NL,33.149057,-116.836349,,,142,,,-49.5,93,19.1
2026-07-28T21:58:08.703663,0D094C,VIV146,33.299747,-117.579383,,,312,,7352,-38.2,3095,52.7
2026-07-28T21:58:08.703663,E80210,LPE2477,32.594108,-117.023284,,,132,,1056,-29.6,2127,0.5
2026-07-28T21:58:08.703663,0D0DB9,AMX698,33.60229,-117.143383,,,314,,1054,-49.5,1917,16.3
2026-07-28T21:58:08.703663,AC36A9,SWA382,32.958426,-117.282136,,,134,,3222,-34.4,1799,1.3
2026-07-28T21:58:08.703663,0D0A21,VOI710,33.191208,-117.055042,,,279,,7204,-49.5,930,0.3
2026-07-28T21:58:08.703663,0D1154,VOI7750,33.088539,-116.484898,,,301,,2667,-35.7,135,0.0
2026-07-28T21:58:08.703663,AA38F8,N758NL,33.149057,-116.836349,,,142,,,-49.5,93,24.1
2026-07-28T21:58:13.747629,0D094C,VIV146,33.299747,-117.579383,,,312,,7352,-38.2,3095,57.8
2026-07-28T21:58:13.747629,E80210,LPE2477,32.587218,-117.014316,,,131,,1056,-49.5,2149,0.6
2026-07-28T21:58:13.747629,0D0DB9,AMX698,33.60229,-117.143383,,,314,,1054,-49.5,1917,21.4
2026-07-28T21:58:13.747629,AC36A9,SWA382,32.952234,-117.274625,,,134,,3222,-49.5,1849,0.0
2026-07-28T21:58:13.747629,0D0A21,VOI710,33.192723,-117.065492,,,279,,7204,-49.5,954,0.5
2026-07-28T21:58:13.747629,0D1154,VOI7750,33.092263,-116.492073,,,301,,2667,-49.5,170,1.7
2026-07-28T21:58:13.747629,AA38F8,N758NL,33.149057,-116.836349,,,142,,,-49.5,93,29.2
2026-07-28T21:58:18.815730,0D094C,VIV146,33.299747,-117.579383,,,312,,7352,-38.2,3095,62.9
2026-07-28T21:58:18.815730,E80210,LPE2477,32.587218,-117.014316,,,131,,1056,-49.5,2149,5.7
2026-07-28T21:58:18.815730,0D0DB9,AMX698,33.60229,-117.143383,,,314,,1054,-49.5,1917,26.5
2026-07-28T21:58:18.815730,AC36A9,SWA382,32.947905,-117.269356,,,134,,3222,-24.7,1904,0.4
2026-07-28T21:58:18.815730,0D0A21,VOI710,33.194275,-117.07641,,,279,,7204,-49.5,990,0.5
2026-07-28T21:58:18.815730,0D1154,VOI7750,33.098455,-116.504068,,,301,,2667,-33.5,200,1.1
2026-07-28T21:58:18.815730,AA38F8,N758NL,33.149057,-116.836349,,,142,,,-49.5,93,34.3
2026-07-28T21:58:23.870916,0D094C,VIV146,33.299747,-117.579383,,,312,,7352,-38.2,3095,67.9
2026-07-28T21:58:23.870916,E80210,LPE2477,32.572973,-116.995538,,,131,,1056,-29.0,2168,0.5
2026-07-28T21:58:23.870916,0D0DB9,AMX698,33.60229,-117.143383,,,314,,1054,-49.5,1917,31.5
2026-07-28T21:58:23.870916,AC36A9,SWA382,32.944134,-117.264759,,,134,,3222,-32.1,1951,1.4
2026-07-28T21:58:23.870916,0D0A21,VOI710,33.195889,-117.087801,,,279,,7204,-32.2,1035,0.2
2026-07-28T21:58:23.870916,0D1154,VOI7750,33.104088,-116.514942,,,301,,2667,-36.8,211,1.0
2026-07-28T21:58:23.870916,AA38F8,N758NL,33.149057,-116.836349,,,142,,,-49.5,93,39.3
2026-07-28T21:58:28.926155,E80210,LPE2477,32.567642,-116.988574,,,132,,1056,-30.8,2203,1.8
2026-07-28T21:58:28.926155,0D0DB9,AMX698,33.60229,-117.143383,,,314,,1054,-49.5,1917,36.6
2026-07-28T21:58:28.926155,AC36A9,SWA382,32.940308,-117.260156,,,134,,3222,-31.6,1996,2.3
2026-07-28T21:58:28.926155,0D0A21,VOI710,33.196976,-117.095471,,,279,,7204,-32.5,1068,1.6
2026-07-28T21:58:28.926155,0D1154,VOI7750,33.110733,-116.527643,,,302,,2667,-49.5,234,0.0
2026-07-28T21:58:28.926155,AA38F8,N758NL,33.13623,-116.842456,,,272,,,-35.8,96,0.0
2026-07-28T21:58:34.002542,E80210,LPE2477,32.558762,-116.977423,,,133,,1056,-49.5,2242,0.7
2026-07-28T21:58:34.002542,0D0DB9,AMX698,33.60229,-117.143383,,,314,,1054,-49.5,1918,41.7
2026-07-28T21:58:34.002542,AC36A9,SWA382,32.933893,-117.252316,,,134,,3222,-49.5,2042,0.4
2026-07-28T21:58:34.002542,0D0A21,VOI710,33.198853,-117.108435,,,279,,7204,-33.9,1091,0.6
2026-07-28T21:58:34.002542,0D1154,VOI7750,33.11554,-116.536487,,,303,,2667,-49.5,266,0.9
2026-07-28T21:58:34.002542,AA38F8,N758NL,33.136368,-116.843445,,,272,,,-36.9,99,3.1
2026-07-28T21:58:39.049279,E80210,LPE2477,32.551163,-116.96825,,,134,,1056,-31.4,2284,0.6
2026-07-28T21:58:39.049279,0D0DB9,AMX698,33.60229,-117.143383,,,314,,1054,-36.0,1920,46.7
2026-07-28T21:58:39.049279,AC36A9,SWA382,32.928958,-117.246374,,,134,,3222,-49.5,2105,0.1
2026-07-28T21:58:39.049279,0D0A21,VOI710,33.200078,-117.117285,,,279,,7204,-49.5,1110,1.4
2026-07-28T21:58:39.049279,0D1154,VOI7750,33.120241,-116.544931,,,303,,2667,-34.8,292,1.7
2026-07-28T21:58:39.049279,AA38F8,N758NL,33.137186,-116.845878,,,272,,1200,-37.5,103,2.5
2026-07-28T21:58:44.100746,E80210,LPE2477,32.543884,-116.959845,,,135,,1056,-49.5,2313,0.7
2026-07-28T21:58:44.100746,0D0DB9,AMX698,33.60229,-117.143383,,,314,,1054,-36.6,1924,51.7
2026-07-28T21:58:44.100746,AC36A9,SWA382,32.924629,-117.241105,,,134,,3222,-23.5,2159,0.4
2026-07-28T21:58:44.100746,0D0A21,VOI710,33.201801,-117.129224,,,279,,7204,-28.2,1139,0.8
2026-07-28T21:58:44.100746,0D1154,VOI7750,33.120241,-116.544931,,,303,,2667,-49.5,298,6.8
2026-07-28T21:58:44.100746,AA38F8,N758NL,33.139114,-116.848334,,,272,,1200,-35.9,104,1.3
2026-07-28T21:58:49.138846,E80210,LPE2477,32.536331,-116.951331,,,136,,1056,-31.9,2351,0.8
2026-07-28T21:58:49.138846,0D0DB9,AMX698,33.60229,-117.143383,,,314,,1054,-49.5,1926,56.8
2026-07-28T21:58:49.138846,AC36A9,SWA382,32.919648,-117.234995,,,134,,3222,-27.2,2228,0.0
2026-07-28T21:58:49.138846,0D0A21,VOI710,33.203018,-117.137769,,,279,,7204,-29.6,1160,1.8
2026-07-28T21:58:49.138846,0D1154,VOI7750,33.133369,-116.566959,,,306,,2667,-49.5,310,1.1
2026-07-28T21:58:49.138846,AA38F8,N758NL,33.139114,-116.848334,,,272,,1200,-35.9,104,6.3
2026-07-28T21:58:54.211573,E80210,LPE2477,32.528562,-116.942849,,,137,,1056,-30.7,2388,0.8
2026-07-28T21:58:54.211573,0D0DB9,AMX698,33.60229,-117.143383,,,314,,1054,-37.3,1931,61.9
2026-07-28T21:58:54.211573,AC36A9,SWA382,32.915131,-117.229504,,,134,,3222,-49.5,2265,0.0
2026-07-28T21:58:54.211573,0D0A21,VOI710,33.205013,-117.151645,,,279,,7204,-49.5,1181,0.3
2026-07-28T21:58:54.211573,0D1154,VOI7750,33.140945,-116.578839,,,307,,2667,-31.8,356,0.3
2026-07-28T21:58:54.211573,AA38F8,N758NL,33.143285,-116.850194,,,355,,1200,-49.5,118,0.7
2026-07-28T21:58:59.258878,E80210,LPE2477,32.525769,-116.939878,,,137,,1056,-49.5,2401,3.9
2026-07-28T21:58:59.258878,0D0DB9,AMX698,33.60229,-117.143383,,,314,,1054,-49.5,1934,66.9
2026-07-28T21:58:59.258878,AC36A9,SWA382,32.91057,-117.224009,,,134,,3222,-49.5,2306,0.1
2026-07-28T21:58:59.258878,0D0A21,VOI710,33.206549,-117.162183,,,279,,7204,-24.8,1239,0.3
2026-07-28T21:58:59.258878,0D1154,VOI7750,33.144961,-116.584952,,,308,,2667,-49.5,398,2.2
2026-07-28T21:58:59.258878,AA38F8,N758NL,33.145752,-116.849927,,,7,,1200,-49.5,150,0.0
2026-07-28T21:59:04.334099,E80210,LPE2477,32.525769,-116.939878,,,137,,1056,-49.5,2401,9.0
2026-07-28T21:59:04.334099,0D0DB9,AMX698,33.708987,-117.273388,,,314,,1054,-49.5,1946,2.9
2026-07-28T21:59:04.334099,AC36A9,SWA382,32.905822,-117.218292,,,134,,3222,-28.6,2367,0.0
2026-07-28T21:59:04.334099,0D0A21,VOI710,33.208099,-117.173145,,,279,,7204,-30.0,1268,0.0
2026-07-28T21:59:04.334099,0D1154,VOI7750,33.148731,-116.590501,,,308,,2667,-38.2,403,4.5
2026-07-28T21:59:04.334099,AA38F8,N758NL,33.147125,-116.849542,,,15,,1200,-34.3,188,1.9
2026-07-28T21:59:09.413619,E80210,LPE2477,32.525769,-116.939878,,,137,,1056,-49.5,2402,14.0
2026-07-28T21:59:09.413619,0D0DB9,AMX698,33.721184,-117.288265,,,314,,1054,-35.9,1959,0.0
2026-07-28T21:59:09.413619,AC36A9,SWA382,32.901306,-117.212742,,,134,,3222,-49.5,2414,0.0
2026-07-28T21:59:09.413619,0D0A21,VOI710,33.209016,-117.179279,,,279,,7204,-49.5,1289,2.2
2026-07-28T21:59:09.413619,0D1154,VOI7750,33.148731,-116.590501,,,308,,2667,-38.2,403,9.5
2026-07-28T21:59:09.413619,AA38F8,N758NL,33.149826,-116.848608,,,15,,1200,-49.5,217,0.5
2026-07-28T21:59:14.464916,E80210,LPE2477,32.496209,-116.90989,,,139,,1056,-32.4,2439,0.4
2026-07-28T21:59:14.464916,0D0DB9,AMX698,33.721184,-117.288265,,,314,,1054,-35.2,1964,5.1
2026-07-28T21:59:14.464916,AC36A9,SWA382,32.897003,-117.207477,,,134,,3222,-49.5,2445,0.4
2026-07-28T21:59:14.464916,0D0A21,VOI710,33.210739,-117.191386,,,279,,7204,-49.5,1302,1.5
2026-07-28T21:59:14.464916,0D1154,VOI7750,33.168516,-116.617967,,,311,,2667,-49.5,454,0.1
2026-07-28T21:59:14.464916,AA38F8,N758NL,33.152069,-116.847894,,,13,,1200,-49.5,249,0.4
2026-07-28T21:59:19.517073,E80210,LPE2477,32.489227,-116.902991,,,139,,1056,-49.5,2482,0.0
2026-07-28T21:59:19.517073,0D0DB9,AMX698,33.721184,-117.288265,,,314,,1054,-35.2,1964,10.2
2026-07-28T21:59:19.517073,AC36A9,SWA382,32.89451,-117.204391,,,134,,3222,-31.7,2479,2.8
2026-07-28T21:59:19.517073,0D0A21,VOI710,33.212265,-117.201819,,,279,,7204,-28.9,1324,1.5
2026-07-28T21:59:19.517073,0D1154,VOI7750,33.174149,-116.62531,,,312,,2667,-31.4,515,1.3
2026-07-28T21:59:19.517073,AA38F8,N758NL,33.153712,-116.847447,,,13,,1200,-49.5,270,1.9
2026-07-28T21:59:24.696584,E80210,LPE2477,32.479706,-116.893597,,,140,,1056,-33.9,2528,0.3
2026-07-28T21:59:24.696584,0D0DB9,AMX698,33.721184,-117.288265,,,314,,1054,-35.2,1964,15.3
2026-07-28T21:59:24.696584,AC36A9,SWA382,32.88762,-117.196095,,,134,,3222,-49.5,2522,0.4
2026-07-28T21:59:24.696584,0D0A21,VOI710,33.214096,-117.214453,,,279,,7204,-30.2,1347,0.5
2026-07-28T21:59:24.696584,0D1154,VOI7750,33.182098,-116.635254,,,314,,2667,-49.5,578,0.9
2026-07-28T21:59:24.696584,AA38F8,N758NL,33.153712,-116.847447,,,12,,1200,-37.8,275,6.9
2026-07-28T21:59:24.696584,AA3764,,33.016709,-117.450462,,,127,,,-35.9,8,4.4
2026-07-28T21:59:29.755895,E80210,LPE2477,32.4727,-116.886796,,,140,,1056,-28.8,2580,0.9
2026-07-28T21:59:29.755895,0D0DB9,AMX698,33.721184,-117.288265,,,314,,1054,-35.2,1964,20.3
2026-07-28T21:59:29.755895,AC36A9,SWA382,32.884082,-117.191779,,,134,,3222,-49.5,2550,1.6
2026-07-28T21:59:29.755895,0D0A21,VOI710,33.215515,-117.224561,,,279,,7204,-49.5,1361,0.6
2026-07-28T21:59:29.755895,0D1154,VOI7750,33.182098,-116.635254,,,314,,2667,-49.5,581,6.0
2026-07-28T21:59:29.755895,AA38F8,N758NL,33.153712,-116.847447,,,12,,1200,-36.9,279,12.0
2026-07-28T21:59:29.755895,AA3764,,33.016709,-117.450462,,,127,,,-35.9,8,9.5
2026-07-28T21:59:34.795966,E80210,LPE2477,32.463638,-116.877942,,,140,,1056,-49.5,2629,0.2
2026-07-28T21:59:34.795966,0D0DB9,AMX698,33.721184,-117.288265,,,314,,1054,-35.2,1964,25.4
2026-07-28T21:59:34.795966,AC36A9,SWA382,32.878309,-117.184828,,,134,,3222,-49.5,2569,0.5
2026-07-28T21:59:34.795966,0D0A21,VOI710,33.216698,-117.232697,,,279,,7204,-36.0,1363,1.7
2026-07-28T21:59:34.795966,0D1154,VOI7750,33.198303,-116.654645,,,315,,2667,-31.0,620,0.2
2026-07-28T21:59:34.795966,AA38F8,N758NL,33.153712,-116.847447,,,12,,1200,-36.9,279,17.0
2026-07-28T21:59:34.795966,AA3764,,33.011078,-117.44187,,,127,,,-49.5,10,0.3
2026-07-28T21:59:39.859272,E80210,LPE2477,32.455522,-116.870092,,,140,,1056,-31.6,2683,0.2
2026-07-28T21:59:39.859272,0D0DB9,AMX698,33.721184,-117.288265,,,314,,1054,-35.2,1964,30.5
2026-07-28T21:59:39.859272,AC36A9,SWA382,32.873199,-117.178583,,,134,,3222,-28.2,2604,0.0
2026-07-28T21:59:39.859272,0D0A21,VOI710,33.218513,-117.245309,,,279,,7204,-49.5,1382,0.7
2026-07-28T21:59:39.859272,0D1154,VOI7750,33.201941,-116.658998,,,315,,2667,-37.6,647,2.8
2026-07-28T21:59:39.859272,AA38F8,N758NL,33.153712,-116.847447,,,12,,1200,-36.9,279,22.1
2026-07-28T21:59:39.859272,AA3764,N7577N,33.009168,-117.438915,,,127,,,-31.9,40,0.4
2026-07-28T21:59:44.913195,E80210,LPE2477,32.448486,-116.86333,,,140,,1056,-49.5,2726,0.8
2026-07-28T21:59:44.913195,0D0DB9,AMX698,33.721184,-117.288265,,,314,,1054,-35.2,1964,35.5
2026-07-28T21:59:44.913195,AC36A9,SWA382,32.868673,-117.173113,,,134,,3222,-49.5,2658,0.4
2026-07-28T21:59:44.913195,0D0A21,VOI710,33.220047,-117.255927,,,279,,7204,-33.1,1411,0.6
2026-07-28T21:59:44.913195,0D1154,VOI7750,33.211258,-116.669971,,,315,,2667,-49.5,654,1.7
2026-07-28T21:59:44.913195,AA38F8,N758NL,33.153712,-116.847447,,,12,,1200,-36.9,279,27.2
2026-07-28T21:59:44.913195,AA3764,N7577N,33.007259,-117.436056,,,127,,4775,-32.8,76,0.5
2026-07-28T21:59:49.992325,E80210,LPE2477,32.43924,-116.854431,,,140,,1056,-30.2,2771,0.1
2026-07-28T21:59:49.992325,0D0DB9,AMX698,33.721184,-117.288265,,,314,,1054,-35.2,1964,40.6
2026-07-28T21:59:49.992325,AC36A9,SWA382,32.865097,-117.168805,,,134,,3222,-49.5,2686,1.6
2026-07-28T21:59:49.992325,0D0A21,VOI710,33.221558,-117.266638,,,279,,7204,-49.5,1441,0.4
2026-07-28T21:59:49.992325,0D1154,VOI7750,33.221306,-116.681979,,,314,,2667,-49.5,725,0.0
2026-07-28T21:59:49.992325,AA38F8,N758NL,33.153712,-116.847447,,,12,,1200,-36.9,279,32.2
2026-07-28T21:59:49.992325,AA3764,N7577N,33.005219,-117.432861,,,127,,4775,-49.5,114,0.2
2026-07-28T21:59:55.041763,E80210,LPE2477,32.43192,-116.847335,,,140,,1056,-32.1,2800,0.5
2026-07-28T21:59:55.041763,0D0DB9,AMX698,33.721184,-117.288265,,,314,,1054,-35.2,1964,45.6
2026-07-28T21:59:55.041763,AC36A9,SWA382,32.863133,-117.166387,,,134,,3222,-49.5,2693,4.4
2026-07-28T21:59:55.041763,0D0A21,VOI710,33.223122,-117.277371,,,279,,7204,-49.5,1478,0.1
2026-07-28T21:59:55.041763,0D1154,VOI7750,33.228708,-116.690836,,,314,,2667,-49.5,789,0.2
2026-07-28T21:59:55.041763,AA38F8,N758NL,33.153712,-116.847447,,,12,,1200,-36.9,279,37.3
2026-07-28T21:59:55.041763,AA3764,N7577N,33.003433,-117.43006,,,126,,4775,-30.6,152,0.4
2026-07-28T22:00:00.094876,E80210,LPE2477,32.423126,-116.83894,,,140,,1056,-49.5,2841,0.1
2026-07-28T22:00:00.094876,0D0DB9,AMX698,33.721184,-117.288265,,,314,,1054,-35.2,1964,50.7
2026-07-28T22:00:00.094876,AC36A9,SWA382,32.856523,-117.158371,,,134,,3222,-49.5,2713,2.5
2026-07-28T22:00:00.094876,0D0A21,VOI710,33.224006,-117.283593,,,279,,7204,-32.7,1492,2.2
2026-07-28T22:00:00.094876,0D1154,VOI7750,33.235657,-116.699194,,,314,,2667,-33.3,843,0.6
2026-07-28T22:00:00.094876,AA38F8,N758NL,33.153712,-116.847447,,,12,,1200,-36.9,279,42.3
2026-07-28T22:00:00.094876,AA3764,N7577N,33.00144,-117.426864,,,125,,4775,-33.2,184,0.0
2026-07-28T22:00:05.173419,E80210,LPE2477,32.415619,-116.831744,,,141,,1056,-49.5,2885,0.4
2026-07-28T22:00:05.173419,0D0DB9,AMX698,33.721184,-117.288265,,,314,,1054,-49.5,1965,55.8
2026-07-28T22:00:05.173419,AC36A9,SWA382,32.849625,-117.150073,,,134,,3222,-31.9,2747,0.2
2026-07-28T22:00:05.173419,0D0A21,VOI710,33.226008,-117.297774,,,279,,7204,-49.5,1521,0.2
2026-07-28T22:00:05.173419,0D1154,VOI7750,33.239834,-116.704232,,,314,,2667,-49.5,857,2.8
2026-07-28T22:00:05.173419,AA38F8,N758NL,33.153712,-116.847447,,,12,,1200,-36.9,279,47.4
2026-07-28T22:00:05.173419,AA3764,N7577N,33.001068,-117.426247,,,123,,4775,-36.1,191,4.0
2026-07-28T22:00:10.223738,E80210,LPE2477,32.407288,-116.823834,,,141,,1056,-49.5,2925,0.4
2026-07-28T22:00:10.223738,0D0DB9,AMX698,33.721184,-117.288265,,,314,,1054,-49.5,1965,60.8
2026-07-28T22:00:10.223738,AC36A9,SWA382,32.844885,-117.144414,,,134,,3222,-49.5,2817,0.1
2026-07-28T22:00:10.223738,0D0A21,VOI710,33.227405,-117.307471,,,279,,7204,-49.5,1561,0.5
2026-07-28T22:00:10.223738,0D1154,VOI7750,33.239834,-116.704232,,,314,,2667,-49.5,861,7.9
2026-07-28T22:00:10.223738,AA38F8,N758NL,33.153712,-116.847447,,,12,,1200,-36.9,279,52.4
2026-07-28T22:00:10.223738,AA3764,N7577N,33.001068,-117.426247,,,123,,4775,-36.1,191,9.1
2026-07-28T22:00:15.276032,E80210,LPE2477,32.39924,-116.816226,,,141,,1056,-34.6,2963,0.4
2026-07-28T22:00:15.276032,0D0DB9,AMX698,33.721184,-117.288265,,,314,,1054,-49.5,1965,65.9
2026-07-28T22:00:15.276032,AC36A9,SWA382,32.840137,-117.138697,,,134,,3222,-49.5,2870,0.0
2026-07-28T22:00:15.276032,0D0A21,VOI710,33.228894,-117.317841,,,279,,7204,-31.1,1572,0.4
2026-07-28T22:00:15.276032,0D1154,VOI7750,33.258874,-116.727158,,,314,,2667,-49.5,898,0.3
2026-07-28T22:00:15.276032,AA38F8,N758NL,33.153712,-116.847447,,,12,,1200,-36.9,279,57.5
2026-07-28T22:00:15.276032,AA3764,N7577N,33.001068,-117.426247,,,123,,4775,-36.1,191,14.2
2026-07-28T22:00:20.354235,E80210,LPE2477,32.390396,-116.807849,,,141,,1056,-49.5,2994,0.0
2026-07-28T22:00:20.354235,0D0DB9,AMX698,33.721184,-117.288265,,,314,,1054,-49.5,1965,71.0
2026-07-28T22:00:20.354235,AC36A9,SWA382,32.83548,-117.133044,,,134,,3222,-49.5,2901,0.1
2026-07-28T22:00:20.354235,0D0A21,VOI710,33.230209,-117.327393,,,279,,7204,-49.5,1597,0.7
2026-07-28T22:00:20.354235,0D1154,VOI7750,33.26619,-116.736053,,,314,,2667,-49.5,957,0.4
2026-07-28T22:00:20.354235,AA38F8,N758NL,33.153712,-116.847447,,,12,,1200,-36.9,279,62.6
2026-07-28T22:00:20.354235,AA3764,N7577N,33.001068,-117.426247,,,123,,4775,-36.1,191,19.2
2026-07-28T22:00:25.433417,E80210,LPE2477,32.383971,-116.80182,,,141,,1056,-34.1,3016,1.0
2026-07-28T22:00:25.433417,0D0DB9,AMX698,33.721184,-117.288265,,,314,,1054,-49.5,1965,76.0
2026-07-28T22:00:25.433417,AC36A9,SWA382,32.831085,-117.127661,,,134,,3222,-30.4,2935,0.3
2026-07-28T22:00:25.433417,0D0A21,VOI710,33.230804,-117.331458,,,280,,7204,-49.5,1605,3.8
2026-07-28T22:00:25.433417,0D1154,VOI7750,33.270884,-116.741732,,,314,,2667,-35.9,983,2.3
2026-07-28T22:00:25.433417,AA38F8,N758NL,33.153712,-116.847447,,,12,,1200,-36.9,279,67.7
2026-07-28T22:00:25.433417,AA3764,N7577N,33.001068,-117.426247,,,123,,4775,-36.1,191,24.3
2026-07-28T22:00:30.485758,E80210,LPE2477,32.374335,-116.792684,,,141,,1056,-49.5,3037,0.1
2026-07-28T22:00:30.485758,0D0DB9,AMX698,33.721184,-117.288265,,,314,,1054,-49.5,1965,81.1
2026-07-28T22:00:30.485758,AC36A9,SWA382,32.827661,-117.123507,,,134,,3222,-49.5,2961,1.6
2026-07-28T22:00:30.485758,0D0A21,VOI710,33.232339,-117.341664,,,280,,7204,-49.5,1618,3.7
2026-07-28T22:00:30.485758,0D1154,VOI7750,33.270884,-116.741732,,,314,,2667,-34.8,984,7.4
2026-07-28T22:00:30.485758,AA3764,N7577N,33.001068,-117.426247,,,123,,4775,-36.1,191,29.4
2026-07-28T22:00:35.536823,E80210,LPE2477,32.370331,-116.788872,,,141,,1056,-49.5,3050,2.8
2026-07-28T22:00:35.536823,0D0DB9,AMX698,33.721184,-117.288265,,,314,,1054,-49.5,1965,86.2
2026-07-28T22:00:35.536823,AC36A9,SWA382,32.822342,-117.117059,,,134,,3222,-32.2,2976,0.7
2026-07-28T22:00:35.536823,0D0A21,VOI710,33.234741,-117.357275,,,280,,7204,-34.4,1647,0.8
2026-07-28T22:00:35.536823,0D1154,VOI7750,33.289444,-116.764178,,,314,,2667,-49.5,997,0.0
2026-07-28T22:00:35.536823,AA3764,N7577N,33.001068,-117.426247,,,123,,4775,-36.1,191,34.4
2026-07-28T22:00:40.617183,E80210,LPE2477,32.370331,-116.788872,,,141,,1056,-49.5,3050,7.8
2026-07-28T22:00:40.617183,0D0DB9,AMX698,33.721184,-117.288265,,,314,,1054,-49.5,1965,91.2
2026-07-28T22:00:40.617183,AC36A9,SWA382,32.821423,-117.115939,,,134,,3222,-36.2,2979,4.8
2026-07-28T22:00:40.617183,0D0A21,VOI710,33.236017,-117.36515,,,280,,7204,-49.5,1674,1.9
2026-07-28T22:00:40.617183,0D1154,VOI7750,33.296402,-116.772583,,,314,,2667,-31.6,1072,0.4
2026-07-28T22:00:40.617183,AA3764,N7577N,33.001068,-117.426247,,,123,,4775,-36.1,191,39.5
2026-07-28T22:00:45.695762,E80210,LPE2477,32.370331,-116.788872,,,141,,1056,-49.5,3050,12.9
2026-07-28T22:00:45.695762,0D0DB9,AMX698,33.721184,-117.288265,,,314,,1054,-49.5,1965,96.3
2026-07-28T22:00:45.695762,AC36A9,SWA382,32.815109,-117.10827,,,134,,3222,-34.1,2995,2.7
2026-07-28T22:00:45.695762,0D0A21,VOI710,33.236017,-117.36515,,,280,,7204,-49.5,1674,7.0
2026-07-28T22:00:45.695762,0D1154,VOI7750,33.304169,-116.781977,,,314,,2667,-35.9,1103,0.3
2026-07-28T22:00:45.695762,AA3764,N7577N,33.001068,-117.426247,,,123,,4775,-36.1,191,44.5
2026-07-28T22:00:50.747371,E80210,LPE2477,32.370331,-116.788872,,,141,,1056,-49.5,3050,17.9
2026-07-28T22:00:50.747371,0D0DB9,AMX698,33.721184,-117.288265,,,314,,1054,-49.5,1965,101.3
2026-07-28T22:00:50.747371,AC36A9,SWA382,32.808792,-117.10058,,,134,,3222,-33.6,3016,0.4
2026-07-28T22:00:50.747371,0D0A21,VOI710,33.236017,-117.36515,,,280,,7204,-49.5,1674,12.0
2026-07-28T22:00:50.747371,0D1154,VOI7750,33.304169,-116.781977,,,314,,2667,-37.0,1107,5.3
2026-07-28T22:00:50.747371,AA3764,N7577N,33.001068,-117.426247,,,123,,4775,-36.1,191,49.6
2026-07-28T22:00:55.798101,E80210,LPE2477,32.370331,-116.788872,,,141,,1056,-49.5,3050,23.0
2026-07-28T22:00:55.798101,0D0DB9,AMX698,33.721184,-117.288265,,,314,,1054,-49.5,1965,106.4
2026-07-28T22:00:55.798101,AC36A9,SWA382,32.804245,-117.095032,,,134,,3222,-49.5,3070,0.0
2026-07-28T22:00:55.798101,0D0A21,VOI710,33.236017,-117.36515,,,280,,7204,-49.5,1674,17.1
2026-07-28T22:00:55.798101,0D1154,VOI7750,33.319392,-116.800307,,,314,,2667,-34.0,1128,0.3
2026-07-28T22:00:55.798101,AA3764,N7577N,33.001068,-117.426247,,,123,,4775,-36.1,191,54.7
2026-07-28T22:01:00.877630,E80210,LPE2477,32.370331,-116.788872,,,141,,1056,-49.5,3050,28.1
2026-07-28T22:01:00.877630,0D0DB9,AMX698,33.721184,-117.288265,,,314,,1054,-49.5,1965,111.5
2026-07-28T22:01:00.877630,AC36A9,SWA382,32.800567,-117.09066,,,134,,3222,-49.5,3086,0.8
2026-07-28T22:01:00.877630,0D0A21,VOI710,33.242615,-117.406714,,,280,,7204,-49.5,1701,1.0
2026-07-28T22:01:00.877630,0D1154,VOI7750,33.321347,-116.802661,,,314,,2667,-49.5,1146,3.9
2026-07-28T22:01:00.877630,AA3764,N7577N,33.001068,-117.426247,,,123,,4775,-36.1,191,59.7
2026-07-28T22:01:05.928855,E80210,LPE2477,32.370331,-116.788872,,,141,,1056,-49.5,3050,33.1
2026-07-28T22:01:05.928855,AC36A9,SWA382,32.800567,-117.09066,,,134,,3222,-49.5,3089,5.8
2026-07-28T22:01:05.928855,0D0A21,VOI710,33.24353,-117.412537,,,280,,7204,-38.5,1719,3.1
2026-07-28T22:01:05.928855,0D1154,VOI7750,33.321347,-116.802661,,,314,,2667,-49.5,1146,9.0
2026-07-28T22:01:10.981954,E80210,LPE2477,32.370331,-116.788872,,,141,,1056,-49.5,3050,38.2
2026-07-28T22:01:10.981954,AC36A9,SWA382,32.792281,-117.080682,,,134,,3222,-35.7,3099,0.9
2026-07-28T22:01:10.981954,0D0A21,VOI710,33.24353,-117.412537,,,280,,7204,-38.5,1719,8.2
2026-07-28T22:01:10.981954,0D1154,VOI7750,33.341551,-116.827044,,,314,,2667,-49.5,1193,0.5
2026-07-28T22:01:16.059894,E80210,LPE2477,32.370331,-116.788872,,,141,,1056,-49.5,3050,43.2
2026-07-28T22:01:16.059894,AC36A9,SWA382,32.787998,-117.075469,,,133,,3222,-34.6,3119,0.7
2026-07-28T22:01:16.059894,0D0A21,VOI710,33.247467,-117.437585,,,280,,7204,-36.0,1739,0.4
2026-07-28T22:01:16.059894,0D1154,VOI7750,33.349731,-116.836908,,,314,,2667,-28.7,1256,0.2
2026-07-28T22:01:21.109066,E80210,LPE2477,32.370331,-116.788872,,,141,,1056,-49.5,3050,48.3
2026-07-28T22:01:21.109066,AC36A9,SWA382,32.78421,-117.070312,,,128,,3222,-49.5,3142,0.7
2026-07-28T22:01:21.109066,0D0A21,VOI710,33.247467,-117.437585,,,280,,7204,-34.7,1740,5.5
2026-07-28T22:01:21.109066,0D1154,VOI7750,33.356866,-116.845485,,,314,,2667,-33.3,1331,0.5
2026-07-28T22:01:26.196987,E80210,LPE2477,32.370331,-116.788872,,,141,,1056,-49.5,3050,53.4
2026-07-28T22:01:26.196987,AC36A9,SWA382,32.781143,-117.065094,,,121,,3222,-32.5,3176,1.0
2026-07-28T22:01:26.196987,0D0A21,VOI710,33.247467,-117.437585,,,280,,7204,-34.7,1740,10.6
2026-07-28T22:01:26.196987,0D1154,VOI7750,33.362872,-116.852716,,,314,,2667,-34.7,1384,1.6
2026-07-28T22:01:31.242280,E80210,LPE2477,32.370331,-116.788872,,,141,,1056,-49.5,3050,58.5
2026-07-28T22:01:31.242280,AC36A9,SWA382,32.78055,-117.063866,,,114,,3222,-34.3,3180,5.1
2026-07-28T22:01:31.242280,0D0A21,VOI710,33.251953,-117.466699,,,280,,7204,-49.5,1742,0.7
2026-07-28T22:01:31.242280,0D1154,VOI7750,33.362872,-116.852716,,,314,,2667,-49.5,1385,6.6
2026-07-28T22:01:31.242280,A8758B,,33.2943,-117.649561,,,,,,-49.5,6,0.8
2026-07-28T22:01:36.322693,AC36A9,SWA382,32.77622,-117.052824,,,109,,3222,-49.5,3206,1.0
2026-07-28T22:01:36.322693,0D0A21,VOI710,33.253148,-117.474621,,,280,,7204,-36.7,1755,1.7
2026-07-28T22:01:36.322693,0D1154,VOI7750,33.379669,-116.872998,,,314,,2667,-34.2,1420,0.5
2026-07-28T22:01:36.322693,A8758B,,33.287178,-117.641994,,,138,,6051,-34.0,24,0.7
2026-07-28T22:01:36.322693,AA3764,,32.977093,-117.36173,,,113,,,-34.2,8,0.2
2026-07-28T22:01:41.401959,AC36A9,SWA382,32.774405,-117.04593,,,105,,3222,-35.0,3243,0.6
2026-07-28T22:01:41.401959,0D0A21,VOI710,33.2547,-117.484442,,,280,,7204,-49.5,1761,1.7
2026-07-28T22:01:41.401959,0D1154,VOI7750,33.382828,-116.876843,,,314,,2667,-49.5,1437,3.4
2026-07-28T22:01:41.401959,A8758B,,33.2808,-117.635212,,,138,,6051,-35.2,40,1.0
2026-07-28T22:01:41.401959,AA3764,N7577N,32.976814,-117.360946,,,113,,,-49.5,14,4.3
2026-07-28T22:01:46.453793,AC36A9,SWA382,32.774405,-117.04593,,,105,,3222,-37.2,3251,5.7
2026-07-28T22:01:46.453793,0D0A21,VOI710,33.2547,-117.484442,,,280,,7204,-49.5,1761,6.8
2026-07-28T22:01:46.453793,0D1154,VOI7750,33.393736,-116.889991,,,314,,2667,-36.0,1447,1.2
2026-07-28T22:01:46.453793,A8758B,,33.2808,-117.635212,,,138,,6051,-35.2,40,6.1
2026-07-28T22:01:46.453793,AA3764,N7577N,32.974548,-117.354803,,,113,,,-36.0,19,0.4
2026-07-28T22:01:51.504674,AC36A9,SWA382,32.774405,-117.04593,,,105,,3222,-37.2,3251,10.8
2026-07-28T22:01:51.504674,0D0A21,VOI710,33.258129,-117.50629,,,281,,7204,-49.5,1770,0.7
2026-07-28T22:01:51.504674,0D1154,VOI7750,33.402603,-116.900684,,,314,,2667,-49.5,1514,0.3
2026-07-28T22:01:51.504674,A8758B,,33.266276,-117.619741,,,138,,6051,-35.8,44,0.3
2026-07-28T22:01:51.504674,AA3764,N7577N,32.974114,-117.353715,,,113,,,-49.5,22,3.9
2026-07-28T22:01:51.504674,A9DA39,,33.215953,-116.983038,,,160,,,-49.5,2,1.7
2026-07-28T22:01:56.647993,AC36A9,SWA382,32.774405,-117.04593,,,105,,3222,-37.2,3251,15.9
2026-07-28T22:01:56.647993,0D0A21,VOI710,33.260284,-117.516028,,,286,,7204,-49.5,1802,0.7
2026-07-28T22:01:56.647993,0D1154,VOI7750,33.409836,-116.909363,,,314,,2667,-49.5,1577,0.6
2026-07-28T22:01:56.647993,A8758B,,33.259293,-117.612286,,,138,,6051,-35.4,63,0.3
2026-07-28T22:01:56.647993,AA3764,N7577N,32.974114,-117.353715,,,113,,,-49.5,22,9.0
2026-07-28T22:01:56.647993,A9DA39,,33.213439,-116.98203,,,160,,,-36.5,7,0.8
2026-07-28T22:02:01.699317,AC36A9,SWA382,32.774405,-117.04593,,,105,,3222,-37.2,3251,21.0
2026-07-28T22:02:01.699317,0D0A21,VOI710,33.262086,-117.522097,,,292,,7204,-33.4,1824,2.5
2026-07-28T22:02:01.699317,0D1154,VOI7750,33.415924,-116.916724,,,314,,2667,-49.5,1630,1.6
2026-07-28T22:02:01.699317,A8758B,,33.252915,-117.605504,,,138,,6051,-49.5,86,0.5
2026-07-28T22:02:01.699317,AA3764,N7577N,32.974114,-117.353715,,,113,,,-49.5,22,14.1
2026-07-28T22:02:01.699317,A9DA39,,33.211018,-116.981021,,,161,,1200,-49.5,33,0.0
2026-07-28T22:02:06.774662,AC36A9,SWA382,32.766305,-117.013419,,,106,,3222,-36.3,3259,0.4
2026-07-28T22:02:06.774662,0D0A21,VOI710,33.266508,-117.533252,,,298,,7204,-33.6,1852,1.3
2026-07-28T22:02:06.774662,0D1154,VOI7750,33.424786,-116.927434,,,314,,2667,-32.2,1656,0.9
2026-07-28T22:02:06.774662,A8758B,,33.246231,-117.598425,,,138,,6051,-49.5,117,0.6
2026-07-28T22:02:06.774662,AB1BF9,,32.829254,-117.363812,,,306,,,-49.5,6,0.2
2026-07-28T22:02:06.774662,AA3764,N7577N,32.969467,-117.34118,,,114,,,-33.5,40,1.0
2026-07-28T22:02:06.774662,A9DA39,,33.208923,-116.980225,,,161,,1200,-49.5,58,0.2
2026-07-28T22:02:06.774662,AA38F8,,33.155062,-116.830127,,,184,,,-37.1,3,0.3
2026-07-28T22:02:11.819437,AC36A9,SWA382,32.765979,-117.012018,,,106,,3222,-49.5,3262,4.4
2026-07-28T22:02:11.819437,0D0A21,VOI710,33.269943,-117.539923,,,303,,7204,-49.5,1866,2.4
2026-07-28T22:02:11.819437,0D1154,VOI7750,33.430419,-116.934273,,,314,,2667,-49.5,1681,2.1
2026-07-28T22:02:11.819437,A8758B,,33.240921,-117.592767,,,138,,6051,-49.5,153,1.7
2026-07-28T22:02:11.819437,AB1BF9,,32.829254,-117.363812,,,306,,,-49.5,9,5.3
2026-07-28T22:02:11.819437,AA3764,N7577N,32.968062,-117.337572,,,114,,,-37.2,67,0.7
2026-07-28T22:02:11.819437,A9DA39,,33.208923,-116.980225,,,161,,1200,-49.5,58,5.2
2026-07-28T22:02:11.819437,AA38F8,,33.153122,-116.830371,,,184,,,-49.5,14,0.2
2026-07-28T22:02:16.900087,AC36A9,SWA382,32.765979,-117.012018,,,106,,3222,-49.5,3262,9.5
2026-07-28T22:02:16.900087,0D0A21,VOI710,33.275803,-117.548822,,,311,,7204,-49.5,1889,1.7
2026-07-28T22:02:16.900087,0D1154,VOI7750,33.441079,-116.947165,,,314,,2667,-49.5,1682,0.0
2026-07-28T22:02:16.900087,A8758B,QXE2342,33.232956,-117.584363,,,138,,6051,-34.2,192,0.7
2026-07-28T22:02:16.900087,AB1BF9,,32.837173,-117.376337,,,306,,,-49.5,13,0.4
2026-07-28T22:02:16.900087,AA3764,N7577N,32.968062,-117.337572,,,114,,,-37.2,67,5.8
2026-07-28T22:02:16.900087,A9DA39,,33.208923,-116.980225,,,161,,1200,-49.5,58,10.3
2026-07-28T22:02:16.900087,AA38F8,,33.152161,-116.830426,,,184,,,-49.5,22,2.6
2026-07-28T22:02:16.900087,AC5B43,,32.62587,-117.185779,,,96,,,-49.5,21,0.0
2026-07-28T22:02:21.947844,AC36A9,SWA382,32.765979,-117.012018,,,106,,3222,-49.5,3262,14.5
2026-07-28T22:02:21.947844,0D0A21,VOI710,33.279053,-117.553162,,,312,,7204,-49.5,1905,3.8
2026-07-28T22:02:21.947844,0D1154,VOI7750,33.448714,-116.956357,,,314,,2667,-49.5,1689,0.0
2026-07-28T22:02:21.947844,A8758B,QXE2342,33.230301,-117.581561,,,138,,6051,-49.5,201,3.8
2026-07-28T22:02:21.947844,AB1BF9,ASA1621,32.84144,-117.383087,,,307,,1304,-33.4,44,0.3
2026-07-28T22:02:21.947844,AA3764,N7577N,32.968062,-117.337572,,,114,,,-37.2,67,10.9
2026-07-28T22:02:21.947844,A9DA39,,33.208923,-116.980225,,,161,,1200,-49.5,58,15.3
2026-07-28T22:02:21.947844,AA38F8,,33.152161,-116.830426,,,184,,,-49.5,22,7.6
2026-07-28T22:02:21.947844,AC5B43,SWA3486,32.625019,-117.176925,,,96,,7225,-31.3,56,0.1
2026-07-28T22:02:27.001860,AC36A9,SWA382,32.765979,-117.012018,,,106,,3222,-49.5,3262,19.6
2026-07-28T22:02:27.001860,0D0A21,VOI710,33.279053,-117.553162,,,312,,7204,-49.5,1905,8.9
2026-07-28T22:02:27.001860,0D1154,VOI7750,33.448714,-116.956357,,,314,,2667,-35.3,1692,5.1
2026-07-28T22:02:27.001860,A8758B,QXE2342,33.230301,-117.581561,,,138,,6051,-49.5,205,8.8
2026-07-28T22:02:27.001860,AB1BF9,ASA1621,32.84144,-117.383087,,,307,,1304,-34.9,56,5.3
2026-07-28T22:02:27.001860,AA3764,N7577N,32.964757,-117.328828,,,114,,,-49.5,74,3.1
2026-07-28T22:02:27.001860,A9DA39,,33.208923,-116.980225,,,161,,1200,-49.5,58,20.4
2026-07-28T22:02:27.001860,AA38F8,,33.152161,-116.830426,,,184,,,-49.5,22,12.7
2026-07-28T22:02:27.001860,AC5B43,SWA3486,32.624222,-117.168201,,,96,,7225,-34.7,84,0.3
2026-07-28T22:02:32.080886,AC36A9,SWA382,32.765979,-117.012018,,,106,,3222,-49.5,3262,24.7
2026-07-28T22:02:32.080886,0D0A21,VOI710,33.279053,-117.553162,,,312,,7204,-49.5,1906,14.0
2026-07-28T22:02:32.080886,0D1154,VOI7750,33.463564,-116.974294,,,314,,2667,-49.5,1722,0.3
2026-07-28T22:02:32.080886,A8758B,QXE2342,33.230301,-117.581561,,,138,,6051,-49.5,206,13.9
2026-07-28T22:02:32.080886,AB1BF9,ASA1621,32.84144,-117.383087,,,307,,1304,-49.5,57,10.4
2026-07-28T22:02:32.080886,AA3764,N7577N,32.964757,-117.328828,,,114,,,-49.5,74,8.2
2026-07-28T22:02:32.080886,A9DA39,,33.208923,-116.980225,,,161,,1200,-49.5,58,25.5
2026-07-28T22:02:32.080886,AA38F8,,33.152161,-116.830426,,,184,,,-49.5,22,17.8
2026-07-28T22:02:32.080886,AC5B43,SWA3486,32.624222,-117.168201,,,96,,7225,-49.5,85,5.4
2026-07-28T22:02:37.159725,AC36A9,SWA382,32.765979,-117.012018,,,106,,3222,-49.5,3262,29.8
2026-07-28T22:02:37.159725,0D0A21,VOI710,33.279053,-117.553162,,,312,,7204,-38.7,1907,19.0
2026-07-28T22:02:37.159725,0D1154,VOI7750,33.464914,-116.975976,,,314,,2667,-36.6,1727,4.4
2026-07-28T22:02:37.159725,A8758B,QXE2342,33.230301,-117.581561,,,138,,6051,-49.5,206,19.0
2026-07-28T22:02:37.159725,AB1BF9,ASA1621,32.84144,-117.383087,,,307,,1304,-49.5,58,15.5
2026-07-28T22:02:37.159725,AA3764,N7577N,32.961411,-117.319977,,,114,,4775,-49.5,89,0.2
2026-07-28T22:02:37.159725,A9DA39,,33.208923,-116.980225,,,161,,1200,-49.5,58,30.6
2026-07-28T22:02:37.159725,AA38F8,,33.152161,-116.830426,,,184,,,-49.5,22,22.9
2026-07-28T22:02:37.159725,AC5B43,SWA3486,32.624222,-117.168201,,,96,,7225,-49.5,85,10.5
2026-07-28T22:02:42.239860,AC36A9,SWA382,32.765979,-117.012018,,,106,,3222,-49.5,3262,34.8
2026-07-28T22:02:42.239860,0D0A21,VOI710,33.279053,-117.553162,,,312,,7204,-36.6,1908,24.1
2026-07-28T22:02:42.239860,0D1154,VOI7750,33.464914,-116.975976,,,314,,2667,-35.1,1728,9.4
2026-07-28T22:02:42.239860,A8758B,QXE2342,33.230301,-117.581561,,,138,,6051,-49.5,206,24.0
2026-07-28T22:02:42.239860,AB1BF9,ASA1621,32.85759,-117.408197,,,307,,1304,-37.5,59,0.9
2026-07-28T22:02:42.239860,AA3764,N7577N,32.960495,-117.317505,,,114,,4775,-34.0,111,1.6
2026-07-28T22:02:42.239860,A9DA39,,33.208923,-116.980225,,,161,,1200,-49.5,58,35.6
2026-07-28T22:02:42.239860,AA38F8,,33.152161,-116.830426,,,184,,,-49.5,22,27.9
2026-07-28T22:02:42.239860,AC5B43,SWA3486,32.624222,-117.168201,,,96,,7225,-49.5,85,15.6
2026-07-28T22:02:42.239860,A5669F,,33.387589,-117.748993,,,,,,-49.5,2,3.1
2026-07-28T22:02:47.300604,AC36A9,SWA382,32.765979,-117.012018,,,106,,3222,-49.5,3262,39.9
2026-07-28T22:02:47.300604,0D0A21,VOI710,33.311462,-117.594855,,,312,,7204,-49.5,1921,0.2
2026-07-28T22:02:47.300604,0D1154,VOI7750,33.483023,-116.997948,,,314,,2667,-49.5,1754,2.4
2026-07-28T22:02:47.300604,A8758B,QXE2342,33.193049,-117.542388,,,138,,6051,-49.5,213,0.9
2026-07-28T22:02:47.300604,AB1BF9,ASA1621,32.85759,-117.408197,,,307,,1304,-49.5,61,5.9
2026-07-28T22:02:47.300604,AA3764,N7577N,32.958984,-117.313637,,,114,,4775,-30.6,155,0.9
2026-07-28T22:02:47.300604,A9DA39,,33.208923,-116.980225,,,161,,1200,-49.5,58,40.7
2026-07-28T22:02:47.300604,AA38F8,,33.152161,-116.830426,,,184,,,-49.5,22,33.0
2026-07-28T22:02:47.300604,AC5B43,SWA3486,32.624222,-117.168201,,,96,,7225,-49.5,85,20.6
2026-07-28T22:02:47.300604,A5669F,,33.387589,-117.748993,,,,,,-38.4,3,8.2
2026-07-28T22:02:52.342824,AC36A9,SWA382,32.765979,-117.012018,,,106,,3222,-49.5,3262,45.0
2026-07-28T22:02:52.342824,0D0A21,VOI710,33.313899,-117.597993,,,312,,7204,-49.5,1922,3.0
2026-07-28T22:02:52.342824,0D1154,VOI7750,33.493652,-117.010767,,,314,,2667,-49.5,1774,0.4
2026-07-28T22:02:52.342824,A8758B,QXE2342,33.186401,-117.535419,,,138,,6051,-49.5,250,0.9
2026-07-28T22:02:52.342824,AB1BF9,ASA1621,32.85759,-117.408197,,,307,,1304,-49.5,61,11.0
2026-07-28T22:02:52.342824,AA3764,N7577N,32.957611,-117.310034,,,113,,4775,-49.5,197,0.5
2026-07-28T22:02:52.342824,A9DA39,,33.208923,-116.980225,,,161,,1200,-49.5,58,45.7
2026-07-28T22:02:52.342824,AA38F8,,33.152161,-116.830426,,,184,,,-49.5,22,38.0
2026-07-28T22:02:52.342824,AC5B43,SWA3486,32.624222,-117.168201,,,96,,7225,-49.5,85,25.7
2026-07-28T22:02:52.342824,A5669F,,33.387589,-117.748993,,,,,,-38.4,3,13.3
2026-07-28T22:02:57.421718,AC36A9,SWA382,32.765979,-117.012018,,,106,,3222,-49.5,3262,50.0
2026-07-28T22:02:57.421718,0D0A21,VOI710,33.313899,-117.597993,,,312,,7204,-49.5,1926,8.1
2026-07-28T22:02:57.421718,0D1154,VOI7750,33.496353,-117.014117,,,314,,2667,-49.5,1785,3.6
2026-07-28T22:02:57.421718,A8758B,QXE2342,33.179535,-117.528223,,,138,,6051,-49.5,298,0.7
2026-07-28T22:02:57.421718,AB1BF9,ASA1621,32.869558,-117.42692,,,307,,1304,-34.9,100,1.6
2026-07-28T22:02:57.421718,AA3764,N7577N,32.956284,-117.306519,,,114,,4775,-49.5,230,0.3
2026-07-28T22:02:57.421718,A9DA39,,33.208923,-116.980225,,,161,,1200,-49.5,58,50.8
2026-07-28T22:02:57.421718,AA38F8,,33.152161,-116.830426,,,184,,,-49.5,22,43.1
2026-07-28T22:02:57.421718,AC5B43,SWA3486,32.624222,-117.168201,,,96,,7225,-49.5,85,30.7
2026-07-28T22:02:57.421718,A5669F,,33.387589,-117.748993,,,,,,-38.4,3,18.3
2026-07-28T22:03:02.486894,AC36A9,SWA382,32.765979,-117.012018,,,106,,3222,-49.5,3262,55.1
2026-07-28T22:03:02.486894,0D0A21,VOI710,33.313899,-117.597993,,,312,,7204,-36.5,1928,13.2
2026-07-28T22:03:02.486894,0D1154,VOI7750,33.496353,-117.014117,,,314,,2667,-49.5,1785,8.7
2026-07-28T22:03:02.486894,A8758B,QXE2342,33.17276,-117.521136,,,138,,6051,-49.5,350,0.5
2026-07-28T22:03:02.486894,AB1BF9,ASA1621,32.874306,-117.434207,,,307,,1304,-32.4,164,0.8
2026-07-28T22:03:02.486894,AA3764,N7577N,32.955414,-117.304211,,,114,,4775,-35.7,259,1.9
2026-07-28T22:03:02.486894,A9DA39,,33.208923,-116.980225,,,161,,1200,-49.5,58,55.9
2026-07-28T22:03:02.486894,AA38F8,,33.152161,-116.830426,,,184,,,-49.5,22,48.2
2026-07-28T22:03:02.486894,AC5B43,SWA3486,32.624222,-117.168201,,,96,,7225,-49.5,85,35.8
2026-07-28T22:03:02.486894,A5669F,,33.387589,-117.748993,,,,,,-38.4,3,23.4
2026-07-28T22:03:07.553049,AC36A9,SWA382,32.765979,-117.012018,,,106,,3222,-49.5,3262,60.1
2026-07-28T22:03:07.553049,0D0A21,VOI710,33.313899,-117.597993,,,312,,7204,-49.5,1929,18.2
2026-07-28T22:03:07.553049,0D1154,VOI7750,33.512604,-117.033783,,,314,,2667,-49.5,1789,2.6
2026-07-28T22:03:07.553049,A8758B,QXE2342,33.165956,-117.513914,,,138,,6051,-49.5,390,0.2
2026-07-28T22:03:07.553049,AB1BF9,ASA1621,32.875534,-117.436047,,,307,,1304,-35.8,179,4.7
2026-07-28T22:03:07.553049,AA3764,N7577N,32.954515,-117.301922,,,114,,4775,-35.1,264,3.4
2026-07-28T22:03:07.553049,AA38F8,N758NL,33.135743,-116.840104,,,264,,,-33.4,44,0.8
2026-07-28T22:03:07.553049,AC5B43,SWA3486,32.623343,-117.098507,,,80,,7225,-49.5,89,3.9
2026-07-28T22:03:07.553049,A5669F,,33.387589,-117.748993,,,,,,-38.4,3,28.4
2026-07-28T22:03:12.590586,0D0A21,VOI710,33.313899,-117.597993,,,312,,7204,-49.5,1929,23.3
2026-07-28T22:03:12.590586,0D1154,VOI7750,33.512604,-117.033783,,,314,,2667,-49.5,1789,7.6
2026-07-28T22:03:12.590586,A8758B,QXE2342,33.159622,-117.507294,,,138,,6051,-33.5,415,0.4
2026-07-28T22:03:12.590586,AB1BF9,ASA1621,32.883244,-117.447996,,,307,,1304,-33.2,200,0.6
2026-07-28T22:03:12.590586,AA3764,N7577N,32.952393,-117.296356,,,114,,4775,-49.5,310,0.0
2026-07-28T22:03:12.590586,AA38F8,N758NL,33.135727,-116.841028,,,265,,,-49.5,54,3.9
2026-07-28T22:03:12.590586,AC5B43,SWA3486,32.626741,-117.081411,,,74,,7225,-30.3,120,0.1
2026-07-28T22:03:12.590586,A5669F,,33.387589,-117.748993,,,,,,-38.4,3,33.5
2026-07-28T22:03:17.662900,0D0A21,VOI710,33.313899,-117.597993,,,312,,7204,-49.5,1929,28.3
2026-07-28T22:03:17.662900,0D1154,VOI7750,33.512604,-117.033783,,,314,,2667,-49.5,1793,12.7
2026-07-28T22:03:17.662900,A8758B,QXE2342,33.153168,-117.500537,,,138,,6051,-49.5,442,0.2
2026-07-28T22:03:17.662900,AB1BF9,ASA1621,32.886749,-117.453516,,,306,,1304,-49.5,245,1.5
2026-07-28T22:03:17.662900,AA3764,N7577N,32.95121,-117.293234,,,114,,4775,-26.1,360,0.1
2026-07-28T22:03:17.662900,AA38F8,N758NL,33.136002,-116.844543,,,282,,,-49.5,70,1.8
2026-07-28T22:03:17.662900,AC5B43,SWA3486,32.628557,-117.074629,,,70,,7225,-34.5,160,1.6
2026-07-28T22:03:17.662900,A5669F,,33.387589,-117.748993,,,,,,-38.4,3,38.5
2026-07-28T22:03:22.707548,0D0A21,VOI710,33.313899,-117.597993,,,312,,7204,-49.5,1929,33.4
2026-07-28T22:03:22.707548,0D1154,VOI7750,33.512604,-117.033783,,,314,,2667,-49.5,1793,17.8
2026-07-28T22:03:22.707548,A8758B,QXE2342,33.151804,-117.499172,,,139,,6051,-34.9,448,4.2
2026-07-28T22:03:22.707548,AB1BF9,ASA1621,32.891204,-117.460607,,,306,,1304,-49.5,286,1.2
2026-07-28T22:03:22.707548,AA3764,N7577N,32.95,-117.290151,,,114,,4775,-49.5,418,0.3
2026-07-28T22:03:22.707548,AA38F8,N758NL,33.136002,-116.844543,,,282,,,-37.3,71,6.9
2026-07-28T22:03:22.707548,AC5B43,SWA3486,32.632048,-117.063642,,,68,,7225,-49.5,197,0.7
2026-07-28T22:03:22.707548,A5669F,,33.387589,-117.748993,,,,,,-38.4,3,43.6
2026-07-28T22:03:27.786096,0D0A21,VOI710,33.313899,-117.597993,,,312,,7204,-49.5,1929,38.5
2026-07-28T22:03:27.786096,0D1154,VOI7750,33.512604,-117.033783,,,314,,2667,-49.5,1793,22.9
2026-07-28T22:03:27.786096,A8758B,QXE2342,33.140957,-117.48841,,,140,,6051,-30.7,476,0.6
2026-07-28T22:03:27.786096,AB1BF9,ASA1621,32.894137,-117.46526,,,306,,1304,-36.3,303,2.8
2026-07-28T22:03:27.786096,AA3764,N7577N,32.948776,-117.286853,,,114,,4775,-49.5,470,0.0
2026-07-28T22:03:27.786096,AA38F8,N758NL,33.138062,-116.849542,,,282,,,-35.9,72,0.9
2026-07-28T22:03:27.786096,AC5B43,SWA3486,32.635493,-117.05316,,,68,,7225,-28.7,244,0.2
2026-07-28T22:03:27.786096,A5669F,,33.387589,-117.748993,,,,,,-38.4,3,48.7
2026-07-28T22:03:32.865789,0D0A21,VOI710,33.313899,-117.597993,,,312,,7204,-49.5,1929,43.6
2026-07-28T22:03:32.865789,0D1154,VOI7750,33.512604,-117.033783,,,314,,2667,-49.5,1793,27.9
2026-07-28T22:03:32.865789,A8758B,QXE2342,33.13444,-117.482244,,,141,,6051,-49.5,509,0.4
2026-07-28T22:03:32.865789,AB1BF9,ASA1621,32.894137,-117.46526,,,306,,1304,-35.0,304,7.8
2026-07-28T22:03:32.865789,AA3764,N7577N,32.947905,-117.28449,,,114,,4775,-34.7,512,1.2
2026-07-28T22:03:32.865789,AA38F8,N758NL,33.138062,-116.849542,,,282,,,-35.9,72,6.0
2026-07-28T22:03:32.865789,AC5B43,SWA3486,32.638426,-117.04408,,,69,,7225,-49.5,294,0.4
2026-07-28T22:03:32.865789,A5669F,,33.387589,-117.748993,,,,,,-38.4,3,53.8
2026-07-28T22:03:37.945416,0D0A21,VOI710,33.313899,-117.597993,,,312,,7204,-49.5,1929,48.6
2026-07-28T22:03:37.945416,0D1154,VOI7750,33.512604,-117.033783,,,314,,2667,-49.5,1793,33.0
2026-07-28T22:03:37.945416,A8758B,QXE2342,33.128723,-117.477026,,,142,,6051,-49.5,533,0.8
2026-07-28T22:03:37.945416,AB1BF9,ASA1621,32.904425,-117.481347,,,307,,1304,-32.7,316,0.9
2026-07-28T22:03:37.945416,AA3764,N7577N,32.946487,-117.280811,,,114,,4775,-49.5,537,0.1
2026-07-28T22:03:37.945416,AA38F8,N758NL,33.141004,-116.852604,,,330,,,-36.4,91,2.2
2026-07-28T22:03:37.945416,AC5B43,SWA3486,32.641731,-117.033878,,,69,,7225,-49.5,361,0.0
2026-07-28T22:03:37.945416,A5669F,,33.387589,-117.748993,,,,,,-38.4,3,58.9
2026-07-28T22:03:43.022999,0D0A21,VOI710,33.313899,-117.597993,,,312,,7204,-49.5,1929,53.7
2026-07-28T22:03:43.022999,0D1154,VOI7750,33.512604,-117.033783,,,314,,2667,-49.5,1793,38.1
2026-07-28T22:03:43.022999,A8758B,QXE2342,33.122522,-117.471538,,,144,,6051,-35.8,555,0.8
2026-07-28T22:03:43.022999,AB1BF9,ASA1621,32.909686,-117.489587,,,307,,1304,-49.5,366,0.0
2026-07-28T22:03:43.022999,AA3764,N7577N,32.945391,-117.277932,,,114,,4775,-26.6,587,0.3
2026-07-28T22:03:43.022999,AA38F8,N758NL,33.143555,-116.853772,,,344,,,-49.5,125,1.1
2026-07-28T22:03:43.022999,AC5B43,SWA3486,32.644867,-117.024225,,,69,,7225,-49.5,418,0.0
2026-07-28T22:03:43.022999,A5669F,,33.387589,-117.748993,,,,,,-38.4,3,63.9
2026-07-28T22:03:48.076189,0D0A21,VOI710,33.313899,-117.597993,,,312,,7204,-49.5,1929,58.7
2026-07-28T22:03:48.076189,0D1154,VOI7750,33.512604,-117.033783,,,314,,2667,-49.5,1793,43.1
2026-07-28T22:03:48.076189,A8758B,QXE2342,33.116238,-117.466213,,,144,,6051,-30.4,572,0.8
2026-07-28T22:03:48.076189,AB1BF9,ASA1621,32.909686,-117.489587,,,307,,1304,-35.6,375,5.1
2026-07-28T22:03:48.076189,AA3764,N7577N,32.94429,-117.274933,,,113,,4775,-25.5,632,0.3
2026-07-28T22:03:48.076189,AA38F8,N758NL,33.146264,-116.854229,,,356,,,-36.2,139,0.1
2026-07-28T22:03:48.076189,AC5B43,SWA3486,32.647934,-117.014667,,,69,,7225,-28.0,480,0.0
2026-07-28T22:03:53.128135,0D0A21,VOI710,33.313899,-117.597993,,,312,,7204,-49.5,1929,63.8
2026-07-28T22:03:53.128135,0D1154,VOI7750,33.583809,-117.120266,,,314,,2667,-34.5,1803,1.0
2026-07-28T22:03:53.128135,A8758B,QXE2342,33.110372,-117.461336,,,145,,6051,-49.5,602,1.0
2026-07-28T22:03:53.128135,AB1BF9,ASA1621,32.909686,-117.489587,,,307,,1304,-35.6,375,10.1
2026-07-28T22:03:53.128135,AA3764,N7577N,32.943203,-117.27199,,,113,,4775,-49.5,674,0.4
2026-07-28T22:03:53.128135,AA38F8,N758NL,33.148453,-116.853992,,,10,,,-49.5,158,0.3
2026-07-28T22:03:53.128135,AC5B43,SWA3486,32.650948,-117.00546,,,69,,7225,-49.5,545,0.2
2026-07-28T22:03:58.206197,0D0A21,VOI710,33.313899,-117.597993,,,312,,7204,-49.5,1929,68.9
2026-07-28T22:03:58.206197,0D1154,VOI7750,33.585531,-117.122326,,,314,,2667,-49.5,1810,4.9
2026-07-28T22:03:58.206197,A8758B,QXE2342,33.103912,-117.455988,,,144,,6051,-49.5,638,0.8
2026-07-28T22:03:58.206197,AB1BF9,ASA1621,32.909686,-117.489587,,,307,,1304,-35.6,375,15.2
2026-07-28T22:03:58.206197,AA3764,N7577N,32.942505,-117.27014,,,113,,4775,-33.1,696,2.3
2026-07-28T22:03:58.206197,AA38F8,N758NL,33.150174,-116.853445,,,19,,,-35.9,175,1.4
2026-07-28T22:03:58.206197,AC5B43,SWA3486,32.654021,-116.995987,,,69,,7225,-49.5,593,0.3
2026-07-28T22:04:03.285203,0D0A21,VOI710,33.313899,-117.597993,,,312,,7204,-49.5,1929,73.9
2026-07-28T22:04:03.285203,0D1154,VOI7750,33.593948,-117.132587,,,314,,2667,-49.5,1825,4.3
2026-07-28T22:04:03.285203,A8758B,QXE2342,33.09819,-117.451208,,,144,,6051,-33.1,660,0.9
2026-07-28T22:04:03.285203,AB1BF9,ASA1621,32.909686,-117.489587,,,307,,1304,-35.6,375,20.3
2026-07-28T22:04:03.285203,AA3764,N7577N,32.941015,-117.266273,,,113,,4775,-35.0,723,0.6
2026-07-28T22:04:03.285203,AA38F8,N758NL,33.150174,-116.853445,,,19,,,-35.9,175,6.5
2026-07-28T22:04:03.285203,AC5B43,SWA3486,32.654626,-116.994025,,,69,,7225,-49.5,605,4.3
2026-07-28T22:04:08.338205,0D1154,VOI7750,33.593948,-117.132587,,,314,,2667,-49.5,1825,9.3
2026-07-28T22:04:08.338205,A8758B,QXE2342,33.097012,-117.450238,,,144,,6051,-35.1,664,5.0
2026-07-28T22:04:08.338205,AB1BF9,ASA1621,32.909686,-117.489587,,,307,,1304,-49.5,382,25.3
2026-07-28T22:04:08.338205,AA3764,N7577N,32.939945,-117.263246,,,113,,4775,-49.5,737,0.4
2026-07-28T22:04:08.338205,AA38F8,N758NL,33.154643,-116.851651,,,19,,,-49.5,182,1.0
2026-07-28T22:04:08.338205,AC5B43,SWA3486,32.659514,-116.976424,,,73,,7225,-29.3,652,0.2
2026-07-28T22:04:13.388848,0D1154,VOI7750,33.593948,-117.132587,,,314,,2667,-49.5,1825,14.4
2026-07-28T22:04:13.388848,A8758B,QXE2342,33.097012,-117.450238,,,144,,6051,-35.1,664,10.0
2026-07-28T22:04:13.388848,AB1BF9,ASA1621,32.909686,-117.489587,,,307,,1304,-49.5,382,30.4
2026-07-28T22:04:13.388848,AA3764,N7577N,32.938797,-117.260156,,,113,,4775,-30.5,772,0.0
2026-07-28T22:04:13.388848,AA38F8,N758NL,33.155714,-116.851427,,,19,,,-49.5,189,3.7
2026-07-28T22:04:13.388848,AC5B43,SWA3486,32.661713,-116.966656,,,75,,7225,-31.6,703,0.3
2026-07-28T22:04:18.450876,0D1154,VOI7750,33.593948,-117.132587,,,314,,2667,-49.5,1825,19.4
2026-07-28T22:04:18.450876,A8758B,QXE2342,33.081161,-117.436981,,,144,,6051,-49.5,670,1.0
2026-07-28T22:04:18.450876,AB1BF9,ASA1621,32.909686,-117.489587,,,307,,1304,-49.5,382,35.4
2026-07-28T22:04:18.450876,AA3764,N7577N,32.938431,-117.259222,,,113,,4775,-49.5,785,3.5
2026-07-28T22:04:18.450876,AA38F8,N758NL,33.157608,-116.851025,,,10,,,-35.3,196,4.4
2026-07-28T22:04:18.450876,AC5B43,SWA3486,32.663517,-116.956638,,,78,,7225,-49.5,758,0.3
2026-07-28T22:04:18.450876,A5669F,,33.288248,-117.643227,,,138,,,-36.5,4,28.3
2026-07-28T22:04:18.450876,A9DA39,,33.15033,-116.960175,,,172,,,-49.5,2,2.2
2026-07-28T22:04:18.450876,0D0AF1,,33.031723,-116.395752,,,300,,,-49.5,2,1.1
2026-07-28T22:04:23.492697,0D1154,VOI7750,33.593948,-117.132587,,,314,,2667,-49.5,1825,24.5
2026-07-28T22:04:23.492697,A8758B,QXE2342,33.07576,-117.432477,,,144,,6051,-34.4,700,1.5
2026-07-28T22:04:23.492697,AB1BF9,ASA1621,32.909686,-117.489587,,,307,,1304,-34.9,384,40.5
2026-07-28T22:04:23.492697,AA3764,N7577N,32.938431,-117.259222,,,113,,4775,-49.5,785,8.5
2026-07-28T22:04:23.492697,AA38F8,N758NL,33.157608,-116.851025,,,10,,,-35.3,196,9.4
2026-07-28T22:04:23.492697,AC5B43,SWA3486,32.665009,-116.946277,,,81,,7225,-26.3,811,0.2
2026-07-28T22:04:23.492697,A5669F,,33.288248,-117.643227,,,138,,,-49.5,10,33.3
2026-07-28T22:04:23.492697,A9DA39,,33.15033,-116.960175,,,172,,,-37.7,3,7.2
2026-07-28T22:04:23.492697,0D0AF1,,33.035889,-116.40435,,,300,,,-49.5,22,2.6
2026-07-28T22:04:28.545910,0D1154,VOI7750,33.593948,-117.132587,,,314,,2667,-49.5,1825,29.5
2026-07-28T22:04:28.545910,A8758B,QXE2342,33.07576,-117.432477,,,145,,6051,-36.8,703,6.6
2026-07-28T22:04:28.545910,AB1BF9,ASA1621,32.947393,-117.548274,,,307,,1304,-49.5,389,4.8
2026-07-28T22:04:28.545910,AA3764,N7577N,32.93622,-117.253156,,,113,,4775,-49.5,790,2.9
2026-07-28T22:04:28.545910,AA38F8,N758NL,33.157608,-116.851025,,,10,,,-35.3,196,14.5
2026-07-28T22:04:28.545910,AC5B43,SWA3486,32.665985,-116.936739,,,83,,7225,-49.5,861,0.6
2026-07-28T22:04:28.545910,A5669F,,33.238037,-117.589801,,,138,,,-36.7,23,2.3
2026-07-28T22:04:28.545910,A9DA39,,33.14659,-116.960169,,,172,,,-49.5,6,4.0
2026-07-28T22:04:28.545910,0D0AF1,,33.035889,-116.40435,,,300,,,-49.5,22,7.6
2026-07-28T22:04:28.545910,A12D67,,32.824123,-117.356854,,,307,,,-49.5,2,19.3
2026-07-28T22:04:33.595055,0D1154,VOI7750,33.593948,-117.132587,,,314,,2667,-49.5,1825,34.6
2026-07-28T22:04:33.595055,A8758B,QXE2342,33.066892,-117.42507,,,145,,6051,-36.2,708,3.8
2026-07-28T22:04:33.595055,AB1BF9,ASA1621,32.947393,-117.548274,,,307,,1304,-49.5,394,9.8
2026-07-28T22:04:33.595055,AA3764,N7577N,32.935103,-117.25013,,,113,,4775,-49.5,797,2.7
2026-07-28T22:04:33.595055,AA38F8,N758NL,33.157608,-116.851025,,,10,,,-35.3,196,19.6
2026-07-28T22:04:33.595055,AC5B43,SWA3486,32.665985,-116.936739,,,83,,7225,-49.5,861,5.6
2026-07-28T22:04:33.595055,A5669F,,33.238037,-117.589801,,,138,,,-49.5,26,7.3
2026-07-28T22:04:33.595055,A9DA39,,33.143097,-116.96001,,,177,,,-49.5,18,1.5
2026-07-28T22:04:33.595055,0D0AF1,,33.035889,-116.40435,,,300,,,-49.5,22,12.7
2026-07-28T22:04:33.595055,A12D67,,32.84166,-117.383588,,,307,,,-32.7,20,1.0
2026-07-28T22:04:38.655976,0D1154,VOI7750,33.593948,-117.132587,,,314,,2667,-49.5,1825,39.6
2026-07-28T22:04:38.655976,A8758B,QXE2342,33.059555,-117.418964,,,144,,6051,-49.5,725,2.3
2026-07-28T22:04:38.655976,AB1BF9,ASA1621,32.947393,-117.548274,,,307,,1304,-37.5,395,14.9
2026-07-28T22:04:38.655976,AA3764,N7577N,32.933578,-117.245984,,,113,,4775,-28.8,812,0.4
2026-07-28T22:04:38.655976,AA38F8,N758NL,33.157608,-116.851025,,,10,,,-35.3,196,24.6
2026-07-28T22:04:38.655976,AC5B43,SWA3486,32.665985,-116.936739,,,83,,7225,-38.8,863,10.7
2026-07-28T22:04:38.655976,A5669F,,33.238037,-117.589801,,,138,,,-49.5,26,12.4
2026-07-28T22:04:38.655976,A9DA39,,33.143097,-116.96001,,,177,,,-49.5,18,6.6
2026-07-28T22:04:38.655976,0D0AF1,VIV0518,33.052185,-116.441071,,,296,,,-32.6,52,0.7
2026-07-28T22:04:38.655976,A12D67,,32.84166,-117.383588,,,307,,,-32.7,20,6.1
2026-07-28T22:04:43.698075,0D1154,VOI7750,33.593948,-117.132587,,,314,,2667,-49.5,1825,44.7
2026-07-28T22:04:43.698075,A8758B,QXE2342,33.059555,-117.418964,,,144,,6051,-49.5,725,7.3
2026-07-28T22:04:43.698075,AB1BF9,ASA1621,32.947393,-117.548274,,,307,,1304,-37.5,395,19.9
2026-07-28T22:04:43.698075,AA3764,N7577N,32.932496,-117.243011,,,113,,4775,-31.9,859,0.2
2026-07-28T22:04:43.698075,AA38F8,N758NL,33.157608,-116.851025,,,10,,,-35.3,196,29.7
2026-07-28T22:04:43.698075,AC5B43,SWA3486,32.667288,-116.905069,,,88,,7225,-49.5,914,0.4
2026-07-28T22:04:43.698075,A5669F,,33.238037,-117.589801,,,138,,,-49.5,26,17.4
2026-07-28T22:04:43.698075,A9DA39,,33.143097,-116.96001,,,177,,,-49.5,18,11.6
2026-07-28T22:04:43.698075,0D0AF1,VIV0518,33.056279,-116.451435,,,295,,,-49.5,89,1.0
2026-07-28T22:04:43.698075,A12D67,,32.84166,-117.383588,,,307,,,-32.7,20,11.1
2026-07-28T22:04:48.753645,0D1154,VOI7750,33.593948,-117.132587,,,314,,2667,-49.5,1825,49.8
2026-07-28T22:04:48.753645,A8758B,QXE2342,33.046097,-117.407758,,,144,,6051,-49.5,738,0.4
2026-07-28T22:04:48.753645,AB1BF9,ASA1621,32.947393,-117.548274,,,307,,1304,-37.5,395,25.0
2026-07-28T22:04:48.753645,AA3764,N7577N,32.931473,-117.240161,,,113,,4775,-49.5,897,0.3
2026-07-28T22:04:48.753645,AA38F8,N758NL,33.157608,-116.851025,,,10,,,-35.3,196,34.7
2026-07-28T22:04:48.753645,AC5B43,SWA3486,32.667435,-116.900629,,,88,,7225,-49.5,934,3.3
2026-07-28T22:04:48.753645,A5669F,,33.238037,-117.589801,,,138,,,-49.5,26,22.5
2026-07-28T22:04:48.753645,A9DA39,,33.143097,-116.96001,,,177,,,-49.5,18,16.7
2026-07-28T22:04:48.753645,0D0AF1,VIV0518,33.061203,-116.464526,,,294,,,-49.5,125,0.0
2026-07-28T22:04:48.753645,A12D67,,32.84166,-117.383588,,,307,,,-32.7,20,16.2
2026-07-28T22:04:53.835755,0D1154,VOI7750,33.593948,-117.132587,,,314,,2667,-49.5,1825,54.8
2026-07-28T22:04:53.835755,A8758B,QXE2342,33.041611,-117.404022,,,144,,6051,-49.5,781,1.5
2026-07-28T22:04:53.835755,AB1BF9,ASA1621,32.947393,-117.548274,,,307,,1304,-37.5,395,30.1
2026-07-28T22:04:53.835755,AA3764,N7577N,32.931239,-117.239536,,,113,,4775,-49.5,905,4.2
2026-07-28T22:04:53.835755,AA38F8,N758NL,33.157608,-116.851025,,,10,,,-35.3,196,39.8
2026-07-28T22:04:53.835755,AC5B43,SWA3486,32.667435,-116.900629,,,88,,7225,-49.5,934,8.3
2026-07-28T22:04:53.835755,A5669F,,33.238037,-117.589801,,,138,,,-49.5,26,27.6
2026-07-28T22:04:53.835755,A9DA39,,33.143097,-116.96001,,,177,,,-49.5,18,21.8
2026-07-28T22:04:53.835755,0D0AF1,VIV0518,33.065231,-116.475293,,,293,,,-49.5,157,0.3
2026-07-28T22:04:53.835755,A12D67,,32.84166,-117.383588,,,307,,,-32.7,20,21.2
2026-07-28T22:04:53.835755,A667CF,N5112L,32.859269,-117.249401,,,338,,4633,-49.5,21,1.9
2026-07-28T22:04:58.918169,0D1154,VOI7750,33.593948,-117.132587,,,314,,2667,-49.5,1825,59.9
2026-07-28T22:04:58.918169,A8758B,QXE2342,33.039413,-117.402155,,,144,,6051,-49.5,789,4.6
2026-07-28T22:04:58.918169,AB1BF9,ASA1621,32.947393,-117.548274,,,307,,1304,-37.5,395,35.2
2026-07-28T22:04:58.918169,AA3764,N7577N,32.929367,-117.234448,,,113,,4775,-32.6,927,0.3
2026-07-28T22:04:58.918169,AA38F8,N758NL,33.157608,-116.851025,,,10,,,-35.3,196,44.9
2026-07-28T22:04:58.918169,AC5B43,SWA3486,32.668076,-116.876239,,,88,,7225,-49.5,954,1.7
2026-07-28T22:04:58.918169,A5669F,,33.238037,-117.589801,,,138,,,-36.1,28,32.6
2026-07-28T22:04:58.918169,A9DA39,,33.143097,-116.96001,,,177,,,-49.5,18,26.9
2026-07-28T22:04:58.918169,0D0AF1,VIV0518,33.069453,-116.48658,,,293,,4357,-49.5,178,0.2
2026-07-28T22:04:58.918169,A12D67,,32.84166,-117.383588,,,307,,,-32.7,20,26.3
2026-07-28T22:04:58.918169,A667CF,N5112L,32.860433,-117.249905,,,338,,4633,-36.8,23,4.4
2026-07-28T22:05:03.960941,A8758B,QXE2342,33.028952,-117.393344,,,144,,6051,-33.0,832,0.2
2026-07-28T22:05:03.960941,AB1BF9,ASA1621,32.986264,-117.608923,,,307,,1304,-49.5,401,0.3
2026-07-28T22:05:03.960941,AA3764,N7577N,32.9284,-117.231688,,,113,,4775,-29.1,967,0.3
2026-07-28T22:05:03.960941,AA38F8,N758NL,33.157608,-116.851025,,,10,,,-35.3,196,49.9
2026-07-28T22:05:03.960941,AC5B43,SWA3486,32.668173,-116.872166,,,88,,7225,-37.4,955,4.8
2026-07-28T22:05:03.960941,A5669F,,33.186811,-117.53583,,,138,,,-49.5,66,0.3
2026-07-28T22:05:03.960941,A9DA39,,33.143097,-116.96001,,,177,,,-49.5,18,31.9
2026-07-28T22:05:03.960941,0D0AF1,VIV0518,33.073363,-116.497062,,,293,,4357,-49.5,210,0.4
2026-07-28T22:05:03.960941,A12D67,,32.84166,-117.383588,,,307,,,-49.5,21,31.4
2026-07-28T22:05:03.960941,A667CF,N5112L,32.863449,-117.250928,,,338,,4633,-49.5,26,3.1
2026-07-28T22:05:09.012664,A8758B,QXE2342,33.023849,-117.389081,,,144,,6051,-49.5,870,0.7
2026-07-28T22:05:09.012664,AB1BF9,ASA1621,32.98732,-117.610565,,,307,,1304,-49.5,410,4.3
2026-07-28T22:05:09.012664,AA3764,N7577N,32.927329,-117.228773,,,113,,4775,-31.8,1019,0.3
2026-07-28T22:05:09.012664,AA38F8,N758NL,33.157608,-116.851025,,,10,,,-35.3,196,55.0
2026-07-28T22:05:09.012664,AC5B43,SWA3486,32.668173,-116.872166,,,88,,7225,-37.4,955,9.9
2026-07-28T22:05:09.012664,A5669F,SWA250,33.180247,-117.528936,,,138,,1747,-29.7,111,0.5
2026-07-28T22:05:09.012664,A9DA39,,33.143097,-116.96001,,,177,,,-49.5,18,36.9
2026-07-28T22:05:09.012664,0D0AF1,VIV0518,33.074203,-116.499353,,,293,,4357,-49.5,222,4.4
2026-07-28T22:05:09.012664,A12D67,SKW847E,32.869034,-117.42594,,,307,,,-36.4,35,0.4
2026-07-28T22:05:09.012664,A667CF,N5112L,32.865554,-117.251699,,,342,,4633,-49.5,38,3.8
2026-07-28T22:05:14.063776,A8758B,QXE2342,33.018338,-117.384432,,,144,,6051,-49.5,889,0.8
2026-07-28T22:05:14.063776,AB1BF9,ASA1621,32.996567,-117.624628,,,307,,1304,-35.2,443,0.3
2026-07-28T22:05:14.063776,AA3764,N7577N,32.926724,-117.227148,,,113,,4775,-35.1,1043,2.5
2026-07-28T22:05:14.063776,AA38F8,N758NL,33.157608,-116.851025,,,10,,,-35.3,196,60.0
2026-07-28T22:05:14.063776,AC5B43,SWA3486,32.6689,-116.842786,,,88,,7225,-34.5,964,1.0
2026-07-28T22:05:14.063776,A5669F,SWA250,33.173544,-117.521929,,,138,,1747,-29.1,155,0.7
2026-07-28T22:05:14.063776,A9DA39,,33.143097,-116.96001,,,177,,,-49.5,18,42.0
2026-07-28T22:05:14.063776,0D0AF1,VIV0518,33.074203,-116.499353,,,293,,4357,-35.8,224,9.4
2026-07-28T22:05:14.063776,A12D67,SKW847E,32.873016,-117.432147,,,307,,,-32.3,64,0.3
2026-07-28T22:05:14.063776,A667CF,N5112L,32.865554,-117.251699,,,342,,4633,-49.5,38,8.8
2026-07-28T22:05:19.126827,A8758B,QXE2342,33.012817,-117.379852,,,144,,6051,-49.5,933,0.8
2026-07-28T22:05:19.126827,AB1BF9,ASA1621,32.996567,-117.624628,,,307,,1304,-49.5,449,5.3
2026-07-28T22:05:19.126827,AA3764,N7577N,32.926724,-117.227148,,,113,,4775,-35.1,1043,7.5
2026-07-28T22:05:19.126827,AC5B43,SWA3486,32.6689,-116.842786,,,88,,7225,-34.5,964,6.1
2026-07-28T22:05:19.126827,A5669F,SWA250,33.166514,-117.514586,,,138,,1747,-34.7,199,0.5
2026-07-28T22:05:19.126827,A9DA39,,33.143097,-116.96001,,,177,,,-49.5,18,47.1
2026-07-28T22:05:19.126827,0D0AF1,VIV0518,33.074203,-116.499353,,,293,,4357,-49.5,225,14.5
2026-07-28T22:05:19.126827,A12D67,SKW847E,32.874847,-117.435004,,,307,,6772,-35.3,88,2.9
2026-07-28T22:05:19.126827,A667CF,N5112L,32.872284,-117.254224,,,341,,4633,-49.5,61,0.4
2026-07-28T22:05:24.168169,A8758B,QXE2342,33.007141,-117.375018,,,144,,6051,-49.5,953,0.6
2026-07-28T22:05:24.168169,AB1BF9,ASA1621,32.996567,-117.624628,,,307,,1304,-49.5,453,10.4
2026-07-28T22:05:24.168169,AA3764,N7577N,32.924194,-117.220111,,,113,,4775,-49.5,1057,0.0
2026-07-28T22:05:24.168169,AC5B43,SWA3486,32.6689,-116.842786,,,88,,7225,-34.5,964,11.1
2026-07-28T22:05:24.168169,A5669F,SWA250,33.159393,-117.507074,,,138,,1747,-49.5,233,0.3
2026-07-28T22:05:24.168169,A9DA39,,33.143097,-116.96001,,,177,,,-49.5,18,52.1
2026-07-28T22:05:24.168169,0D0AF1,VIV0518,33.088819,-116.538316,,,294,,4357,-49.5,237,1.6
2026-07-28T22:05:24.168169,A12D67,SKW847E,32.874847,-117.435004,,,307,,6772,-35.3,88,8.0
2026-07-28T22:05:24.168169,A667CF,N5112L,32.872284,-117.254224,,,341,,4633,-37.7,63,5.4
2026-07-28T22:05:29.220285,A8758B,QXE2342,33.001007,-117.36991,,,144,,6051,-31.8,983,0.2
2026-07-28T22:05:29.220285,AB1BF9,ASA1621,32.996567,-117.624628,,,307,,1304,-49.5,453,15.4
2026-07-28T22:05:29.220285,AA3764,N7577N,32.923232,-117.217507,,,113,,4775,-29.1,1084,0.4
2026-07-28T22:05:29.220285,AC5B43,SWA3486,32.6689,-116.842786,,,88,,7225,-34.5,964,16.2
2026-07-28T22:05:29.220285,A5669F,SWA250,33.152802,-117.500153,,,138,,1747,-49.5,270,0.4
2026-07-28T22:05:29.220285,A9DA39,,33.143097,-116.96001,,,177,,,-49.5,18,57.2
2026-07-28T22:05:29.220285,0D0AF1,VIV0518,33.088819,-116.538316,,,294,,4357,-49.5,254,6.7
2026-07-28T22:05:29.220285,A12D67,SKW847E,32.874847,-117.435004,,,307,,6772,-38.0,91,13.0
2026-07-28T22:05:29.220285,A667CF,N5112L,32.875656,-117.255623,,,340,,4633,-38.0,67,3.9
2026-07-28T22:05:29.220285,ADDDD5,,33.507706,-117.239941,,,101,,,-49.5,41,0.0
2026-07-28T22:05:34.269782,A8758B,QXE2342,32.996459,-117.366047,,,144,,6051,-36.4,1003,0.9
2026-07-28T22:05:34.269782,AB1BF9,ASA1621,32.996567,-117.624628,,,307,,1304,-49.5,453,20.5
2026-07-28T22:05:34.269782,AA3764,N7577N,32.92218,-117.214673,,,112,,4775,-49.5,1117,0.4
2026-07-28T22:05:34.269782,AC5B43,SWA3486,32.6689,-116.842786,,,88,,7225,-34.5,964,21.2
2026-07-28T22:05:34.269782,A5669F,SWA250,33.146264,-117.493286,,,138,,1747,-49.5,294,0.6
2026-07-28T22:05:34.269782,0D0AF1,VIV0518,33.097943,-116.562475,,,294,,4357,-33.3,295,0.6
2026-07-28T22:05:34.269782,A12D67,SKW847E,32.88613,-117.45248,,,307,,6772,-49.5,113,3.5
2026-07-28T22:05:34.269782,A667CF,N5112L,32.875656,-117.255623,,,340,,4633,-38.0,67,8.9
2026-07-28T22:05:34.269782,ADDDD5,AAL2199,33.506287,-117.229395,,,98,,,-49.5,57,0.6
2026-07-28T22:05:39.392166,A8758B,QXE2342,32.991152,-117.361618,,,144,,6051,-49.5,1030,1.2
2026-07-28T22:05:39.392166,AB1BF9,ASA1621,32.996567,-117.624628,,,307,,1304,-49.5,453,25.6
2026-07-28T22:05:39.392166,AA3764,N7577N,32.921324,-117.212182,,,113,,4775,-34.0,1152,1.1
2026-07-28T22:05:39.392166,AC5B43,SWA3486,32.6689,-116.842786,,,88,,7225,-49.5,965,26.3
2026-07-28T22:05:39.392166,A5669F,SWA250,33.13916,-117.48631,,,141,,1747,-29.6,335,0.5
2026-07-28T22:05:39.392166,0D0AF1,VIV0518,33.1019,-116.573069,,,294,,4357,-31.6,336,0.8
2026-07-28T22:05:39.392166,A12D67,SKW847E,32.889249,-117.4573,,,307,,6772,-49.5,126,4.6
2026-07-28T22:05:39.392166,A667CF,N5112L,32.882538,-117.258618,,,340,,4633,-36.1,68,0.1
2026-07-28T22:05:39.392166,ADDDD5,AAL2199,33.50602,-117.226643,,,98,,,-33.9,60,4.6
2026-07-28T22:05:44.465359,A8758B,QXE2342,32.987549,-117.358594,,,144,,6051,-36.9,1051,2.8
2026-07-28T22:05:44.465359,AB1BF9,ASA1621,32.996567,-117.624628,,,307,,1304,-49.5,453,30.7
2026-07-28T22:05:44.465359,AA3764,N7577N,32.920166,-117.20907,,,113,,4775,-49.5,1170,0.7
2026-07-28T22:05:44.465359,AC5B43,SWA3486,32.6689,-116.842786,,,70,,7225,-36.8,967,31.4
2026-07-28T22:05:44.465359,A5669F,SWA250,33.132252,-117.480058,,,143,,1747,-49.5,382,0.6
2026-07-28T22:05:44.465359,0D0AF1,VIV0518,33.106293,-116.584772,,,293,,4357,-32.0,387,0.4
2026-07-28T22:05:44.465359,A12D67,SKW847E,32.894714,-117.46582,,,307,,6772,-49.5,141,2.5
2026-07-28T22:05:44.465359,A667CF,N5112L,32.882538,-117.258618,,,340,,4633,-49.5,69,5.2
2026-07-28T22:05:44.465359,ADDDD5,AAL2199,33.50602,-117.226643,,,98,,,-33.9,60,9.7
2026-07-28T22:05:49.546631,A8758B,QXE2342,32.978851,-117.351343,,,144,,6051,-30.3,1091,0.0
2026-07-28T22:05:49.546631,AB1BF9,ASA1621,32.996567,-117.624628,,,307,,1304,-49.5,453,35.8
2026-07-28T22:05:49.546631,AA3764,N7577N,32.919043,-117.206016,,,113,,4775,-49.5,1205,0.3
2026-07-28T22:05:49.546631,AC5B43,SWA3486,32.682557,-116.769029,,,60,,7225,-49.5,974,0.0
2026-07-28T22:05:49.546631,A5669F,SWA250,33.124757,-117.473668,,,145,,1747,-49.5,426,0.4
2026-07-28T22:05:49.546631,0D0AF1,VIV0518,33.110641,-116.596362,,,293,,4357,-33.5,431,0.0
2026-07-28T22:05:49.546631,A12D67,SKW847E,32.894714,-117.46582,,,307,,6772,-49.5,141,7.6
2026-07-28T22:05:49.546631,A667CF,N5112L,32.882538,-117.258618,,,340,,4633,-38.1,71,10.3
2026-07-28T22:05:49.546631,ADDDD5,AAL2199,33.50602,-117.226643,,,98,,,-33.9,60,14.7
2026-07-28T22:05:54.586394,A8758B,QXE2342,32.973679,-117.346948,,,144,,6051,-49.5,1130,0.2
2026-07-28T22:05:54.586394,AB1BF9,ASA1621,32.996567,-117.624628,,,307,,1304,-49.5,453,40.8
2026-07-28T22:05:54.586394,AA3764,N7577N,32.917969,-117.203027,,,113,,4775,-33.0,1243,0.0
2026-07-28T22:05:54.586394,AC5B43,SWA3486,32.687399,-116.76079,,,53,,7225,-49.5,1017,0.3
2026-07-28T22:05:54.586394,A5669F,SWA250,33.119031,-117.468959,,,145,,1747,-49.5,462,1.4
2026-07-28T22:05:54.586394,0D0AF1,VIV0518,33.114283,-116.60614,,,293,,4357,-31.7,496,0.5
2026-07-28T22:05:54.586394,A12D67,SKW847E,32.894714,-117.46582,,,307,,6772,-49.5,141,12.6
2026-07-28T22:05:54.586394,A667CF,N5112L,32.88897,-117.26162,,,338,,4633,-36.6,83,2.2
2026-07-28T22:05:54.586394,ADDDD5,AAL2199,33.50602,-117.226643,,,98,,,-33.9,60,19.8
2026-07-28T22:05:59.640076,A8758B,QXE2342,32.970343,-117.344186,,,144,,6051,-49.5,1154,2.2
2026-07-28T22:05:59.640076,AB1BF9,ASA1621,32.996567,-117.624628,,,307,,1304,-49.5,453,45.9
2026-07-28T22:05:59.640076,AA3764,N7577N,32.916962,-117.200281,,,113,,4775,-49.5,1298,0.3
2026-07-28T22:05:59.640076,AC5B43,SWA3486,32.693497,-116.752326,,,48,,7225,-49.5,1058,0.0
2026-07-28T22:05:59.640076,A5669F,SWA250,33.109955,-117.461426,,,144,,1747,-35.4,519,0.0
2026-07-28T22:05:59.640076,0D0AF1,VIV0518,33.118057,-116.616248,,,294,,4357,-35.2,524,0.9
2026-07-28T22:05:59.640076,A12D67,SKW847E,32.907166,-117.485156,,,307,,6772,-49.5,157,1.6
2026-07-28T22:05:59.640076,A667CF,N5112L,32.88897,-117.26162,,,338,,4633,-36.6,83,7.2
2026-07-28T22:05:59.640076,ADDDD5,AAL2199,33.50602,-117.226643,,,98,,,-33.9,60,24.8
2026-07-28T22:06:04.689835,A8758B,QXE2342,32.962615,-117.33774,,,144,,6051,-32.9,1188,0.2
2026-07-28T22:06:04.689835,AB1BF9,ASA1621,32.996567,-117.624628,,,307,,1304,-49.5,453,50.9
2026-07-28T22:06:04.689835,AA3764,N7577N,32.915955,-117.197589,,,113,,4775,-49.5,1317,0.5
2026-07-28T22:06:04.689835,AC5B43,SWA3486,32.697281,-116.747919,,,42,,7225,-49.5,1077,2.2
2026-07-28T22:06:04.689835,A5669F,SWA250,33.103226,-117.455823,,,144,,1747,-29.2,571,0.3
2026-07-28T22:06:04.689835,0D0AF1,VIV0518,33.118057,-116.616248,,,294,,4357,-35.8,528,6.0
2026-07-28T22:06:04.689835,A12D67,SKW847E,32.910278,-117.48999,,,307,,6772,-37.2,167,2.9
2026-07-28T22:06:04.689835,A667CF,N5112L,32.88897,-117.26162,,,338,,4633,-36.6,83,12.3
2026-07-28T22:06:04.689835,ADDDD5,AAL2199,33.50602,-117.226643,,,98,,,-33.9,60,29.9
2026-07-28T22:06:09.768085,A8758B,QXE2342,32.957448,-117.333424,,,144,,6051,-29.6,1231,0.4
2026-07-28T22:06:09.768085,AB1BF9,ASA1621,32.996567,-117.624628,,,307,,1304,-49.5,454,56.0
2026-07-28T22:06:09.768085,AA3764,N7577N,32.914948,-117.194733,,,113,,4775,-49.5,1349,0.4
2026-07-28T22:06:09.768085,AC5B43,SWA3486,32.706619,-116.738965,,,34,,7225,-34.5,1103,0.5
2026-07-28T22:06:09.768085,A5669F,SWA250,33.097916,-117.451318,,,144,,1747,-32.1,612,1.4
2026-07-28T22:06:09.768085,0D0AF1,VIV0518,33.118057,-116.616248,,,294,,4357,-49.5,530,11.0
2026-07-28T22:06:09.768085,A12D67,SKW847E,32.910278,-117.48999,,,307,,6772,-37.2,167,7.9
2026-07-28T22:06:09.768085,A667CF,N5112L,32.88897,-117.26162,,,338,,4633,-36.6,83,17.4
2026-07-28T22:06:09.768085,ADDDD5,AAL2199,33.50602,-117.226643,,,98,,,-33.9,60,35.0
2026-07-28T22:06:14.820617,A8758B,QXE2342,32.95166,-117.328546,,,144,,6051,-30.9,1263,0.0
2026-07-28T22:06:14.820617,AB1BF9,ASA1621,32.996567,-117.624628,,,307,,1304,-49.5,454,61.0
2026-07-28T22:06:14.820617,AA3764,N7577N,32.913968,-117.192115,,,113,,4775,-49.5,1358,0.8
2026-07-28T22:06:14.820617,AC5B43,SWA3486,32.708176,-116.737701,,,33,,7225,-49.5,1106,4.5
2026-07-28T22:06:14.820617,A5669F,SWA250,33.097916,-117.451318,,,144,,1747,-32.1,612,6.5
2026-07-28T22:06:14.820617,0D0AF1,VIV0518,33.118057,-116.616248,,,289,,4357,-49.5,538,16.1
2026-07-28T22:06:14.820617,A12D67,SKW847E,32.910278,-117.48999,,,307,,6772,-37.2,167,13.0
2026-07-28T22:06:14.820617,A667CF,N5112L,32.898376,-117.266089,,,338,,4633,-49.5,89,3.4
2026-07-28T22:06:14.820617,ADDDD5,AAL2199,33.503906,-117.135736,,,91,,,-49.5,62,1.9
2026-07-28T22:06:19.874254,A8758B,QXE2342,32.946396,-117.324152,,,144,,6051,-33.9,1300,0.2
2026-07-28T22:06:19.874254,AB1BF9,ASA1621,32.996567,-117.624628,,,307,,1304,-49.5,454,66.1
2026-07-28T22:06:19.874254,AA3764,N7577N,32.912888,-117.189075,,,113,,4775,-29.2,1391,0.5
2026-07-28T22:06:19.874254,AC5B43,SWA3486,32.721894,-116.728783,,,24,,7225,-34.6,1115,0.8
2026-07-28T22:06:19.874254,A5669F,SWA250,33.097916,-117.451318,,,144,,1747,-36.8,623,11.6
2026-07-28T22:06:19.874254,0D0AF1,VIV0518,33.130554,-116.655359,,,288,,4357,-34.6,563,3.1
2026-07-28T22:06:19.874254,A12D67,SKW847E,32.910278,-117.48999,,,307,,6772,-37.2,167,18.1
2026-07-28T22:06:19.874254,A667CF,N5112L,32.898376,-117.266089,,,338,,4633,-49.5,89,8.4
2026-07-28T22:06:19.874254,ADDDD5,AAL2199,33.503692,-117.122554,,,91,,,-37.8,79,1.6
2026-07-28T22:06:24.950986,A8758B,QXE2342,32.940903,-117.319537,,,144,,6051,-49.5,1313,0.1
2026-07-28T22:06:24.950986,AB1BF9,ASA1621,32.996567,-117.624628,,,307,,1304,-49.5,454,71.1
2026-07-28T22:06:24.950986,AA3764,N7577N,32.911789,-117.186163,,,113,,4775,-49.5,1434,0.3
2026-07-28T22:06:24.950986,AC5B43,SWA3486,32.729874,-116.724847,,,22,,7225,-49.5,1162,1.0
2026-07-28T22:06:24.950986,A5669F,SWA250,33.075897,-117.432806,,,144,,1747,-49.5,665,0.3
2026-07-28T22:06:24.950986,0D0AF1,VIV0518,33.130554,-116.655359,,,288,,4357,-34.6,563,8.1
2026-07-28T22:06:24.950986,A12D67,SKW847E,32.910278,-117.48999,,,307,,6772,-37.2,167,23.1
2026-07-28T22:06:24.950986,A667CF,N5112L,32.898376,-117.266089,,,338,,4633,-49.5,89,13.5
2026-07-28T22:06:24.950986,ADDDD5,AAL2199,33.503692,-117.122554,,,91,,,-49.5,82,6.6
2026-07-28T22:06:30.002359,A8758B,QXE2342,32.935522,-117.315039,,,144,,6051,-49.5,1365,0.3
2026-07-28T22:06:30.002359,AB1BF9,ASA1621,33.070221,-117.735205,,,307,,1304,-37.5,455,4.4
2026-07-28T22:06:30.002359,AA3764,N7577N,32.911331,-117.184845,,,113,,4775,-49.5,1465,3.0
2026-07-28T22:06:30.002359,AC5B43,SWA3486,32.729874,-116.724847,,,22,,7225,-49.5,1166,6.1
2026-07-28T22:06:30.002359,A5669F,SWA250,33.071827,-117.429442,,,144,,1747,-35.2,680,2.2
2026-07-28T22:06:30.002359,0D0AF1,VIV0518,33.136917,-116.684308,,,283,,4357,-49.5,577,0.2
2026-07-28T22:06:30.002359,A12D67,SKW847E,32.910278,-117.48999,,,307,,6772,-36.0,168,28.1
2026-07-28T22:06:30.002359,A667CF,N5112L,32.898376,-117.266089,,,338,,4633,-49.5,89,18.5
2026-07-28T22:06:30.002359,ADDDD5,AAL2199,33.503692,-117.122554,,,91,,,-49.5,82,11.6
2026-07-28T22:06:30.002359,0D1154,,33.816513,-117.404443,,,314,,,-49.5,5,2.8
2026-07-28T22:06:35.038612,A8758B,QXE2342,32.930145,-117.310529,,,144,,6051,-49.5,1413,0.3
2026-07-28T22:06:35.038612,AB1BF9,ASA1621,33.070221,-117.735205,,,307,,1304,-37.5,455,9.5
2026-07-28T22:06:35.038612,AA3764,N7577N,32.909686,-117.180344,,,113,,4775,-30.1,1499,0.3
2026-07-28T22:06:35.038612,AC5B43,SWA3486,32.747955,-116.715839,,,22,,7225,-49.5,1186,0.2
2026-07-28T22:06:35.038612,A5669F,SWA250,33.062191,-117.421314,,,144,,1747,-49.5,689,0.0
2026-07-28T22:06:35.038612,0D0AF1,VIV0518,33.138382,-116.693097,,,280,,4357,-49.5,617,1.4
2026-07-28T22:06:35.038612,A12D67,SKW847E,32.910278,-117.48999,,,307,,6772,-36.0,168,33.2
2026-07-28T22:06:35.038612,A667CF,N5112L,32.898376,-117.266089,,,338,,4633,-49.5,89,23.6
2026-07-28T22:06:35.038612,ADDDD5,AAL2199,33.503692,-117.122554,,,91,,,-49.5,82,16.7
2026-07-28T22:06:35.038612,0D1154,,33.816513,-117.404443,,,314,,,-49.5,5,7.9
2026-07-28T22:06:35.038612,A9DA39,,33.089035,-116.939301,,,158,,,-36.0,15,4.7
2026-07-28T22:06:40.078745,A8758B,QXE2342,32.925234,-117.306406,,,144,,6051,-49.5,1461,0.7
2026-07-28T22:06:40.078745,AB1BF9,ASA1621,33.070221,-117.735205,,,307,,1304,-37.5,455,14.6
2026-07-28T22:06:40.078745,AA3764,N7577N,32.908522,-117.177261,,,114,,4775,-49.5,1538,0.1
2026-07-28T22:06:40.078745,AC5B43,SWA3486,32.756156,-116.711743,,,22,,7225,-31.9,1224,0.3
2026-07-28T22:06:40.078745,A5669F,SWA250,33.060837,-117.420172,,,144,,1747,-36.8,699,4.1
2026-07-28T22:06:40.078745,0D0AF1,VIV0518,33.140488,-116.707324,,,279,,4357,-29.1,675,0.1
2026-07-28T22:06:40.078745,A12D67,SKW847E,32.910278,-117.48999,,,307,,6772,-36.0,168,38.3
2026-07-28T22:06:40.078745,A667CF,N5112L,32.898376,-117.266089,,,338,,4633,-49.5,89,28.6
2026-07-28T22:06:40.078745,ADDDD5,AAL2199,33.503692,-117.122554,,,91,,,-49.5,82,21.8
2026-07-28T22:06:40.078745,0D1154,,33.816513,-117.404443,,,314,,,-49.5,5,12.9
2026-07-28T22:06:40.078745,A9DA39,N734DG,33.084549,-116.937213,,,158,,1200,-49.5,37,0.1
2026-07-28T22:06:45.157605,A8758B,QXE2342,32.919891,-117.301959,,,144,,6051,-34.1,1496,0.8
2026-07-28T22:06:45.157605,AB1BF9,ASA1621,33.070221,-117.735205,,,307,,1304,-37.5,455,19.6
2026-07-28T22:06:45.157605,AA3764,N7577N,32.907777,-117.175299,,,113,,4775,-36.0,1547,2.0
2026-07-28T22:06:45.157605,AC5B43,SWA3486,32.762906,-116.70838,,,22,,7225,-33.4,1248,1.4
2026-07-28T22:06:45.157605,A5669F,SWA250,33.051577,-117.412458,,,144,,1747,-49.5,717,2.0
2026-07-28T22:06:45.157605,0D0AF1,VIV0518,33.142074,-116.718246,,,279,,4357,-28.2,739,0.4
2026-07-28T22:06:45.157605,A12D67,SKW847E,32.910278,-117.48999,,,307,,6772,-36.0,168,43.3
2026-07-28T22:06:45.157605,A667CF,N5112L,32.913437,-117.27334,,,339,,4633,-49.5,93,0.7
2026-07-28T22:06:45.157605,ADDDD5,AAL2199,33.503692,-117.122554,,,91,,,-49.5,82,26.9
2026-07-28T22:06:45.157605,0D1154,,33.816513,-117.404443,,,314,,,-49.5,5,18.0
2026-07-28T22:06:45.157605,A9DA39,N734DG,33.083279,-116.936683,,,160,,1200,-35.1,48,2.5
2026-07-28T22:06:50.237243,A8758B,QXE2342,32.914155,-117.297102,,,144,,6051,-34.3,1519,0.5
2026-07-28T22:06:50.237243,AB1BF9,ASA1621,33.070221,-117.735205,,,307,,1304,-37.5,455,24.7
2026-07-28T22:06:50.237243,AA3764,N7577N,32.906158,-117.170892,,,113,,4775,-30.8,1567,0.0
2026-07-28T22:06:50.237243,AC5B43,SWA3486,32.772589,-116.70356,,,22,,7225,-36.0,1279,0.7
2026-07-28T22:06:50.237243,A5669F,SWA250,33.04248,-117.404791,,,144,,1747,-28.8,756,0.2
2026-07-28T22:06:50.237243,0D0AF1,VIV0518,33.143646,-116.728912,,,279,,4357,-49.5,786,0.7
2026-07-28T22:06:50.237243,A12D67,SKW847E,32.910278,-117.48999,,,307,,6772,-36.0,168,48.4
2026-07-28T22:06:50.237243,A667CF,N5112L,32.913437,-117.27334,,,339,,4633,-49.5,93,5.8
2026-07-28T22:06:50.237243,ADDDD5,AAL2199,33.503692,-117.122554,,,91,,,-49.5,82,31.9
2026-07-28T22:06:50.237243,0D1154,,33.816513,-117.404443,,,314,,,-49.5,5,23.1
2026-07-28T22:06:50.237243,A9DA39,N734DG,33.083279,-116.936683,,,160,,1200,-35.1,48,7.6
2026-07-28T22:06:55.315257,A8758B,QXE2342,32.90908,-117.292842,,,144,,6051,-49.5,1526,0.8
2026-07-28T22:06:55.315257,AB1BF9,ASA1621,33.070221,-117.735205,,,307,,1304,-37.5,455,29.8
2026-07-28T22:06:55.315257,AA3764,N7577N,32.905655,-117.169574,,,114,,4775,-49.5,1593,3.1
2026-07-28T22:06:55.315257,AC5B43,SWA3486,32.772589,-116.70356,,,22,,7225,-49.5,1281,5.7
2026-07-28T22:06:55.315257,A5669F,SWA250,33.039846,-117.402593,,,144,,1747,-49.5,777,3.2
2026-07-28T22:06:55.315257,0D0AF1,VIV0518,33.144635,-116.73551,,,279,,4357,-49.5,814,2.8
2026-07-28T22:06:55.315257,A12D67,SKW847E,32.910278,-117.48999,,,307,,6772,-36.0,168,53.5
2026-07-28T22:06:55.315257,A667CF,N5112L,32.913437,-117.27334,,,339,,4633,-49.5,93,10.8
2026-07-28T22:06:55.315257,ADDDD5,AAL2199,33.503692,-117.122554,,,91,,,-49.5,82,37.0
2026-07-28T22:06:55.315257,0D1154,,33.816513,-117.404443,,,314,,,-49.5,5,28.1
2026-07-28T22:06:55.315257,A9DA39,N734DG,33.083279,-116.936683,,,160,,1200,-35.1,48,12.6
2026-07-28T22:07:00.367156,A8758B,QXE2342,32.90332,-117.288116,,,144,,6051,-49.5,1585,0.4
2026-07-28T22:07:00.367156,AB1BF9,ASA1621,33.070221,-117.735205,,,307,,1304,-37.5,455,34.8
2026-07-28T22:07:00.367156,AA3764,N7577N,32.903867,-117.164817,,,113,,4775,-49.5,1626,0.6
2026-07-28T22:07:00.367156,AC5B43,SWA3486,32.790161,-116.6948,,,22,,7225,-49.5,1313,0.4
2026-07-28T22:07:00.367156,A5669F,SWA250,33.029185,-117.393624,,,144,,1747,-49.5,825,0.3
2026-07-28T22:07:00.367156,0D0AF1,VIV0518,33.144635,-116.73551,,,279,,4357,-49.5,814,7.8
2026-07-28T22:07:00.367156,A12D67,SKW847E,32.910278,-117.48999,,,307,,6772,-36.0,168,58.5
2026-07-28T22:07:00.367156,A667CF,N5112L,32.913437,-117.27334,,,339,,4633,-49.5,93,15.9
2026-07-28T22:07:00.367156,ADDDD5,AAL2199,33.503692,-117.122554,,,91,,,-49.5,82,42.0
2026-07-28T22:07:00.367156,0D1154,,33.816513,-117.404443,,,314,,,-49.5,5,33.2
2026-07-28T22:07:00.367156,A9DA39,N734DG,33.083279,-116.936683,,,160,,1200,-35.1,48,17.7
2026-07-28T22:07:05.420296,A8758B,QXE2342,32.897629,-117.283369,,,144,,6051,-34.6,1635,0.0
2026-07-28T22:07:05.420296,AB1BF9,ASA1621,33.070221,-117.735205,,,307,,1304,-37.5,455,39.9
2026-07-28T22:07:05.420296,AA3764,N7577N,32.90247,-117.161118,,,114,,4775,-49.5,1674,0.1
2026-07-28T22:07:05.420296,AC5B43,SWA3486,32.797821,-116.691004,,,22,,7225,-32.9,1356,0.9
2026-07-28T22:07:05.420296,A5669F,SWA250,33.022385,-117.387872,,,144,,1747,-49.5,854,0.4
2026-07-28T22:07:05.420296,0D0AF1,VIV0518,33.148592,-116.762191,,,280,,4357,-49.5,837,0.9
2026-07-28T22:07:05.420296,A12D67,SKW847E,32.910278,-117.48999,,,307,,6772,-36.0,168,63.6
2026-07-28T22:07:05.420296,A667CF,N5112L,32.922999,-117.277539,,,338,,4633,-34.4,100,0.0
2026-07-28T22:07:05.420296,ADDDD5,AAL2199,33.503692,-117.122554,,,91,,,-49.5,82,47.1
2026-07-28T22:07:05.420296,0D1154,,33.816513,-117.404443,,,314,,,-49.5,5,38.3
2026-07-28T22:07:05.420296,A9DA39,N734DG,33.083279,-116.936683,,,160,,1200,-35.1,48,22.7
2026-07-28T22:07:10.501480,A8758B,QXE2342,32.89238,-117.279053,,,145,,6051,-25.1,1679,0.2
2026-07-28T22:07:10.501480,AB1BF9,ASA1621,33.070221,-117.735205,,,307,,1304,-37.5,455,45.0
2026-07-28T22:07:10.501480,AA3764,N7577N,32.90126,-117.157874,,,114,,4775,-49.5,1702,0.4
2026-07-28T22:07:10.501480,AC5B43,SWA3486,32.799408,-116.690186,,,25,,7225,-31.7,1368,5.1
2026-07-28T22:07:10.501480,A5669F,SWA250,33.015825,-117.382358,,,144,,1747,-30.7,884,0.8
2026-07-28T22:07:10.501480,0D0AF1,VIV0518,33.150361,-116.773906,,,280,,4357,-49.5,878,0.7
2026-07-28T22:07:10.501480,A12D67,SKW847E,32.910278,-117.48999,,,307,,6772,-36.0,168,68.7
2026-07-28T22:07:10.501480,A667CF,N5112L,32.922999,-117.277539,,,338,,4633,-34.4,100,5.2
2026-07-28T22:07:10.501480,ADDDD5,AAL2199,33.503692,-117.122554,,,91,,,-49.5,82,52.2
2026-07-28T22:07:10.501480,0D1154,,33.816513,-117.404443,,,314,,,-49.5,5,43.4
2026-07-28T22:07:10.501480,A9DA39,N734DG,33.083279,-116.936683,,,160,,1200,-35.1,48,27.9
2026-07-28T22:07:15.637047,A8758B,QXE2342,32.886978,-117.274548,,,144,,6051,-49.5,1742,0.1
2026-07-28T22:07:15.637047,AB1BF9,ASA1621,33.070221,-117.735205,,,307,,1304,-37.5,455,50.1
2026-07-28T22:07:15.637047,AA3764,N7577N,32.900848,-117.15683,,,114,,4775,-49.5,1721,3.8
2026-07-28T22:07:15.637047,AC5B43,SWA3486,32.814766,-116.681587,,,27,,7225,-28.6,1412,0.9
2026-07-28T22:07:15.637047,A5669F,SWA250,33.008606,-117.376282,,,144,,1747,-34.2,916,0.6
2026-07-28T22:07:15.637047,0D0AF1,VIV0518,33.152223,-116.786237,,,280,,4357,-27.1,939,0.3
2026-07-28T22:07:15.637047,A12D67,SKW847E,32.910278,-117.48999,,,307,,6772,-36.0,168,73.8
2026-07-28T22:07:15.637047,A667CF,N5112L,32.927469,-117.279725,,,337,,4633,-31.9,108,0.5
2026-07-28T22:07:15.637047,ADDDD5,AAL2199,33.503692,-117.122554,,,91,,,-49.5,82,57.3
2026-07-28T22:07:15.637047,0D1154,,33.816513,-117.404443,,,314,,,-49.5,5,48.5
2026-07-28T22:07:15.637047,A9DA39,N734DG,33.083279,-116.936683,,,160,,1200,-35.1,48,33.0
2026-07-28T22:07:20.710457,A8758B,QXE2342,32.882871,-117.271149,,,144,,6051,-35.6,1763,1.3
2026-07-28T22:07:20.710457,AB1BF9,ASA1621,33.070221,-117.735205,,,307,,1304,-37.5,455,55.2
2026-07-28T22:07:20.710457,AA3764,N7577N,32.898932,-117.151869,,,114,,4775,-32.6,1728,1.4
2026-07-28T22:07:20.710457,AC5B43,SWA3486,32.822891,-116.676343,,,29,,7225,-49.5,1453,1.0
2026-07-28T22:07:20.710457,A5669F,SWA250,33.001533,-117.370363,,,144,,1747,-35.1,939,0.6
2026-07-28T22:07:20.710457,0D0AF1,VIV0518,33.153946,-116.797742,,,280,,4357,-31.7,1004,0.0
2026-07-28T22:07:20.710457,A12D67,SKW847E,32.910278,-117.48999,,,307,,6772,-36.0,168,78.9
2026-07-28T22:07:20.710457,A667CF,N5112L,32.929642,-117.280811,,,336,,4633,-32.4,128,0.9
2026-07-28T22:07:20.710457,0D1154,,33.816513,-117.404443,,,314,,,-49.5,5,53.6
2026-07-28T22:07:20.710457,A9DA39,N734DG,33.083279,-116.936683,,,160,,1200,-35.1,48,38.0
2026-07-28T22:07:25.789345,A8758B,QXE2342,32.876354,-117.265712,,,144,,6051,-49.5,1769,0.0
2026-07-28T22:07:25.789345,AA3764,N7577N,32.897369,-117.147821,,,114,,4775,-49.5,1758,0.4
2026-07-28T22:07:25.789345,AC5B43,SWA3486,32.822891,-116.676343,,,30,,7225,-35.8,1456,6.0
2026-07-28T22:07:25.789345,A5669F,SWA250,32.996796,-117.366339,,,144,,1747,-49.5,945,2.2
2026-07-28T22:07:25.789345,0D0AF1,VIV0518,33.155457,-116.807849,,,279,,4357,-49.5,1053,0.5
2026-07-28T22:07:25.789345,A12D67,SKW847E,32.910278,-117.48999,,,307,,6772,-36.0,168,83.9
2026-07-28T22:07:25.789345,A667CF,N5112L,32.931793,-117.281964,,,335,,4633,-49.5,133,1.1
2026-07-28T22:07:25.789345,0D1154,,33.816513,-117.404443,,,314,,,-49.5,5,58.6
2026-07-28T22:07:25.789345,A9DA39,N734DG,33.083279,-116.936683,,,160,,1200,-35.1,48,43.1
2026-07-28T22:07:25.789345,AB477D,,33.411332,-117.774222,,,,,,-38.3,3,3.2
2026-07-28T22:07:30.853812,A8758B,QXE2342,32.871373,-117.261564,,,145,,6051,-49.5,1825,0.3
2026-07-28T22:07:30.853812,AA3764,N7577N,32.897116,-117.147161,,,114,,4775,-34.6,1764,4.5
2026-07-28T22:07:30.853812,AC5B43,SWA3486,32.822891,-116.676343,,,30,,7225,-35.8,1456,11.1
2026-07-28T22:07:30.853812,A5669F,SWA250,32.988498,-117.35932,,,144,,1747,-36.6,971,1.1
2026-07-28T22:07:30.853812,0D0AF1,VIV0518,33.157104,-116.819,,,279,,4357,-49.5,1097,0.5
2026-07-28T22:07:30.853812,A12D67,SKW847E,32.980179,-117.598865,,,307,,6772,-35.5,179,2.5
2026-07-28T22:07:30.853812,A667CF,N5112L,32.934172,-117.283257,,,334,,4633,-33.3,144,0.9
2026-07-28T22:07:30.853812,A9DA39,N734DG,33.083279,-116.936683,,,160,,1200,-35.1,48,48.2
2026-07-28T22:07:30.853812,AB477D,,33.399415,-117.76161,,,138,,,-49.5,9,0.1
2026-07-28T22:07:35.929082,A8758B,QXE2342,32.866299,-117.25736,,,145,,6051,-49.5,1869,0.5
2026-07-28T22:07:35.929082,AA3764,N7577N,32.894742,-117.141051,,,115,,4775,-49.5,1798,0.4
2026-07-28T22:07:35.929082,AC5B43,SWA3486,32.822891,-116.676343,,,30,,7225,-35.8,1456,16.2
2026-07-28T22:07:35.929082,A5669F,SWA250,32.980259,-117.352482,,,144,,1747,-33.0,1003,0.0
2026-07-28T22:07:35.929082,0D0AF1,VIV0518,33.158661,-116.829877,,,279,,4357,-49.5,1137,0.5
2026-07-28T22:07:35.929082,A12D67,SKW847E,32.980179,-117.598865,,,307,,6772,-49.5,186,7.5
2026-07-28T22:07:35.929082,A667CF,N5112L,32.936554,-117.284766,,,330,,4633,-31.1,160,0.5
2026-07-28T22:07:35.929082,A9DA39,N734DG,33.083279,-116.936683,,,160,,1200,-35.1,48,53.2
2026-07-28T22:07:35.929082,AB477D,DAL2672,33.393922,-117.755725,,,138,,,-49.5,17,1.3
2026-07-28T22:07:40.972330,A8758B,QXE2342,32.864716,-117.256071,,,145,,6051,-49.5,1893,4.1
2026-07-28T22:07:40.972330,AA3764,N7577N,32.893439,-117.1378,,,115,,4775,-49.5,1857,0.5
2026-07-28T22:07:40.972330,AC5B43,SWA3486,32.822891,-116.676343,,,30,,7225,-35.8,1456,21.2
2026-07-28T22:07:40.972330,A5669F,SWA250,32.973953,-117.347168,,,144,,1747,-49.5,1049,0.3
2026-07-28T22:07:40.972330,0D0AF1,VIV0518,33.160369,-116.841281,,,279,,4357,-33.4,1176,0.4
2026-07-28T22:07:40.972330,A12D67,SKW847E,32.990267,-117.614696,,,307,,6772,-49.5,210,0.5
2026-07-28T22:07:40.972330,A667CF,N5112L,32.938797,-117.286249,,,332,,4633,-49.5,198,0.3
2026-07-28T22:07:40.972330,A9DA39,N734DG,33.083279,-116.936683,,,160,,1200,-35.1,48,58.3
2026-07-28T22:07:40.972330,AB477D,DAL2672,33.389786,-117.751355,,,138,,,-49.5,30,3.6
2026-07-28T22:07:40.972330,ADDDD5,,33.500748,-116.926007,,,,,,-49.5,2,1.5
2026-07-28T22:07:46.051256,A8758B,QXE2342,32.856011,-117.24884,,,144,,6051,-49.5,1949,0.6
2026-07-28T22:07:46.051256,AA3764,N7577N,32.892105,-117.134473,,,115,,4775,-30.1,1904,0.6
2026-07-28T22:07:46.051256,AC5B43,SWA3486,32.862946,-116.645087,,,34,,7225,-34.5,1491,0.5
2026-07-28T22:07:46.051256,A5669F,SWA250,32.970703,-117.344476,,,144,,1747,-32.3,1079,2.9
2026-07-28T22:07:46.051256,0D0AF1,VIV0518,33.161865,-116.85152,,,279,,4357,-28.6,1211,0.7
2026-07-28T22:07:46.051256,A12D67,SKW847E,32.991806,-117.617047,,,307,,6772,-37.3,223,3.7
2026-07-28T22:07:46.051256,A667CF,N5112L,32.941108,-117.287573,,,335,,4633,-49.5,237,0.3
2026-07-28T22:07:46.051256,AB477D,DAL2672,33.37963,-117.740535,,,138,,,-49.5,45,1.6
2026-07-28T22:07:46.051256,ADDDD5,,33.500748,-116.926007,,,,,,-49.5,2,6.6
2026-07-28T22:07:51.130972,A8758B,QXE2342,32.850378,-117.243964,,,142,,6051,-33.0,1956,0.0
2026-07-28T22:07:51.130972,AA3764,N7577N,32.890925,-117.131522,,,115,,4775,-49.5,1937,1.1
2026-07-28T22:07:51.130972,AC5B43,SWA3486,32.86602,-116.642574,,,34,,7225,-49.5,1501,3.5
2026-07-28T22:07:51.130972,A5669F,SWA250,32.960521,-117.335946,,,144,,1747,-32.2,1108,0.0
2026-07-28T22:07:51.130972,0D0AF1,VIV0518,33.163605,-116.86355,,,279,,4357,-49.5,1265,0.2
2026-07-28T22:07:51.130972,A12D67,SKW847E,32.996796,-117.624902,,,307,,6772,-49.5,229,2.8
2026-07-28T22:07:51.130972,A667CF,N5112L,32.943343,-117.28875,,,337,,4633,-49.5,254,0.5
2026-07-28T22:07:51.130972,AB477D,DAL2672,33.376694,-117.737402,,,138,,,-49.5,53,4.6
2026-07-28T22:07:51.130972,ADDDD5,,33.500748,-116.926007,,,,,,-49.5,2,11.6
2026-07-28T22:07:56.179851,A8758B,QXE2342,32.845596,-117.239008,,,136,,6051,-35.8,1975,0.2
2026-07-28T22:07:56.179851,AA3764,N7577N,32.889404,-117.127661,,,115,,4775,-49.5,1953,0.3
2026-07-28T22:07:56.179851,AC5B43,SWA3486,32.86602,-116.642574,,,34,,7225,-49.5,1501,8.6
2026-07-28T22:07:56.179851,A5669F,SWA250,32.954469,-117.330845,,,144,,1747,-49.5,1153,0.3
2026-07-28T22:07:56.179851,0D0AF1,VIV0518,33.164978,-116.872998,,,279,,4357,-49.5,1321,0.8
2026-07-28T22:07:56.179851,A12D67,SKW847E,32.996796,-117.624902,,,307,,6772,-49.5,229,7.9
2026-07-28T22:07:56.179851,A667CF,N5112L,32.945709,-117.289929,,,338,,4633,-32.7,275,0.5
2026-07-28T22:07:56.179851,AB477D,DAL2672,33.376694,-117.737402,,,138,,,-49.5,53,9.7
2026-07-28T22:07:56.179851,ADDDD5,,33.500748,-116.926007,,,,,,-37.2,3,16.7
2026-07-28T22:07:56.179851,AA38F8,,33.138428,-116.832404,,,,,,-35.0,4,1.1
2026-07-28T22:08:01.268303,A8758B,QXE2342,32.841719,-117.233314,,,124,,6051,-49.5,2006,0.4
2026-07-28T22:08:01.268303,AA3764,N7577N,32.888039,-117.124347,,,115,,4775,-49.5,1989,0.4
2026-07-28T22:08:01.268303,AC5B43,SWA3486,32.883408,-116.628497,,,34,,7225,-34.8,1516,2.5
2026-07-28T22:08:01.268303,A5669F,SWA250,32.947769,-117.32525,,,144,,1747,-30.8,1199,0.0
2026-07-28T22:08:01.268303,0D0AF1,VIV0518,33.166534,-116.883655,,,279,,4357,-49.5,1378,0.9
2026-07-28T22:08:01.268303,A12D67,SKW847E,32.996796,-117.624902,,,307,,6772,-49.5,229,12.9
2026-07-28T22:08:01.268303,A667CF,N5112L,32.948181,-117.291028,,,340,,4633,-29.7,307,0.4
2026-07-28T22:08:01.268303,AB477D,DAL2672,33.376694,-117.737402,,,138,,,-49.5,53,14.8
2026-07-28T22:08:01.268303,ADDDD5,,33.500748,-116.926007,,,,,,-37.2,3,21.8
2026-07-28T22:08:01.268303,AA38F8,,33.136395,-116.832537,,,180,,,-49.5,13,0.6
2026-07-28T22:08:06.348599,A8758B,QXE2342,32.839096,-117.227911,,,115,,6051,-49.5,2034,1.2
2026-07-28T22:08:06.348599,AA3764,N7577N,32.887527,-117.123047,,,115,,4775,-36.2,2003,3.4
2026-07-28T22:08:06.348599,AC5B43,SWA3486,32.892973,-116.62077,,,34,,7225,-35.0,1524,1.4
2026-07-28T22:08:06.348599,A5669F,SWA250,32.944134,-117.322157,,,144,,1747,-35.5,1207,2.2
2026-07-28T22:08:06.348599,0D0AF1,VIV0518,33.168182,-116.894696,,,279,,4357,-49.5,1421,0.8
2026-07-28T22:08:06.348599,A12D67,SKW847E,32.996796,-117.624902,,,307,,6772,-49.5,229,18.0
2026-07-28T22:08:06.348599,A667CF,N5112L,32.950745,-117.292072,,,342,,4633,-30.2,356,0.1
2026-07-28T22:08:06.348599,AB477D,DAL2672,33.376694,-117.737402,,,138,,,-49.5,53,19.9
2026-07-28T22:08:06.348599,ADDDD5,,33.500748,-116.926007,,,,,,-37.2,3,26.9
2026-07-28T22:08:06.348599,AA38F8,N758NL,33.134308,-116.832404,,,172,,,-31.4,44,0.1
2026-07-28T22:08:11.422806,A8758B,QXE2342,32.836971,-117.221543,,,108,,6051,-49.5,2054,1.5
2026-07-28T22:08:11.422806,AA3764,N7577N,32.887527,-117.123047,,,115,,4775,-36.2,2003,8.5
2026-07-28T22:08:11.422806,AC5B43,SWA3486,32.892973,-116.62077,,,34,,7225,-35.0,1524,6.4
2026-07-28T22:08:11.422806,A5669F,SWA250,32.935289,-117.314758,,,144,,1747,-49.5,1242,0.0
2026-07-28T22:08:11.422806,0D0AF1,VIV0518,33.168795,-116.899072,,,279,,4357,-34.1,1448,3.8
2026-07-28T22:08:11.422806,A12D67,SKW847E,32.996796,-117.624902,,,307,,6772,-49.5,229,23.1
2026-07-28T22:08:11.422806,A667CF,N5112L,32.953033,-117.29295,,,343,,4633,-34.4,399,0.3
2026-07-28T22:08:11.422806,AB477D,DAL2672,33.376694,-117.737402,,,138,,,-49.5,53,24.9
2026-07-28T22:08:11.422806,ADDDD5,,33.500748,-116.926007,,,,,,-37.2,3,31.9
2026-07-28T22:08:11.422806,AA38F8,N758NL,33.132614,-116.831964,,,166,,1200,-35.3,87,0.3
2026-07-28T22:08:11.422806,AB1BF9,,33.20627,-117.873379,,,,,,-49.5,2,2.0
2026-07-28T22:08:16.460150,A8758B,QXE2342,32.836971,-117.221543,,,108,,6051,-49.5,2054,6.5
2026-07-28T22:08:16.460150,AA3764,N7577N,32.887527,-117.123047,,,115,,4775,-36.2,2003,13.5
2026-07-28T22:08:16.460150,AC5B43,SWA3486,32.892973,-116.62077,,,34,,7225,-35.0,1524,11.5
2026-07-28T22:08:16.460150,A5669F,SWA250,32.929936,-117.31033,,,144,,1747,-31.8,1283,0.6
2026-07-28T22:08:16.460150,0D0AF1,VIV0518,33.170975,-116.913977,,,279,,4357,-31.9,1479,1.7
2026-07-28T22:08:16.460150,A12D67,SKW847E,32.996796,-117.624902,,,307,,6772,-49.5,229,28.1
2026-07-28T22:08:16.460150,A667CF,N5112L,32.955493,-117.293795,,,343,,4633,-33.4,439,0.2
2026-07-28T22:08:16.460150,AB477D,DAL2672,33.376694,-117.737402,,,138,,,-36.8,55,30.0
2026-07-28T22:08:16.460150,ADDDD5,,33.500748,-116.926007,,,,,,-37.2,3,37.0
2026-07-28T22:08:16.460150,AA38F8,N758NL,33.131195,-116.83147,,,162,,1200,-34.7,108,1.4
2026-07-28T22:08:16.460150,AE6BAB,,33.246872,-117.560193,,,,,,-49.5,6,0.6
2026-07-28T22:08:16.460150,AB1BF9,,33.20627,-117.873379,,,,,,-49.5,2,7.0
2026-07-28T22:08:21.529711,A8758B,QXE2342,32.833466,-117.20506,,,102,,6051,-49.5,2062,0.4
2026-07-28T22:08:21.529711,AA3764,N7577N,32.882685,-117.111343,,,116,,4775,-35.9,2015,0.9
2026-07-28T22:08:21.529711,AC5B43,SWA3486,32.892973,-116.62077,,,34,,7225,-49.5,1525,16.5
2026-07-28T22:08:21.529711,A5669F,SWA250,32.925281,-117.306406,,,144,,1747,-35.9,1307,1.8
2026-07-28T22:08:21.529711,0D0AF1,VIV0518,33.172845,-116.926537,,,279,,4357,-26.7,1547,0.9
2026-07-28T22:08:21.529711,A12D67,SKW847E,32.996796,-117.624902,,,307,,6772,-37.9,231,33.2
2026-07-28T22:08:21.529711,A667CF,N5112L,32.957727,-117.294579,,,343,,4633,-49.5,465,0.8
2026-07-28T22:08:21.529711,AB477D,DAL2672,33.326935,-117.684283,,,138,,,-36.5,67,0.2
2026-07-28T22:08:21.529711,ADDDD5,,33.500748,-116.926007,,,,,,-37.2,3,42.0
2026-07-28T22:08:21.529711,AA38F8,N758NL,33.131195,-116.83147,,,162,,1200,-34.7,108,6.5
2026-07-28T22:08:21.529711,AE6BAB,,33.246872,-117.560193,,,,,,-49.5,6,5.7
2026-07-28T22:08:21.529711,AB1BF9,,33.220655,-117.887729,,,320,,,-36.0,4,1.5
2026-07-28T22:08:26.574360,A8758B,QXE2342,32.833328,-117.20451,,,102,,6051,-49.5,2066,4.9
2026-07-28T22:08:26.574360,AA3764,N7577N,32.881242,-117.107812,,,116,,4775,-49.5,2021,0.5
2026-07-28T22:08:26.574360,AC5B43,SWA3486,32.892973,-116.62077,,,34,,7225,-38.4,1527,21.6
2026-07-28T22:08:26.574360,A5669F,SWA250,32.92067,-117.302509,,,144,,1747,-49.5,1318,2.9
2026-07-28T22:08:26.574360,0D0AF1,VIV0518,33.174591,-116.938861,,,279,,4357,-49.5,1597,0.0
2026-07-28T22:08:26.574360,A12D67,SKW847E,32.996796,-117.624902,,,307,,6772,-37.9,231,38.2
2026-07-28T22:08:26.574360,A667CF,N5112L,32.959822,-117.295308,,,343,,4633,-35.3,491,1.4
2026-07-28T22:08:26.574360,AB477D,DAL2672,33.321167,-117.678131,,,138,,6664,-49.5,78,1.0
2026-07-28T22:08:26.574360,ADDDD5,,33.499037,-116.814936,,,91,,,-49.5,13,1.5
2026-07-28T22:08:26.574360,AA38F8,N758NL,33.131195,-116.83147,,,162,,1200,-37.6,111,11.5
2026-07-28T22:08:26.574360,AE6BAB,,33.246872,-117.560193,,,,,,-49.5,6,10.7
2026-07-28T22:08:26.574360,AB1BF9,,33.229127,-117.896081,,,320,,,-49.5,10,0.5
2026-07-28T22:08:31.635380,A8758B,QXE2342,32.83078,-117.190265,,,101,,6051,-31.6,2112,0.3
2026-07-28T22:08:31.635380,AA3764,N7577N,32.879791,-117.10426,,,115,,4775,-49.5,2069,0.2
2026-07-28T22:08:31.635380,AC5B43,SWA3486,32.892973,-116.62077,,,34,,7225,-38.4,1527,26.6
2026-07-28T22:08:31.635380,A5669F,SWA250,32.913736,-117.296709,,,144,,1747,-32.1,1324,2.0
2026-07-28T22:08:31.635380,0D0AF1,VIV0518,33.176197,-116.949631,,,279,,4357,-49.5,1649,0.0
2026-07-28T22:08:31.635380,A12D67,SKW847E,32.996796,-117.624902,,,307,,6772,-37.9,231,43.3
2026-07-28T22:08:31.635380,A667CF,N5112L,32.962848,-117.296429,,,341,,4633,-27.4,536,0.3
2026-07-28T22:08:31.635380,AB477D,DAL2672,33.316831,-117.673552,,,138,,6664,-37.3,87,3.1
2026-07-28T22:08:31.635380,ADDDD5,AAL2199,33.498825,-116.800104,,,91,,,-35.3,55,0.4
2026-07-28T22:08:31.635380,AA38F8,N758NL,33.131195,-116.83147,,,162,,1200,-36.0,112,16.6
2026-07-28T22:08:31.635380,AE6BAB,,33.246872,-117.560193,,,,,,-49.5,6,15.8
2026-07-28T22:08:31.635380,AB1BF9,,33.229127,-117.896081,,,320,,,-49.5,10,5.5
2026-07-28T22:08:36.686392,A8758B,QXE2342,32.830267,-117.187294,,,101,,6051,-49.5,2125,3.3
2026-07-28T22:08:36.686392,AA3764,N7577N,32.878555,-117.101074,,,115,,4775,-33.0,2111,0.6
2026-07-28T22:08:36.686392,AC5B43,SWA3486,32.941807,-116.581309,,,34,,7225,-49.5,1534,0.5
2026-07-28T22:08:36.686392,A5669F,SWA250,32.906754,-117.290863,,,144,,1747,-49.5,1349,1.0
2026-07-28T22:08:36.686392,0D0AF1,VIV0518,33.177658,-116.96001,,,279,,4357,-35.3,1671,0.1
2026-07-28T22:08:36.686392,A12D67,SKW847E,32.996796,-117.624902,,,307,,6772,-37.9,231,48.4
2026-07-28T22:08:36.686392,A667CF,N5112L,32.96499,-117.29727,,,339,,4633,-49.5,569,0.8
2026-07-28T22:08:36.686392,AB477D,DAL2672,33.316831,-117.673552,,,138,,6664,-37.3,87,8.2
2026-07-28T22:08:36.686392,ADDDD5,AAL2199,33.498711,-116.794141,,,91,,,-49.5,73,3.1
2026-07-28T22:08:36.686392,AA38F8,N758NL,33.131195,-116.83147,,,162,,1200,-36.1,116,21.6
2026-07-28T22:08:36.686392,AE6BAB,,33.246872,-117.560193,,,,,,-49.5,6,20.8
2026-07-28T22:08:36.686392,AB1BF9,,33.229127,-117.896081,,,320,,,-49.5,10,10.6
2026-07-28T22:08:36.686392,0C216D,,33.036308,-116.405696,,,300,,,-49.5,18,1.6
2026-07-28T22:08:41.756185,A8758B,QXE2342,32.829197,-117.181017,,,101,,6051,-49.5,2146,3.9
2026-07-28T22:08:41.756185,AA3764,N7577N,32.877045,-117.097449,,,115,,4775,-34.4,2136,0.0
2026-07-28T22:08:41.756185,AC5B43,SWA3486,32.941807,-116.581309,,,34,,7225,-49.5,1541,5.5
2026-07-28T22:08:41.756185,A5669F,SWA250,32.900142,-117.285331,,,144,,1747,-49.5,1398,0.2
2026-07-28T22:08:41.756185,0D0AF1,VIV0518,33.179169,-116.970227,,,279,,4357,-25.4,1727,0.2
2026-07-28T22:08:41.756185,A12D67,SKW847E,32.996796,-117.624902,,,307,,6772,-37.9,231,53.4
2026-07-28T22:08:41.756185,A667CF,N5112L,32.967643,-117.298559,,,337,,4633,-34.2,580,0.3
2026-07-28T22:08:41.756185,AB477D,DAL2672,33.299002,-117.65455,,,138,,6664,-34.3,104,0.4
2026-07-28T22:08:41.756185,ADDDD5,AAL2199,33.498505,-116.780548,,,91,,,-33.5,84,2.6
2026-07-28T22:08:41.756185,AA38F8,N758NL,33.131195,-116.83147,,,162,,1200,-36.1,116,26.7
2026-07-28T22:08:41.756185,AE6BAB,,33.246872,-117.560193,,,,,,-49.5,6,25.9
2026-07-28T22:08:41.756185,AB1BF9,,33.229127,-117.896081,,,320,,,-49.5,10,15.7
2026-07-28T22:08:41.756185,0C216D,,33.036308,-116.405696,,,300,,,-49.5,18,6.7
2026-07-28T22:08:46.809008,A8758B,QXE2342,32.829197,-117.181017,,,101,,6051,-49.5,2146,8.9
2026-07-28T22:08:46.809008,AA3764,N7577N,32.875671,-117.094098,,,115,,4775,-49.5,2182,0.1
2026-07-28T22:08:46.809008,AC5B43,SWA3486,32.956467,-116.569501,,,34,,7225,-33.1,1568,1.3
2026-07-28T22:08:46.809008,A5669F,SWA250,32.894669,-117.280701,,,144,,1747,-49.5,1426,0.3
2026-07-28T22:08:46.809008,0D0AF1,VIV0518,33.180588,-116.98017,,,279,,4357,-49.5,1794,0.6
2026-07-28T22:08:46.809008,A12D67,SKW847E,32.996796,-117.624902,,,307,,6772,-37.9,231,58.5
2026-07-28T22:08:46.809008,A667CF,N5112L,32.968853,-117.29912,,,337,,4633,-36.0,599,2.8
2026-07-28T22:08:46.809008,AB477D,DAL2672,33.292099,-117.64715,,,138,,6664,-49.5,138,0.6
2026-07-28T22:08:46.809008,ADDDD5,AAL2199,33.498184,-116.764343,,,91,,7247,-34.7,135,1.0
2026-07-28T22:08:46.809008,AA38F8,N758NL,33.131195,-116.83147,,,162,,1200,-36.1,116,31.8
2026-07-28T22:08:46.809008,AE6BAB,,33.246872,-117.560193,,,,,,-49.5,6,30.9
2026-07-28T22:08:46.809008,AB1BF9,,33.229127,-117.896081,,,320,,,-49.5,10,20.7
2026-07-28T22:08:46.809008,0C216D,,33.036308,-116.405696,,,297,,,-49.5,22,11.7
2026-07-28T22:08:51.863003,A8758B,QXE2342,32.829197,-117.181017,,,101,,6051,-35.2,2148,14.0
2026-07-28T22:08:51.863003,AA3764,N7577N,32.874298,-117.090802,,,115,,4775,-49.5,2226,0.1
2026-07-28T22:08:51.863003,AC5B43,SWA3486,32.959442,-116.567084,,,34,,7225,-34.8,1572,4.4
2026-07-28T22:08:51.863003,A5669F,SWA250,32.889175,-117.276196,,,144,,1747,-27.8,1479,0.4
2026-07-28T22:08:51.863003,0D0AF1,VIV0518,33.182249,-116.991446,,,279,,4357,-49.5,1857,0.1
2026-07-28T22:08:51.863003,A12D67,SKW847E,32.996796,-117.624902,,,307,,6772,-37.9,231,63.5
2026-07-28T22:08:51.863003,A667CF,N5112L,32.970703,-117.299982,,,338,,4633,-35.0,608,4.0
2026-07-28T22:08:51.863003,AB477D,DAL2672,33.285176,-117.639808,,,138,,6664,-49.5,182,0.7
2026-07-28T22:08:51.863003,ADDDD5,AAL2199,33.49792,-116.749523,,,91,,7247,-49.5,178,0.0
2026-07-28T22:08:51.863003,AA38F8,N758NL,33.131195,-116.83147,,,162,,1200,-36.1,116,36.8
2026-07-28T22:08:51.863003,AE6BAB,,33.246872,-117.560193,,,,,,-49.5,6,36.0
2026-07-28T22:08:51.863003,AB1BF9,,33.229127,-117.896081,,,320,,,-49.5,10,25.8
2026-07-28T22:08:51.863003,0C216D,,33.051623,-116.43972,,,295,,1065,-33.7,51,1.2
2026-07-28T22:08:56.922438,A8758B,QXE2342,32.824493,-117.154028,,,101,,6051,-30.3,2180,0.4
2026-07-28T22:08:56.922438,AA3764,N7577N,32.872956,-117.087409,,,115,,4775,-49.5,2281,0.2
2026-07-28T22:08:56.922438,AC5B43,SWA3486,32.959442,-116.567084,,,34,,7225,-34.8,1572,9.5
2026-07-28T22:08:56.922438,A5669F,SWA250,32.883682,-117.271582,,,144,,1747,-49.5,1510,0.5
2026-07-28T22:08:56.922438,0D0AF1,VIV0518,33.183655,-117.001263,,,279,,4357,-49.5,1893,0.4
2026-07-28T22:08:56.922438,A12D67,SKW847E,33.053904,-117.71391,,,308,,6772,-35.0,240,2.0
2026-07-28T22:08:56.922438,A667CF,N5112L,32.970703,-117.299982,,,338,,4633,-35.0,608,9.1
2026-07-28T22:08:56.922438,AB477D,DAL2672,33.279694,-117.633911,,,138,,6664,-36.7,215,1.8
2026-07-28T22:08:56.922438,ADDDD5,AAL2199,33.497873,-116.747057,,,91,,7247,-36.1,192,4.1
2026-07-28T22:08:56.922438,AA38F8,N758NL,33.131195,-116.83147,,,162,,1200,-36.1,116,41.9
2026-07-28T22:08:56.922438,AE6BAB,,33.246872,-117.560193,,,,,,-49.5,6,41.1
2026-07-28T22:08:56.922438,AB1BF9,,33.229127,-117.896081,,,320,,,-49.5,10,30.8
2026-07-28T22:08:56.922438,0C216D,,33.056837,-116.453397,,,293,,1065,-35.5,91,0.2
2026-07-28T22:09:01.997447,A8758B,QXE2342,32.823145,-117.146096,,,101,,6051,-49.5,2245,0.0
2026-07-28T22:09:01.997447,AA3764,N7577N,32.871559,-117.084158,,,116,,4775,-33.6,2323,0.4
2026-07-28T22:09:01.997447,AC5B43,SWA3486,32.959442,-116.567084,,,34,,7225,-34.8,1572,14.6
2026-07-28T22:09:01.997447,A5669F,SWA250,32.883682,-117.271582,,,145,,1747,-49.5,1514,5.6
2026-07-28T22:09:01.997447,0D0AF1,VIV0518,33.184845,-117.009283,,,279,,4357,-33.2,1927,1.6
2026-07-28T22:09:01.997447,A12D67,SKW847E,33.053904,-117.71391,,,308,,6772,-35.0,240,7.1
2026-07-28T22:09:01.997447,A667CF,N5112L,32.976814,-117.302763,,,341,,4633,-49.5,617,1.2
2026-07-28T22:09:01.997447,AB477D,DAL2672,33.279694,-117.633911,,,138,,6664,-35.4,216,6.9
2026-07-28T22:09:01.997447,ADDDD5,AAL2199,33.497873,-116.747057,,,91,,7247,-35.4,196,9.2
2026-07-28T22:09:01.997447,AA38F8,N758NL,33.131195,-116.83147,,,162,,1200,-36.1,116,47.0
2026-07-28T22:09:01.997447,AE6BAB,,33.246872,-117.560193,,,,,,-49.5,6,46.1
2026-07-28T22:09:01.997447,AB1BF9,,33.229127,-117.896081,,,320,,,-49.5,10,35.9
2026-07-28T22:09:01.997447,0C216D,,33.060745,-116.463977,,,293,,1065,-35.6,119,0.4
2026-07-28T22:09:07.042028,A8758B,QXE2342,32.82193,-117.138922,,,101,,6051,-35.6,2307,0.1
2026-07-28T22:09:07.042028,AA3764,N7577N,32.870224,-117.080969,,,116,,4775,-49.5,2370,0.6
2026-07-28T22:09:07.042028,AC5B43,SWA3486,32.959442,-116.567084,,,34,,7225,-34.8,1572,19.6
2026-07-28T22:09:07.042028,A5669F,SWA250,32.87233,-117.262189,,,145,,1747,-27.7,1551,0.4
2026-07-28T22:09:07.042028,0D0AF1,VIV0518,33.186676,-117.021643,,,279,,4357,-27.9,1971,0.7
2026-07-28T22:09:07.042028,A12D67,SKW847E,33.053904,-117.71391,,,308,,6772,-35.0,240,12.1
2026-07-28T22:09:07.042028,A667CF,N5112L,32.979034,-117.303662,,,341,,4633,-49.5,641,1.6
2026-07-28T22:09:07.042028,AB477D,DAL2672,33.279694,-117.633911,,,138,,6664,-35.6,227,11.9
2026-07-28T22:09:07.042028,ADDDD5,AAL2199,33.497873,-116.747057,,,91,,7247,-37.4,199,14.2
2026-07-28T22:09:07.042028,AA38F8,N758NL,33.131195,-116.83147,,,162,,1200,-36.1,116,52.0
2026-07-28T22:09:07.042028,AE6BAB,,33.246872,-117.560193,,,,,,-49.5,6,51.2
2026-07-28T22:09:07.042028,AB1BF9,,33.284729,-117.950757,,,320,,,-49.5,18,1.2
2026-07-28T22:09:07.042028,0C216D,,33.064798,-116.474809,,,293,,1065,-36.0,147,0.6
2026-07-28T22:09:12.122122,A8758B,QXE2342,32.820602,-117.131287,,,101,,6051,-34.8,2327,0.0
2026-07-28T22:09:12.122122,AA3764,N7577N,32.868713,-117.077399,,,116,,4775,-31.2,2423,0.3
2026-07-28T22:09:12.122122,AC5B43,SWA3486,32.959442,-116.567084,,,34,,7225,-49.5,1573,24.7
2026-07-28T22:09:12.122122,A5669F,SWA250,32.866625,-117.257472,,,145,,1747,-49.5,1585,0.4
2026-07-28T22:09:12.122122,0D0AF1,VIV0518,33.188141,-117.031641,,,279,,4357,-23.7,2036,0.8
2026-07-28T22:09:12.122122,A12D67,SKW847E,33.053904,-117.71391,,,308,,6772,-35.0,240,17.2
2026-07-28T22:09:12.122122,A667CF,N5112L,32.981655,-117.304725,,,341,,4633,-49.5,653,1.2
2026-07-28T22:09:12.122122,AB477D,DAL2672,33.256256,-117.608807,,,138,,6664,-31.3,280,0.0
2026-07-28T22:09:12.122122,ADDDD5,AAL2199,33.497269,-116.711993,,,91,,7247,-49.5,206,5.1
2026-07-28T22:09:12.122122,AA38F8,N758NL,33.131195,-116.83147,,,162,,1200,-36.1,116,57.1
2026-07-28T22:09:12.122122,AE6BAB,,33.246872,-117.560193,,,,,,-49.5,6,56.3
2026-07-28T22:09:12.122122,AB1BF9,,33.292007,-117.957788,,,320,,,-49.5,21,1.2
2026-07-28T22:09:12.122122,0C216D,,33.065506,-116.476776,,,293,,1065,-49.5,153,4.7
2026-07-28T22:09:17.199847,A8758B,QXE2342,32.81955,-117.125024,,,101,,6051,-30.8,2387,0.7
2026-07-28T22:09:17.199847,AA3764,N7577N,32.867294,-117.074048,,,116,,4775,-49.5,2469,0.3
2026-07-28T22:09:17.199847,AC5B43,SWA3486,32.959442,-116.567084,,,34,,7225,-49.5,1573,29.8
2026-07-28T22:09:17.199847,A5669F,SWA250,32.865089,-117.256239,,,145,,1747,-31.5,1608,4.1
2026-07-28T22:09:17.199847,0D0AF1,VIV0518,33.18988,-117.043726,,,279,,4357,-49.5,2097,0.0
2026-07-28T22:09:17.199847,A12D67,SKW847E,33.053904,-117.71391,,,308,,6772,-35.0,240,22.3
2026-07-28T22:09:17.199847,A667CF,N5112L,32.981655,-117.304725,,,341,,4633,-34.9,656,6.2
2026-07-28T22:09:17.199847,AB477D,DAL2672,33.250681,-117.602925,,,138,,6664,-30.8,344,1.1
2026-07-28T22:09:17.199847,ADDDD5,AAL2199,33.497269,-116.711993,,,91,,7247,-37.5,207,10.1
2026-07-28T22:09:17.199847,AA38F8,N758NL,33.131195,-116.83147,,,162,,1200,-36.1,116,62.2
2026-07-28T22:09:17.199847,AE6BAB,,33.200916,-117.496986,,,,,,-35.3,8,1.4
2026-07-28T22:09:17.199847,AB1BF9,,33.292007,-117.957788,,,320,,,-49.5,21,6.2
2026-07-28T22:09:17.199847,0C216D,,33.072572,-116.49566,,,293,,1065,-49.5,162,1.3
2026-07-28T22:09:22.279038,A8758B,QXE2342,32.819002,-117.121825,,,101,,6051,-37.1,2403,3.7
2026-07-28T22:09:22.279038,AA3764,N7577N,32.86615,-117.071356,,,116,,4775,-33.7,2500,1.3
2026-07-28T22:09:22.279038,AC5B43,SWA3486,32.959442,-116.567084,,,34,,7225,-49.5,1573,34.8
2026-07-28T22:09:22.279038,A5669F,SWA250,32.855871,-117.248616,,,144,,1747,-32.6,1644,0.7
2026-07-28T22:09:22.279038,0D0AF1,VIV0518,33.191373,-117.054001,,,279,,4357,-49.5,2161,0.0
2026-07-28T22:09:22.279038,A12D67,SKW847E,33.053904,-117.71391,,,308,,6772,-35.0,240,27.3
2026-07-28T22:09:22.279038,A667CF,N5112L,32.986823,-117.306855,,,340,,4633,-32.9,676,0.4
2026-07-28T22:09:22.279038,AB477D,DAL2672,33.243372,-117.59519,,,138,,6664,-49.5,386,0.8
2026-07-28T22:09:22.279038,ADDDD5,AAL2199,33.496674,-116.677441,,,91,,7247,-37.7,211,1.2
2026-07-28T22:09:22.279038,AA38F8,N758NL,33.131195,-116.83147,,,162,,1200,-36.1,116,67.2
2026-07-28T22:09:22.279038,AE6BAB,,33.200916,-117.496986,,,131,,,-49.5,10,6.4
2026-07-28T22:09:22.279038,AB1BF9,,33.292007,-117.957788,,,320,,,-49.5,21,11.3
2026-07-28T22:09:22.279038,0C216D,CMP302,33.075027,-116.502209,,,293,,1065,-49.5,169,3.3
2026-07-28T22:09:22.279038,ABC40D,,32.626511,-117.1927,,,95,,,-49.5,6,0.1
2026-07-28T22:09:27.342613,A8758B,QXE2342,32.81714,-117.111007,,,101,,6051,-49.5,2418,1.2
2026-07-28T22:09:27.342613,AA3764,N7577N,32.86615,-117.071356,,,116,,4775,-33.7,2500,6.3
2026-07-28T22:09:27.342613,AC5B43,SWA3486,33.020759,-116.517689,,,34,,7225,-34.2,1591,0.9
2026-07-28T22:09:27.342613,A5669F,SWA250,32.850052,-117.243796,,,144,,1747,-32.6,1656,0.5
2026-07-28T22:09:27.342613,0D0AF1,VIV0518,33.19281,-117.063885,,,279,,4357,-31.6,2215,0.3
2026-07-28T22:09:27.342613,A12D67,SKW847E,33.053904,-117.71391,,,308,,6772,-35.0,240,32.4
2026-07-28T22:09:27.342613,A667CF,N5112L,32.987102,-117.306967,,,340,,4633,-49.5,685,5.0
2026-07-28T22:09:27.342613,AB477D,DAL2672,33.236343,-117.587714,,,138,,6664,-49.5,449,0.8
2026-07-28T22:09:27.342613,ADDDD5,AAL2199,33.496674,-116.677441,,,91,,7247,-49.5,214,6.3
2026-07-28T22:09:27.342613,AA38F8,N758NL,33.131195,-116.83147,,,162,,1200,-36.1,116,72.3
2026-07-28T22:09:27.342613,AE6BAB,SCRCH55,33.200916,-117.496986,,,131,,,-34.5,20,11.5
2026-07-28T22:09:27.342613,AB1BF9,,33.292007,-117.957788,,,320,,,-49.5,21,16.4
2026-07-28T22:09:27.342613,0C216D,CMP302,33.075027,-116.502209,,,293,,1065,-49.5,170,8.3
2026-07-28T22:09:27.342613,ABC40D,SWA4874,32.62581,-117.18494,,,95,,1022,-35.1,23,1.3
2026-07-28T22:09:32.415606,A8758B,QXE2342,32.815659,-117.102338,,,101,,6051,-31.9,2447,0.0
2026-07-28T22:09:32.415606,AA3764,N7577N,32.86615,-117.071356,,,116,,4775,-33.7,2500,11.4
2026-07-28T22:09:32.415606,AC5B43,SWA3486,33.030029,-116.510175,,,34,,7225,-49.5,1622,0.2
2026-07-28T22:09:32.415606,A5669F,SWA250,32.846786,-117.24104,,,144,,1747,-35.5,1676,2.6
2026-07-28T22:09:32.415606,0D0AF1,VIV0518,33.194275,-117.074103,,,279,,4357,-26.7,2255,0.3
2026-07-28T22:09:32.415606,A12D67,SKW847E,33.053904,-117.71391,,,308,,6772,-35.0,240,37.5
2026-07-28T22:09:32.415606,A667CF,N5112L,32.991617,-117.308929,,,339,,4633,-49.5,713,0.4
2026-07-28T22:09:32.415606,AB477D,DAL2672,33.229065,-117.580078,,,138,,6664,-34.3,480,0.5
2026-07-28T22:09:32.415606,ADDDD5,AAL2199,33.496674,-116.677441,,,91,,7247,-37.8,219,11.3
2026-07-28T22:09:32.415606,AA38F8,N758NL,33.131195,-116.83147,,,162,,1200,-36.1,116,77.4
2026-07-28T22:09:32.415606,AE6BAB,SCRCH55,33.188813,-117.480562,,,131,,,-33.5,39,0.9
2026-07-28T22:09:32.415606,AB1BF9,,33.292007,-117.957788,,,320,,,-49.5,21,21.4
2026-07-28T22:09:32.415606,0C216D,CMP302,33.075027,-116.502209,,,294,,1065,-37.5,175,13.4
2026-07-28T22:09:32.415606,ABC40D,SWA4874,32.624771,-117.173254,,,96,,1022,-49.5,65,0.4
2026-07-28T22:09:37.461364,A8758B,QXE2342,32.814533,-117.09548,,,101,,6051,-28.9,2508,0.0
2026-07-28T22:09:37.461364,AA3764,N7577N,32.86615,-117.071356,,,116,,4775,-33.7,2500,16.4
2026-07-28T22:09:37.461364,AC5B43,SWA3486,33.035019,-116.506165,,,34,,7225,-49.5,1641,2.0
2026-07-28T22:09:37.461364,A5669F,SWA250,32.839205,-117.234771,,,144,,1747,-49.5,1714,0.7
2026-07-28T22:09:37.461364,0D0AF1,VIV0518,33.195786,-117.08443,,,279,,4357,-28.0,2316,0.3
2026-07-28T22:09:37.461364,A12D67,SKW847E,33.053904,-117.71391,,,308,,6772,-35.0,240,42.5
2026-07-28T22:09:37.461364,A667CF,N5112L,32.994186,-117.310089,,,339,,4633,-32.3,720,0.0
2026-07-28T22:09:37.461364,AB477D,DAL2672,33.223401,-117.574114,,,138,,6664,-49.5,494,1.4
2026-07-28T22:09:37.461364,ADDDD5,AAL2199,33.495987,-116.638275,,,91,,7247,-35.0,227,0.6
2026-07-28T22:09:37.461364,AE6BAB,SCRCH55,33.18453,-117.474733,,,131,,,-49.5,66,0.5
2026-07-28T22:09:37.461364,AB1BF9,,33.292007,-117.957788,,,320,,,-49.5,21,26.5
2026-07-28T22:09:37.461364,0C216D,CMP302,33.089191,-116.53983,,,294,,1065,-49.5,185,1.2
2026-07-28T22:09:37.461364,ABC40D,SWA4874,32.624405,-117.16886,,,96,,1022,-36.9,75,3.3
2026-07-28T22:09:42.525694,A8758B,QXE2342,32.813416,-117.089154,,,101,,6051,-49.5,2566,0.4
2026-07-28T22:09:42.525694,AA3764,N7577N,32.86615,-117.071356,,,116,,4775,-33.7,2500,21.5
2026-07-28T22:09:42.525694,AC5B43,SWA3486,33.045897,-116.497342,,,34,,7225,-35.9,1647,0.1
2026-07-28T22:09:42.525694,A5669F,SWA250,32.836121,-117.232196,,,144,,1747,-35.3,1735,2.9
2026-07-28T22:09:42.525694,0D0AF1,VIV0518,33.197239,-117.094471,,,279,,4357,-23.3,2372,0.3
2026-07-28T22:09:42.525694,A12D67,SKW847E,33.053904,-117.71391,,,308,,6772,-35.0,240,47.6
2026-07-28T22:09:42.525694,A667CF,N5112L,32.996412,-117.311059,,,339,,4633,-36.8,735,0.2
2026-07-28T22:09:42.525694,AB477D,DAL2672,33.223401,-117.574114,,,138,,6664,-35.4,500,6.4
2026-07-28T22:09:42.525694,ADDDD5,AAL2199,33.495804,-116.625311,,,91,,7247,-49.5,277,0.5
2026-07-28T22:09:42.525694,AE6BAB,SCRCH55,33.180359,-117.469061,,,131,,,-35.2,107,0.1
2026-07-28T22:09:42.525694,AB1BF9,,33.292007,-117.957788,,,320,,,-49.5,21,31.5
2026-07-28T22:09:42.525694,0C216D,CMP302,33.089191,-116.53983,,,293,,1065,-49.5,198,6.3
2026-07-28T22:09:42.525694,ABC40D,SWA4874,32.624405,-117.16886,,,96,,1022,-36.9,75,8.3
2026-07-28T22:09:47.566071,A8758B,QXE2342,32.812271,-117.082233,,,101,,6051,-49.5,2622,0.3
2026-07-28T22:09:47.566071,AA3764,N7577N,32.86615,-117.071356,,,116,,4775,-33.7,2500,26.5
2026-07-28T22:09:47.566071,AC5B43,SWA3486,33.052135,-116.492297,,,34,,7225,-49.5,1658,1.3
2026-07-28T22:09:47.566071,A5669F,SWA250,32.828871,-117.226027,,,142,,1747,-49.5,1757,1.3
2026-07-28T22:09:47.566071,0D0AF1,VIV0518,33.198728,-117.105009,,,279,,4357,-27.4,2412,0.3
2026-07-28T22:09:47.566071,A12D67,SKW847E,33.053904,-117.71391,,,308,,6772,-35.0,240,52.6
2026-07-28T22:09:47.566071,A667CF,N5112L,32.996412,-117.311059,,,339,,4633,-36.8,735,5.3
2026-07-28T22:09:47.566071,AB477D,DAL2672,33.223401,-117.574114,,,138,,6664,-35.4,500,11.5
2026-07-28T22:09:47.566071,ADDDD5,AAL2199,33.495575,-116.612073,,,91,,7247,-32.1,324,0.2
2026-07-28T22:09:47.566071,AE6BAB,SCRCH55,33.177733,-117.465484,,,131,,4661,-34.9,143,1.7
2026-07-28T22:09:47.566071,AB1BF9,,33.292007,-117.957788,,,320,,,-49.5,21,36.6
2026-07-28T22:09:47.566071,0C216D,CMP302,33.098236,-116.563898,,,293,,1065,-32.2,235,0.0
2026-07-28T22:09:47.566071,ABC40D,SWA4874,32.624405,-117.16886,,,96,,1022,-49.5,77,13.4
2026-07-28T22:09:52.616094,A8758B,QXE2342,32.811134,-117.075525,,,101,,6051,-27.9,2699,0.3
2026-07-28T22:09:52.616094,AA3764,N7577N,32.857681,-117.051086,,,115,,4775,-33.3,2524,0.0
2026-07-28T22:09:52.616094,AC5B43,SWA3486,33.052135,-116.492297,,,34,,7225,-49.5,1658,6.3
2026-07-28T22:09:52.616094,A5669F,SWA250,32.823715,-117.220496,,,142,,1747,-49.5,1758,1.1
2026-07-28T22:09:52.616094,0D0AF1,VIV0518,33.200134,-117.114752,,,279,,4357,-33.9,2447,0.4
2026-07-28T22:09:52.616094,A12D67,SKW847E,33.053904,-117.71391,,,308,,6772,-35.0,240,57.7
2026-07-28T22:09:52.616094,A667CF,N5112L,33.001114,-117.313021,,,340,,4633,-29.6,764,0.4
2026-07-28T22:09:52.616094,AB477D,DAL2672,33.223401,-117.574114,,,138,,6664,-35.4,500,16.5
2026-07-28T22:09:52.616094,ADDDD5,AAL2199,33.495346,-116.600372,,,91,,7247,-33.1,376,0.5
2026-07-28T22:09:52.616094,AE6BAB,SCRCH55,33.172985,-117.458982,,,131,,4661,-49.5,173,0.8
2026-07-28T22:09:52.616094,AB1BF9,,33.292007,-117.957788,,,320,,,-49.5,21,41.7
2026-07-28T22:09:52.616094,0C216D,CMP302,33.102086,-116.574246,,,293,,1065,-33.5,287,0.2
2026-07-28T22:09:52.616094,ABC40D,SWA4874,32.624405,-117.16886,,,96,,1022,-49.5,77,18.4
2026-07-28T22:09:57.701709,A8758B,QXE2342,32.810028,-117.068994,,,101,,6051,-49.5,2761,0.3
2026-07-28T22:09:57.701709,AA3764,N7577N,32.857224,-117.049878,,,115,,4775,-36.4,2535,3.1
2026-07-28T22:09:57.701709,AC5B43,SWA3486,33.052135,-116.492297,,,34,,7225,-49.5,1658,11.4
2026-07-28T22:09:57.701709,A5669F,SWA250,32.823715,-117.220496,,,142,,1747,-49.5,1758,6.1
2026-07-28T22:09:57.701709,0D0AF1,VIV0518,33.201522,-117.12474,,,279,,4357,-32.4,2499,0.6
2026-07-28T22:09:57.701709,A667CF,N5112L,33.003675,-117.314086,,,340,,4633,-31.4,799,0.0
2026-07-28T22:09:57.701709,AB477D,DAL2672,33.223401,-117.574114,,,138,,6664,-35.4,500,21.6
2026-07-28T22:09:57.701709,ADDDD5,AAL2199,33.495117,-116.587354,,,91,,7247,-35.5,403,0.4
2026-07-28T22:09:57.701709,AE6BAB,SCRCH55,33.16864,-117.453021,,,130,,4661,-49.5,206,0.2
2026-07-28T22:09:57.701709,AB1BF9,,33.292007,-117.957788,,,320,,,-49.5,21,46.7
2026-07-28T22:09:57.701709,0C216D,CMP302,33.105298,-116.582878,,,293,,1065,-32.3,352,1.2
2026-07-28T22:09:57.701709,ABC40D,SWA4874,32.624405,-117.16886,,,96,,1022,-49.5,77,23.5
2026-07-28T22:10:02.749019,A8758B,QXE2342,32.808884,-117.062128,,,101,,6051,-49.5,2829,0.3
2026-07-28T22:10:02.749019,AA3764,N7577N,32.857224,-117.049878,,,115,,4775,-36.4,2535,8.2
2026-07-28T22:10:02.749019,AC5B43,SWA3486,33.052135,-116.492297,,,34,,7225,-37.1,1667,16.5
2026-07-28T22:10:02.749019,A5669F,SWA250,32.823715,-117.220496,,,142,,1747,-49.5,1761,11.2
2026-07-28T22:10:02.749019,0D0AF1,VIV0518,33.203018,-117.135022,,,279,,4357,-33.2,2535,0.5
2026-07-28T22:10:02.749019,A667CF,N5112L,33.006049,-117.315095,,,341,,4633,-49.5,833,0.2
2026-07-28T22:10:02.749019,AB477D,DAL2672,33.188553,-117.537561,,,138,,6664,-28.2,540,1.0
2026-07-28T22:10:02.749019,ADDDD5,AAL2199,33.494888,-116.574115,,,91,,7247,-49.5,421,0.2
2026-07-28T22:10:02.749019,AE6BAB,SCRCH55,33.166077,-117.449506,,,130,,4661,-32.7,244,2.0
2026-07-28T22:10:02.749019,AB1BF9,,33.292007,-117.957788,,,320,,,-49.5,21,51.8
2026-07-28T22:10:02.749019,0C216D,CMP302,33.11,-116.59549,,,294,,1065,-32.4,411,0.3
2026-07-28T22:10:02.749019,ABC40D,SWA4874,32.624405,-117.16886,,,96,,1022,-49.5,77,28.6
2026-07-28T22:10:02.749019,AA38F8,,33.096542,-116.831525,,,284,,,-49.5,6,4.7
2026-07-28T22:10:07.826992,A8758B,QXE2342,32.807783,-117.055515,,,101,,6051,-49.5,2890,0.4
2026-07-28T22:10:07.826992,AA3764,N7577N,32.857224,-117.049878,,,115,,4775,-36.4,2535,13.2
2026-07-28T22:10:07.826992,AC5B43,SWA3486,33.084,-116.466449,,,34,,7225,-49.5,1674,1.4
2026-07-28T22:10:07.826992,A5669F,SWA250,32.814253,-117.198561,,,104,,1747,-49.5,1785,0.4
2026-07-28T22:10:07.826992,0D0AF1,VIV0518,33.203842,-117.14079,,,279,,4357,-49.5,2566,2.7
2026-07-28T22:10:07.826992,A667CF,N5112L,33.008652,-117.316132,,,340,,4633,-49.5,878,0.1
2026-07-28T22:10:07.826992,AB477D,DAL2672,33.180634,-117.529266,,,138,,6664,-49.5,590,0.1
2026-07-28T22:10:07.826992,ADDDD5,AAL2199,33.494661,-116.563764,,,91,,7247,-36.7,427,1.1
2026-07-28T22:10:07.826992,AE6BAB,SCRCH55,33.16158,-117.443343,,,130,,4661,-49.5,281,1.2
2026-07-28T22:10:07.826992,AB1BF9,,33.292007,-117.957788,,,320,,,-49.5,21,56.8
2026-07-28T22:10:07.826992,0C216D,CMP302,33.114003,-116.606196,,,293,,1065,-35.4,455,0.2
2026-07-28T22:10:07.826992,ABC40D,SWA4874,32.623808,-117.098955,,,96,,1022,-49.5,78,0.1
2026-07-28T22:10:07.826992,AA38F8,,33.096542,-116.831525,,,284,,,-37.9,7,9.8
2026-07-28T22:10:12.875576,A8758B,QXE2342,32.806778,-117.049493,,,101,,6051,-49.5,2929,0.7
2026-07-28T22:10:12.875576,AA3764,N7577N,32.857224,-117.049878,,,115,,4775,-36.4,2535,18.3
2026-07-28T22:10:12.875576,AC5B43,SWA3486,33.084,-116.466449,,,34,,7225,-49.5,1674,6.4
2026-07-28T22:10:12.875576,A5669F,SWA250,32.81337,-117.194403,,,103,,1747,-49.5,1805,2.8
2026-07-28T22:10:12.875576,0D0AF1,VIV0518,33.206037,-117.156017,,,279,,4357,-19.9,2623,0.1
2026-07-28T22:10:12.875576,A667CF,N5112L,33.011309,-117.317281,,,340,,4633,-28.7,928,0.1
2026-07-28T22:10:12.875576,AB477D,DAL2672,33.17387,-117.522153,,,138,,6664,-26.6,667,0.2
2026-07-28T22:10:12.875576,ADDDD5,AAL2199,33.494521,-116.556309,,,91,,7247,-37.4,435,3.2
2026-07-28T22:10:12.875576,AE6BAB,SCRCH55,33.157288,-117.437421,,,130,,4661,-34.9,307,0.7
2026-07-28T22:10:12.875576,0C216D,CMP302,33.115633,-116.610624,,,293,,1065,-35.0,468,3.2
2026-07-28T22:10:12.875576,ABC40D,SWA4874,32.623808,-117.098955,,,96,,1022,-35.4,80,5.2
2026-07-28T22:10:12.875576,AA38F8,,33.096542,-116.831525,,,284,,,-37.9,7,14.8
2026-07-28T22:10:17.968908,A8758B,QXE2342,32.806778,-117.049493,,,101,,6051,-49.5,2929,5.8
2026-07-28T22:10:17.968908,AA3764,N7577N,32.857224,-117.049878,,,115,,4775,-36.4,2535,23.4
2026-07-28T22:10:17.968908,AC5B43,SWA3486,33.084,-116.466449,,,34,,7225,-49.5,1678,11.5
2026-07-28T22:10:17.968908,A5669F,SWA250,32.812019,-117.187294,,,102,,1747,-49.5,1814,3.2
2026-07-28T22:10:17.968908,0D0AF1,VIV0518,33.207367,-117.16507,,,279,,4357,-49.5,2702,0.6
2026-07-28T22:10:17.968908,A667CF,N5112L,33.01355,-117.318219,,,340,,4633,-49.5,961,0.9
2026-07-28T22:10:17.968908,AB477D,DAL2672,33.166933,-117.514866,,,138,,6664,-49.5,733,0.0
2026-07-28T22:10:17.968908,ADDDD5,AAL2199,33.494521,-116.556309,,,91,,7247,-35.9,436,8.2
2026-07-28T22:10:17.968908,AE6BAB,SCRCH55,33.156412,-117.436224,,,130,,4661,-36.5,331,4.7
2026-07-28T22:10:17.968908,0C216D,CMP302,33.115633,-116.610624,,,293,,1065,-35.0,468,8.3
2026-07-28T22:10:17.968908,ABC40D,SWA4874,32.62706,-117.081573,,,74,,1022,-32.8,108,1.8
2026-07-28T22:10:17.968908,AA38F8,,33.096542,-116.831525,,,284,,,-37.9,7,19.9
2026-07-28T22:10:17.968908,A2004D,,32.857919,-116.947501,,,73,,,-37.3,3,1.1
2026-07-28T22:10:23.040974,A8758B,QXE2342,32.804398,-117.035266,,,101,,6051,-31.1,2952,0.0
2026-07-28T22:10:23.040974,AA3764,N7577N,32.857224,-117.049878,,,115,,4775,-36.4,2535,28.4
2026-07-28T22:10:23.040974,AC5B43,SWA3486,33.084,-116.466449,,,34,,7225,-38.6,1679,16.6
2026-07-28T22:10:23.040974,A5669F,SWA250,32.812019,-117.187294,,,102,,1747,-49.5,1814,8.2
2026-07-28T22:10:23.040974,0D0AF1,VIV0518,33.20883,-117.175355,,,279,,4357,-30.2,2768,0.5
2026-07-28T22:10:23.040974,A667CF,N5112L,33.01355,-117.318219,,,340,,4633,-49.5,962,5.9
2026-07-28T22:10:23.040974,AB477D,DAL2672,33.161636,-117.509326,,,138,,6664,-49.5,790,1.1
2026-07-28T22:10:23.040974,ADDDD5,AAL2199,33.494521,-116.556309,,,91,,7247,-35.9,440,13.3
2026-07-28T22:10:23.040974,AE6BAB,SCRCH55,33.148911,-117.42594,,,130,,4661,-49.5,354,0.0
2026-07-28T22:10:23.040974,0C216D,CMP302,33.115633,-116.610624,,,293,,1065,-35.0,468,13.4
2026-07-28T22:10:23.040974,ABC40D,SWA4874,32.630651,-117.067902,,,70,,1022,-49.5,141,0.2
2026-07-28T22:10:23.040974,AA38F8,,33.096542,-116.831525,,,284,,,-37.9,7,25.0
2026-07-28T22:10:23.040974,A2004D,,32.858459,-116.945343,,,73,,1200,-36.0,7,3.2
2026-07-28T22:10:28.088549,A8758B,QXE2342,32.803482,-117.029608,,,101,,6051,-31.7,2999,0.8
2026-07-28T22:10:28.088549,AA3764,N7577N,32.857224,-117.049878,,,115,,4775,-36.4,2535,33.5
2026-07-28T22:10:28.088549,AC5B43,SWA3486,33.084,-116.466449,,,34,,7225,-38.6,1679,21.6
2026-07-28T22:10:28.088549,A5669F,SWA250,32.809179,-117.172048,,,102,,1747,-35.9,1815,3.3
2026-07-28T22:10:28.088549,0D0AF1,VIV0518,33.20883,-117.175355,,,279,,4357,-33.8,2772,5.6
2026-07-28T22:10:28.088549,A667CF,N5112L,33.01899,-117.320476,,,341,,4633,-29.4,984,0.5
2026-07-28T22:10:28.088549,AB477D,DAL2672,33.153759,-117.501021,,,138,,6664,-28.1,847,0.2
2026-07-28T22:10:28.088549,ADDDD5,AAL2199,33.493698,-116.514185,,,91,,7247,-35.0,452,1.4
2026-07-28T22:10:28.088549,AE6BAB,SCRCH55,33.14524,-117.420922,,,130,,4661,-49.5,417,0.4
2026-07-28T22:10:28.088549,0C216D,CMP302,33.115633,-116.610624,,,293,,1065,-49.5,469,18.4
2026-07-28T22:10:28.088549,ABC40D,SWA4874,32.633817,-117.058037,,,69,,1022,-49.5,169,0.3
2026-07-28T22:10:28.088549,AA38F8,,33.096542,-116.831525,,,284,,,-37.9,7,30.0
2026-07-28T22:10:28.088549,A2004D,,32.860014,-116.939317,,,72,,1200,-36.6,15,0.0
2026-07-28T22:10:33.137628,A8758B,QXE2342,32.802246,-117.022302,,,101,,6051,-32.2,3055,0.2
2026-07-28T22:10:33.137628,AA3764,N7577N,32.857224,-117.049878,,,115,,4775,-36.4,2535,38.5
2026-07-28T22:10:33.137628,AC5B43,SWA3486,33.084,-116.466449,,,34,,7225,-38.6,1679,26.6
2026-07-28T22:10:33.137628,A5669F,SWA250,32.806898,-117.159436,,,102,,1747,-31.5,1820,0.0
2026-07-28T22:10:33.137628,0D0AF1,VIV0518,33.210846,-117.18924,,,279,,4357,-32.9,2780,3.6
2026-07-28T22:10:33.137628,A667CF,N5112L,33.021364,-117.321429,,,340,,4633,-49.5,1034,0.9
2026-07-28T22:10:33.137628,AB477D,DAL2672,33.148452,-117.495472,,,138,,6664,-49.5,901,1.3
2026-07-28T22:10:33.137628,ADDDD5,AAL2199,33.493698,-116.514185,,,91,,7247,-35.0,452,6.4
2026-07-28T22:10:33.137628,AE6BAB,SCRCH55,33.141174,-117.415283,,,130,,4661,-32.1,460,0.0
2026-07-28T22:10:33.137628,0C216D,CMP302,33.130417,-116.655084,,,287,,1065,-49.5,497,2.6
2026-07-28T22:10:33.137628,ABC40D,SWA4874,32.636993,-117.04834,,,68,,1022,-49.5,210,0.4
2026-07-28T22:10:33.137628,AA38F8,,33.096542,-116.831525,,,284,,,-37.9,7,35.1
2026-07-28T22:10:33.137628,A2004D,,32.860526,-116.937299,,,73,,1200,-49.5,25,2.2
2026-07-28T22:10:38.177380,A8758B,QXE2342,32.801265,-117.01639,,,101,,6051,-32.4,3108,0.7
2026-07-28T22:10:38.177380,AA3764,N7577N,32.857224,-117.049878,,,115,,4775,-36.4,2535,43.6
2026-07-28T22:10:38.177380,AC5B43,SWA3486,33.084,-116.466449,,,34,,7225,-38.6,1679,31.7
2026-07-28T22:10:38.177380,A5669F,SWA250,32.805817,-117.153534,,,102,,1747,-49.5,1854,1.2
2026-07-28T22:10:38.177380,0D0AF1,VIV0518,33.213066,-117.204839,,,279,,4357,-35.5,2815,0.9
2026-07-28T22:10:38.177380,A667CF,N5112L,33.024064,-117.322606,,,340,,4633,-49.5,1062,0.6
2026-07-28T22:10:38.177380,AB477D,DAL2672,33.141678,-117.488507,,,140,,6664,-49.5,961,1.3
2026-07-28T22:10:38.177380,ADDDD5,AAL2199,33.493698,-116.514185,,,91,,7247,-35.0,452,11.5
2026-07-28T22:10:38.177380,AE6BAB,SCRCH55,33.137375,-117.410065,,,130,,4661,-49.5,489,0.3
2026-07-28T22:10:38.177380,0C216D,CMP302,33.130417,-116.655084,,,287,,1065,-49.5,497,7.7
2026-07-28T22:10:38.177380,ABC40D,SWA4874,32.640614,-117.037185,,,68,,1022,-49.5,262,0.0
2026-07-28T22:10:38.177380,AA38F8,,33.096542,-116.831525,,,284,,,-37.9,7,40.1
2026-07-28T22:10:38.177380,A2004D,,32.860526,-116.937299,,,73,,1200,-49.5,26,7.3
2026-07-28T22:10:43.250943,A8758B,QXE2342,32.800186,-117.009888,,,100,,6051,-32.2,3155,0.8
2026-07-28T22:10:43.250943,AA3764,N7577N,32.857224,-117.049878,,,115,,4775,-36.4,2535,48.7
2026-07-28T22:10:43.250943,AC5B43,SWA3486,33.084,-116.466449,,,34,,7225,-38.6,1679,36.8
2026-07-28T22:10:43.250943,A5669F,SWA250,32.804198,-117.144526,,,102,,1747,-28.9,1908,0.3
2026-07-28T22:10:43.250943,0D0AF1,VIV0518,33.214645,-117.215826,,,279,,4357,-31.6,2848,0.4
2026-07-28T22:10:43.250943,A667CF,N5112L,33.026825,-117.323822,,,340,,4633,-49.5,1093,0.2
2026-07-28T22:10:43.250943,AB477D,DAL2672,33.133881,-117.481179,,,142,,6664,-49.5,1045,0.7
2026-07-28T22:10:43.250943,ADDDD5,AAL2199,33.493698,-116.514185,,,91,,7247,-35.0,452,16.6
2026-07-28T22:10:43.250943,AE6BAB,SCRCH55,33.133621,-117.404901,,,130,,4661,-36.4,499,0.6
2026-07-28T22:10:43.250943,0C216D,CMP302,33.130417,-116.655084,,,287,,1065,-49.5,497,12.8
2026-07-28T22:10:43.250943,ABC40D,SWA4874,32.643906,-117.027081,,,69,,1022,-49.5,302,0.2
2026-07-28T22:10:43.250943,AA38F8,,33.115402,-116.833777,,,284,,,-49.5,9,0.8
2026-07-28T22:10:43.250943,A2004D,,32.860526,-116.937299,,,73,,1200,-49.5,26,12.4
2026-07-28T22:10:43.250943,AE6BA0,,33.250717,-117.567224,,,121,,,-36.8,3,1.4
2026-07-28T22:10:48.295074,A8758B,QXE2342,32.799822,-117.007533,,,101,,6051,-49.5,3161,4.0
2026-07-28T22:10:48.295074,AA3764,N7577N,32.857224,-117.049878,,,115,,4775,-36.4,2535,53.7
2026-07-28T22:10:48.295074,AC5B43,SWA3486,33.084,-116.466449,,,34,,7225,-38.6,1679,41.9
2026-07-28T22:10:48.295074,A5669F,SWA250,32.80364,-117.141499,,,102,,1747,-34.6,1928,3.4
2026-07-28T22:10:48.295074,0D0AF1,VIV0518,33.215115,-117.218908,,,279,,4357,-49.5,2861,3.9
2026-07-28T22:10:48.295074,A667CF,N5112L,33.029434,-117.324866,,,341,,4633,-49.5,1137,0.3
2026-07-28T22:10:48.295074,AB477D,DAL2672,33.126759,-117.474901,,,144,,6664,-28.2,1108,0.7
2026-07-28T22:10:48.295074,ADDDD5,AAL2199,33.493698,-116.514185,,,91,,7247,-35.0,452,21.6
2026-07-28T22:10:48.295074,AE6BAB,SCRCH55,33.133621,-117.404901,,,130,,4661,-35.4,511,5.7
2026-07-28T22:10:48.295074,0C216D,CMP302,33.138611,-116.694031,,,287,,1065,-49.5,505,0.3
2026-07-28T22:10:48.295074,ABC40D,SWA4874,32.647084,-117.017287,,,69,,1022,-31.4,339,0.4
2026-07-28T22:10:48.295074,AA38F8,N758NL,33.118007,-116.83377,,,1,,,-33.9,36,0.6
2026-07-28T22:10:48.295074,A2004D,,32.860526,-116.937299,,,73,,1200,-49.5,26,17.5
2026-07-28T22:10:48.295074,AE6BA0,,33.250717,-117.567224,,,122,,,-49.5,9,6.5
2026-07-28T22:10:48.295074,A0C3C9,,33.183273,-117.004114,,,148,,,-36.7,3,0.1
2026-07-28T22:10:53.373274,A8758B,QXE2342,32.799822,-117.007533,,,101,,6051,-49.5,3161,9.1
2026-07-28T22:10:53.373274,AA3764,N7577N,32.857224,-117.049878,,,115,,4775,-36.4,2535,58.8
2026-07-28T22:10:53.373274,AC5B43,SWA3486,33.084,-116.466449,,,34,,7225,-38.6,1679,46.9
2026-07-28T22:10:53.373274,A5669F,SWA250,32.801405,-117.129336,,,102,,1747,-49.5,1946,0.4
2026-07-28T22:10:53.373274,0D0AF1,VIV0518,33.216339,-117.227637,,,279,,4357,-49.5,2866,4.5
2026-07-28T22:10:53.373274,A667CF,N5112L,33.031952,-117.325854,,,342,,4633,-30.7,1160,0.3
2026-07-28T22:10:53.373274,AB477D,DAL2672,33.119385,-117.468732,,,144,,6664,-49.5,1177,0.8
2026-07-28T22:10:53.373274,ADDDD5,AAL2199,33.493698,-116.514185,,,91,,7247,-35.0,452,26.7
2026-07-28T22:10:53.373274,AE6BAB,SCRCH55,33.125595,-117.393793,,,130,,4661,-29.6,556,0.2
2026-07-28T22:10:53.373274,0C216D,CMP302,33.140166,-116.704625,,,279,,1065,-29.4,556,0.7
2026-07-28T22:10:53.373274,ABC40D,SWA4874,32.650635,-117.006262,,,69,,1022,-49.5,390,0.1
2026-07-28T22:10:53.373274,AA38F8,N758NL,33.119915,-116.833546,,,9,,1200,-32.9,64,1.6
2026-07-28T22:10:53.373274,A2004D,,32.860526,-116.937299,,,73,,1200,-49.5,26,22.5
2026-07-28T22:10:53.373274,AE6BA0,,33.245839,-117.558531,,,122,,,-38.1,11,3.9
2026-07-28T22:10:53.373274,A0C3C9,,33.183273,-117.004114,,,145,,,-35.1,4,5.2
2026-07-28T22:10:53.373274,A12D67,,33.18338,-117.851166,,,,,,-49.5,2,2.5
2026-07-28T22:10:58.437528,A8758B,QXE2342,32.799822,-117.007533,,,101,,6051,-49.5,3161,14.1
2026-07-28T22:10:58.437528,AC5B43,SWA3486,33.084,-116.466449,,,34,,7225,-38.6,1679,52.0
2026-07-28T22:10:58.437528,A5669F,SWA250,32.800614,-117.124852,,,102,,1747,-49.5,1974,2.6
2026-07-28T22:10:58.437528,0D0AF1,VIV0518,33.216339,-117.227637,,,279,,4357,-37.1,2867,9.6
2026-07-28T22:10:58.437528,A667CF,N5112L,33.034561,-117.326843,,,341,,4633,-49.5,1201,0.2
2026-07-28T22:10:58.437528,AB477D,DAL2672,33.110791,-117.46156,,,144,,6664,-25.5,1232,0.0
2026-07-28T22:10:58.437528,ADDDD5,AAL2199,33.493698,-116.514185,,,91,,7247,-35.0,452,31.8
2026-07-28T22:10:58.437528,AE6BAB,SCRCH55,33.121445,-117.388147,,,130,,4661,-49.5,613,0.0
2026-07-28T22:10:58.437528,0C216D,CMP302,33.141981,-116.717237,,,279,,1065,-49.5,630,0.2
2026-07-28T22:10:58.437528,ABC40D,SWA4874,32.65361,-116.996759,,,70,,1022,-49.5,442,0.7
2026-07-28T22:10:58.437528,AA38F8,N758NL,33.123047,-116.832788,,,11,,1200,-49.5,82,0.1
2026-07-28T22:10:58.437528,A2004D,,32.860526,-116.937299,,,73,,1200,-49.5,26,27.6
2026-07-28T22:10:58.437528,AE6BA0,,33.245839,-117.558531,,,122,,,-38.1,11,9.0
2026-07-28T22:10:58.437528,A0C3C9,,33.180267,-117.001483,,,143,,,-49.5,13,2.1
2026-07-28T22:10:58.437528,A12D67,,33.18338,-117.851166,,,,,,-49.5,2,7.6
2026-07-28T22:11:03.504280,A8758B,QXE2342,32.795929,-116.984399,,,101,,6051,-35.2,3176,1.3
2026-07-28T22:11:03.504280,AC5B43,SWA3486,33.084,-116.466449,,,34,,7225,-38.6,1679,57.0
2026-07-28T22:11:03.504280,A5669F,SWA250,32.800614,-117.124852,,,102,,1747,-49.5,1974,7.6
2026-07-28T22:11:03.504280,0D0AF1,VIV0518,33.220375,-117.255847,,,279,,4357,-49.5,2898,0.2
2026-07-28T22:11:03.504280,A667CF,N5112L,33.037099,-117.327875,,,340,,4633,-49.5,1237,0.0
2026-07-28T22:11:03.504280,AB477D,DAL2672,33.103483,-117.455395,,,144,,6664,-26.6,1295,0.0
2026-07-28T22:11:03.504280,ADDDD5,AAL2199,33.493698,-116.514185,,,91,,7247,-35.0,452,36.8
2026-07-28T22:11:03.504280,AE6BAB,SCRCH55,33.117867,-117.383255,,,130,,4661,-49.5,658,0.4
2026-07-28T22:11:03.504280,0C216D,CMP302,33.143517,-116.727831,,,279,,1065,-49.5,686,0.4
2026-07-28T22:11:03.504280,ABC40D,SWA4874,32.654347,-116.994305,,,70,,1022,-49.5,453,4.5
2026-07-28T22:11:03.504280,AA38F8,N758NL,33.12471,-116.832313,,,13,,1200,-37.0,99,1.7
2026-07-28T22:11:03.504280,A2004D,,32.860526,-116.937299,,,73,,1200,-49.5,26,32.6
2026-07-28T22:11:03.504280,AE6BA0,,33.245839,-117.558531,,,122,,,-38.1,11,14.0
2026-07-28T22:11:03.504280,A0C3C9,,33.180267,-117.001483,,,143,,,-49.5,13,7.2
2026-07-28T22:11:03.504280,A12D67,,33.18338,-117.851166,,,,,,-49.5,2,12.6
2026-07-28T22:11:08.540398,A8758B,QXE2342,32.795929,-116.984399,,,101,,6051,-49.5,3177,6.4
2026-07-28T22:11:08.540398,AC5B43,SWA3486,33.084,-116.466449,,,34,,7225,-38.6,1679,62.1
2026-07-28T22:11:08.540398,A5669F,SWA250,32.797541,-117.108036,,,101,,1747,-49.5,1986,1.6
2026-07-28T22:11:08.540398,0D0AF1,VIV0518,33.220375,-117.255847,,,279,,4357,-49.5,2909,5.2
2026-07-28T22:11:08.540398,A667CF,N5112L,33.037099,-117.327875,,,340,,4633,-49.5,1242,5.1
2026-07-28T22:11:08.540398,AB477D,DAL2672,33.096826,-117.449845,,,145,,6664,-49.5,1365,0.5
2026-07-28T22:11:08.540398,ADDDD5,AAL2199,33.493698,-116.514185,,,91,,7247,-35.0,452,41.9
2026-07-28T22:11:08.540398,AE6BAB,SCRCH55,33.114029,-117.37793,,,130,,4661,-49.5,709,0.5
2026-07-28T22:11:08.540398,0C216D,CMP302,33.144699,-116.735889,,,279,,1065,-49.5,718,1.9
2026-07-28T22:11:08.540398,ABC40D,SWA4874,32.658875,-116.976819,,,75,,1022,-32.4,483,1.4
2026-07-28T22:11:08.540398,AA38F8,N758NL,33.127167,-116.831689,,,7,,1200,-36.3,123,1.7
2026-07-28T22:11:08.540398,A2004D,,32.860526,-116.937299,,,73,,1200,-38.5,27,37.7
2026-07-28T22:11:08.540398,AE6BA0,,33.245839,-117.558531,,,122,,,-38.1,11,19.1
2026-07-28T22:11:08.540398,A0C3C9,,33.180267,-117.001483,,,143,,,-49.5,13,12.2
2026-07-28T22:11:08.540398,A12D67,,33.18338,-117.851166,,,319,,,-36.4,7,17.7
2026-07-28T22:11:13.619948,A8758B,QXE2342,32.795929,-116.984399,,,101,,6051,-49.5,3177,11.5
2026-07-28T22:11:13.619948,AC5B43,SWA3486,33.084,-116.466449,,,34,,7225,-38.6,1679,67.2
2026-07-28T22:11:13.619948,A5669F,SWA250,32.795883,-117.098767,,,101,,1747,-49.5,2006,0.6
2026-07-28T22:11:13.619948,0D0AF1,VIV0518,33.223114,-117.274823,,,279,,4357,-49.5,2949,0.5
2026-07-28T22:11:13.619948,A667CF,N5112L,33.041568,-117.32978,,,340,,4633,-49.5,1246,1.2
2026-07-28T22:11:13.619948,AB477D,DAL2672,33.089005,-117.443399,,,145,,6664,-49.5,1410,0.2
2026-07-28T22:11:13.619948,ADDDD5,AAL2199,33.493698,-116.514185,,,91,,7247,-35.0,452,47.0
2026-07-28T22:11:13.619948,AE6BAB,SCRCH55,33.10968,-117.372052,,,131,,4661,-49.5,766,0.0
2026-07-28T22:11:13.619948,0C216D,CMP302,33.144699,-116.735889,,,279,,1065,-35.6,723,7.0
2026-07-28T22:11:13.619948,ABC40D,SWA4874,32.661609,-116.96342,,,77,,1022,-32.2,527,0.4
2026-07-28T22:11:13.619948,AA38F8,N758NL,33.129272,-116.831416,,,2,,1200,-49.5,133,2.3
2026-07-28T22:11:13.619948,A2004D,,32.860526,-116.937299,,,73,,1200,-49.5,29,42.8
2026-07-28T22:11:13.619948,AE6BA0,,33.245839,-117.558531,,,122,,,-38.1,11,24.2
2026-07-28T22:11:13.619948,A0C3C9,,33.180267,-117.001483,,,143,,,-49.5,13,17.3
2026-07-28T22:11:13.619948,A12D67,,33.208237,-117.876324,,,320,,,-49.5,17,2.0
2026-07-28T22:11:18.693049,A8758B,QXE2342,32.795929,-116.984399,,,101,,6051,-49.5,3177,16.5
2026-07-28T22:11:18.693049,AC5B43,SWA3486,33.084,-116.466449,,,34,,7225,-38.6,1679,72.2
2026-07-28T22:11:18.693049,A5669F,SWA250,32.794376,-117.090435,,,102,,1747,-31.3,2052,0.2
2026-07-28T22:11:18.693049,0D0AF1,VIV0518,33.223389,-117.276746,,,279,,4357,-49.5,2957,4.5
2026-07-28T22:11:18.693049,A667CF,N5112L,33.044547,-117.331014,,,340,,4633,-49.5,1258,0.3
2026-07-28T22:11:18.693049,AB477D,DAL2672,33.081696,-117.437346,,,145,,6664,-31.6,1436,0.0
2026-07-28T22:11:18.693049,ADDDD5,AAL2199,33.493698,-116.514185,,,91,,7247,-35.0,452,52.0
2026-07-28T22:11:18.693049,AE6BAB,SCRCH55,33.106136,-117.367112,,,130,,4661,-49.5,821,0.5
2026-07-28T22:11:18.693049,0C216D,CMP302,33.148544,-116.762311,,,279,,1065,-49.5,726,0.3
2026-07-28T22:11:18.693049,ABC40D,SWA4874,32.663471,-116.952378,,,79,,1022,-49.5,566,0.6
2026-07-28T22:11:18.693049,AA38F8,N758NL,33.13266,-116.831305,,,2,,1200,-36.0,151,0.5
2026-07-28T22:11:18.693049,A2004D,,32.860526,-116.937299,,,73,,1200,-49.5,29,47.8
2026-07-28T22:11:18.693049,AE6BA0,,33.245839,-117.558531,,,122,,,-38.1,11,29.2
2026-07-28T22:11:18.693049,A0C3C9,,33.180267,-117.001483,,,143,,,-49.5,13,22.4
2026-07-28T22:11:18.693049,A12D67,,33.2146,-117.882532,,,321,,,-49.5,25,1.9
2026-07-28T22:11:23.738584,A8758B,QXE2342,32.795929,-116.984399,,,101,,6051,-49.5,3177,21.6
2026-07-28T22:11:23.738584,A5669F,SWA250,32.792933,-117.082476,,,102,,1747,-49.5,2090,0.0
2026-07-28T22:11:23.738584,0D0AF1,VIV0518,33.22554,-117.292126,,,279,,4357,-34.0,2968,1.6
2026-07-28T22:11:23.738584,A667CF,N5112L,33.044547,-117.331014,,,340,,4633,-49.5,1258,5.4
2026-07-28T22:11:23.738584,AB477D,DAL2672,33.074615,-117.431488,,,145,,6664,-32.9,1468,0.3
2026-07-28T22:11:23.738584,ADDDD5,AAL2199,33.493698,-116.514185,,,91,,7247,-35.0,452,57.1
2026-07-28T22:11:23.738584,AE6BAB,SCRCH55,33.102039,-117.361562,,,130,,4661,-49.5,874,0.2
2026-07-28T22:11:23.738584,0C216D,CMP302,33.150174,-116.773401,,,279,,1065,-29.4,763,0.4
2026-07-28T22:11:23.738584,ABC40D,SWA4874,32.664681,-116.943465,,,82,,1022,-30.9,615,1.7
2026-07-28T22:11:23.738584,AA38F8,N758NL,33.134812,-116.83108,,,4,,1200,-34.8,176,1.0
2026-07-28T22:11:23.738584,A2004D,,32.860526,-116.937299,,,73,,1200,-49.5,29,52.9
2026-07-28T22:11:23.738584,AE6BA0,SCRCH50,33.217758,-117.525146,,,122,,,-49.5,14,0.4
2026-07-28T22:11:23.738584,A0C3C9,,33.180267,-117.001483,,,143,,,-49.5,13,27.5
2026-07-28T22:11:23.738584,A12D67,,33.2146,-117.882532,,,321,,,-37.4,27,6.9
2026-07-28T22:11:28.818203,A8758B,QXE2342,32.795929,-116.984399,,,101,,6051,-49.5,3177,26.7
2026-07-28T22:11:28.818203,A5669F,SWA250,32.791536,-117.074685,,,101,,1747,-30.8,2139,0.0
2026-07-28T22:11:28.818203,0D0AF1,VIV0518,33.22554,-117.292126,,,279,,4357,-36.8,2975,6.6
2026-07-28T22:11:28.818203,A667CF,N5112L,33.049482,-117.3332,,,338,,4633,-31.9,1283,0.7
2026-07-28T22:11:28.818203,AB477D,DAL2672,33.067684,-117.425743,,,145,,6664,-29.0,1516,0.4
2026-07-28T22:11:28.818203,AE6BAB,SCRCH55,33.098176,-117.356293,,,130,,4661,-49.5,897,0.2
2026-07-28T22:11:28.818203,0C216D,CMP302,33.15185,-116.784948,,,279,,1065,-29.5,820,0.2
2026-07-28T22:11:28.818203,ABC40D,SWA4874,32.665193,-116.938813,,,82,,1022,-49.5,621,4.7
2026-07-28T22:11:28.818203,AA38F8,N758NL,33.136767,-116.830911,,,5,,1200,-49.5,193,2.0
2026-07-28T22:11:28.818203,A2004D,,32.860526,-116.937299,,,73,,1200,-49.5,29,57.9
2026-07-28T22:11:28.818203,AE6BA0,SCRCH50,33.21423,-117.521705,,,140,,,-35.3,19,1.5
2026-07-28T22:11:28.818203,A0C3C9,,33.180267,-117.001483,,,143,,,-49.5,13,32.5
2026-07-28T22:11:28.818203,A12D67,,33.2146,-117.882532,,,321,,,-36.0,28,12.0
2026-07-28T22:11:33.882408,A8758B,QXE2342,32.795929,-116.984399,,,101,,6051,-49.5,3177,31.7
2026-07-28T22:11:33.882408,A5669F,SWA250,32.790436,-117.068335,,,101,,1747,-49.5,2166,0.9
2026-07-28T22:11:33.882408,0D0AF1,VIV0518,33.227692,-117.307233,,,279,,4357,-49.5,2990,3.8
2026-07-28T22:11:33.882408,A667CF,N5112L,33.052322,-117.334489,,,339,,4633,-49.5,1329,0.2
2026-07-28T22:11:33.882408,AB477D,DAL2672,33.061353,-117.42053,,,145,,6664,-29.4,1556,1.0
2026-07-28T22:11:33.882408,AE6BAB,SCRCH55,33.094219,-117.3508,,,130,,4661,-28.7,939,0.0
2026-07-28T22:11:33.882408,0C216D,CMP302,33.153488,-116.796039,,,280,,1065,-29.0,872,0.3
2026-07-28T22:11:33.882408,ABC40D,SWA4874,32.665193,-116.938813,,,82,,1022,-49.5,622,9.8
2026-07-28T22:11:33.882408,AA38F8,N758NL,33.140076,-116.830756,,,354,,1200,-49.5,214,0.2
2026-07-28T22:11:33.882408,A2004D,,32.860526,-116.937299,,,73,,1200,-49.5,29,63.0
2026-07-28T22:11:33.882408,AE6BA0,SCRCH50,33.209715,-117.517277,,,140,,,-35.1,31,1.6
2026-07-28T22:11:33.882408,A0C3C9,,33.180267,-117.001483,,,143,,,-49.5,13,37.6
2026-07-28T22:11:33.882408,A12D67,,33.2146,-117.882532,,,321,,,-36.0,28,17.0
2026-07-28T22:11:33.882408,A788D3,,32.625624,-117.174739,,,96,,,-49.5,10,1.1
2026-07-28T22:11:38.923671,A8758B,QXE2342,32.795929,-116.984399,,,101,,6051,-49.5,3177,36.8
2026-07-28T22:11:38.923671,A5669F,SWA250,32.788925,-117.059821,,,101,,1747,-31.1,2184,0.3
2026-07-28T22:11:38.923671,0D0AF1,VIV0518,33.227692,-117.307233,,,279,,4357,-38.1,2991,8.9
2026-07-28T22:11:38.923671,A667CF,N5112L,33.054882,-117.33561,,,339,,4633,-49.5,1350,0.0
2026-07-28T22:11:38.923671,AB477D,DAL2672,33.05842,-117.418063,,,145,,6664,-36.3,1571,4.0
2026-07-28T22:11:38.923671,AE6BAB,SCRCH55,33.090637,-117.345959,,,130,,4661,-49.5,998,0.6
2026-07-28T22:11:38.923671,0C216D,CMP302,33.154999,-116.806146,,,280,,1065,-49.5,921,0.7
2026-07-28T22:11:38.923671,ABC40D,SWA4874,32.667195,-116.906975,,,88,,1022,-34.6,648,0.9
2026-07-28T22:11:38.923671,AA38F8,N758NL,33.141702,-116.83108,,,347,,1200,-36.5,223,1.8
2026-07-28T22:11:38.923671,A2004D,,32.860526,-116.937299,,,73,,1200,-49.5,29,68.1
2026-07-28T22:11:38.923671,AE6BA0,SCRCH50,33.204529,-117.512183,,,140,,,-49.5,45,0.8
2026-07-28T22:11:38.923671,A0C3C9,,33.180267,-117.001483,,,143,,,-49.5,13,42.6
2026-07-28T22:11:38.923671,A12D67,,33.2146,-117.882532,,,321,,,-36.0,28,22.1
2026-07-28T22:11:38.923671,A788D3,,32.625298,-117.171376,,,96,,,-36.8,15,4.1
2026-07-28T22:11:44.006146,A8758B,QXE2342,32.795929,-116.984399,,,101,,6051,-49.5,3177,41.9
2026-07-28T22:11:44.006146,A5669F,SWA250,32.787552,-117.052075,,,101,,1747,-33.6,2215,0.2
2026-07-28T22:11:44.006146,0D0AF1,VIV0518,33.227692,-117.307233,,,279,,4357,-38.1,2991,14.0
2026-07-28T22:11:44.006146,A667CF,N5112L,33.056185,-117.336226,,,338,,4633,-35.4,1359,2.6
2026-07-28T22:11:44.006146,AB477D,DAL2672,33.046084,-117.407806,,,144,,6664,-31.9,1611,0.1
2026-07-28T22:11:44.006146,AE6BAB,SCRCH55,33.086746,-117.340576,,,130,,4661,-49.5,1061,0.5
2026-07-28T22:11:44.006146,0C216D,CMP302,33.156052,-116.812903,,,280,,1065,-34.2,944,2.7
2026-07-28T22:11:44.006146,ABC40D,SWA4874,32.667521,-116.893578,,,88,,1022,-49.5,686,0.3
2026-07-28T22:11:44.006146,AA38F8,N758NL,33.141702,-116.83108,,,347,,1200,-36.5,223,6.9
2026-07-28T22:11:44.006146,A2004D,,32.860526,-116.937299,,,73,,1200,-49.5,29,73.2
2026-07-28T22:11:44.006146,AE6BA0,SCRCH50,33.199768,-117.507458,,,140,,,-34.4,63,0.6
2026-07-28T22:11:44.006146,A0C3C9,,33.180267,-117.001483,,,143,,,-49.5,13,47.7
2026-07-28T22:11:44.006146,A12D67,,33.2146,-117.882532,,,321,,,-36.0,28,27.2
2026-07-28T22:11:44.006146,A788D3,,32.625298,-117.171376,,,96,,,-36.8,15,9.2
2026-07-28T22:11:49.079202,A8758B,QXE2342,32.795929,-116.984399,,,101,,6051,-49.5,3177,47.0
2026-07-28T22:11:49.079202,A5669F,SWA250,32.786774,-117.047845,,,101,,1747,-34.8,2236,2.5
2026-07-28T22:11:49.079202,0D0AF1,VIV0518,33.227692,-117.307233,,,279,,4357,-35.8,2992,19.0
2026-07-28T22:11:49.079202,A667CF,N5112L,33.056185,-117.336226,,,338,,4633,-35.4,1359,7.7
2026-07-28T22:11:49.079202,AB477D,DAL2672,33.039799,-117.402481,,,144,,6664,-34.5,1652,0.7
2026-07-28T22:11:49.079202,AE6BAB,SCRCH55,33.082581,-117.334881,,,130,,4661,-49.5,1122,0.1
2026-07-28T22:11:49.079202,0C216D,CMP302,33.158249,-116.827734,,,280,,1065,-49.5,993,1.0
2026-07-28T22:11:49.079202,ABC40D,SWA4874,32.6678,-116.881863,,,88,,1022,-49.5,710,0.3
2026-07-28T22:11:49.079202,AA38F8,N758NL,33.141702,-116.83108,,,347,,1200,-36.5,223,12.0
2026-07-28T22:11:49.079202,A2004D,,32.860526,-116.937299,,,73,,1200,-49.5,29,78.2
2026-07-28T22:11:49.079202,AE6BA0,SCRCH50,33.196243,-117.503998,,,140,,4604,-49.5,93,1.8
2026-07-28T22:11:49.079202,A0C3C9,,33.180267,-117.001483,,,143,,,-49.5,13,52.8
2026-07-28T22:11:49.079202,A12D67,,33.2146,-117.882532,,,321,,,-36.0,28,32.3
2026-07-28T22:11:49.079202,A788D3,,32.625298,-117.171376,,,96,,,-36.8,15,14.3
2026-07-28T22:11:54.157882,A8758B,QXE2342,32.795929,-116.984399,,,101,,6051,-49.5,3177,52.0
2026-07-28T22:11:54.157882,A5669F,SWA250,32.785158,-117.038643,,,101,,1747,-49.5,2238,1.4
2026-07-28T22:11:54.157882,0D0AF1,VIV0518,33.233503,-117.346708,,,279,,4357,-37.9,3007,3.1
2026-07-28T22:11:54.157882,A667CF,N5112L,33.062164,-117.339148,,,338,,4633,-49.5,1361,1.1
2026-07-28T22:11:54.157882,AB477D,DAL2672,33.031978,-117.395923,,,144,,6664,-29.2,1711,0.0
2026-07-28T22:11:54.157882,AE6BAB,SCRCH55,33.07901,-117.330029,,,130,,4661,-33.3,1179,0.7
2026-07-28T22:11:54.157882,0C216D,CMP302,33.159622,-116.836798,,,280,,1065,-36.4,1023,1.8
2026-07-28T22:11:54.157882,ABC40D,SWA4874,32.668033,-116.873231,,,88,,1022,-49.5,722,1.7
2026-07-28T22:11:54.157882,AA38F8,N758NL,33.141702,-116.83108,,,347,,1200,-35.5,224,17.1
2026-07-28T22:11:54.157882,A2004D,,32.860526,-116.937299,,,73,,1200,-49.5,29,83.3
2026-07-28T22:11:54.157882,AE6BA0,SCRCH50,33.192627,-117.500482,,,140,,4604,-49.5,114,2.9
2026-07-28T22:11:54.157882,A0C3C9,,33.180267,-117.001483,,,143,,1200,-49.5,14,57.9
2026-07-28T22:11:54.157882,A12D67,,33.2146,-117.882532,,,321,,,-36.0,28,37.3
2026-07-28T22:11:54.157882,A788D3,,32.625298,-117.171376,,,96,,,-36.8,15,19.4
2026-07-28T22:11:59.228026,A8758B,QXE2342,32.795929,-116.984399,,,101,,6051,-49.5,3177,57.1
2026-07-28T22:11:59.228026,A5669F,SWA250,32.785158,-117.038643,,,101,,1747,-34.2,2240,6.4
2026-07-28T22:11:59.228026,0D0AF1,VIV0518,33.235016,-117.356342,,,280,,4357,-35.4,3020,3.0
2026-07-28T22:11:59.228026,A667CF,N5112L,33.062164,-117.339148,,,338,,4633,-49.5,1361,6.2
2026-07-28T22:11:59.228026,AB477D,DAL2672,33.025635,-117.390619,,,144,,6664,-30.4,1764,0.4
2026-07-28T22:11:59.228026,AE6BAB,SCRCH55,33.074806,-117.324231,,,130,,4661,-27.1,1231,0.2
2026-07-28T22:11:59.228026,0C216D,CMP302,33.161224,-116.847839,,,279,,1065,-49.5,1046,1.8
2026-07-28T22:11:59.228026,ABC40D,SWA4874,32.668033,-116.873231,,,88,,1022,-49.5,722,6.7
2026-07-28T22:11:59.228026,AA38F8,N758NL,33.151245,-116.835864,,,333,,1200,-35.0,228,0.3
2026-07-28T22:11:59.228026,A2004D,,32.860526,-116.937299,,,73,,1200,-49.5,29,88.4
2026-07-28T22:11:59.228026,AE6BA0,SCRCH50,33.186764,-117.494744,,,140,,4604,-33.4,127,1.4
2026-07-28T22:11:59.228026,A0C3C9,,33.157242,-116.981982,,,143,,1200,-49.5,25,0.5
2026-07-28T22:11:59.228026,A12D67,,33.2146,-117.882532,,,321,,,-36.0,28,42.4
2026-07-28T22:11:59.228026,A788D3,,32.625298,-117.171376,,,96,,,-36.8,15,24.4
2026-07-28T22:12:04.299533,A8758B,QXE2342,32.795929,-116.984399,,,101,,6051,-49.5,3177,62.2
2026-07-28T22:12:04.299533,A5669F,SWA250,32.782471,-117.023566,,,101,,1747,-35.0,2268,1.0
2026-07-28T22:12:04.299533,0D0AF1,VIV0518,33.235016,-117.356342,,,280,,4357,-35.4,3020,8.0
2026-07-28T22:12:04.299533,A667CF,N5112L,33.067451,-117.341608,,,337,,4633,-49.5,1377,0.9
2026-07-28T22:12:04.299533,AB477D,DAL2672,33.018448,-117.384576,,,144,,6664,-32.6,1827,0.2
2026-07-28T22:12:04.299533,AE6BAB,SCRCH55,33.070896,-117.318906,,,130,,4661,-49.5,1282,0.2
2026-07-28T22:12:04.299533,0C216D,CMP302,33.163101,-116.860419,,,279,,1065,-29.5,1072,1.1
2026-07-28T22:12:04.299533,ABC40D,SWA4874,32.668033,-116.873231,,,88,,1022,-36.0,727,11.8
2026-07-28T22:12:04.299533,AA38F8,N758NL,33.151245,-116.835864,,,334,,1200,-49.5,234,5.4
2026-07-28T22:12:04.299533,A2004D,,32.860526,-116.937299,,,73,,1200,-49.5,29,93.4
2026-07-28T22:12:04.299533,AE6BA0,SCRCH50,33.180992,-117.489026,,,140,,4604,-49.5,169,0.1
2026-07-28T22:12:04.299533,A0C3C9,,33.157242,-116.981982,,,143,,1200,-49.5,29,5.6
2026-07-28T22:12:04.299533,A12D67,,33.2146,-117.882532,,,321,,,-36.0,28,47.5
2026-07-28T22:12:04.299533,A788D3,,32.625298,-117.171376,,,96,,,-36.8,15,29.5
