timestamp,icao,flight,lat,lon,altitude_ft,speed_kts,track_deg,vertical_rate,squawk,rssi,messages,seen_pos
2026-07-30T22:12:01.189613,A6D00B,VOI7780,33.150146,-116.772913,,,280,,6725,-49.5,94,0.6
2026-07-30T22:12:01.189613,AC3A38,,32.779129,-117.065863,,,104,,3211,-49.5,109,5.4
2026-07-30T22:12:01.189613,0D0A19,VOI710,33.211903,-117.198001,,,279,,3243,-49.5,257,0.8
2026-07-30T22:12:01.189613,A8881E,,33.069686,-117.427312,,,144,,3305,-49.5,45,4.5
2026-07-30T22:12:01.189613,0D113B,AMX698,33.447085,-116.8058,,,308,,1074,-49.5,190,0.9
2026-07-30T22:12:01.189613,A6DD89,,32.990387,-116.391852,,,302,,,-49.5,14,1.7
2026-07-30T22:12:01.189613,AC0C64,,33.298141,-117.653467,,,138,,3251,-49.5,13,3.1
2026-07-30T22:12:01.189613,A4BB8A,AAL1333,32.666636,-117.167676,,,90,,,-49.5,70,0.2
2026-07-30T22:12:01.189613,ACF48C,,33.154129,-116.343842,,,,,,-49.5,14,1.6
2026-07-30T22:12:06.261750,A6D00B,VOI7780,33.152037,-116.785733,,,280,,6725,-49.5,121,0.0
2026-07-30T22:12:06.261750,AC3A38,,32.779129,-117.065863,,,104,,3211,-32.8,115,10.4
2026-07-30T22:12:06.261750,0D0A19,VOI710,33.213532,-117.209716,,,279,,3243,-49.5,326,0.2
2026-07-30T22:12:06.261750,A8881E,,33.069686,-117.427312,,,144,,3305,-49.5,46,9.6
2026-07-30T22:12:06.261750,0D113B,AMX698,33.454239,-116.816748,,,308,,1074,-49.5,225,0.0
2026-07-30T22:12:06.261750,A6DD89,,32.99604,-116.402333,,,302,,,-32.6,23,1.8
2026-07-30T22:12:06.261750,AC0C64,,33.298141,-117.653467,,,138,,3251,-49.5,13,8.2
2026-07-30T22:12:06.261750,A4BB8A,AAL1333,32.66659,-117.158932,,,90,,,-49.5,98,0.4
2026-07-30T22:12:06.261750,ACF48C,TAI558,33.157809,-116.349419,,,307,,,-49.5,33,3.6
2026-07-30T22:12:11.308090,A6D00B,VOI7780,33.153433,-116.795038,,,279,,6725,-49.5,149,1.0
2026-07-30T22:12:11.308090,AC3A38,,32.775513,-117.049988,,,106,,3211,-30.2,132,0.9
2026-07-30T22:12:11.308090,0D0A19,VOI710,33.214882,-117.218964,,,279,,3243,-25.8,372,0.9
2026-07-30T22:12:11.308090,A8881E,,33.069686,-117.427312,,,144,,3305,-32.3,48,14.6
2026-07-30T22:12:11.308090,0D113B,AMX698,33.456757,-116.820593,,,308,,1074,-49.5,258,3.0
2026-07-30T22:12:11.308090,A6DD89,,33.003209,-116.415617,,,302,,,-49.5,30,0.5
2026-07-30T22:12:11.308090,AC0C64,,33.298141,-117.653467,,,138,,3251,-49.5,13,13.3
2026-07-30T22:12:11.308090,A4BB8A,AAL1333,32.66659,-117.153495,,,90,,,-49.5,126,2.4
2026-07-30T22:12:11.308090,ACF48C,TAI558,33.166855,-116.363177,,,307,,,-30.3,56,1.8
2026-07-30T22:12:16.394458,A6D00B,VOI7780,33.155156,-116.806809,,,279,,6725,-49.5,162,0.9
2026-07-30T22:12:16.394458,AC3A38,,32.774032,-117.0438,,,106,,3211,-32.2,156,0.0
2026-07-30T22:12:16.394458,0D0A19,VOI710,33.216385,-117.229395,,,279,,3243,-49.5,406,0.9
2026-07-30T22:12:16.394458,A8881E,,33.069686,-117.427312,,,144,,3305,-32.3,48,19.7
2026-07-30T22:12:16.394458,0D113B,AMX698,33.456757,-116.820593,,,308,,1074,-49.5,258,8.1
2026-07-30T22:12:16.394458,A6DD89,,33.008606,-116.42558,,,302,,,-30.0,48,0.9
2026-07-30T22:12:16.394458,AC0C64,,33.298141,-117.653467,,,138,,3251,-49.5,13,18.3
2026-07-30T22:12:16.394458,A4BB8A,AAL1333,32.66659,-117.153495,,,90,,,-49.5,126,7.5
2026-07-30T22:12:16.394458,ACF48C,TAI558,33.166855,-116.363177,,,307,,,-31.6,60,6.9
2026-07-30T22:12:16.394458,AD2445,,33.735802,-116.533356,,,,,,-49.5,2,0.3
2026-07-30T22:12:21.440479,A6D00B,VOI7780,33.156921,-116.818835,,,279,,6725,-29.1,196,0.5
2026-07-30T22:12:21.440479,AC3A38,,32.774032,-117.0438,,,106,,3211,-34.1,159,5.1
2026-07-30T22:12:21.440479,0D0A19,VOI710,33.217861,-117.239816,,,279,,3243,-49.5,430,1.0
2026-07-30T22:12:21.440479,A8881E,,33.069686,-117.427312,,,144,,3305,-32.3,48,24.7
2026-07-30T22:12:21.440479,0D113B,AMX698,33.456757,-116.820593,,,308,,1074,-49.5,258,13.2
2026-07-30T22:12:21.440479,A6DD89,,33.013032,-116.433834,,,302,,,-49.5,61,2.0
2026-07-30T22:12:21.440479,AC0C64,,33.298141,-117.653467,,,138,,3251,-49.5,13,23.4
2026-07-30T22:12:21.440479,A4BB8A,AAL1333,32.66659,-117.153495,,,90,,,-49.5,130,12.5
2026-07-30T22:12:21.440479,ACF48C,TAI558,33.166855,-116.363177,,,307,,,-31.6,60,11.9
2026-07-30T22:12:21.440479,AD2445,,33.735569,-116.524258,,,,,,-49.5,10,1.7
2026-07-30T22:12:26.502340,A6D00B,VOI7780,33.158647,-116.830687,,,279,,6725,-25.5,227,0.4
2026-07-30T22:12:26.502340,AC3A38,,32.774032,-117.0438,,,106,,3211,-34.1,159,10.2
2026-07-30T22:12:26.502340,0D0A19,VOI710,33.21963,-117.252091,,,279,,3243,-49.5,497,0.2
2026-07-30T22:12:26.502340,A8881E,,33.069686,-117.427312,,,144,,3305,-32.3,48,29.8
2026-07-30T22:12:26.502340,0D113B,AMX698,33.456757,-116.820593,,,308,,1074,-49.5,262,18.2
2026-07-30T22:12:26.502340,A6DD89,VOI7896,33.020154,-116.447007,,,302,,2646,-27.0,91,0.8
2026-07-30T22:12:26.502340,AC0C64,,33.298141,-117.653467,,,138,,3251,-49.5,13,28.4
2026-07-30T22:12:26.502340,A4BB8A,AAL1333,32.666565,-117.126288,,,90,,6724,-49.5,150,2.9
2026-07-30T22:12:26.502340,ACF48C,TAI558,33.166855,-116.363177,,,307,,,-31.6,60,17.0
2026-07-30T22:12:26.502340,AD2445,,33.735214,-116.511747,,,91,,,-32.1,20,1.7
2026-07-30T22:12:31.578539,A6D00B,VOI7780,33.159348,-116.835315,,,279,,6725,-49.5,237,3.4
2026-07-30T22:12:31.578539,AC3A38,,32.774032,-117.0438,,,106,,3211,-34.1,159,15.3
2026-07-30T22:12:31.578539,0D0A19,VOI710,33.221008,-117.261969,,,279,,3243,-28.7,543,0.7
2026-07-30T22:12:31.578539,A8881E,,33.031233,-117.395194,,,144,,3305,-49.5,53,0.8
2026-07-30T22:12:31.578539,0D113B,AMX698,33.456757,-116.820593,,,308,,1074,-33.3,263,23.3
2026-07-30T22:12:31.578539,A6DD89,VOI7896,33.026596,-116.458923,,,302,,2646,-29.7,123,0.0
2026-07-30T22:12:31.578539,AC0C64,,33.298141,-117.653467,,,138,,3251,-49.5,13,33.5
2026-07-30T22:12:31.578539,A4BB8A,AAL1333,32.666565,-117.113049,,,90,,6724,-49.5,162,0.9
2026-07-30T22:12:31.578539,ACF48C,TAI558,33.194778,-116.405859,,,307,,,-49.5,61,0.2
2026-07-30T22:12:31.578539,AD2445,,33.735214,-116.511747,,,91,,,-32.1,20,6.8
2026-07-30T22:12:36.622698,A6D00B,VOI7780,33.159348,-116.835315,,,279,,6725,-49.5,237,8.4
2026-07-30T22:12:36.622698,AC3A38,,32.774032,-117.0438,,,106,,3211,-34.1,159,20.3
2026-07-30T22:12:36.622698,0D0A19,VOI710,33.221725,-117.266609,,,279,,3243,-30.6,560,3.5
2026-07-30T22:12:36.622698,A8881E,,33.027054,-117.391663,,,144,,3305,-31.3,71,1.9
2026-07-30T22:12:36.622698,0D113B,AMX698,33.456757,-116.820593,,,308,,1074,-49.5,266,28.4
2026-07-30T22:12:36.622698,A6DD89,VOI7896,33.03114,-116.467354,,,302,,2646,-49.5,150,1.1
2026-07-30T22:12:36.622698,AC0C64,,33.298141,-117.653467,,,138,,3251,-49.5,13,38.6
2026-07-30T22:12:36.622698,A4BB8A,AAL1333,32.666565,-117.101678,,,90,,6724,-49.5,209,0.1
2026-07-30T22:12:36.622698,ACF48C,TAI558,33.201462,-116.416022,,,307,,2023,-49.5,82,0.0
2026-07-30T22:12:36.622698,AD2445,,33.735214,-116.511747,,,91,,,-32.1,20,11.8
2026-07-30T22:12:41.701245,A6D00B,VOI7780,33.163467,-116.863989,,,279,,6725,-27.5,260,0.7
2026-07-30T22:12:41.701245,AC3A38,,32.774032,-117.0438,,,106,,3211,-34.1,159,25.4
2026-07-30T22:12:41.701245,0D0A19,VOI710,33.224213,-117.284052,,,279,,3243,-49.5,590,0.4
2026-07-30T22:12:41.701245,A8881E,QXE2213,33.019638,-117.38551,,,144,,3305,-49.5,114,0.2
2026-07-30T22:12:41.701245,0D113B,AMX698,33.456757,-116.820593,,,308,,1074,-49.5,266,33.5
2026-07-30T22:12:41.701245,A6DD89,VOI7896,33.03685,-116.477985,,,302,,2646,-49.5,162,1.0
2026-07-30T22:12:41.701245,AC0C64,,33.298141,-117.653467,,,138,,3251,-49.5,13,43.7
2026-07-30T22:12:41.701245,A4BB8A,AAL1333,32.66659,-117.099628,,,90,,6724,-49.5,226,4.2
2026-07-30T22:12:41.701245,ACF48C,TAI558,33.207962,-116.426019,,,307,,2023,-49.5,113,0.0
2026-07-30T22:12:41.701245,AD2445,,33.735214,-116.511747,,,91,,,-32.1,20,16.9
2026-07-30T22:12:46.781168,A6D00B,VOI7780,33.165161,-116.87536,,,279,,6725,-29.4,287,0.7
2026-07-30T22:12:46.781168,AC3A38,,32.774032,-117.0438,,,106,,3211,-34.1,159,30.5
2026-07-30T22:12:46.781168,0D0A19,VOI710,33.225128,-117.290424,,,279,,3243,-32.2,627,2.3
2026-07-30T22:12:46.781168,A8881E,QXE2213,33.017944,-117.384027,,,144,,3305,-49.5,125,3.8
2026-07-30T22:12:46.781168,0D113B,AMX698,33.456757,-116.820593,,,308,,1074,-49.5,266,38.5
2026-07-30T22:12:46.781168,A6DD89,VOI7896,33.04129,-116.486224,,,302,,2646,-49.5,174,2.0
2026-07-30T22:12:46.781168,AC0C64,,33.298141,-117.653467,,,138,,3251,-49.5,13,48.7
2026-07-30T22:12:46.781168,A4BB8A,AAL1333,32.666565,-117.085803,,,90,,6724,-49.5,230,2.1
2026-07-30T22:12:46.781168,ACF48C,TAI558,33.214184,-116.435516,,,307,,2023,-49.5,157,0.3
2026-07-30T22:12:46.781168,AD2445,,33.735214,-116.511747,,,91,,,-32.1,20,22.0
2026-07-30T22:12:51.843321,A6D00B,VOI7780,33.166421,-116.883937,,,279,,6725,-28.1,308,1.9
2026-07-30T22:12:51.843321,AC3A38,,32.774032,-117.0438,,,106,,3211,-34.1,159,35.5
2026-07-30T22:12:51.843321,0D0A19,VOI710,33.227125,-117.304445,,,279,,3243,-29.5,655,0.8
2026-07-30T22:12:51.843321,A8881E,QXE2213,33.017944,-117.384027,,,144,,3305,-49.5,125,8.8
2026-07-30T22:12:51.843321,0D113B,AMX698,33.456757,-116.820593,,,308,,1074,-49.5,266,43.6
2026-07-30T22:12:51.843321,A6DD89,VOI7896,33.045959,-116.494904,,,302,,2646,-49.5,177,2.9
2026-07-30T22:12:51.843321,AC0C64,,33.298141,-117.653467,,,138,,3251,-49.5,14,53.8
2026-07-30T22:12:51.843321,A4BB8A,AAL1333,32.666565,-117.085803,,,90,,6724,-33.5,232,7.2
2026-07-30T22:12:51.843321,ACF48C,TAI558,33.217987,-116.441345,,,307,,2023,-32.8,172,2.4
2026-07-30T22:12:51.843321,AD2445,,33.733381,-116.44495,,,92,,,-49.5,38,0.0
2026-07-30T22:12:56.885052,A6D00B,VOI7780,33.168376,-116.897502,,,279,,6725,-22.8,348,0.8
2026-07-30T22:12:56.885052,AC3A38,,32.774032,-117.0438,,,106,,3211,-34.1,159,40.6
2026-07-30T22:12:56.885052,0D0A19,VOI710,33.228615,-117.315151,,,279,,3243,-49.5,694,0.7
2026-07-30T22:12:56.885052,A8881E,QXE2213,33.003433,-117.371832,,,144,,3305,-31.9,144,0.2
2026-07-30T22:12:56.885052,0D113B,AMX698,33.456757,-116.820593,,,308,,1074,-49.5,266,48.6
2026-07-30T22:12:56.885052,A6DD89,VOI7896,33.054657,-116.511108,,,302,,2646,-32.0,184,0.0
2026-07-30T22:12:56.885052,AC0C64,,33.227172,-117.577926,,,138,,3251,-34.2,19,3.9
2026-07-30T22:12:56.885052,A4BB8A,AAL1333,32.666565,-117.085803,,,90,,6724,-49.5,233,12.3
2026-07-30T22:12:56.885052,ACF48C,TAI558,33.217987,-116.441345,,,307,,2023,-49.5,173,7.5
2026-07-30T22:12:56.885052,AD2445,JBU1574,33.733055,-116.434593,,,92,,,-32.1,71,1.0
2026-07-30T22:13:01.963516,A6D00B,VOI7780,33.170197,-116.909857,,,279,,6725,-21.7,408,0.4
2026-07-30T22:13:01.963516,AC3A38,,32.774032,-117.0438,,,106,,3211,-34.1,159,45.6
2026-07-30T22:13:01.963516,0D0A19,VOI710,33.228615,-117.315151,,,279,,3243,-49.5,698,5.8
2026-07-30T22:13:01.963516,A8881E,QXE2213,32.999176,-117.368262,,,144,,3305,-49.5,174,1.3
2026-07-30T22:13:01.963516,0D113B,AMX698,33.456757,-116.820593,,,308,,1074,-33.5,272,53.7
2026-07-30T22:13:01.963516,A6DD89,VOI7896,33.060096,-116.52122,,,302,,2646,-49.5,206,0.2
2026-07-30T22:13:01.963516,AC0C64,,33.21572,-117.565986,,,138,,3251,-49.5,29,0.2
2026-07-30T22:13:01.963516,A4BB8A,AAL1333,32.666565,-117.051416,,,90,,6724,-32.2,275,0.2
2026-07-30T22:13:01.963516,ACF48C,TAI558,33.217987,-116.441345,,,307,,2023,-49.5,173,12.5
2026-07-30T22:13:01.963516,AD2445,JBU1574,33.73288,-116.429574,,,92,,6773,-49.5,89,4.0
2026-07-30T22:13:07.027764,A6D00B,VOI7780,33.17189,-116.921338,,,279,,6725,-49.5,474,0.2
2026-07-30T22:13:07.027764,AC3A38,,32.774032,-117.0438,,,106,,3211,-34.1,159,50.7
2026-07-30T22:13:07.027764,0D0A19,VOI710,33.231583,-117.335522,,,279,,3243,-49.5,705,0.9
2026-07-30T22:13:07.027764,A8881E,QXE2213,32.999176,-117.368262,,,144,,3305,-49.5,178,6.4
2026-07-30T22:13:07.027764,0D113B,AMX698,33.456757,-116.820593,,,308,,1074,-49.5,278,58.8
2026-07-30T22:13:07.027764,A6DD89,VOI7896,33.065589,-116.531422,,,302,,2646,-49.5,233,0.3
2026-07-30T22:13:07.027764,AC0C64,,33.21572,-117.565986,,,138,,3251,-32.2,36,5.2
2026-07-30T22:13:07.027764,A4BB8A,AAL1333,32.66659,-117.040829,,,90,,6724,-27.7,316,0.2
2026-07-30T22:13:07.027764,ACF48C,TAI558,33.236755,-116.470184,,,307,,2023,-33.6,175,2.9
2026-07-30T22:13:07.027764,AD2445,JBU1574,33.73288,-116.429574,,,92,,6773,-34.5,95,9.1
2026-07-30T22:13:12.097520,A6D00B,VOI7780,33.173078,-116.929396,,,279,,6725,-49.5,522,1.7
2026-07-30T22:13:12.097520,AC3A38,,32.774032,-117.0438,,,106,,3211,-34.1,159,55.8
2026-07-30T22:13:12.097520,0D0A19,VOI710,33.231583,-117.335522,,,279,,3243,-49.5,705,6.0
2026-07-30T22:13:12.097520,A8881E,QXE2213,32.987474,-117.358423,,,144,,3305,-26.1,224,0.3
2026-07-30T22:13:12.097520,0D113B,AMX698,33.456757,-116.820593,,,308,,1074,-49.5,278,63.8
2026-07-30T22:13:12.097520,A6DD89,VOI7896,33.071082,-116.541567,,,302,,2646,-49.5,258,0.3
2026-07-30T22:13:12.097520,AC0C64,,33.21572,-117.565986,,,138,,3251,-32.2,36,10.3
2026-07-30T22:13:12.097520,A4BB8A,AAL1333,32.666611,-117.034277,,,90,,6724,-30.1,363,2.1
2026-07-30T22:13:12.097520,ACF48C,TAI558,33.236755,-116.470184,,,307,,2023,-33.6,175,7.9
2026-07-30T22:13:12.097520,AD2445,JBU1574,33.73288,-116.429574,,,92,,6773,-34.5,95,14.1
2026-07-30T22:13:17.145349,A6D00B,VOI7780,33.175126,-116.943297,,,279,,6725,-27.5,548,0.4
2026-07-30T22:13:17.145349,AC3A38,,32.774032,-117.0438,,,106,,3211,-34.1,159,60.9
2026-07-30T22:13:17.145349,0D0A19,VOI710,33.231583,-117.335522,,,279,,3243,-49.5,705,11.1
2026-07-30T22:13:17.145349,A8881E,QXE2213,32.983932,-117.355463,,,144,,3305,-49.5,269,2.1
2026-07-30T22:13:17.145349,0D113B,AMX698,33.456757,-116.820593,,,308,,1074,-49.5,278,68.9
2026-07-30T22:13:17.145349,A6DD89,VOI7896,33.076675,-116.551978,,,302,,2646,-28.5,284,0.2
2026-07-30T22:13:17.145349,AC0C64,,33.21572,-117.565986,,,138,,3251,-32.2,36,15.4
2026-07-30T22:13:17.145349,A4BB8A,AAL1333,32.666636,-117.02334,,,90,,6724,-27.1,408,1.9
2026-07-30T22:13:17.145349,ACF48C,TAI558,33.236755,-116.470184,,,307,,2023,-33.6,175,13.0
2026-07-30T22:13:17.145349,AD2445,JBU1574,33.73288,-116.429574,,,92,,6773,-34.5,95,19.2
2026-07-30T22:13:22.226604,A6D00B,VOI7780,33.176788,-116.954626,,,279,,6725,-49.5,577,0.3
2026-07-30T22:13:22.226604,0D0A19,VOI710,33.231583,-117.335522,,,280,,3243,-49.5,706,16.1
2026-07-30T22:13:22.226604,A8881E,QXE2213,32.97686,-117.349567,,,144,,3305,-31.3,272,0.4
2026-07-30T22:13:22.226604,0D113B,AMX698,33.456757,-116.820593,,,308,,1074,-49.5,286,74.0
2026-07-30T22:13:22.226604,A6DD89,VOI7896,33.08002,-116.558159,,,302,,2646,-29.6,303,2.3
2026-07-30T22:13:22.226604,AC0C64,,33.189371,-117.538521,,,138,,3251,-49.5,41,0.2
2026-07-30T22:13:22.226604,A4BB8A,AAL1333,32.666636,-117.010224,,,90,,6724,-49.5,461,0.7
2026-07-30T22:13:22.226604,ACF48C,TAI558,33.259689,-116.505341,,,307,,2023,-30.2,184,0.2
2026-07-30T22:13:22.226604,AD2445,JBU1574,33.73288,-116.429574,,,92,,6773,-34.5,95,24.3
2026-07-30T22:13:27.304230,A6D00B,VOI7780,33.178345,-116.965393,,,279,,6725,-49.5,606,0.5
2026-07-30T22:13:27.304230,0D0A19,VOI710,33.237854,-117.375623,,,280,,3243,-31.0,724,1.1
2026-07-30T22:13:27.304230,A8881E,QXE2213,32.971619,-117.345135,,,144,,3305,-26.4,300,0.5
2026-07-30T22:13:27.304230,0D113B,AMX698,33.456757,-116.820593,,,308,,1074,-49.5,286,79.0
2026-07-30T22:13:27.304230,A6DD89,VOI7896,33.086305,-116.569818,,,302,,2646,-49.5,321,1.5
2026-07-30T22:13:27.304230,AC0C64,,33.184344,-117.533252,,,138,,3251,-32.2,60,1.4
2026-07-30T22:13:27.304230,A4BB8A,AAL1333,32.666636,-117.003834,,,90,,6724,-49.5,502,2.9
2026-07-30T22:13:27.304230,ACF48C,TAI558,33.266276,-116.515503,,,307,,2023,-49.5,213,0.1
2026-07-30T22:13:27.304230,AD2445,JBU1574,33.73288,-116.429574,,,92,,6773,-34.5,95,29.4
2026-07-30T22:13:27.304230,249249,SE11,32.73004,-117.274905,,,60,,,-49.5,22,2.2
2026-07-30T22:13:32.382934,A6D00B,VOI7780,33.179901,-116.975885,,,279,,6725,-49.5,637,0.7
2026-07-30T22:13:32.382934,0D0A19,VOI710,33.237854,-117.375623,,,280,,3243,-49.5,730,6.2
2026-07-30T22:13:32.382934,A8881E,QXE2213,32.966014,-117.340486,,,144,,3305,-49.5,318,0.2
2026-07-30T22:13:32.382934,0D113B,AMX698,33.456757,-116.820593,,,308,,1074,-49.5,286,84.1
2026-07-30T22:13:32.382934,A6DD89,VOI7896,33.086305,-116.569818,,,302,,2646,-49.5,321,6.6
2026-07-30T22:13:32.382934,AC0C64,,33.184344,-117.533252,,,138,,3251,-32.2,60,6.4
2026-07-30T22:13:32.382934,A4BB8A,AAL1333,32.666636,-117.003834,,,90,,6724,-49.5,502,7.9
2026-07-30T22:13:32.382934,ACF48C,TAI558,33.266276,-116.515503,,,307,,2023,-49.5,225,5.2
2026-07-30T22:13:32.382934,AD2445,JBU1574,33.73288,-116.429574,,,92,,6773,-34.5,95,34.4
2026-07-30T22:13:32.382934,249249,SE11,32.73004,-117.274905,,,60,,,-49.5,25,7.3
2026-07-30T22:13:37.433458,A6D00B,VOI7780,33.181551,-116.987186,,,279,,6725,-30.9,691,0.6
2026-07-30T22:13:37.433458,0D0A19,VOI710,33.240967,-117.394904,,,280,,3243,-32.0,748,1.2
2026-07-30T22:13:37.433458,A8881E,QXE2213,32.961136,-117.336346,,,144,,3305,-49.5,334,0.6
2026-07-30T22:13:37.433458,0D113B,AMX698,33.456757,-116.820593,,,308,,1074,-49.5,286,89.1
2026-07-30T22:13:37.433458,A6DD89,VOI7896,33.086305,-116.569818,,,302,,2646,-49.5,325,11.6
2026-07-30T22:13:37.433458,AC0C64,,33.171295,-117.519653,,,138,,3251,-49.5,69,1.4
2026-07-30T22:13:37.433458,A4BB8A,AAL1333,32.666636,-117.003834,,,90,,6724,-32.6,507,12.9
2026-07-30T22:13:37.433458,ACF48C,TAI558,33.266276,-116.515503,,,307,,2023,-49.5,225,10.2
2026-07-30T22:13:37.433458,AD2445,JBU1574,33.73288,-116.429574,,,92,,6773,-34.5,95,39.4
2026-07-30T22:13:37.433458,249249,SE11,32.73004,-117.274905,,,60,,,-49.5,25,12.3
2026-07-30T22:13:42.474849,A6D00B,VOI7780,33.182901,-116.996547,,,279,,6725,-27.1,744,1.4
2026-07-30T22:13:42.474849,0D0A19,VOI710,33.242844,-117.406604,,,280,,3243,-32.1,763,0.2
2026-07-30T22:13:42.474849,A8881E,QXE2213,32.955865,-117.33191,,,144,,3305,-27.0,376,0.6
2026-07-30T22:13:42.474849,0D113B,AMX698,33.456757,-116.820593,,,308,,1074,-49.5,286,94.2
2026-07-30T22:13:42.474849,A6DD89,VOI7896,33.10318,-116.601141,,,302,,2646,-49.5,333,1.1
2026-07-30T22:13:42.474849,AC0C64,SWA4265,33.163651,-117.511633,,,138,,3251,-49.5,106,0.5
2026-07-30T22:13:42.474849,A4BB8A,AAL1333,32.666683,-116.965718,,,90,,6724,-49.5,553,0.4
2026-07-30T22:13:42.474849,ACF48C,TAI558,33.266276,-116.515503,,,307,,2023,-49.5,225,15.3
2026-07-30T22:13:42.474849,AD2445,JBU1574,33.73288,-116.429574,,,92,,6773,-34.5,95,44.5
2026-07-30T22:13:42.474849,249249,SE11,32.73004,-117.274905,,,60,,,-49.5,25,17.4
2026-07-30T22:13:47.551088,A6D00B,VOI7780,33.184845,-117.009943,,,279,,6725,-31.2,788,0.3
2026-07-30T22:13:47.551088,0D0A19,VOI710,33.24421,-117.415317,,,280,,3243,-28.5,807,0.6
2026-07-30T22:13:47.551088,A8881E,QXE2213,32.950372,-117.327314,,,144,,3305,-49.5,413,0.6
2026-07-30T22:13:47.551088,0D113B,AMX698,33.456757,-116.820593,,,308,,1074,-49.5,286,99.3
2026-07-30T22:13:47.551088,A6DD89,VOI7896,33.108719,-116.611469,,,302,,2646,-33.9,355,0.9
2026-07-30T22:13:47.551088,AC0C64,SWA4265,33.161161,-117.509037,,,138,,3251,-49.5,121,3.6
2026-07-30T22:13:47.551088,A4BB8A,AAL1333,32.666656,-116.954132,,,90,,6724,-27.0,608,0.2
2026-07-30T22:13:47.551088,ACF48C,TAI558,33.266276,-116.515503,,,307,,2023,-34.9,227,20.4
2026-07-30T22:13:47.551088,AD2445,JBU1574,33.73288,-116.429574,,,92,,6773,-34.5,95,49.6
2026-07-30T22:13:47.551088,249249,SE11,32.73004,-117.274905,,,60,,,-49.5,26,22.4
2026-07-30T22:13:52.628630,A6D00B,VOI7780,33.186532,-117.021547,,,279,,6725,-24.9,823,0.0
2026-07-30T22:13:52.628630,0D0A19,VOI710,33.245374,-117.422716,,,280,,3243,-49.5,830,1.7
2026-07-30T22:13:52.628630,A8881E,QXE2213,32.950372,-117.327314,,,144,,3305,-30.1,420,5.7
2026-07-30T22:13:52.628630,0D113B,AMX698,33.456757,-116.820593,,,308,,1074,-49.5,286,104.4
2026-07-30T22:13:52.628630,A6DD89,VOI7896,33.114795,-116.622956,,,302,,2646,-49.5,386,0.2
2026-07-30T22:13:52.628630,AC0C64,SWA4265,33.152023,-117.499438,,,138,,3251,-32.5,131,1.5
2026-07-30T22:13:52.628630,A4BB8A,AAL1333,32.666683,-116.952266,,,90,,6724,-49.5,621,4.4
2026-07-30T22:13:52.628630,ACF48C,TAI558,33.296082,-116.561261,,,307,,2023,-32.2,232,2.2
2026-07-30T22:13:52.628630,AD2445,JBU1574,33.73288,-116.429574,,,92,,6773,-34.5,95,54.7
2026-07-30T22:13:52.628630,249249,SE11,32.74936,-117.230567,,,60,,,-32.8,35,3.0
2026-07-30T22:13:52.628630,A39706,,33.016942,-116.924519,,,339,,,-49.5,13,0.8
2026-07-30T22:13:57.702762,A6D00B,VOI7780,33.188141,-117.032465,,,279,,6725,-18.3,892,0.1
2026-07-30T22:13:57.702762,0D0A19,VOI710,33.247147,-117.43407,,,280,,3243,-30.8,863,0.7
2026-07-30T22:13:57.702762,A8881E,QXE2213,32.939293,-117.318009,,,144,,3305,-49.5,425,0.2
2026-07-30T22:13:57.702762,0D113B,AMX698,33.456757,-116.820593,,,308,,1074,-49.5,286,109.4
2026-07-30T22:13:57.702762,A6DD89,VOI7896,33.117355,-116.628225,,,300,,2646,-33.1,396,2.7
2026-07-30T22:13:57.702762,AC0C64,SWA4265,33.14566,-117.492792,,,138,,3251,-49.5,141,1.6
2026-07-30T22:13:57.702762,A4BB8A,AAL1333,32.666683,-116.952266,,,90,,6724,-49.5,626,9.5
2026-07-30T22:13:57.702762,ACF48C,TAI558,33.296082,-116.561261,,,307,,2023,-32.2,232,7.3
2026-07-30T22:13:57.702762,AD2445,JBU1574,33.73288,-116.429574,,,92,,6773,-34.5,95,59.7
2026-07-30T22:13:57.702762,249249,SE11,32.754822,-117.216321,,,65,,,-30.0,52,0.3
2026-07-30T22:13:57.702762,A39706,,33.018082,-116.925018,,,339,,,-34.3,15,3.4
2026-07-30T22:14:02.747885,A6D00B,VOI7780,33.189423,-117.041309,,,279,,6725,-49.5,929,1.1
2026-07-30T22:14:02.747885,0D0A19,VOI710,33.248027,-117.439588,,,280,,3243,-31.1,880,2.8
2026-07-30T22:14:02.747885,A8881E,QXE2213,32.93515,-117.314534,,,144,,3305,-31.2,455,1.3
2026-07-30T22:14:02.747885,0D113B,AMX698,33.456757,-116.820593,,,308,,1074,-49.5,286,114.5
2026-07-30T22:14:02.747885,A6DD89,VOI7896,33.121353,-116.637012,,,300,,2646,-49.5,397,3.5
2026-07-30T22:14:02.747885,AC0C64,SWA4265,33.14566,-117.492792,,,138,,3251,-49.5,141,6.7
2026-07-30T22:14:02.747885,A4BB8A,AAL1333,32.666683,-116.952266,,,90,,6724,-49.5,626,14.6
2026-07-30T22:14:02.747885,ACF48C,TAI558,33.296082,-116.561261,,,307,,2023,-49.5,234,12.3
2026-07-30T22:14:02.747885,AD2445,JBU1574,33.73288,-116.429574,,,92,,6773,-34.5,95,64.8
2026-07-30T22:14:02.747885,249249,SE11,32.758437,-117.206745,,,65,,,-49.5,89,0.1
2026-07-30T22:14:02.747885,A39706,,33.018082,-116.925018,,,339,,,-34.3,15,8.5
2026-07-30T22:14:07.826035,A6D00B,VOI7780,33.190954,-117.052207,,,279,,6725,-49.5,950,1.0
2026-07-30T22:14:07.826035,0D0A19,VOI710,33.248027,-117.439588,,,280,,3243,-31.1,880,7.9
2026-07-30T22:14:07.826035,A8881E,QXE2213,32.930913,-117.311003,,,144,,3305,-49.5,477,2.4
2026-07-30T22:14:07.826035,0D113B,AMX698,33.456757,-116.820593,,,308,,1074,-49.5,286,119.5
2026-07-30T22:14:07.826035,A6DD89,VOI7896,33.121353,-116.637012,,,300,,2646,-49.5,397,8.6
2026-07-30T22:14:07.826035,AC0C64,SWA4265,33.132624,-117.480282,,,143,,3251,-31.8,167,1.9
2026-07-30T22:14:07.826035,A4BB8A,AAL1333,32.666683,-116.952266,,,90,,6724,-49.5,626,19.6
2026-07-30T22:14:07.826035,ACF48C,TAI558,33.317368,-116.593945,,,307,,2023,-31.6,259,0.8
2026-07-30T22:14:07.826035,249249,SE11,32.760773,-117.20061,,,66,,4621,-49.5,117,1.7
2026-07-30T22:14:07.826035,A39706,,33.018082,-116.925018,,,339,,,-32.9,16,13.5
2026-07-30T22:14:12.878525,A6D00B,VOI7780,33.192863,-117.065044,,,279,,6725,-24.3,1008,0.2
2026-07-30T22:14:12.878525,0D0A19,VOI710,33.248027,-117.439588,,,280,,3243,-31.1,880,12.9
2026-07-30T22:14:12.878525,A8881E,QXE2213,32.923141,-117.304541,,,144,,3305,-49.5,502,0.0
2026-07-30T22:14:12.878525,0D113B,AMX698,33.456757,-116.820593,,,308,,1074,-49.5,286,124.6
2026-07-30T22:14:12.878525,A6DD89,VOI7896,33.121353,-116.637012,,,300,,2646,-49.5,397,13.7
2026-07-30T22:14:12.878525,AC0C64,SWA4265,33.129913,-117.47796,,,144,,3251,-49.5,173,5.0
2026-07-30T22:14:12.878525,A4BB8A,AAL1333,32.666565,-116.898047,,,90,,6724,-32.4,648,0.7
2026-07-30T22:14:12.878525,ACF48C,TAI558,33.32222,-116.601471,,,307,,2023,-30.8,292,2.1
2026-07-30T22:14:12.878525,249249,SE11,32.763428,-117.193469,,,66,,4621,-32.1,132,2.9
2026-07-30T22:14:12.878525,A39706,,33.018082,-116.925018,,,339,,,-32.9,16,18.6
2026-07-30T22:14:17.961775,A6D00B,VOI7780,33.194399,-117.075694,,,279,,6725,-23.2,1056,0.2
2026-07-30T22:14:17.961775,0D0A19,VOI710,33.248027,-117.439588,,,280,,3243,-31.1,880,18.0
2026-07-30T22:14:17.961775,A8881E,QXE2213,32.91893,-117.301025,,,144,,3305,-32.9,531,1.0
2026-07-30T22:14:17.961775,0D113B,AMX698,33.456757,-116.820593,,,308,,1074,-49.5,286,129.7
2026-07-30T22:14:17.961775,A6DD89,VOI7896,33.133484,-116.672168,,,300,,2646,-34.1,407,2.5
2026-07-30T22:14:17.961775,AC0C64,SWA4265,33.129913,-117.47796,,,144,,3251,-49.5,177,10.1
2026-07-30T22:14:17.961775,A4BB8A,AAL1333,32.666565,-116.898047,,,90,,6724,-49.5,650,5.7
2026-07-30T22:14:17.961775,ACF48C,TAI558,33.331263,-116.615333,,,307,,2023,-31.3,324,0.0
2026-07-30T22:14:17.961775,249249,SE11,32.768417,-117.179681,,,67,,4621,-29.0,160,0.3
2026-07-30T22:14:17.961775,A39706,,33.018082,-116.925018,,,339,,,-32.9,16,23.7
2026-07-30T22:14:23.045583,A6D00B,VOI7780,33.195982,-117.086568,,,279,,6725,-49.5,1102,0.2
2026-07-30T22:14:23.045583,0D0A19,VOI710,33.248027,-117.439588,,,280,,3243,-31.1,880,23.1
2026-07-30T22:14:23.045583,A8881E,QXE2213,32.913071,-117.296136,,,144,,3305,-49.5,541,0.5
2026-07-30T22:14:23.045583,A6DD89,VOI7896,33.137233,-116.688706,,,283,,2646,-49.5,438,0.2
2026-07-30T22:14:23.045583,AC0C64,SWA4265,33.109488,-117.460944,,,144,,3251,-29.5,216,0.3
2026-07-30T22:14:23.045583,A4BB8A,AAL1333,32.666565,-116.874811,,,90,,6724,-49.5,654,0.6
2026-07-30T22:14:23.045583,ACF48C,TAI558,33.331263,-116.615333,,,307,,2023,-49.5,329,5.1
2026-07-30T22:14:23.045583,249249,SE11,32.770308,-117.174178,,,67,,4621,-49.5,177,2.3
2026-07-30T22:14:23.045583,A39706,,33.018082,-116.925018,,,339,,,-32.9,16,28.8
2026-07-30T22:14:28.087897,A6D00B,VOI7780,33.197388,-117.09624,,,279,,6725,-23.3,1128,0.7
2026-07-30T22:14:28.087897,0D0A19,VOI710,33.248027,-117.439588,,,280,,3243,-31.1,880,28.2
2026-07-30T22:14:28.087897,A8881E,QXE2213,32.907358,-117.291384,,,144,,3305,-49.5,569,0.1
2026-07-30T22:14:28.087897,A6DD89,VOI7896,33.138977,-116.69881,,,280,,2646,-49.5,474,0.8
2026-07-30T22:14:28.087897,AC0C64,SWA4265,33.103948,-117.456291,,,144,,3251,-32.0,268,1.3
2026-07-30T22:14:28.087897,A4BB8A,AAL1333,32.666565,-116.872778,,,90,,6724,-49.5,669,4.8
2026-07-30T22:14:28.087897,ACF48C,TAI558,33.331263,-116.615333,,,307,,2023,-49.5,329,10.2
2026-07-30T22:14:28.087897,249249,SE11,32.774824,-117.16123,,,67,,4621,-49.5,202,0.3
2026-07-30T22:14:28.087897,A39706,,33.018082,-116.925018,,,339,,,-32.9,16,33.8
2026-07-30T22:14:33.166918,A6D00B,VOI7780,33.198853,-117.106787,,,279,,6725,-49.5,1158,0.8
2026-07-30T22:14:33.166918,0D0A19,VOI710,33.248027,-117.439588,,,280,,3243,-31.1,880,33.2
2026-07-30T22:14:33.166918,A8881E,QXE2213,32.90233,-117.287124,,,144,,3305,-27.8,612,0.4
2026-07-30T22:14:33.166918,A6DD89,VOI7896,33.140398,-116.708268,,,280,,2646,-32.2,491,1.7
2026-07-30T22:14:33.166918,AC0C64,SWA4265,33.095993,-117.449615,,,144,,3251,-49.5,298,0.6
2026-07-30T22:14:33.166918,A4BB8A,AAL1333,32.666565,-116.872778,,,90,,6724,-49.5,674,9.9
2026-07-30T22:14:33.166918,ACF48C,TAI558,33.331263,-116.615333,,,307,,2023,-33.9,335,15.3
2026-07-30T22:14:33.166918,249249,SE11,32.777939,-117.15238,,,67,,4621,-25.6,304,0.5
2026-07-30T22:14:33.166918,A39706,,33.018082,-116.925018,,,339,,,-32.9,16,38.9
2026-07-30T22:14:38.246082,A6D00B,VOI7780,33.200358,-117.117453,,,279,,6725,-49.5,1177,0.8
2026-07-30T22:14:38.246082,0D0A19,VOI710,33.248027,-117.439588,,,280,,3243,-31.1,880,38.3
2026-07-30T22:14:38.246082,A8881E,QXE2213,32.896837,-117.282584,,,144,,3305,-32.8,615,0.2
2026-07-30T22:14:38.246082,A6DD89,VOI7896,33.141769,-116.717267,,,280,,2646,-30.5,500,2.7
2026-07-30T22:14:38.246082,AC0C64,SWA4265,33.089401,-117.444122,,,144,,3251,-30.8,332,0.8
2026-07-30T22:14:38.246082,A4BB8A,AAL1333,32.666565,-116.872778,,,90,,6724,-49.5,674,14.9
2026-07-30T22:14:38.246082,ACF48C,TAI558,33.356644,-116.65426,,,307,,2023,-28.2,376,0.6
2026-07-30T22:14:38.246082,249249,SE11,32.781434,-117.142452,,,67,,4621,-24.7,387,0.1
2026-07-30T22:14:38.246082,A39706,,33.018082,-116.925018,,,339,,,-32.9,16,44.0
2026-07-30T22:14:43.301860,A6D00B,VOI7780,33.201987,-117.128775,,,279,,6725,-30.2,1243,0.4
2026-07-30T22:14:43.301860,0D0A19,VOI710,33.248027,-117.439588,,,280,,3243,-31.1,880,43.3
2026-07-30T22:14:43.301860,A8881E,QXE2213,32.894485,-117.280591,,,145,,3305,-49.5,622,2.9
2026-07-30T22:14:43.301860,A6DD89,VOI7896,33.144123,-116.733099,,,280,,2646,-49.5,518,0.9
2026-07-30T22:14:43.301860,AC0C64,SWA4265,33.086792,-117.441925,,,144,,3251,-31.6,340,3.8
2026-07-30T22:14:43.301860,A4BB8A,AAL1333,32.666565,-116.872778,,,90,,6724,-34.5,675,20.0
2026-07-30T22:14:43.301860,ACF48C,TAI558,33.363244,-116.664435,,,307,,2023,-49.5,433,0.4
2026-07-30T22:14:43.301860,249249,SE11,32.784348,-117.133923,,,67,,4621,-49.5,469,0.4
2026-07-30T22:14:43.301860,A39706,,33.018082,-116.925018,,,339,,,-32.9,16,49.0
2026-07-30T22:14:48.341067,A6D00B,VOI7780,33.203568,-117.140186,,,279,,6725,-49.5,1326,0.0
2026-07-30T22:14:48.341067,0D0A19,VOI710,33.261946,-117.524283,,,280,,3243,-49.5,889,1.4
2026-07-30T22:14:48.341067,A8881E,QXE2213,32.889715,-117.276642,,,145,,3305,-49.5,630,3.4
2026-07-30T22:14:48.341067,A6DD89,VOI7896,33.145892,-116.745095,,,280,,2646,-49.5,542,0.7
2026-07-30T22:14:48.341067,AC0C64,SWA4265,33.076668,-117.433422,,,144,,3251,-49.5,342,1.5
2026-07-30T22:14:48.341067,A4BB8A,AAL1333,32.666565,-116.872778,,,90,,6724,-34.5,675,25.0
2026-07-30T22:14:48.341067,ACF48C,TAI558,33.369873,-116.674585,,,307,,2023,-24.8,484,0.4
2026-07-30T22:14:48.341067,249249,SE11,32.787781,-117.123926,,,68,,4621,-25.0,540,0.0
2026-07-30T22:14:48.341067,A39706,,33.018082,-116.925018,,,339,,,-32.9,16,54.1
2026-07-30T22:14:53.410207,A6D00B,VOI7780,33.204941,-117.149744,,,279,,6725,-49.5,1370,0.5
2026-07-30T22:14:53.410207,0D0A19,VOI710,33.261946,-117.524283,,,280,,3243,-49.5,890,6.5
2026-07-30T22:14:53.410207,A8881E,QXE2213,32.881531,-117.269879,,,144,,3305,-28.3,700,0.7
2026-07-30T22:14:53.410207,A6DD89,VOI7896,33.145892,-116.745095,,,280,,2646,-49.5,542,5.7
2026-07-30T22:14:53.410207,AC0C64,SWA4265,33.069443,-117.427368,,,144,,3251,-49.5,369,1.2
2026-07-30T22:14:53.410207,A4BB8A,AAL1333,32.666565,-116.872778,,,90,,6724,-34.5,675,30.1
2026-07-30T22:14:53.410207,ACF48C,TAI558,33.376186,-116.684334,,,307,,2023,-28.4,532,0.5
2026-07-30T22:14:53.410207,249249,SE11,32.790884,-117.114818,,,68,,4621,-29.6,595,0.1
2026-07-30T22:14:53.410207,A39706,,33.018082,-116.925018,,,339,,,-32.9,16,59.1
2026-07-30T22:14:58.484743,A6D00B,VOI7780,33.206543,-117.16095,,,279,,6725,-49.5,1429,0.2
2026-07-30T22:14:58.484743,0D0A19,VOI710,33.261946,-117.524283,,,298,,3243,-49.5,898,11.6
2026-07-30T22:14:58.484743,A8881E,QXE2213,32.875717,-117.265045,,,145,,3305,-49.5,733,0.2
2026-07-30T22:14:58.484743,A6DD89,VOI7896,33.149277,-116.767804,,,280,,2646,-31.5,547,0.8
2026-07-30T22:14:58.484743,AC0C64,SWA4265,33.061203,-117.420502,,,144,,3251,-31.3,419,0.2
2026-07-30T22:14:58.484743,A4BB8A,AAL1333,32.666497,-116.793468,,,90,,6724,-49.5,698,0.5
2026-07-30T22:14:58.484743,ACF48C,TAI558,33.377489,-116.686352,,,307,,2023,-30.3,536,4.6
2026-07-30T22:14:58.484743,249249,SE11,32.793457,-117.107227,,,68,,4621,-49.5,666,1.0
2026-07-30T22:14:58.484743,A39706,,33.018082,-116.925018,,,339,,,-32.9,16,64.2
2026-07-30T22:15:03.532417,A6D00B,VOI7780,33.208054,-117.171442,,,279,,6725,-26.7,1455,0.1
2026-07-30T22:15:03.532417,0D0A19,VOI710,33.270218,-117.545526,,,301,,3243,-49.5,909,3.9
2026-07-30T22:15:03.532417,A8881E,QXE2213,32.875259,-117.264716,,,145,,3305,-49.5,737,4.8
2026-07-30T22:15:03.532417,A6DD89,VOI7896,33.15097,-116.779065,,,280,,2646,-29.4,576,0.8
2026-07-30T22:15:03.532417,AC0C64,SWA4265,33.05658,-117.416602,,,144,,3251,-30.1,440,1.7
2026-07-30T22:15:03.532417,A4BB8A,AAL1333,32.666497,-116.781977,,,90,,6724,-49.5,738,0.6
2026-07-30T22:15:03.532417,ACF48C,TAI558,33.389034,-116.70412,,,307,,2023,-31.4,544,0.6
2026-07-30T22:15:03.532417,249249,SE11,32.797028,-117.096844,,,68,,4621,-49.5,718,0.4
2026-07-30T22:15:03.532417,A39706,,33.018082,-116.925018,,,339,,,-32.9,16,69.3
2026-07-30T22:15:08.610591,A6D00B,VOI7780,33.209529,-117.181633,,,279,,6725,-22.7,1507,0.3
2026-07-30T22:15:08.610591,0D0A19,VOI710,33.270218,-117.545526,,,301,,3243,-49.5,917,9.0
2026-07-30T22:15:08.610591,A8881E,QXE2213,32.865692,-117.25675,,,144,,3305,-32.9,755,0.7
2026-07-30T22:15:08.610591,A6DD89,VOI7896,33.152893,-116.792084,,,280,,2646,-49.5,621,0.1
2026-07-30T22:15:08.610591,AC0C64,SWA4265,33.05658,-117.416602,,,144,,3251,-49.5,442,6.8
2026-07-30T22:15:08.610591,A4BB8A,AAL1333,32.666497,-116.775251,,,90,,6724,-30.9,760,2.7
2026-07-30T22:15:08.610591,ACF48C,TAI558,33.396343,-116.715387,,,307,,2023,-49.5,573,0.0
2026-07-30T22:15:08.610591,249249,SE11,32.80014,-117.087396,,,68,,4621,-31.0,771,0.3
2026-07-30T22:15:08.610591,A39706,,33.049118,-116.943201,,,330,,1200,-49.5,26,3.1
2026-07-30T22:15:13.690151,A6D00B,VOI7780,33.210937,-117.191602,,,279,,6725,-23.6,1575,0.5
2026-07-30T22:15:13.690151,0D0A19,VOI710,33.279217,-117.562679,,,301,,3243,-32.2,920,3.1
2026-07-30T22:15:13.690151,A8881E,QXE2213,32.865692,-117.25675,,,144,,3305,-49.5,769,5.8
2026-07-30T22:15:13.690151,A6DD89,VOI7896,33.153946,-116.79906,,,280,,2646,-33.7,647,2.1
2026-07-30T22:15:13.690151,AC0C64,SWA4265,33.045914,-117.407703,,,144,,3251,-49.5,445,4.0
2026-07-30T22:15:13.690151,A4BB8A,AAL1333,32.666473,-116.768024,,,90,,6724,-49.5,766,4.7
2026-07-30T22:15:13.690151,ACF48C,TAI558,33.398575,-116.71886,,,307,,2023,-30.0,612,3.4
2026-07-30T22:15:13.690151,249249,SE11,32.803162,-117.077893,,,70,,4621,-49.5,834,0.2
2026-07-30T22:15:13.690151,A39706,,33.049118,-116.943201,,,330,,1200,-49.5,26,8.2
2026-07-30T22:15:18.769219,A6D00B,VOI7780,33.212265,-117.200775,,,279,,6725,-22.4,1623,1.0
2026-07-30T22:15:18.769219,0D0A19,VOI710,33.283547,-117.570751,,,301,,3243,-49.5,921,3.0
2026-07-30T22:15:18.769219,A8881E,QXE2213,32.859642,-117.251699,,,144,,3305,-29.8,791,5.1
2026-07-30T22:15:18.769219,A6DD89,VOI7896,33.153946,-116.79906,,,280,,2646,-31.5,648,7.2
2026-07-30T22:15:18.769219,AC0C64,SWA4265,33.037445,-117.400562,,,144,,3251,-31.4,451,2.7
2026-07-30T22:15:18.769219,A4BB8A,AAL1333,32.666473,-116.768024,,,90,,6724,-49.5,766,9.8
2026-07-30T22:15:18.769219,ACF48C,TAI558,33.398575,-116.71886,,,307,,2023,-49.5,621,8.4
2026-07-30T22:15:18.769219,249249,SE11,32.805921,-117.068687,,,70,,4621,-49.5,898,0.4
2026-07-30T22:15:18.769219,A39706,,33.049118,-116.943201,,,330,,1200,-49.5,26,13.3
2026-07-30T22:15:23.848234,A6D00B,VOI7780,33.213998,-117.212686,,,279,,6725,-19.3,1675,0.3
2026-07-30T22:15:23.848234,0D0A19,VOI710,33.283547,-117.570751,,,301,,3243,-49.5,921,8.0
2026-07-30T22:15:23.848234,A8881E,QXE2213,32.851681,-117.245085,,,145,,3305,-49.5,813,2.4
2026-07-30T22:15:23.848234,A6DD89,VOI7896,33.157902,-116.825979,,,279,,2646,-30.6,667,0.2
2026-07-30T22:15:23.848234,AC0C64,SWA4265,33.027183,-117.391999,,,144,,3251,-49.5,481,0.1
2026-07-30T22:15:23.848234,A4BB8A,AAL1333,32.666473,-116.768024,,,90,,6724,-49.5,766,14.8
2026-07-30T22:15:23.848234,ACF48C,TAI558,33.415569,-116.745095,,,307,,2023,-29.1,671,0.3
2026-07-30T22:15:23.848234,249249,SE11,32.809067,-117.058722,,,68,,4621,-49.5,970,0.0
2026-07-30T22:15:23.848234,A39706,,33.05571,-116.947211,,,330,,1200,-49.5,29,3.3
2026-07-30T22:15:28.897275,A6D00B,VOI7780,33.215332,-117.222308,,,279,,6725,-27.4,1728,0.5
2026-07-30T22:15:28.897275,0D0A19,VOI710,33.291824,-117.586121,,,301,,3243,-34.5,923,3.2
2026-07-30T22:15:28.897275,A8881E,QXE2213,32.851681,-117.245085,,,145,,3305,-49.5,818,7.4
2026-07-30T22:15:28.897275,A6DD89,VOI7896,33.159252,-116.835115,,,279,,2646,-28.1,688,1.1
2026-07-30T22:15:28.897275,AC0C64,SWA4265,33.020416,-117.386279,,,144,,3251,-49.5,538,0.0
2026-07-30T22:15:28.897275,A4BB8A,AAL1333,32.666428,-116.722321,,,90,,6724,-32.8,783,0.0
2026-07-30T22:15:28.897275,ACF48C,TAI558,33.416686,-116.746888,,,307,,2023,-49.5,701,4.4
2026-07-30T22:15:28.897275,249249,SE11,32.811447,-117.052075,,,67,,4621,-49.5,1022,1.3
2026-07-30T22:15:28.897275,A39706,,33.05571,-116.947211,,,330,,1200,-49.5,29,8.4
2026-07-30T22:15:33.938870,A6D00B,VOI7780,33.216797,-117.232416,,,279,,6725,-31.7,1763,0.6
2026-07-30T22:15:33.938870,0D0A19,VOI710,33.298691,-117.59892,,,301,,3243,-32.8,924,0.0
2026-07-30T22:15:33.938870,A8881E,QXE2213,32.840378,-117.235712,,,145,,3305,-49.5,825,1.5
2026-07-30T22:15:33.938870,A6DD89,VOI7896,33.161161,-116.848008,,,279,,2646,-49.5,702,0.3
2026-07-30T22:15:33.938870,AC0C64,SWA4265,33.018478,-117.384656,,,144,,3251,-49.5,557,3.7
2026-07-30T22:15:33.938870,A4BB8A,AAL1333,32.666428,-116.71095,,,90,,6724,-29.5,832,0.2
2026-07-30T22:15:33.938870,ACF48C,TAI558,33.423065,-116.756653,,,307,,2023,-49.5,705,4.5
2026-07-30T22:15:33.938870,249249,SE11,32.811447,-117.052075,,,67,,4621,-49.5,1022,6.4
2026-07-30T22:15:33.938870,A39706,,33.05571,-116.947211,,,330,,1200,-49.5,34,13.4
2026-07-30T22:15:39.015968,A6D00B,VOI7780,33.218445,-117.243896,,,279,,6725,-49.5,1797,0.0
2026-07-30T22:15:39.015968,0D0A19,VOI710,33.298691,-117.59892,,,301,,3243,-49.5,925,5.1
2026-07-30T22:15:39.015968,A8881E,QXE2213,32.840378,-117.235712,,,145,,3305,-33.9,827,6.6
2026-07-30T22:15:39.015968,A6DD89,VOI7896,33.162735,-116.85899,,,279,,2646,-49.5,722,0.5
2026-07-30T22:15:39.015968,AC0C64,SWA4265,33.007965,-117.375787,,,144,,3251,-49.5,577,0.7
2026-07-30T22:15:39.015968,A4BB8A,AAL1333,32.666428,-116.699854,,,90,,6724,-31.6,883,0.5
2026-07-30T22:15:39.015968,ACF48C,TAI558,33.423065,-116.756653,,,307,,2023,-35.1,707,9.5
2026-07-30T22:15:39.015968,249249,SE11,32.81956,-117.032309,,,60,,4621,-49.5,1037,0.2
2026-07-30T22:15:39.015968,A39706,,33.063913,-116.951537,,,334,,1200,-32.2,51,0.0
2026-07-30T22:15:44.054656,A6D00B,VOI7780,33.21977,-117.253212,,,279,,6725,-29.1,1855,0.4
2026-07-30T22:15:44.054656,0D0A19,VOI710,33.298691,-117.59892,,,301,,3243,-49.5,925,10.2
2026-07-30T22:15:44.054656,A8881E,QXE2213,32.840378,-117.235712,,,145,,3305,-33.9,827,11.7
2026-07-30T22:15:44.054656,A6DD89,VOI7896,33.163675,-116.865328,,,279,,2646,-30.4,740,2.7
2026-07-30T22:15:44.054656,AC0C64,SWA4265,33.006794,-117.374791,,,144,,3251,-32.3,583,5.0
2026-07-30T22:15:44.054656,A4BB8A,AAL1333,32.666428,-116.687988,,,90,,6724,-49.5,922,0.4
2026-07-30T22:15:44.054656,ACF48C,TAI558,33.439865,-116.782635,,,307,,2023,-34.0,727,1.5
2026-07-30T22:15:44.054656,249249,SE11,32.822726,-117.025975,,,58,,4621,-49.5,1085,1.3
2026-07-30T22:15:44.054656,A39706,,33.066055,-116.952759,,,334,,1200,-49.5,82,0.1
2026-07-30T22:15:49.133305,A6D00B,VOI7780,33.22126,-117.263806,,,279,,6725,-30.1,1895,0.2
2026-07-30T22:15:49.133305,0D0A19,VOI710,33.298691,-117.59892,,,301,,3243,-49.5,925,15.3
2026-07-30T22:15:49.133305,A8881E,QXE2213,32.825089,-117.222858,,,142,,3305,-49.5,850,1.8
2026-07-30T22:15:49.133305,A6DD89,VOI7896,33.165298,-116.876514,,,279,,2646,-49.5,746,2.7
2026-07-30T22:15:49.133305,AC0C64,SWA4265,32.997528,-117.366998,,,144,,3251,-30.6,600,2.9
2026-07-30T22:15:49.133305,A4BB8A,AAL1333,32.666428,-116.681012,,,90,,6724,-49.5,942,2.5
2026-07-30T22:15:49.133305,ACF48C,TAI558,33.447464,-116.794336,,,307,,2023,-49.5,749,0.7
2026-07-30T22:15:49.133305,249249,SE11,32.822726,-117.025975,,,57,,4621,-32.2,1091,6.4
2026-07-30T22:15:49.133305,A39706,,33.067637,-116.953667,,,333,,1200,-49.5,90,1.6
2026-07-30T22:15:54.212860,A6D00B,VOI7780,33.222702,-117.273834,,,279,,6725,-49.5,1914,0.2
2026-07-30T22:15:54.212860,0D0A19,VOI710,33.298691,-117.59892,,,301,,3243,-49.5,926,20.3
2026-07-30T22:15:54.212860,A8881E,QXE2213,32.825089,-117.222858,,,138,,3305,-34.3,855,6.8
2026-07-30T22:15:54.212860,A6DD89,VOI7896,33.167542,-116.891895,,,279,,2646,-24.8,760,0.8
2026-07-30T22:15:54.212860,AC0C64,SWA4265,32.987961,-117.358923,,,144,,3251,-49.5,646,0.5
2026-07-30T22:15:54.212860,A4BB8A,AAL1333,32.666428,-116.681012,,,90,,6724,-49.5,942,7.6
2026-07-30T22:15:54.212860,ACF48C,TAI558,33.452728,-116.802466,,,307,,2023,-49.5,770,1.7
2026-07-30T22:15:54.212860,249249,SE11,32.822726,-117.025975,,,57,,4621,-32.2,1091,11.5
2026-07-30T22:15:54.212860,A39706,,33.067637,-116.953667,,,333,,1200,-49.5,90,6.6
2026-07-30T22:15:59.292158,A6D00B,VOI7780,33.224146,-117.283873,,,279,,6725,-28.7,1940,0.3
2026-07-30T22:15:59.292158,0D0A19,VOI710,33.317204,-117.633474,,,301,,3243,-49.5,929,2.9
2026-07-30T22:15:59.292158,A8881E,QXE2213,32.825089,-117.222858,,,138,,3305,-32.2,856,11.9
2026-07-30T22:15:59.292158,A6DD89,VOI7896,33.169261,-116.903668,,,279,,2646,-25.9,827,0.5
2026-07-30T22:15:59.292158,AC0C64,SWA4265,32.98201,-117.35387,,,144,,3251,-49.5,690,0.9
2026-07-30T22:15:59.292158,A4BB8A,AAL1333,32.666428,-116.681012,,,90,,6724,-49.5,942,12.7
2026-07-30T22:15:59.292158,ACF48C,TAI558,33.452728,-116.802466,,,307,,2023,-33.8,771,6.7
2026-07-30T22:15:59.292158,249249,SE11,32.822726,-117.025975,,,57,,4621,-32.2,1091,16.5
2026-07-30T22:15:59.292158,A39706,,33.067637,-116.953667,,,333,,1200,-49.5,90,11.7
2026-07-30T22:16:04.341242,A6D00B,VOI7780,33.22522,-117.291522,,,279,,6725,-49.5,1973,1.5
2026-07-30T22:16:04.341242,0D0A19,VOI710,33.317204,-117.633474,,,301,,3243,-49.5,930,8.0
2026-07-30T22:16:04.341242,A8881E,QXE2213,32.825089,-117.222858,,,138,,3305,-34.3,859,17.0
2026-07-30T22:16:04.341242,A6DD89,VOI7896,33.171021,-116.915845,,,279,,2646,-23.2,896,0.0
2026-07-30T22:16:04.341242,AC0C64,SWA4265,32.975697,-117.348614,,,144,,3251,-49.5,714,0.9
2026-07-30T22:16:04.341242,A4BB8A,AAL1333,32.666428,-116.681012,,,90,,6724,-33.8,943,17.7
2026-07-30T22:16:04.341242,ACF48C,TAI558,33.452728,-116.802466,,,307,,2023,-33.8,771,11.8
2026-07-30T22:16:04.341242,249249,SE11,32.822726,-117.025975,,,57,,4621,-32.2,1091,21.6
2026-07-30T22:16:04.341242,A39706,,33.067637,-116.953667,,,333,,1200,-49.5,90,16.7
2026-07-30T22:16:09.395564,A6D00B,VOI7780,33.226055,-117.29755,,,279,,6725,-32.5,1995,3.5
2026-07-30T22:16:09.395564,0D0A19,VOI710,33.317204,-117.633474,,,302,,3243,-49.5,933,13.1
2026-07-30T22:16:09.395564,A8881E,QXE2213,32.810343,-117.198897,,,108,,3305,-33.9,875,1.7
2026-07-30T22:16:09.395564,A6DD89,VOI7896,33.172577,-116.926337,,,279,,2646,-21.7,968,0.3
2026-07-30T22:16:09.395564,AC0C64,SWA4265,32.968481,-117.34256,,,144,,3251,-24.3,748,0.1
2026-07-30T22:16:09.395564,A4BB8A,AAL1333,32.66629,-116.629486,,,90,,6724,-49.5,958,0.8
2026-07-30T22:16:09.395564,ACF48C,TAI558,33.474289,-116.835864,,,307,,2023,-33.5,779,0.0
2026-07-30T22:16:09.395564,249249,SE11,32.822726,-117.025975,,,57,,4621,-32.2,1091,26.7
2026-07-30T22:16:09.395564,A39706,,33.067637,-116.953667,,,333,,1200,-49.5,90,21.8
2026-07-30T22:16:14.473624,A6D00B,VOI7780,33.227777,-117.309545,,,279,,6725,-49.5,2013,2.4
2026-07-30T22:16:14.473624,0D0A19,VOI710,33.332101,-117.66122,,,302,,3243,-49.5,937,0.0
2026-07-30T22:16:14.473624,A8881E,QXE2213,32.808248,-117.189761,,,103,,3305,-49.5,929,0.3
2026-07-30T22:16:14.473624,A6DD89,VOI7896,33.174195,-116.93758,,,279,,2646,-29.7,999,0.3
2026-07-30T22:16:14.473624,AC0C64,SWA4265,32.964524,-117.339253,,,144,,3251,-49.5,773,2.0
2026-07-30T22:16:14.473624,A4BB8A,AAL1333,32.666264,-116.617631,,,90,,6724,-49.5,990,0.8
2026-07-30T22:16:14.473624,ACF48C,TAI558,33.480881,-116.846027,,,307,,2023,-49.5,802,0.0
2026-07-30T22:16:14.473624,249249,SE11,32.822726,-117.025975,,,57,,4621,-32.2,1091,31.8
2026-07-30T22:16:14.473624,A39706,,33.067637,-116.953667,,,333,,1200,-49.5,90,26.9
2026-07-30T22:16:19.552990,A6D00B,VOI7780,33.227777,-117.309545,,,279,,6725,-32.1,2016,7.5
2026-07-30T22:16:19.552990,0D0A19,VOI710,33.332101,-117.66122,,,302,,3243,-49.5,937,5.2
2026-07-30T22:16:19.552990,A8881E,QXE2213,32.807783,-117.187575,,,103,,3305,-32.3,944,4.0
2026-07-30T22:16:19.552990,A6DD89,VOI7896,33.175825,-116.948454,,,279,,2646,-26.3,1016,0.3
2026-07-30T22:16:19.552990,AC0C64,SWA4265,32.956424,-117.332471,,,144,,3251,-25.3,808,0.4
2026-07-30T22:16:19.552990,A4BB8A,AAL1333,32.666264,-116.605804,,,90,,6724,-49.5,1025,0.9
2026-07-30T22:16:19.552990,ACF48C,TAI558,33.484451,-116.851575,,,307,,2023,-32.3,836,2.3
2026-07-30T22:16:19.552990,249249,SE11,32.822726,-117.025975,,,57,,4621,-32.2,1091,36.8
2026-07-30T22:16:19.552990,A39706,,33.067637,-116.953667,,,333,,1200,-49.5,90,32.0
2026-07-30T22:16:24.631637,A6D00B,VOI7780,33.227777,-117.309545,,,279,,6725,-32.1,2016,12.6
2026-07-30T22:16:24.631637,0D0A19,VOI710,33.332101,-117.66122,,,302,,3243,-49.5,937,10.2
2026-07-30T22:16:24.631637,A8881E,QXE2213,32.807783,-117.187575,,,103,,3305,-32.3,944,9.0
2026-07-30T22:16:24.631637,A6DD89,VOI7896,33.177429,-116.959625,,,279,,2646,-49.5,1046,0.1
2026-07-30T22:16:24.631637,AC0C64,SWA4265,32.951583,-117.328379,,,144,,3251,-49.5,853,1.3
2026-07-30T22:16:24.631637,A4BB8A,AAL1333,32.666264,-116.605804,,,90,,6724,-49.5,1025,6.0
2026-07-30T22:16:24.631637,ACF48C,TAI558,33.491959,-116.863165,,,307,,2023,-35.2,855,1.6
2026-07-30T22:16:24.631637,249249,SE11,32.822726,-117.025975,,,57,,4621,-32.2,1091,41.9
2026-07-30T22:16:24.631637,A39706,,33.067637,-116.953667,,,333,,1200,-49.5,90,37.1
2026-07-30T22:16:29.771962,A6D00B,VOI7780,33.227777,-117.309545,,,279,,6725,-32.1,2016,17.7
2026-07-30T22:16:29.771962,0D0A19,VOI710,33.332101,-117.66122,,,302,,3243,-49.5,938,15.4
2026-07-30T22:16:29.771962,A8881E,QXE2213,32.807783,-117.187575,,,103,,3305,-32.3,944,14.2
2026-07-30T22:16:29.771962,A6DD89,VOI7896,33.179037,-116.970371,,,279,,2646,-26.6,1080,0.4
2026-07-30T22:16:29.771962,AC0C64,SWA4265,32.944244,-117.322284,,,144,,3251,-29.5,868,0.3
2026-07-30T22:16:29.771962,A4BB8A,AAL1333,32.666264,-116.605804,,,90,,6724,-49.5,1025,11.1
2026-07-30T22:16:29.771962,ACF48C,TAI558,33.491959,-116.863165,,,307,,2023,-35.2,855,6.8
2026-07-30T22:16:29.771962,249249,SE11,32.822726,-117.025975,,,57,,4621,-32.2,1091,47.1
2026-07-30T22:16:29.771962,A39706,,33.067637,-116.953667,,,333,,1200,-49.5,90,42.2
2026-07-30T22:16:29.771962,A58CE5,,33.63185,-116.553154,,,96,,,-49.5,9,0.5
2026-07-30T22:16:34.844547,A6D00B,VOI7780,33.227777,-117.309545,,,279,,6725,-49.5,2018,22.8
2026-07-30T22:16:34.844547,0D0A19,VOI710,33.332101,-117.66122,,,302,,3243,-49.5,938,20.4
2026-07-30T22:16:34.844547,A8881E,QXE2213,32.807783,-117.187575,,,103,,3305,-49.5,946,19.3
2026-07-30T22:16:34.844547,A6DD89,VOI7896,33.180725,-116.981927,,,279,,2646,-28.2,1136,0.1
2026-07-30T22:16:34.844547,AC0C64,SWA4265,32.938455,-117.317505,,,145,,3251,-28.1,884,0.4
2026-07-30T22:16:34.844547,A4BB8A,AAL1333,32.666264,-116.605804,,,90,,6724,-49.5,1025,16.2
2026-07-30T22:16:34.844547,ACF48C,TAI558,33.491959,-116.863165,,,307,,2023,-35.2,855,11.8
2026-07-30T22:16:34.844547,249249,SE11,32.822726,-117.025975,,,57,,4621,-32.2,1091,52.1
2026-07-30T22:16:34.844547,A39706,,33.067637,-116.953667,,,333,,1200,-49.5,90,47.3
2026-07-30T22:16:34.844547,A58CE5,,33.630936,-116.543753,,,96,,,-49.5,22,0.5
2026-07-30T22:16:39.923545,A6D00B,VOI7780,33.227777,-117.309545,,,280,,6725,-35.4,2019,27.9
2026-07-30T22:16:39.923545,0D0A19,VOI710,33.332101,-117.66122,,,302,,3243,-49.5,938,25.5
2026-07-30T22:16:39.923545,A8881E,QXE2213,32.801545,-117.15327,,,101,,3305,-29.1,1011,0.5
2026-07-30T22:16:39.923545,A6DD89,VOI7896,33.182327,-116.992914,,,279,,2646,-20.9,1212,0.1
2026-07-30T22:16:39.923545,AC0C64,SWA4265,32.93231,-117.312348,,,145,,3251,-49.5,917,0.0
2026-07-30T22:16:39.923545,A4BB8A,AAL1333,32.666264,-116.605804,,,90,,6724,-49.5,1025,21.3
2026-07-30T22:16:39.923545,ACF48C,TAI558,33.491959,-116.863165,,,307,,2023,-35.2,855,16.9
2026-07-30T22:16:39.923545,249249,SE11,32.822726,-117.025975,,,57,,4621,-32.2,1091,57.2
2026-07-30T22:16:39.923545,A39706,,33.067637,-116.953667,,,333,,1200,-49.5,90,52.3
2026-07-30T22:16:39.923545,A58CE5,N457J,33.630066,-116.534785,,,96,,,-49.5,46,0.8
2026-07-30T22:16:39.923545,ADA16B,,33.009476,-116.895795,,,,,,-35.0,3,3.9
2026-07-30T22:16:45.002660,A6D00B,VOI7780,33.237534,-117.373865,,,280,,6725,-49.5,2025,0.0
2026-07-30T22:16:45.002660,0D0A19,VOI710,33.332101,-117.66122,,,302,,3243,-49.5,938,30.6
2026-07-30T22:16:45.002660,A8881E,QXE2213,32.800186,-117.145459,,,101,,3305,-49.5,1058,0.0
2026-07-30T22:16:45.002660,A6DD89,VOI7896,33.183701,-117.002197,,,279,,2646,-49.5,1242,0.9
2026-07-30T22:16:45.002660,AC0C64,SWA4265,32.926987,-117.307892,,,145,,3251,-49.5,933,0.5
2026-07-30T22:16:45.002660,A4BB8A,AAL1333,32.666264,-116.605804,,,90,,6724,-49.5,1025,26.4
2026-07-30T22:16:45.002660,ACF48C,TAI558,33.520265,-116.906919,,,307,,2023,-49.5,866,0.0
2026-07-30T22:16:45.002660,249249,SE11,32.822726,-117.025975,,,57,,4621,-32.2,1091,62.3
2026-07-30T22:16:45.002660,A39706,,33.067637,-116.953667,,,333,,1200,-49.5,90,57.4
2026-07-30T22:16:45.002660,A58CE5,N457J,33.629013,-116.523911,,,96,,,-49.5,61,0.0
2026-07-30T22:16:45.002660,ADA16B,,33.009476,-116.895795,,,334,,,-49.5,6,9.0
2026-07-30T22:16:50.081271,A6D00B,VOI7780,33.237534,-117.373865,,,280,,6725,-31.6,2028,5.1
2026-07-30T22:16:50.081271,0D0A19,VOI710,33.332101,-117.66122,,,302,,3243,-49.5,938,35.6
2026-07-30T22:16:50.081271,A8881E,QXE2213,32.799357,-117.140603,,,101,,3305,-31.8,1124,1.7
2026-07-30T22:16:50.081271,A6DD89,VOI7896,33.185303,-117.013184,,,279,,2646,-49.5,1282,0.9
2026-07-30T22:16:50.081271,AC0C64,SWA4265,32.921324,-117.303211,,,144,,3251,-49.5,965,0.4
2026-07-30T22:16:50.081271,A4BB8A,AAL1333,32.666264,-116.605804,,,90,,6724,-49.5,1025,31.4
2026-07-30T22:16:50.081271,ACF48C,TAI558,33.525711,-116.915327,,,307,,2023,-49.5,909,0.9
2026-07-30T22:16:50.081271,A58CE5,N457J,33.628638,-116.520081,,,96,,7264,-49.5,86,3.0
2026-07-30T22:16:50.081271,ADA16B,,33.009476,-116.895795,,,334,,,-35.4,7,14.0
2026-07-30T22:16:55.131124,A6D00B,VOI7780,33.237534,-117.373865,,,280,,6725,-31.6,2028,10.2
2026-07-30T22:16:55.131124,0D0A19,VOI710,33.332101,-117.66122,,,302,,3243,-49.5,938,40.7
2026-07-30T22:16:55.131124,A8881E,QXE2213,32.797681,-117.130905,,,101,,3305,-49.5,1141,0.0
2026-07-30T22:16:55.131124,A6DD89,VOI7896,33.187088,-117.025598,,,279,,2646,-49.5,1297,0.1
2026-07-30T22:16:55.131124,AC0C64,SWA4265,32.919089,-117.301362,,,144,,3251,-49.5,989,3.4
2026-07-30T22:16:55.131124,A4BB8A,AAL1333,32.666264,-116.605804,,,90,,6724,-49.5,1025,36.5
2026-07-30T22:16:55.131124,ACF48C,TAI558,33.528272,-116.919307,,,307,,2023,-49.5,929,4.0
2026-07-30T22:16:55.131124,A58CE5,N457J,33.62796,-116.513205,,,96,,7264,-49.5,89,4.5
2026-07-30T22:16:55.131124,ADA16B,N978AP,33.015152,-116.899091,,,333,,1200,-49.5,17,1.5
2026-07-30T22:17:00.184819,A6D00B,VOI7780,33.241882,-117.400911,,,280,,6725,-28.4,2044,1.4
2026-07-30T22:17:00.184819,0D0A19,VOI710,33.332101,-117.66122,,,302,,3243,-35.2,939,45.8
2026-07-30T22:17:00.184819,A8881E,QXE2213,32.796564,-117.124628,,,101,,3305,-49.5,1173,0.6
2026-07-30T22:17:00.184819,A6DD89,VOI7896,33.188553,-117.03587,,,279,,2646,-49.5,1365,0.3
2026-07-30T22:17:00.184819,AC0C64,SWA4265,32.911268,-117.294804,,,144,,3251,-32.6,1011,1.4
2026-07-30T22:17:00.184819,A4BB8A,AAL1333,32.666264,-116.605804,,,90,,6724,-49.5,1025,41.5
2026-07-30T22:17:00.184819,ACF48C,TAI558,33.528272,-116.919307,,,307,,2023,-49.5,929,9.0
2026-07-30T22:17:00.184819,A58CE5,N457J,33.62796,-116.513205,,,96,,7264,-49.5,89,9.5
2026-07-30T22:17:00.184819,ADA16B,N978AP,33.016709,-116.900024,,,334,,1200,-49.5,30,1.8
2026-07-30T22:17:05.237224,A6D00B,VOI7780,33.243744,-117.41257,,,280,,6725,-49.5,2090,0.5
2026-07-30T22:17:05.237224,0D0A19,VOI710,33.332101,-117.66122,,,302,,3243,-35.2,939,50.8
2026-07-30T22:17:05.237224,A8881E,QXE2213,32.796564,-117.124628,,,101,,3305,-33.1,1175,5.7
2026-07-30T22:17:05.237224,A6DD89,VOI7896,33.190023,-117.045986,,,279,,2646,-49.5,1397,0.6
2026-07-30T22:17:05.237224,AC0C64,SWA4265,32.904602,-117.289215,,,144,,3251,-23.6,1104,0.4
2026-07-30T22:17:05.237224,A4BB8A,AAL1333,32.666264,-116.605804,,,90,,6724,-49.5,1025,46.6
2026-07-30T22:17:05.237224,ACF48C,TAI558,33.545013,-116.945259,,,307,,2023,-49.5,934,1.1
2026-07-30T22:17:05.237224,A58CE5,N457J,33.62796,-116.513205,,,96,,7264,-49.5,89,14.6
2026-07-30T22:17:05.237224,ADA16B,N978AP,33.016709,-116.900024,,,333,,1200,-33.2,32,6.9
2026-07-30T22:17:10.288867,A6D00B,VOI7780,33.244949,-117.420447,,,280,,6725,-32.0,2120,1.5
2026-07-30T22:17:10.288867,0D0A19,VOI710,33.332101,-117.66122,,,302,,3243,-35.2,939,55.9
2026-07-30T22:17:10.288867,A8881E,QXE2213,32.796564,-117.124628,,,102,,3305,-33.6,1191,10.7
2026-07-30T22:17:10.288867,A6DD89,VOI7896,33.191711,-117.057568,,,279,,2646,-49.5,1426,0.3
2026-07-30T22:17:10.288867,AC0C64,SWA4265,32.899155,-117.284711,,,144,,3251,-32.6,1151,0.4
2026-07-30T22:17:10.288867,A4BB8A,AAL1333,32.666264,-116.605804,,,90,,6724,-49.5,1025,51.6
2026-07-30T22:17:10.288867,ACF48C,TAI558,33.545013,-116.945259,,,307,,2023,-32.9,936,6.2
2026-07-30T22:17:10.288867,A58CE5,N457J,33.62796,-116.513205,,,96,,7264,-49.5,89,19.6
2026-07-30T22:17:10.288867,ADA16B,N978AP,33.016709,-116.900024,,,333,,1200,-49.5,34,11.9
2026-07-30T22:17:15.342352,A6D00B,VOI7780,33.24678,-117.431873,,,280,,6725,-49.5,2130,0.6
2026-07-30T22:17:15.342352,0D0A19,VOI710,33.332101,-117.66122,,,302,,3243,-35.2,939,60.9
2026-07-30T22:17:15.342352,A8881E,QXE2213,32.796564,-117.124628,,,102,,3305,-31.8,1192,15.8
2026-07-30T22:17:15.342352,A6DD89,VOI7896,33.193085,-117.066907,,,279,,2646,-28.5,1460,0.9
2026-07-30T22:17:15.342352,AC0C64,SWA4265,32.894556,-117.280902,,,145,,3251,-32.9,1175,1.3
2026-07-30T22:17:15.342352,A4BB8A,AAL1333,32.666264,-116.605804,,,90,,6724,-49.5,1025,56.7
2026-07-30T22:17:15.342352,ACF48C,TAI558,33.545013,-116.945259,,,307,,2023,-32.9,936,11.2
2026-07-30T22:17:15.342352,A58CE5,N457J,33.62796,-116.513205,,,96,,7264,-49.5,89,24.7
2026-07-30T22:17:15.342352,ADA16B,N978AP,33.016709,-116.900024,,,333,,1200,-49.5,34,17.0
2026-07-30T22:17:20.391639,A6D00B,VOI7780,33.247696,-117.437695,,,280,,6725,-49.5,2153,2.6
2026-07-30T22:17:20.391639,0D0A19,VOI710,33.332101,-117.66122,,,302,,3243,-35.2,939,66.0
2026-07-30T22:17:20.391639,A8881E,QXE2213,32.796564,-117.124628,,,102,,3305,-31.8,1192,20.9
2026-07-30T22:17:20.391639,A6DD89,VOI7896,33.194733,-117.078497,,,279,,2646,-22.9,1495,0.4
2026-07-30T22:17:20.391639,AC0C64,SWA4265,32.889633,-117.276801,,,145,,3251,-30.2,1195,1.8
2026-07-30T22:17:20.391639,ACF48C,TAI558,33.545013,-116.945259,,,307,,2023,-32.9,936,16.3
2026-07-30T22:17:20.391639,A58CE5,N457J,33.62796,-116.513205,,,96,,7264,-49.5,89,29.7
2026-07-30T22:17:20.391639,ADA16B,N978AP,33.023971,-116.904284,,,334,,1200,-49.5,38,0.8
2026-07-30T22:17:25.444820,A6D00B,VOI7780,33.247696,-117.437695,,,280,,6725,-34.0,2155,7.7
2026-07-30T22:17:25.444820,0D0A19,VOI710,33.332101,-117.66122,,,302,,3243,-35.2,939,71.0
2026-07-30T22:17:25.444820,A8881E,QXE2213,32.796564,-117.124628,,,102,,3305,-49.5,1193,25.9
2026-07-30T22:17:25.444820,A6DD89,VOI7896,33.196308,-117.089146,,,279,,2646,-49.5,1537,0.5
2026-07-30T22:17:25.444820,AC0C64,SWA4265,32.882263,-117.270703,,,145,,3251,-49.5,1234,0.2
2026-07-30T22:17:25.444820,ACF48C,TAI558,33.545013,-116.945259,,,307,,2023,-49.5,937,21.3
2026-07-30T22:17:25.444820,A58CE5,N457J,33.62796,-116.513205,,,96,,7264,-49.5,89,34.8
2026-07-30T22:17:25.444820,ADA16B,N978AP,33.025635,-116.905243,,,334,,1200,-32.1,60,1.4
2026-07-30T22:17:30.495214,A6D00B,VOI7780,33.251541,-117.46225,,,280,,6725,-34.0,2159,0.1
2026-07-30T22:17:30.495214,0D0A19,VOI710,33.332101,-117.66122,,,302,,3243,-35.2,939,76.1
2026-07-30T22:17:30.495214,A8881E,QXE2213,32.796564,-117.124628,,,102,,3305,-49.5,1197,31.0
2026-07-30T22:17:30.495214,A6DD89,VOI7896,33.197983,-117.100745,,,279,,2646,-49.5,1578,0.0
2026-07-30T22:17:30.495214,AC0C64,SWA4265,32.876866,-117.266217,,,145,,3251,-49.5,1254,0.2
2026-07-30T22:17:30.495214,ACF48C,TAI558,33.545013,-116.945259,,,307,,2023,-49.5,937,26.4
2026-07-30T22:17:30.495214,A58CE5,N457J,33.62796,-116.513205,,,96,,7264,-49.5,89,39.8
2026-07-30T22:17:30.495214,ADA16B,N978AP,33.025635,-116.905243,,,334,,1200,-32.1,60,6.4
2026-07-30T22:17:35.552661,A6D00B,VOI7780,33.25245,-117.468118,,,280,,6725,-32.3,2168,2.0
2026-07-30T22:17:35.552661,0D0A19,VOI710,33.332101,-117.66122,,,302,,3243,-35.2,939,81.1
2026-07-30T22:17:35.552661,A8881E,QXE2213,32.78714,-117.073993,,,103,,3305,-49.5,1241,0.4
2026-07-30T22:17:35.552661,A6DD89,VOI7896,33.199194,-117.109437,,,279,,2646,-30.5,1624,0.9
2026-07-30T22:17:35.552661,AC0C64,SWA4265,32.871513,-117.261789,,,144,,3251,-31.8,1287,0.4
2026-07-30T22:17:35.552661,ACF48C,TAI558,33.545013,-116.945259,,,307,,2023,-49.5,937,31.5
2026-07-30T22:17:35.552661,A58CE5,N457J,33.62796,-116.513205,,,96,,7264,-49.5,89,44.9
2026-07-30T22:17:35.552661,ADA16B,N978AP,33.025635,-116.905243,,,334,,1200,-32.1,60,11.5
2026-07-30T22:17:40.630768,A6D00B,VOI7780,33.25245,-117.468118,,,280,,6725,-32.3,2168,7.1
2026-07-30T22:17:40.630768,0D0A19,VOI710,33.332101,-117.66122,,,302,,3243,-35.2,939,86.2
2026-07-30T22:17:40.630768,A8881E,QXE2213,32.786089,-117.068575,,,103,,3305,-49.5,1282,1.7
2026-07-30T22:17:40.630768,A6DD89,VOI7896,33.200916,-117.121769,,,279,,2646,-49.5,1646,0.1
2026-07-30T22:17:40.630768,AC0C64,SWA4265,32.866345,-117.257528,,,144,,3251,-49.5,1338,0.6
2026-07-30T22:17:40.630768,ACF48C,TAI558,33.545013,-116.945259,,,307,,2023,-49.5,937,36.5
2026-07-30T22:17:40.630768,A58CE5,N457J,33.62796,-116.513205,,,96,,7264,-49.5,89,50.0
2026-07-30T22:17:40.630768,ADA16B,N978AP,33.025635,-116.905243,,,334,,1200,-32.1,60,16.6
2026-07-30T22:17:45.677458,A6D00B,VOI7780,33.25245,-117.468118,,,280,,6725,-33.1,2172,12.2
2026-07-30T22:17:45.677458,0D0A19,VOI710,33.332101,-117.66122,,,302,,3243,-35.2,939,91.3
2026-07-30T22:17:45.677458,A8881E,QXE2213,32.786089,-117.068575,,,103,,3305,-49.5,1286,6.7
2026-07-30T22:17:45.677458,A6DD89,VOI7896,33.202332,-117.131671,,,279,,2646,-29.2,1704,0.3
2026-07-30T22:17:45.677458,AC0C64,SWA4265,32.86084,-117.252905,,,144,,3251,-49.5,1350,0.6
2026-07-30T22:17:45.677458,ACF48C,TAI558,33.545013,-116.945259,,,307,,2023,-49.5,937,41.6
2026-07-30T22:17:45.677458,A58CE5,N457J,33.62796,-116.513205,,,96,,7264,-49.5,89,55.0
2026-07-30T22:17:45.677458,ADA16B,N978AP,33.025635,-116.905243,,,334,,1200,-32.1,60,21.6
2026-07-30T22:17:50.756283,A6D00B,VOI7780,33.257477,-117.500685,,,280,,6725,-49.5,2178,0.4
2026-07-30T22:17:50.756283,0D0A19,VOI710,33.332101,-117.66122,,,302,,3243,-35.2,939,96.4
2026-07-30T22:17:50.756283,A8881E,QXE2213,32.783386,-117.054877,,,103,,3305,-49.5,1302,2.1
2026-07-30T22:17:50.756283,A6DD89,VOI7896,33.203705,-117.141614,,,279,,2646,-26.4,1751,0.7
2026-07-30T22:17:50.756283,AC0C64,SWA4265,32.859741,-117.252026,,,144,,3251,-32.5,1359,4.7
2026-07-30T22:17:50.756283,ACF48C,TAI558,33.545013,-116.945259,,,307,,2023,-49.5,937,46.7
2026-07-30T22:17:50.756283,A58CE5,N457J,33.62796,-116.513205,,,96,,7264,-49.5,89,60.1
2026-07-30T22:17:50.756283,ADA16B,N978AP,33.025635,-116.905243,,,334,,1200,-32.1,60,26.7
2026-07-30T22:17:50.756283,AD1927,,33.744324,-117.269524,,,,,,-49.5,2,0.0
2026-07-30T22:17:50.756283,AC696C,,32.674597,-117.18225,,,,,,-49.5,2,0.0
2026-07-30T22:17:55.835502,A6D00B,VOI7780,33.259003,-117.51048,,,280,,6725,-49.5,2190,0.3
2026-07-30T22:17:55.835502,0D0A19,VOI710,33.332101,-117.66122,,,302,,3243,-35.2,939,101.4
2026-07-30T22:17:55.835502,A8881E,QXE2213,32.783386,-117.054877,,,104,,3305,-32.0,1304,7.2
2026-07-30T22:17:55.835502,A6DD89,VOI7896,33.205339,-117.153046,,,279,,2646,-17.7,1796,0.2
2026-07-30T22:17:55.835502,AC0C64,SWA4265,32.859741,-117.252026,,,145,,3251,-49.5,1378,9.7
2026-07-30T22:17:55.835502,ACF48C,TAI558,33.545013,-116.945259,,,307,,2023,-49.5,937,51.7
2026-07-30T22:17:55.835502,ADA16B,N978AP,33.025635,-116.905243,,,334,,1200,-32.1,60,31.8
2026-07-30T22:17:55.835502,AD1927,,33.744324,-117.269524,,,77,,,-33.3,3,5.1
2026-07-30T22:17:55.835502,AC696C,,32.67455,-117.175243,,,89,,,-49.5,30,0.8
2026-07-30T22:18:00.890474,A6D00B,VOI7780,33.259003,-117.51048,,,280,,6725,-32.1,2192,5.4
2026-07-30T22:18:00.890474,A8881E,QXE2213,32.783386,-117.054877,,,104,,3305,-49.5,1305,12.2
2026-07-30T22:18:00.890474,A6DD89,VOI7896,33.206726,-117.162598,,,279,,2646,-49.5,1841,0.6
2026-07-30T22:18:00.890474,AC0C64,SWA4265,32.84436,-117.239227,,,144,,3251,-49.5,1390,0.4
2026-07-30T22:18:00.890474,ACF48C,TAI558,33.545013,-116.945259,,,307,,2023,-49.5,937,56.8
2026-07-30T22:18:00.890474,ADA16B,N978AP,33.025635,-116.905243,,,334,,1200,-32.1,60,36.8
2026-07-30T22:18:00.890474,AD1927,,33.744324,-117.269524,,,77,,,-33.3,3,10.2
2026-07-30T22:18:00.890474,AC696C,SWA3527,32.67455,-117.165546,,,90,,7263,-31.4,59,0.0
2026-07-30T22:18:05.938920,A6D00B,VOI7780,33.262924,-117.527142,,,291,,6725,-32.0,2207,1.5
2026-07-30T22:18:05.938920,A8881E,QXE2213,32.783386,-117.054877,,,104,,3305,-49.5,1305,17.3
2026-07-30T22:18:05.938920,A6DD89,VOI7896,33.208132,-117.172328,,,279,,2646,-23.8,1879,0.9
2026-07-30T22:18:05.938920,AC0C64,SWA4265,32.841385,-117.2367,,,144,,3251,-32.1,1408,2.6
2026-07-30T22:18:05.938920,ACF48C,TAI558,33.545013,-116.945259,,,307,,2023,-49.5,937,61.8
2026-07-30T22:18:05.938920,ADA16B,N978AP,33.025635,-116.905243,,,334,,1200,-32.1,60,41.9
2026-07-30T22:18:05.938920,AD1927,,33.744324,-117.269524,,,77,,,-33.3,3,15.2
2026-07-30T22:18:05.938920,AC696C,SWA3527,32.67453,-117.157709,,,90,,7263,-49.5,89,0.4
2026-07-30T22:18:11.002370,A6D00B,VOI7780,33.266602,-117.537341,,,296,,6725,-28.8,2235,0.8
2026-07-30T22:18:11.002370,A8881E,QXE2213,32.783386,-117.054877,,,104,,3305,-49.5,1305,22.3
2026-07-30T22:18:11.002370,A6DD89,VOI7896,33.209622,-117.182698,,,279,,2646,-28.6,1928,0.8
2026-07-30T22:18:11.002370,AC0C64,SWA4265,32.841385,-117.2367,,,144,,3251,-32.1,1408,7.6
2026-07-30T22:18:11.002370,ACF48C,TAI558,33.545013,-116.945259,,,307,,2023,-49.5,937,66.9
2026-07-30T22:18:11.002370,ADA16B,N978AP,33.025635,-116.905243,,,334,,1200,-32.1,60,47.0
2026-07-30T22:18:11.002370,AD1927,,33.744324,-117.269524,,,77,,,-33.3,3,20.3
2026-07-30T22:18:11.002370,AC696C,SWA3527,32.674504,-117.152262,,,90,,7263,-49.5,106,2.2
2026-07-30T22:18:16.080833,A6D00B,VOI7780,33.270698,-117.546088,,,300,,6725,-49.5,2269,0.6
2026-07-30T22:18:16.080833,A8881E,QXE2213,32.783386,-117.054877,,,104,,3305,-49.5,1305,27.4
2026-07-30T22:18:16.080833,A6DD89,VOI7896,33.211298,-117.194301,,,279,,2646,-49.5,1969,0.2
2026-07-30T22:18:16.080833,AC0C64,SWA4265,32.841385,-117.2367,,,144,,3251,-32.1,1408,12.7
2026-07-30T22:18:16.080833,ACF48C,TAI558,33.545013,-116.945259,,,307,,2023,-49.5,937,72.0
2026-07-30T22:18:16.080833,ADA16B,N978AP,33.025635,-116.905243,,,334,,1200,-49.5,61,52.0
2026-07-30T22:18:16.080833,AD1927,,33.744324,-117.269524,,,77,,,-33.3,3,25.4
2026-07-30T22:18:16.080833,AC696C,SWA3527,32.674484,-117.141284,,,90,,7263,-49.5,109,1.0
2026-07-30T22:18:21.121825,A6D00B,VOI7780,33.274841,-117.55415,,,301,,6725,-49.5,2305,0.7
2026-07-30T22:18:21.121825,A8881E,QXE2213,32.783386,-117.054877,,,104,,3305,-49.5,1305,32.4
2026-07-30T22:18:21.121825,A6DD89,VOI7896,33.212508,-117.202821,,,279,,2646,-49.5,2001,1.0
2026-07-30T22:18:21.121825,AC0C64,SWA4265,32.824356,-117.222418,,,143,,3251,-49.5,1422,1.5
2026-07-30T22:18:21.121825,ACF48C,TAI558,33.545013,-116.945259,,,307,,2023,-49.5,937,77.0
2026-07-30T22:18:21.121825,ADA16B,N978AP,33.025635,-116.905243,,,334,,1200,-49.5,61,57.1
2026-07-30T22:18:21.121825,AD1927,,33.744324,-117.269524,,,77,,,-33.3,3,30.4
2026-07-30T22:18:21.121825,AC696C,SWA3527,32.674411,-117.136006,,,90,,7263,-49.5,113,3.1
2026-07-30T22:18:26.170657,A6D00B,VOI7780,33.279327,-117.56272,,,302,,6725,-28.0,2336,0.5
2026-07-30T22:18:26.170657,A8881E,QXE2213,32.783386,-117.054877,,,104,,3305,-49.5,1305,37.5
2026-07-30T22:18:26.170657,A6DD89,VOI7896,33.21423,-117.214928,,,279,,2646,-49.5,2058,0.0
2026-07-30T22:18:26.170657,AC0C64,SWA4265,32.824356,-117.222418,,,143,,3251,-49.5,1422,6.5
2026-07-30T22:18:26.170657,ADA16B,N978AP,33.025635,-116.905243,,,334,,1200,-49.5,61,62.1
2026-07-30T22:18:26.170657,AD1927,,33.744324,-117.269524,,,77,,,-33.3,3,35.5
2026-07-30T22:18:26.170657,AC696C,SWA3527,32.674364,-117.126814,,,90,,7263,-33.3,123,2.9
2026-07-30T22:18:26.170657,AC6622,,32.82605,-117.338379,,,309,,,-33.7,3,1.0
2026-07-30T22:18:31.225970,A6D00B,VOI7780,33.283356,-117.5703,,,302,,6725,-28.3,2368,0.9
2026-07-30T22:18:31.225970,A8881E,QXE2213,32.783386,-117.054877,,,104,,3305,-49.5,1305,42.6
2026-07-30T22:18:31.225970,A6DD89,VOI7896,33.215698,-117.22533,,,279,,2646,-49.5,2093,0.0
2026-07-30T22:18:31.225970,AC0C64,SWA4265,32.824356,-117.222418,,,143,,3251,-49.5,1422,11.6
2026-07-30T22:18:31.225970,ADA16B,N978AP,33.025635,-116.905243,,,334,,1200,-49.5,61,67.2
2026-07-30T22:18:31.225970,AD1927,,33.744324,-117.269524,,,77,,,-33.3,3,40.5
2026-07-30T22:18:31.225970,AC696C,SWA3527,32.674224,-117.113865,,,90,,7263,-49.5,146,1.0
2026-07-30T22:18:31.225970,AC6622,SWA1454,32.82605,-117.338379,,,309,,,-32.3,4,6.0
2026-07-30T22:18:36.303534,A6D00B,VOI7780,33.285967,-117.575235,,,302,,6725,-30.5,2391,2.8
2026-07-30T22:18:36.303534,A8881E,QXE2213,32.783386,-117.054877,,,104,,3305,-49.5,1305,47.6
2026-07-30T22:18:36.303534,A6DD89,VOI7896,33.216604,-117.231464,,,279,,2646,-49.5,2121,2.0
2026-07-30T22:18:36.303534,AC0C64,SWA4265,32.811926,-117.205792,,,119,,3251,-49.5,1429,1.7
2026-07-30T22:18:36.303534,ADA16B,N978AP,33.025635,-116.905243,,,334,,1200,-49.5,61,72.2
2026-07-30T22:18:36.303534,AD1927,,33.744324,-117.269524,,,77,,,-33.3,3,45.6
2026-07-30T22:18:36.303534,AC696C,SWA3527,32.674131,-117.104112,,,90,,7263,-49.5,165,0.9
2026-07-30T22:18:36.303534,AC6622,SWA1454,32.82605,-117.338379,,,309,,,-32.3,4,11.1
2026-07-30T22:18:41.365228,A6D00B,VOI7780,33.292099,-117.586725,,,302,,6725,-49.5,2417,0.8
2026-07-30T22:18:41.365228,A8881E,QXE2213,32.783386,-117.054877,,,104,,3305,-49.5,1305,52.7
2026-07-30T22:18:41.365228,A6DD89,VOI7896,33.218582,-117.24516,,,279,,2646,-25.1,2148,0.3
2026-07-30T22:18:41.365228,AC0C64,SWA4265,32.810211,-117.201709,,,109,,3251,-32.4,1451,3.8
2026-07-30T22:18:41.365228,ADA16B,N978AP,33.025635,-116.905243,,,334,,1200,-49.5,61,77.3
2026-07-30T22:18:41.365228,AD1927,,33.744324,-117.269524,,,77,,,-33.3,3,50.7
2026-07-30T22:18:41.365228,AC696C,SWA3527,32.674085,-117.101982,,,90,,7263,-31.5,172,4.9
2026-07-30T22:18:41.365228,AC6622,SWA1454,32.82605,-117.338379,,,309,,,-32.3,4,16.2
2026-07-30T22:18:46.407240,A6D00B,VOI7780,33.296721,-117.595358,,,302,,6725,-30.0,2451,0.4
2026-07-30T22:18:46.407240,A8881E,QXE2213,32.783386,-117.054877,,,104,,3305,-49.5,1305,57.7
2026-07-30T22:18:46.407240,A6DD89,VOI7896,33.220003,-117.25523,,,279,,2646,-49.5,2182,0.2
2026-07-30T22:18:46.407240,AC0C64,SWA4265,32.806945,-117.189929,,,104,,3251,-29.8,1504,0.5
2026-07-30T22:18:46.407240,ADA16B,N978AP,33.060794,-116.926201,,,332,,1200,-49.5,65,0.2
2026-07-30T22:18:46.407240,AD1927,,33.744324,-117.269524,,,77,,,-33.3,3,55.7
2026-07-30T22:18:46.407240,AC696C,SWA3527,32.673935,-117.086243,,,90,,7263,-34.1,183,1.6
2026-07-30T22:18:46.407240,AC6622,SWA1454,32.839904,-117.357975,,,310,,,-34.2,7,4.5
2026-07-30T22:18:46.407240,A39706,,33.125362,-116.995426,,,327,,,-33.4,3,0.8
2026-07-30T22:18:51.471925,A6D00B,VOI7780,33.301254,-117.603864,,,302,,6725,-31.4,2487,0.3
2026-07-30T22:18:51.471925,A8881E,QXE2213,32.783386,-117.054877,,,104,,3305,-49.5,1305,62.8
2026-07-30T22:18:51.471925,A6DD89,VOI7896,33.22142,-117.265045,,,279,,2646,-49.5,2198,0.4
2026-07-30T22:18:51.471925,AC0C64,SWA4265,32.806945,-117.189929,,,103,,3251,-31.9,1512,5.6
2026-07-30T22:18:51.471925,ADA16B,N978AP,33.061615,-116.926721,,,330,,1200,-49.5,69,3.4
2026-07-30T22:18:51.471925,AC696C,SWA3527,32.673843,-117.074982,,,90,,7263,-31.4,208,1.0
2026-07-30T22:18:51.471925,AC6622,SWA1454,32.839904,-117.357975,,,310,,,-49.5,9,9.6
2026-07-30T22:18:51.471925,A39706,,33.127457,-116.997052,,,326,,,-49.5,30,0.3
2026-07-30T22:18:56.537588,A6D00B,VOI7780,33.305519,-117.611838,,,302,,6725,-32.2,2515,0.4
2026-07-30T22:18:56.537588,A8881E,QXE2213,32.783386,-117.054877,,,104,,3305,-49.5,1305,67.9
2026-07-30T22:18:56.537588,A6DD89,VOI7896,33.222839,-117.274933,,,279,,2646,-31.0,2207,0.4
2026-07-30T22:18:56.537588,AC0C64,SWA4265,32.806945,-117.189929,,,103,,3251,-31.9,1512,10.6
2026-07-30T22:18:56.537588,ADA16B,N978AP,33.063263,-116.927765,,,330,,1200,-32.3,72,4.6
2026-07-30T22:18:56.537588,AC696C,SWA3527,32.673759,-117.066781,,,90,,7263,-49.5,229,1.9
2026-07-30T22:18:56.537588,AC6622,SWA1454,32.851593,-117.374469,,,310,,,-49.5,50,0.7
2026-07-30T22:18:56.537588,A39706,N330NL,33.129227,-116.998462,,,326,,1200,-49.5,78,0.4
2026-07-30T22:19:01.589304,A6D00B,VOI7780,33.309769,-117.619794,,,302,,6725,-31.4,2547,0.5
2026-07-30T22:19:01.589304,A6DD89,VOI7896,33.224304,-117.285095,,,279,,2646,-30.6,2216,0.3
2026-07-30T22:19:01.589304,AC0C64,SWA4265,32.802567,-117.169794,,,103,,3251,-49.5,1513,1.7
2026-07-30T22:19:01.589304,ADA16B,N978AP,33.067358,-116.930629,,,329,,1200,-31.8,76,0.0
2026-07-30T22:19:01.589304,AC696C,SWA3527,32.67366,-117.057184,,,90,,7263,-33.9,243,2.3
2026-07-30T22:19:01.589304,AC6622,SWA1454,32.855392,-117.379797,,,310,,,-49.5,77,1.3
2026-07-30T22:19:01.589304,A39706,N330NL,33.130436,-116.999406,,,326,,1200,-49.5,89,2.2
2026-07-30T22:19:06.668454,A6D00B,VOI7780,33.314072,-117.627814,,,302,,6725,-49.5,2578,0.6
2026-07-30T22:19:06.668454,A6DD89,VOI7896,33.225677,-117.294818,,,279,,2646,-49.5,2225,0.4
2026-07-30T22:19:06.668454,AC0C64,SWA4265,32.802567,-117.169794,,,103,,3251,-49.5,1514,6.8
2026-07-30T22:19:06.668454,ADA16B,N978AP,33.068985,-116.93183,,,328,,1200,-32.0,92,1.2
2026-07-30T22:19:06.668454,AC696C,SWA3527,32.673526,-117.043015,,,90,,7263,-49.5,273,0.5
2026-07-30T22:19:06.668454,AC6622,SWA1454,32.860291,-117.386664,,,310,,,-49.5,94,0.7
2026-07-30T22:19:06.668454,A39706,N330NL,33.13295,-117.001368,,,326,,1200,-31.4,96,0.4
2026-07-30T22:19:11.747556,A6D00B,VOI7780,33.318414,-117.635884,,,302,,6725,-49.5,2605,0.6
2026-07-30T22:19:11.747556,A6DD89,VOI7896,33.226776,-117.302563,,,279,,2646,-32.1,2259,1.4
2026-07-30T22:19:11.747556,AC0C64,SWA4265,32.798721,-117.15282,,,105,,3251,-49.5,1586,0.0
2026-07-30T22:19:11.747556,ADA16B,N978AP,33.071455,-116.9336,,,328,,1200,-49.5,118,0.4
2026-07-30T22:19:11.747556,AC696C,SWA3527,32.673386,-117.032365,,,90,,7263,-32.5,291,0.4
2026-07-30T22:19:11.747556,AC6622,SWA1454,32.860291,-117.386664,,,310,,,-33.9,99,5.8
2026-07-30T22:19:11.747556,A39706,N330NL,33.134905,-117.002937,,,326,,1200,-49.5,153,0.1
2026-07-30T22:19:16.826969,A6D00B,VOI7780,33.32265,-117.643844,,,302,,6725,-49.5,2630,0.6
2026-07-30T22:19:16.826969,A6DD89,VOI7896,33.226776,-117.302563,,,279,,2646,-32.1,2259,6.5
2026-07-30T22:19:16.826969,AC0C64,SWA4265,32.797211,-117.146173,,,105,,3251,-27.7,1628,0.5
2026-07-30T22:19:16.826969,ADA16B,N978AP,33.073746,-116.935291,,,328,,1200,-49.5,157,0.0
2026-07-30T22:19:16.826969,AC696C,SWA3527,32.673293,-117.021771,,,90,,7263,-49.5,333,0.4
2026-07-30T22:19:16.826969,AC6622,SWA1454,32.868813,-117.398669,,,310,,,-33.7,131,1.1
2026-07-30T22:19:16.826969,A39706,N330NL,33.136688,-117.00434,,,326,,1200,-49.5,202,0.3
2026-07-30T22:19:21.878681,A6D00B,VOI7780,33.324417,-117.647095,,,302,,6725,-49.5,2642,3.7
2026-07-30T22:19:21.878681,A6DD89,VOI7896,33.226776,-117.302563,,,279,,2646,-32.1,2259,11.5
2026-07-30T22:19:21.878681,AC0C64,SWA4265,32.795819,-117.140154,,,105,,3251,-35.1,1675,1.3
2026-07-30T22:19:21.878681,ADA16B,N978AP,33.075439,-116.936499,,,328,,1200,-32.1,188,0.9
2026-07-30T22:19:21.878681,AC696C,SWA3527,32.6732,-117.010616,,,90,,7263,-49.5,394,0.0
2026-07-30T22:19:21.878681,AC6622,SWA1454,32.87178,-117.402814,,,309,,,-32.1,144,2.8
2026-07-30T22:19:21.878681,A39706,N330NL,33.138519,-117.005823,,,325,,1200,-25.9,256,0.4
2026-07-30T22:19:26.919933,A6D00B,VOI7780,33.330285,-117.658025,,,302,,6725,-32.2,2656,1.8
2026-07-30T22:19:26.919933,A6DD89,VOI7896,33.226776,-117.302563,,,279,,2646,-32.1,2259,16.6
2026-07-30T22:19:26.919933,AC0C64,SWA4265,32.793777,-117.131012,,,105,,3251,-49.5,1690,0.0
2026-07-30T22:19:26.919933,ADA16B,N978AP,33.077413,-116.937916,,,328,,1200,-49.5,193,1.3
2026-07-30T22:19:26.919933,AC696C,SWA3527,32.673107,-117.003834,,,90,,7263,-49.5,425,2.0
2026-07-30T22:19:26.919933,AC6622,SWA1454,32.875671,-117.408307,,,309,,,-49.5,154,3.4
2026-07-30T22:19:26.919933,A39706,N330NL,33.1397,-117.006749,,,325,,1200,-33.3,279,2.3
2026-07-30T22:19:26.919933,0D0A19,,33.481705,-117.931641,,,323,,3243,-49.5,17,0.7
2026-07-30T22:19:31.990443,A6D00B,VOI7780,33.334894,-117.666601,,,302,,6725,-30.5,2676,1.5
2026-07-30T22:19:31.990443,A6DD89,VOI7896,33.231766,-117.337115,,,280,,2646,-32.5,2271,3.6
2026-07-30T22:19:31.990443,AC0C64,SWA4265,32.792587,-117.126013,,,105,,3251,-32.3,1727,1.6
2026-07-30T22:19:31.990443,ADA16B,N978AP,33.077413,-116.937916,,,328,,1200,-49.5,193,6.3
2026-07-30T22:19:31.990443,AC696C,SWA3527,32.673107,-117.003834,,,90,,7263,-49.5,425,7.0
2026-07-30T22:19:31.990443,AC6622,SWA1454,32.875671,-117.408307,,,309,,,-49.5,154,8.5
2026-07-30T22:19:31.990443,A39706,N330NL,33.142365,-117.009009,,,324,,1200,-49.5,290,0.0
2026-07-30T22:19:31.990443,0D0A19,,33.486421,-117.935093,,,330,,3243,-34.1,31,1.7
2026-07-30T22:19:37.033885,A6D00B,VOI7780,33.340108,-117.676354,,,302,,6725,-32.5,2699,0.5
2026-07-30T22:19:37.033885,A6DD89,VOI7896,33.234108,-117.352482,,,280,,2646,-28.7,2284,0.8
2026-07-30T22:19:37.033885,AC0C64,SWA4265,32.792587,-117.126013,,,105,,3251,-32.5,1732,6.6
2026-07-30T22:19:37.033885,ADA16B,N978AP,33.082255,-116.941447,,,328,,1200,-33.7,199,0.1
2026-07-30T22:19:37.033885,AC696C,SWA3527,32.672828,-116.979003,,,90,,7263,-49.5,450,0.4
2026-07-30T22:19:37.033885,AC6622,SWA1454,32.885834,-117.422754,,,309,,,-49.5,182,2.1
2026-07-30T22:19:37.033885,A39706,N330NL,33.144076,-117.010448,,,324,,1200,-49.5,326,0.5
2026-07-30T22:19:37.033885,0D0A19,,33.486421,-117.935093,,,330,,3243,-34.1,31,6.7
2026-07-30T22:19:42.112754,A6D00B,VOI7780,33.343785,-117.683249,,,302,,6725,-32.1,2716,1.2
2026-07-30T22:19:42.112754,A6DD89,VOI7896,33.235737,-117.362627,,,280,,2646,-49.5,2313,0.6
2026-07-30T22:19:42.112754,AC0C64,SWA4265,32.789069,-117.111735,,,108,,3251,-49.5,1746,1.6
2026-07-30T22:19:42.112754,ADA16B,N978AP,33.08435,-116.942961,,,328,,1200,-31.8,212,0.2
2026-07-30T22:19:42.112754,AC696C,SWA3527,32.672735,-116.968128,,,90,,7263,-26.4,488,0.3
2026-07-30T22:19:42.112754,AC6622,SWA1454,32.885834,-117.422754,,,309,,,-36.6,183,7.1
2026-07-30T22:19:42.112754,A39706,N330NL,33.145985,-117.01213,,,323,,1200,-32.8,351,0.3
2026-07-30T22:19:42.112754,0D0A19,,33.486421,-117.935093,,,330,,3243,-34.1,31,11.8
2026-07-30T22:19:47.165400,A6D00B,VOI7780,33.343785,-117.683249,,,302,,6725,-49.5,2717,6.3
2026-07-30T22:19:47.165400,A6DD89,VOI7896,33.237227,-117.372212,,,280,,2646,-49.5,2334,0.8
2026-07-30T22:19:47.165400,AC0C64,SWA4265,32.789069,-117.111735,,,108,,3251,-35.3,1747,6.7
2026-07-30T22:19:47.165400,ADA16B,N978AP,33.086258,-116.944362,,,328,,1200,-49.5,242,0.8
2026-07-30T22:19:47.165400,AC696C,SWA3527,32.672607,-116.957977,,,90,,7263,-31.3,547,0.5
2026-07-30T22:19:47.165400,AC6622,SWA1454,32.885834,-117.422754,,,309,,,-36.6,183,12.2
2026-07-30T22:19:47.165400,A39706,N330NL,33.146357,-117.012466,,,323,,1200,-49.5,358,4.3
2026-07-30T22:19:47.165400,0D0A19,,33.486421,-117.935093,,,330,,3243,-34.1,31,16.8
2026-07-30T22:19:52.203671,A6D00B,VOI7780,33.343785,-117.683249,,,302,,6725,-33.7,2723,11.3
2026-07-30T22:19:52.203671,A6DD89,VOI7896,33.238996,-117.383535,,,280,,2646,-49.5,2357,0.0
2026-07-30T22:19:52.203671,AC0C64,SWA4265,32.789069,-117.111735,,,108,,3251,-35.3,1747,11.7
2026-07-30T22:19:52.203671,ADA16B,N978AP,33.086258,-116.944362,,,328,,1200,-49.5,242,5.8
2026-07-30T22:19:52.203671,AC696C,SWA3527,32.672607,-116.956219,,,90,,7263,-32.7,555,4.7
2026-07-30T22:19:52.203671,AC6622,SWA1454,32.885834,-117.422754,,,309,,,-36.6,183,17.2
2026-07-30T22:19:52.203671,A39706,N330NL,33.146357,-117.012466,,,323,,1200,-49.5,358,9.3
2026-07-30T22:19:52.203671,0D0A19,,33.486421,-117.935093,,,330,,3243,-34.1,31,21.9
2026-07-30T22:19:57.277764,A6D00B,VOI7780,33.357239,-117.708289,,,302,,6725,-49.5,2742,0.6
2026-07-30T22:19:57.277764,A6DD89,VOI7896,33.240189,-117.391058,,,280,,2646,-30.6,2376,1.2
2026-07-30T22:19:57.277764,AC0C64,SWA4265,32.782013,-117.089813,,,108,,3251,-49.5,1750,0.9
2026-07-30T22:19:57.277764,ADA16B,N978AP,33.086258,-116.944362,,,328,,1200,-49.5,242,10.9
2026-07-30T22:19:57.277764,AC696C,SWA3527,32.672607,-116.956219,,,90,,7263,-49.5,557,9.8
2026-07-30T22:19:57.277764,AC6622,SWA1454,32.885834,-117.422754,,,309,,,-33.9,187,22.3
2026-07-30T22:19:57.277764,A39706,N330NL,33.146357,-117.012466,,,323,,1200,-49.5,358,14.4
2026-07-30T22:19:57.277764,0D0A19,,33.486421,-117.935093,,,330,,3243,-34.1,31,27.0
2026-07-30T22:20:02.351800,A6D00B,VOI7780,33.361542,-117.716309,,,302,,6725,-30.6,2768,0.5
2026-07-30T22:20:02.351800,A6DD89,VOI7896,33.242069,-117.402817,,,280,,2646,-49.5,2398,0.2
2026-07-30T22:20:02.351800,AC0C64,SWA4265,32.780689,-117.085783,,,111,,3251,-49.5,1766,3.0
2026-07-30T22:20:02.351800,ADA16B,N978AP,33.092729,-116.949295,,,326,,1200,-33.6,255,0.6
2026-07-30T22:20:02.351800,AC696C,SWA3527,32.672379,-116.932159,,,90,,7263,-32.8,560,3.6
2026-07-30T22:20:02.351800,AC6622,SWA1454,32.885834,-117.422754,,,309,,,-33.9,187,27.4
2026-07-30T22:20:02.351800,A39706,N330NL,33.146357,-117.012466,,,323,,1200,-49.5,358,19.5
2026-07-30T22:20:02.351800,0D0A19,,33.486421,-117.935093,,,330,,3243,-34.1,31,32.0
2026-07-30T22:20:07.397901,A6D00B,VOI7780,33.36478,-117.722373,,,302,,6725,-31.5,2784,1.8
2026-07-30T22:20:07.397901,A6DD89,VOI7896,33.243605,-117.41257,,,280,,2646,-49.5,2430,0.4
2026-07-30T22:20:07.397901,AC0C64,SWA4265,32.778827,-117.080234,,,111,,3251,-32.8,1768,4.0
2026-07-30T22:20:07.397901,ADA16B,N978AP,33.092729,-116.949295,,,326,,1200,-32.0,256,5.7
2026-07-30T22:20:07.397901,AC696C,SWA3527,32.672379,-116.932159,,,90,,7263,-32.8,560,8.6
2026-07-30T22:20:07.397901,AC6622,SWA1454,32.885834,-117.422754,,,309,,,-33.9,187,32.5
2026-07-30T22:20:07.397901,A39706,N330NL,33.146357,-117.012466,,,323,,1200,-49.5,358,24.6
2026-07-30T22:20:07.397901,0D0A19,,33.486421,-117.935093,,,330,,3243,-34.1,31,37.1
2026-07-30T22:20:12.477060,A6D00B,VOI7780,33.36644,-117.725427,,,302,,6725,-34.3,2791,4.9
2026-07-30T22:20:12.477060,A6DD89,VOI7896,33.245132,-117.421985,,,280,,2646,-49.5,2461,0.5
2026-07-30T22:20:12.477060,AC0C64,SWA4265,32.776016,-117.071906,,,111,,3251,-49.5,1785,2.8
2026-07-30T22:20:12.477060,ADA16B,N978AP,33.092729,-116.949295,,,326,,1200,-49.5,257,10.8
2026-07-30T22:20:12.477060,AC696C,SWA3527,32.67215,-116.908209,,,90,,7263,-32.7,564,2.5
2026-07-30T22:20:12.477060,AC6622,SWA1454,32.916183,-117.46593,,,309,,,-49.5,194,3.8
2026-07-30T22:20:12.477060,A39706,N330NL,33.146357,-117.012466,,,323,,1200,-49.5,358,29.6
2026-07-30T22:20:12.477060,0D0A19,,33.486421,-117.935093,,,330,,3243,-34.1,31,42.2
2026-07-30T22:20:17.540384,A6D00B,VOI7780,33.36644,-117.725427,,,302,,6725,-33.0,2792,9.9
2026-07-30T22:20:17.540384,A6DD89,VOI7896,33.246689,-117.431708,,,280,,2646,-49.5,2482,0.7
2026-07-30T22:20:17.540384,AC0C64,SWA4265,32.774684,-117.067902,,,111,,3251,-49.5,1790,5.0
2026-07-30T22:20:17.540384,ADA16B,N978AP,33.092729,-116.949295,,,326,,1200,-34.1,259,15.8
2026-07-30T22:20:17.540384,AC696C,SWA3527,32.67199,-116.893186,,,90,,7263,-32.5,579,0.6
2026-07-30T22:20:17.540384,AC6622,SWA1454,32.916183,-117.46593,,,309,,,-49.5,194,8.8
2026-07-30T22:20:17.540384,A39706,N330NL,33.159904,-117.022275,,,323,,1200,-49.5,361,0.3
2026-07-30T22:20:17.540384,0D0A19,,33.486421,-117.935093,,,330,,3243,-34.1,31,47.2
2026-07-30T22:20:22.613827,A6D00B,VOI7780,33.36644,-117.725427,,,302,,6725,-33.8,2795,15.0
2026-07-30T22:20:22.613827,A6DD89,VOI7896,33.248167,-117.441325,,,280,,2646,-31.5,2504,0.8
2026-07-30T22:20:22.613827,AC0C64,SWA4265,32.774684,-117.067902,,,111,,3251,-35.0,1791,10.0
2026-07-30T22:20:22.613827,ADA16B,N978AP,33.092729,-116.949295,,,326,,1200,-34.1,259,20.9
2026-07-30T22:20:22.613827,AC696C,SWA3527,32.672012,-116.89118,,,90,,7263,-49.5,586,4.7
2026-07-30T22:20:22.613827,AC6622,SWA1454,32.929191,-117.48443,,,309,,,-49.5,209,0.3
2026-07-30T22:20:22.613827,A39706,N330NL,33.161906,-117.023116,,,338,,1200,-49.5,365,0.8
2026-07-30T22:20:22.613827,0D0A19,,33.486421,-117.935093,,,330,,3243,-34.1,31,52.3
2026-07-30T22:20:27.659739,A6D00B,VOI7780,33.380934,-117.752474,,,302,,6725,-49.5,2801,2.8
2026-07-30T22:20:27.659739,A6DD89,VOI7896,33.248167,-117.441325,,,280,,2646,-33.9,2511,5.8
2026-07-30T22:20:27.659739,AC0C64,SWA4265,32.774684,-117.067902,,,111,,3251,-34.9,1795,15.1
2026-07-30T22:20:27.659739,ADA16B,N978AP,33.092729,-116.949295,,,326,,1200,-34.1,259,25.9
2026-07-30T22:20:27.659739,AC696C,SWA3527,32.671804,-116.873568,,,90,,7263,-32.2,600,1.6
2026-07-30T22:20:27.659739,AC6622,SWA1454,32.933101,-117.489923,,,309,,,-49.5,217,1.4
2026-07-30T22:20:27.659739,A39706,N330NL,33.162697,-117.023452,,,338,,1200,-33.1,372,4.0
2026-07-30T22:20:27.659739,0D0A19,,33.486421,-117.935093,,,330,,3243,-34.1,31,57.3
2026-07-30T22:20:32.713520,A6D00B,VOI7780,33.380934,-117.752474,,,302,,6725,-49.5,2801,7.8
2026-07-30T22:20:32.713520,A6DD89,VOI7896,33.251221,-117.460767,,,280,,2646,-32.0,2527,0.8
2026-07-30T22:20:32.713520,AC0C64,SWA4265,32.765854,-117.041638,,,111,,3251,-49.5,1801,0.6
2026-07-30T22:20:32.713520,ADA16B,N978AP,33.092729,-116.949295,,,326,,1200,-34.1,259,31.0
2026-07-30T22:20:32.713520,AC696C,SWA3527,32.671664,-116.86146,,,90,,7263,-49.5,614,1.1
2026-07-30T22:20:32.713520,AC6622,SWA1454,32.933101,-117.489923,,,309,,,-35.1,219,6.5
2026-07-30T22:20:32.713520,A39706,N330NL,33.162697,-117.023452,,,338,,1200,-33.1,372,9.1
2026-07-30T22:20:37.763130,A6D00B,VOI7780,33.380934,-117.752474,,,302,,6725,-49.5,2801,12.9
2026-07-30T22:20:37.763130,A6DD89,VOI7896,33.252357,-117.468231,,,280,,2646,-30.9,2543,1.9
2026-07-30T22:20:37.763130,AC0C64,SWA4265,32.765854,-117.041638,,,111,,3251,-49.5,1801,5.6
2026-07-30T22:20:37.763130,ADA16B,N978AP,33.092729,-116.949295,,,326,,1200,-34.1,259,36.0
2026-07-30T22:20:37.763130,AC696C,SWA3527,32.671664,-116.86146,,,90,,7263,-49.5,614,6.2
2026-07-30T22:20:37.763130,AC6622,SWA1454,32.933101,-117.489923,,,309,,,-35.1,219,11.5
2026-07-30T22:20:37.763130,A39706,N330NL,33.162697,-117.023452,,,338,,1200,-33.1,372,14.1
2026-07-30T22:20:42.827635,A6D00B,VOI7780,33.380934,-117.752474,,,302,,6725,-49.5,2801,18.0
2026-07-30T22:20:42.827635,A6DD89,VOI7896,33.254242,-117.480487,,,280,,2646,-49.5,2566,0.8
2026-07-30T22:20:42.827635,AC0C64,SWA4265,32.765854,-117.041638,,,111,,3251,-49.5,1801,10.7
2026-07-30T22:20:42.827635,ADA16B,N978AP,33.092729,-116.949295,,,326,,1200,-34.1,259,41.1
2026-07-30T22:20:42.827635,AC696C,SWA3527,32.671664,-116.86146,,,90,,7263,-49.5,614,11.3
2026-07-30T22:20:42.827635,AC6622,SWA1454,32.949646,-117.513336,,,309,,4663,-32.5,231,0.4
2026-07-30T22:20:42.827635,A39706,N330NL,33.162697,-117.023452,,,338,,1200,-49.5,373,19.2
2026-07-30T22:20:47.892283,A6D00B,VOI7780,33.380934,-117.752474,,,302,,6725,-49.5,2805,23.0
2026-07-30T22:20:47.892283,A6DD89,VOI7896,33.255615,-117.489551,,,280,,2646,-49.5,2593,1.1
2026-07-30T22:20:47.892283,AC0C64,SWA4265,32.765854,-117.041638,,,111,,3251,-49.5,1801,15.8
2026-07-30T22:20:47.892283,ADA16B,N978AP,33.092729,-116.949295,,,326,,1200,-34.1,259,46.2
2026-07-30T22:20:47.892283,AC696C,SWA3527,32.671664,-116.86146,,,90,,7263,-49.5,617,16.3
2026-07-30T22:20:47.892283,AC6622,SWA1454,32.951815,-117.516436,,,309,,4663,-34.6,255,3.4
2026-07-30T22:20:47.892283,A39706,N330NL,33.162697,-117.023452,,,338,,1200,-49.5,373,24.3
2026-07-30T22:20:52.945814,A6D00B,VOI7780,33.402466,-117.792664,,,302,,6725,-49.5,2813,1.4
2026-07-30T22:20:52.945814,A6DD89,VOI7896,33.257446,-117.501306,,,280,,2646,-49.5,2621,0.0
2026-07-30T22:20:52.945814,AC0C64,SWA4265,32.765854,-117.041638,,,111,,3251,-49.5,1801,20.8
2026-07-30T22:20:52.945814,ADA16B,N978AP,33.092729,-116.949295,,,326,,1200,-34.1,259,51.2
2026-07-30T22:20:52.945814,AC696C,SWA3527,32.671664,-116.86146,,,90,,7263,-49.5,617,21.4
2026-07-30T22:20:52.945814,AC6622,SWA1454,32.960427,-117.528599,,,309,,4663,-49.5,269,0.5
2026-07-30T22:20:52.945814,A39706,N330NL,33.162697,-117.023452,,,338,,1200,-49.5,373,29.3
2026-07-30T22:20:58.024393,A6D00B,VOI7780,33.402466,-117.792664,,,302,,6725,-49.5,2814,6.5
2026-07-30T22:20:58.024393,A6DD89,VOI7896,33.258967,-117.510943,,,281,,2646,-49.5,2650,0.0
2026-07-30T22:20:58.024393,AC0C64,SWA4265,32.765854,-117.041638,,,111,,3251,-49.5,1801,25.9
2026-07-30T22:20:58.024393,ADA16B,N978AP,33.092729,-116.949295,,,326,,1200,-34.1,259,56.3
2026-07-30T22:20:58.024393,AC696C,SWA3527,32.671664,-116.86146,,,90,,7263,-49.5,618,26.5
2026-07-30T22:20:58.024393,AC6622,SWA1454,32.961502,-117.53009,,,309,,4663,-49.5,278,4.5
2026-07-30T22:20:58.024393,A39706,N330NL,33.162697,-117.023452,,,338,,1200,-49.5,373,34.4
2026-07-30T22:20:58.024393,A89953,,32.848097,-117.370307,,,309,,,-49.5,13,2.2
2026-07-30T22:21:03.103755,A6D00B,VOI7780,33.402466,-117.792664,,,302,,6725,-49.5,2814,11.6
2026-07-30T22:21:03.103755,A6DD89,VOI7896,33.260829,-117.520191,,,282,,2646,-32.8,2667,0.3
2026-07-30T22:21:03.103755,AC0C64,SWA4265,32.765854,-117.041638,,,111,,3251,-49.5,1801,31.0
2026-07-30T22:21:03.103755,ADA16B,N978AP,33.092729,-116.949295,,,326,,1200,-34.1,259,61.4
2026-07-30T22:21:03.103755,AC696C,SWA3527,32.671664,-116.86146,,,90,,7263,-49.5,621,31.5
2026-07-30T22:21:03.103755,AC6622,SWA1454,32.961502,-117.53009,,,309,,4663,-49.5,278,9.6
2026-07-30T22:21:03.103755,A39706,N330NL,33.162697,-117.023452,,,338,,1200,-49.5,373,39.5
2026-07-30T22:21:03.103755,A89953,,32.85345,-117.377818,,,309,,,-49.5,18,1.0
2026-07-30T22:21:08.182290,A6D00B,VOI7780,33.402466,-117.792664,,,302,,6725,-49.5,2814,16.6
2026-07-30T22:21:08.182290,A6DD89,VOI7896,33.263535,-117.529651,,,290,,2646,-30.8,2684,0.2
2026-07-30T22:21:08.182290,AC0C64,SWA4265,32.765854,-117.041638,,,111,,3251,-49.5,1801,36.1
2026-07-30T22:21:08.182290,ADA16B,N978AP,33.092729,-116.949295,,,326,,1200,-34.1,259,66.5
2026-07-30T22:21:08.182290,AC696C,SWA3527,32.670685,-116.782361,,,90,,7263,-32.8,632,0.7
2026-07-30T22:21:08.182290,AC6622,SWA1454,32.961502,-117.53009,,,309,,4663,-49.5,278,14.7
2026-07-30T22:21:08.182290,A39706,N330NL,33.162697,-117.023452,,,338,,1200,-49.5,373,44.6
2026-07-30T22:21:08.182290,A89953,,32.85345,-117.377818,,,309,,,-32.8,20,6.0
2026-07-30T22:21:13.261618,A6D00B,VOI7780,33.402466,-117.792664,,,302,,6725,-34.7,2815,21.7
2026-07-30T22:21:13.261618,A6DD89,VOI7896,33.266922,-117.53866,,,296,,2646,-30.6,2703,0.2
2026-07-30T22:21:13.261618,AC0C64,SWA4265,32.765854,-117.041638,,,111,,3251,-49.5,1801,41.1
2026-07-30T22:21:13.261618,ADA16B,N978AP,33.092729,-116.949295,,,326,,1200,-34.1,259,71.5
2026-07-30T22:21:13.261618,AC696C,SWA3527,32.670685,-116.782361,,,90,,7263,-49.5,634,5.8
2026-07-30T22:21:13.261618,AC6622,SWA1454,32.961502,-117.53009,,,309,,4663,-49.5,278,19.7
2026-07-30T22:21:13.261618,A39706,N330NL,33.162697,-117.023452,,,338,,1200,-49.5,373,49.6
2026-07-30T22:21:13.261618,A89953,QXE2274,32.85345,-117.377818,,,309,,,-49.5,22,11.1
2026-07-30T22:21:18.324196,A6D00B,VOI7780,33.402466,-117.792664,,,302,,6725,-34.7,2815,26.7
2026-07-30T22:21:18.324196,A6DD89,VOI7896,33.270931,-117.547097,,,300,,2646,-49.5,2726,0.1
2026-07-30T22:21:18.324196,AC0C64,SWA4265,32.765854,-117.041638,,,111,,3251,-49.5,1801,46.2
2026-07-30T22:21:18.324196,AC696C,SWA3527,32.670685,-116.782361,,,90,,7263,-49.5,634,10.9
2026-07-30T22:21:18.324196,AC6622,SWA1454,32.961502,-117.53009,,,309,,4663,-49.5,278,24.8
2026-07-30T22:21:18.324196,A39706,N330NL,33.162697,-117.023452,,,338,,1200,-49.5,373,54.7
2026-07-30T22:21:18.324196,A89953,QXE2274,32.85345,-117.377818,,,309,,,-49.5,22,16.2
2026-07-30T22:21:23.364612,A6D00B,VOI7780,33.402466,-117.792664,,,302,,6725,-34.7,2815,31.8
2026-07-30T22:21:23.364612,A6DD89,VOI7896,33.27526,-117.555393,,,301,,2646,-30.7,2748,0.1
2026-07-30T22:21:23.364612,AC0C64,SWA4265,32.765854,-117.041638,,,111,,3251,-49.5,1801,51.2
2026-07-30T22:21:23.364612,AC696C,SWA3527,32.670685,-116.782361,,,90,,7263,-49.5,634,15.9
2026-07-30T22:21:23.364612,AC6622,SWA1454,32.961502,-117.53009,,,309,,4663,-49.5,278,29.8
2026-07-30T22:21:23.364612,A39706,N330NL,33.162697,-117.023452,,,338,,1200,-49.5,373,59.7
2026-07-30T22:21:23.364612,A89953,QXE2274,32.869446,-117.400452,,,309,,,-49.5,46,2.1
2026-07-30T22:21:28.419286,A6D00B,VOI7780,33.402466,-117.792664,,,302,,6725,-34.7,2815,36.9
2026-07-30T22:21:28.419286,A6DD89,VOI7896,33.278503,-117.561566,,,302,,2646,-33.6,2763,1.3
2026-07-30T22:21:28.419286,AC0C64,SWA4265,32.765854,-117.041638,,,111,,3251,-49.5,1801,56.3
2026-07-30T22:21:28.419286,AC696C,SWA3527,32.670685,-116.782361,,,90,,7263,-49.5,634,21.0
2026-07-30T22:21:28.419286,AC6622,SWA1454,32.961502,-117.53009,,,309,,4663,-49.5,278,34.9
2026-07-30T22:21:28.419286,A39706,N330NL,33.162697,-117.023452,,,338,,1200,-49.5,373,64.8
2026-07-30T22:21:28.419286,A89953,QXE2274,32.869446,-117.400452,,,309,,,-49.5,46,7.2
2026-07-30T22:21:33.468619,A6D00B,VOI7780,33.402466,-117.792664,,,302,,6725,-34.7,2815,41.9
2026-07-30T22:21:33.468619,A6DD89,VOI7896,33.282715,-117.569476,,,302,,2646,-31.8,2772,1.5
2026-07-30T22:21:33.468619,AC696C,SWA3527,32.670685,-116.782361,,,90,,7263,-34.1,636,26.0
2026-07-30T22:21:33.468619,AC6622,SWA1454,32.961502,-117.53009,,,309,,4663,-49.5,278,39.9
2026-07-30T22:21:33.468619,A39706,N330NL,33.162697,-117.023452,,,338,,1200,-49.5,373,69.9
2026-07-30T22:21:33.468619,A89953,QXE2274,32.869446,-117.400452,,,309,,,-49.5,46,12.3
2026-07-30T22:21:38.547143,A6D00B,VOI7780,33.402466,-117.792664,,,302,,6725,-34.7,2815,47.0
2026-07-30T22:21:38.547143,A6DD89,VOI7896,33.287922,-117.579215,,,302,,2646,-30.5,2792,0.5
2026-07-30T22:21:38.547143,AC696C,SWA3527,32.670685,-116.782361,,,90,,7263,-34.1,636,31.1
2026-07-30T22:21:38.547143,AC6622,SWA1454,32.961502,-117.53009,,,309,,4663,-49.5,278,45.0
2026-07-30T22:21:38.547143,A39706,N330NL,33.162697,-117.023452,,,338,,1200,-49.5,373,74.9
2026-07-30T22:21:38.547143,A89953,QXE2274,32.869446,-117.400452,,,309,,,-49.5,46,17.3
2026-07-30T22:21:43.610352,A6D00B,VOI7780,33.402466,-117.792664,,,302,,6725,-33.0,2816,52.0
2026-07-30T22:21:43.610352,A6DD89,VOI7896,33.292282,-117.587384,,,302,,2646,-33.6,2815,0.5
2026-07-30T22:21:43.610352,AC696C,SWA3527,32.669724,-116.702216,,,90,,7263,-34.4,651,0.3
2026-07-30T22:21:43.610352,AC6622,SWA1454,32.961502,-117.53009,,,309,,4663,-49.5,278,50.1
2026-07-30T22:21:43.610352,A89953,QXE2274,32.869446,-117.400452,,,309,,,-49.5,46,22.4
2026-07-30T22:21:43.610352,ADA16B,,33.134399,-116.982587,,,326,,,-30.8,8,0.2
2026-07-30T22:21:48.696344,A6D00B,VOI7780,33.402466,-117.792664,,,302,,6725,-33.0,2816,57.1
2026-07-30T22:21:48.696344,A6DD89,VOI7896,33.29579,-117.593957,,,302,,2646,-35.2,2823,1.5
2026-07-30T22:21:48.696344,AC696C,SWA3527,32.669724,-116.702216,,,90,,7263,-34.1,655,5.4
2026-07-30T22:21:48.696344,AC6622,SWA1454,32.961502,-117.53009,,,309,,4663,-33.6,279,55.1
2026-07-30T22:21:48.696344,A89953,QXE2274,32.869446,-117.400452,,,309,,,-49.5,46,27.5
2026-07-30T22:21:48.696344,ADA16B,N978AP,33.136368,-116.984125,,,326,,1200,-28.2,56,0.4
2026-07-30T22:21:53.757033,A6D00B,VOI7780,33.402466,-117.792664,,,302,,6725,-33.0,2816,62.2
2026-07-30T22:21:53.757033,A6DD89,VOI7896,33.29579,-117.593957,,,302,,2646,-34.8,2827,6.6
2026-07-30T22:21:53.757033,AC696C,SWA3527,32.669724,-116.702216,,,90,,7263,-32.6,656,10.5
2026-07-30T22:21:53.757033,AC6622,SWA1454,32.961502,-117.53009,,,309,,4663,-32.3,280,60.2
2026-07-30T22:21:53.757033,A89953,QXE2274,32.869446,-117.400452,,,309,,,-49.5,46,32.5
2026-07-30T22:21:53.757033,ADA16B,N978AP,33.13849,-116.985841,,,326,,1200,-49.5,93,0.4
2026-07-30T22:21:58.808363,A6D00B,VOI7780,33.402466,-117.792664,,,302,,6725,-33.0,2816,67.3
2026-07-30T22:21:58.808363,A6DD89,VOI7896,33.29579,-117.593957,,,302,,2646,-49.5,2830,11.7
2026-07-30T22:21:58.808363,AC696C,SWA3527,32.669724,-116.702216,,,90,,7263,-32.6,656,15.5
2026-07-30T22:21:58.808363,AC6622,SWA1454,32.961502,-117.53009,,,309,,4663,-49.5,281,65.3
2026-07-30T22:21:58.808363,A89953,QXE2274,32.869446,-117.400452,,,309,,,-49.5,46,37.6
2026-07-30T22:21:58.808363,ADA16B,N978AP,33.138885,-116.986157,,,326,,1200,-33.1,95,4.6
2026-07-30T22:21:58.808363,AD1927,,33.738641,-116.653233,,,91,,6755,-49.5,21,2.9
2026-07-30T22:22:03.887916,A6D00B,VOI7780,33.402466,-117.792664,,,302,,6725,-33.0,2816,72.3
2026-07-30T22:22:03.887916,A6DD89,VOI7896,33.307661,-117.61621,,,302,,2646,-49.5,2834,2.9
2026-07-30T22:22:03.887916,AC696C,SWA3527,32.669724,-116.702216,,,90,,7263,-32.6,656,20.6
2026-07-30T22:22:03.887916,AC6622,SWA1454,32.961502,-117.53009,,,309,,4663,-49.5,281,70.4
2026-07-30T22:22:03.887916,A89953,QXE2274,32.869446,-117.400452,,,309,,,-49.5,46,42.7
2026-07-30T22:22:03.887916,ADA16B,N978AP,33.138885,-116.986157,,,326,,1200,-33.1,95,9.7
2026-07-30T22:22:03.887916,AD1927,,33.738641,-116.653233,,,91,,6755,-49.5,21,8.0
2026-07-30T22:22:08.966597,A6D00B,VOI7780,33.402466,-117.792664,,,302,,6725,-33.0,2816,77.4
2026-07-30T22:22:08.966597,A6DD89,VOI7896,33.307661,-117.61621,,,302,,2646,-34.7,2835,8.0
2026-07-30T22:22:08.966597,AC696C,SWA3527,32.669724,-116.702216,,,90,,7263,-32.6,656,25.7
2026-07-30T22:22:08.966597,AC6622,SWA1454,32.961502,-117.53009,,,309,,4663,-49.5,281,75.4
2026-07-30T22:22:08.966597,A89953,QXE2274,32.869446,-117.400452,,,309,,,-49.5,46,47.8
2026-07-30T22:22:08.966597,ADA16B,N978AP,33.144867,-116.990886,,,326,,1200,-49.5,101,0.4
2026-07-30T22:22:08.966597,AD1927,,33.738641,-116.653233,,,91,,6755,-49.5,21,13.1
2026-07-30T22:22:14.045478,A6D00B,VOI7780,33.402466,-117.792664,,,302,,6725,-33.0,2816,82.5
2026-07-30T22:22:14.045478,A6DD89,VOI7896,33.307661,-117.61621,,,302,,2646,-34.7,2835,13.1
2026-07-30T22:22:14.045478,AC696C,SWA3527,32.669724,-116.702216,,,90,,7263,-32.6,656,30.8
2026-07-30T22:22:14.045478,AC6622,SWA1454,32.961502,-117.53009,,,309,,4663,-49.5,281,80.5
2026-07-30T22:22:14.045478,A89953,QXE2274,32.869446,-117.400452,,,309,,,-49.5,46,52.8
2026-07-30T22:22:14.045478,ADA16B,N978AP,33.146896,-116.992474,,,326,,1200,-28.2,144,0.5
2026-07-30T22:22:14.045478,ACF0DA,,33.735214,-116.507712,,,91,,,-33.8,7,23.8
2026-07-30T22:22:14.045478,AD1927,,33.738641,-116.653233,,,91,,6755,-49.5,21,18.2
2026-07-30T22:22:19.124623,A6D00B,VOI7780,33.402466,-117.792664,,,302,,6725,-33.0,2816,87.6
2026-07-30T22:22:19.124623,A6DD89,VOI7896,33.307661,-117.61621,,,302,,2646,-34.7,2835,18.2
2026-07-30T22:22:19.124623,AC696C,SWA3527,32.669724,-116.702216,,,90,,7263,-49.5,657,35.8
2026-07-30T22:22:19.124623,AC6622,SWA1454,32.961502,-117.53009,,,309,,4663,-49.5,281,85.6
2026-07-30T22:22:19.124623,A89953,QXE2274,32.869446,-117.400452,,,309,,,-34.8,47,57.9
2026-07-30T22:22:19.124623,ADA16B,N978AP,33.14929,-116.994361,,,326,,1200,-49.5,197,0.0
2026-07-30T22:22:19.124623,ACF0DA,,33.733521,-116.440029,,,91,,,-34.0,23,1.9
2026-07-30T22:22:19.124623,AD1927,,33.738641,-116.653233,,,91,,6755,-49.5,21,23.2
2026-07-30T22:22:24.203501,A6D00B,VOI7780,33.471012,-117.919735,,,302,,6725,-33.3,2820,1.5
2026-07-30T22:22:24.203501,A6DD89,VOI7896,33.307661,-117.61621,,,302,,2646,-49.5,2837,23.2
2026-07-30T22:22:24.203501,AC696C,SWA3527,32.669724,-116.702216,,,90,,7263,-49.5,657,40.9
2026-07-30T22:22:24.203501,AC6622,SWA1454,32.961502,-117.53009,,,309,,4663,-32.6,284,90.6
2026-07-30T22:22:24.203501,A89953,QXE2274,32.869446,-117.400452,,,309,,,-34.8,47,63.0
2026-07-30T22:22:24.203501,ADA16B,N978AP,33.151337,-116.99599,,,326,,1200,-49.5,254,0.1
2026-07-30T22:22:24.203501,ACF0DA,AAL2199,33.733241,-116.430016,,,91,,,-32.7,28,2.9
2026-07-30T22:22:24.203501,AD1927,,33.738641,-116.653233,,,91,,6755,-49.5,21,28.3
2026-07-30T22:22:29.268341,A6D00B,VOI7780,33.471012,-117.919735,,,302,,6725,-33.3,2820,6.6
2026-07-30T22:22:29.268341,A6DD89,VOI7896,33.307661,-117.61621,,,302,,2646,-49.5,2837,28.3
2026-07-30T22:22:29.268341,AC696C,SWA3527,32.669724,-116.702216,,,90,,7263,-49.5,657,46.0
2026-07-30T22:22:29.268341,AC6622,SWA1454,32.961502,-117.53009,,,309,,4663,-32.6,284,95.7
2026-07-30T22:22:29.268341,A89953,QXE2274,32.869446,-117.400452,,,309,,,-34.8,47,68.0
2026-07-30T22:22:29.268341,ADA16B,N978AP,33.153061,-116.997332,,,326,,1200,-31.5,280,1.1
2026-07-30T22:22:29.268341,ACF0DA,AAL2199,33.732869,-116.415195,,,91,,,-49.5,34,2.1
2026-07-30T22:22:29.268341,AD1927,,33.738641,-116.653233,,,91,,6755,-49.5,21,33.4
2026-07-30T22:22:34.307049,A6D00B,VOI7780,33.471012,-117.919735,,,302,,6725,-33.3,2820,11.7
2026-07-30T22:22:34.307049,A6DD89,VOI7896,33.307661,-117.61621,,,302,,2646,-49.5,2837,33.3
2026-07-30T22:22:34.307049,AC696C,SWA3527,32.669724,-116.702216,,,90,,7263,-49.5,657,51.0
2026-07-30T22:22:34.307049,AC6622,SWA1454,32.961502,-117.53009,,,309,,4663,-32.6,284,100.8
2026-07-30T22:22:34.307049,A89953,QXE2274,32.869446,-117.400452,,,309,,,-34.8,47,73.1
2026-07-30T22:22:34.307049,ADA16B,N978AP,33.155481,-116.999182,,,326,,1200,-49.5,333,0.3
2026-07-30T22:22:34.307049,ACF0DA,AAL2199,33.732869,-116.415195,,,91,,,-49.5,34,7.1
2026-07-30T22:22:34.307049,AD1927,,33.738641,-116.653233,,,91,,6755,-49.5,21,38.4
2026-07-30T22:22:39.386628,A6D00B,VOI7780,33.471012,-117.919735,,,302,,6725,-33.3,2820,16.7
2026-07-30T22:22:39.386628,A6DD89,VOI7896,33.307661,-117.61621,,,302,,2646,-49.5,2837,38.4
2026-07-30T22:22:39.386628,AC696C,SWA3527,32.669724,-116.702216,,,90,,7263,-49.5,657,56.1
2026-07-30T22:22:39.386628,AC6622,SWA1454,32.961502,-117.53009,,,309,,4663,-32.6,284,105.9
2026-07-30T22:22:39.386628,A89953,QXE2274,32.869446,-117.400452,,,309,,,-34.8,47,78.2
2026-07-30T22:22:39.386628,ADA16B,N978AP,33.157576,-117.000807,,,326,,1200,-27.1,392,0.4
2026-07-30T22:22:39.386628,ACF0DA,AAL2199,33.732869,-116.415195,,,91,,,-49.5,34,12.2
2026-07-30T22:22:39.386628,AD1927,,33.738641,-116.653233,,,91,,6755,-49.5,21,43.5
2026-07-30T22:22:44.465404,A6D00B,VOI7780,33.471012,-117.919735,,,302,,6725,-33.3,2820,21.8
2026-07-30T22:22:44.465404,A6DD89,VOI7896,33.307661,-117.61621,,,302,,2646,-49.5,2837,43.5
2026-07-30T22:22:44.465404,AC696C,SWA3527,32.669724,-116.702216,,,90,,7263,-49.5,657,61.2
2026-07-30T22:22:44.465404,AC6622,SWA1454,32.961502,-117.53009,,,309,,4663,-49.5,285,110.9
2026-07-30T22:22:44.465404,A89953,QXE2274,32.869446,-117.400452,,,309,,,-34.8,47,83.3
2026-07-30T22:22:44.465404,ADA16B,N978AP,33.159668,-117.002472,,,326,,1200,-49.5,450,0.4
2026-07-30T22:22:44.465404,ACF0DA,AAL2199,33.732869,-116.415195,,,91,,,-49.5,34,17.3
2026-07-30T22:22:44.465404,AD1927,,33.738641,-116.653233,,,91,,6755,-49.5,21,48.6
2026-07-30T22:22:49.543825,A6D00B,VOI7780,33.471012,-117.919735,,,302,,6725,-33.3,2820,26.9
2026-07-30T22:22:49.543825,A6DD89,VOI7896,33.307661,-117.61621,,,302,,2646,-49.5,2837,48.5
2026-07-30T22:22:49.543825,AC696C,SWA3527,32.669724,-116.702216,,,90,,7263,-49.5,657,66.2
2026-07-30T22:22:49.543825,AC6622,SWA1454,32.961502,-117.53009,,,309,,4663,-49.5,285,116.0
2026-07-30T22:22:49.543825,A89953,QXE2274,32.869446,-117.400452,,,309,,,-34.8,47,88.3
2026-07-30T22:22:49.543825,ADA16B,N978AP,33.160928,-117.003498,,,326,,1200,-49.5,474,2.3
2026-07-30T22:22:49.543825,ACF0DA,AAL2199,33.732869,-116.415195,,,91,,,-49.5,34,22.3
2026-07-30T22:22:49.543825,AD1927,,33.738641,-116.653233,,,91,,6755,-35.5,27,53.6
2026-07-30T22:22:54.597282,A6D00B,VOI7780,33.471012,-117.919735,,,302,,6725,-33.3,2820,31.9
2026-07-30T22:22:54.597282,A6DD89,VOI7896,33.307661,-117.61621,,,302,,2646,-49.5,2837,53.6
2026-07-30T22:22:54.597282,AC696C,SWA3527,32.669724,-116.702216,,,90,,7263,-49.5,657,71.3
2026-07-30T22:22:54.597282,AC6622,SWA1454,32.961502,-117.53009,,,309,,4663,-49.5,285,121.0
2026-07-30T22:22:54.597282,A89953,QXE2274,32.950745,-117.515539,,,309,,4706,-49.5,50,1.2
2026-07-30T22:22:54.597282,ADA16B,N978AP,33.160928,-117.003498,,,326,,1200,-49.5,474,7.4
2026-07-30T22:22:54.597282,ACF0DA,AAL2199,33.732869,-116.415195,,,91,,,-49.5,34,27.4
2026-07-30T22:22:54.597282,AD1927,,33.738641,-116.653233,,,92,,6755,-33.5,32,58.7
2026-07-30T22:22:59.647710,A6D00B,VOI7780,33.471012,-117.919735,,,302,,6725,-33.3,2820,37.0
2026-07-30T22:22:59.647710,A6DD89,VOI7896,33.307661,-117.61621,,,302,,2646,-49.5,2837,58.7
2026-07-30T22:22:59.647710,AC696C,SWA3527,32.669724,-116.702216,,,90,,7263,-49.5,657,76.4
2026-07-30T22:22:59.647710,AC6622,SWA1454,32.961502,-117.53009,,,309,,4663,-49.5,285,126.1
2026-07-30T22:22:59.647710,A89953,QXE2274,32.950745,-117.515539,,,309,,4706,-31.6,52,6.3
2026-07-30T22:22:59.647710,ADA16B,N978AP,33.160928,-117.003498,,,326,,1200,-34.0,475,12.5
2026-07-30T22:22:59.647710,ACF0DA,AAL2199,33.732869,-116.415195,,,91,,,-36.7,35,32.5
2026-07-30T22:22:59.647710,AD1927,,33.734024,-116.489326,,,93,,6755,-32.5,56,1.0
2026-07-30T22:23:04.726777,A6D00B,VOI7780,33.471012,-117.919735,,,302,,6725,-33.3,2820,42.1
2026-07-30T22:23:04.726777,A6DD89,VOI7896,33.307661,-117.61621,,,302,,2646,-49.5,2837,63.7
2026-07-30T22:23:04.726777,AC696C,SWA3527,32.669724,-116.702216,,,90,,7263,-49.5,657,81.4
2026-07-30T22:23:04.726777,AC6622,SWA1454,32.961502,-117.53009,,,309,,4663,-49.5,285,131.2
2026-07-30T22:23:04.726777,A89953,QXE2274,32.950745,-117.515539,,,309,,4706,-31.6,52,11.3
2026-07-30T22:23:04.726777,ADA16B,N978AP,33.160928,-117.003498,,,326,,1200,-34.0,475,17.5
2026-07-30T22:23:04.726777,ACF0DA,AAL2199,33.732869,-116.415195,,,91,,,-36.7,35,37.5
2026-07-30T22:23:04.726777,AD1927,,33.734024,-116.489326,,,93,,6755,-49.5,58,6.0
2026-07-30T22:23:09.776943,A6D00B,VOI7780,33.471012,-117.919735,,,302,,6725,-33.3,2820,47.1
2026-07-30T22:23:09.776943,A6DD89,VOI7896,33.307661,-117.61621,,,302,,2646,-49.5,2837,68.8
2026-07-30T22:23:09.776943,AC696C,SWA3527,32.669724,-116.702216,,,90,,7263,-49.5,657,86.5
2026-07-30T22:23:09.776943,AC6622,SWA1454,32.961502,-117.53009,,,309,,4663,-49.5,286,136.2
2026-07-30T22:23:09.776943,A89953,QXE2274,32.950745,-117.515539,,,309,,4706,-31.6,52,16.4
2026-07-30T22:23:09.776943,ADA16B,N978AP,33.160928,-117.003498,,,326,,1200,-34.0,475,22.6
2026-07-30T22:23:09.776943,ACF0DA,AAL2199,33.732869,-116.415195,,,91,,,-35.0,36,42.6
2026-07-30T22:23:09.776943,AD1927,,33.734024,-116.489326,,,93,,6755,-49.5,58,11.1
2026-07-30T22:23:14.830431,A6D00B,VOI7780,33.471012,-117.919735,,,302,,6725,-33.3,2820,52.2
2026-07-30T22:23:14.830431,A6DD89,VOI7896,33.307661,-117.61621,,,302,,2646,-49.5,2837,73.8
2026-07-30T22:23:14.830431,AC696C,SWA3527,32.669724,-116.702216,,,90,,7263,-49.5,657,91.5
2026-07-30T22:23:14.830431,AC6622,SWA1454,32.961502,-117.53009,,,309,,4663,-33.0,288,141.3
2026-07-30T22:23:14.830431,A89953,QXE2274,32.950745,-117.515539,,,309,,4706,-31.6,52,21.4
2026-07-30T22:23:14.830431,ADA16B,N978AP,33.160928,-117.003498,,,326,,1200,-49.5,477,27.6
2026-07-30T22:23:14.830431,ACF0DA,AAL2199,33.732869,-116.415195,,,91,,,-35.0,36,47.6
2026-07-30T22:23:14.830431,AD1927,,33.734024,-116.489326,,,93,,6755,-49.5,58,16.1
2026-07-30T22:23:19.882073,A6D00B,VOI7780,33.471012,-117.919735,,,302,,6725,-33.3,2820,57.2
2026-07-30T22:23:19.882073,A6DD89,VOI7896,33.307661,-117.61621,,,302,,2646,-49.5,2837,78.9
2026-07-30T22:23:19.882073,AC6622,SWA1454,32.961502,-117.53009,,,309,,4663,-33.0,288,146.3
2026-07-30T22:23:19.882073,A89953,QXE2274,32.950745,-117.515539,,,309,,4706,-31.6,52,26.4
2026-07-30T22:23:19.882073,ADA16B,N978AP,33.172897,-117.013019,,,326,,1200,-49.5,498,3.4
2026-07-30T22:23:19.882073,ACF0DA,AAL2199,33.732869,-116.415195,,,91,,,-35.0,36,52.6
2026-07-30T22:23:19.882073,AD1927,,33.734024,-116.489326,,,93,,6755,-49.5,70,21.1
2026-07-30T22:23:19.882073,A6B7EC,,33.218674,-117.559534,,,136,,,-35.2,3,8.7
2026-07-30T22:23:24.924311,AC6622,SWA1454,32.961502,-117.53009,,,309,,4663,-33.0,288,151.4
2026-07-30T22:23:24.924311,A89953,QXE2274,32.950745,-117.515539,,,309,,4706,-31.6,52,31.5
2026-07-30T22:23:24.924311,ADA16B,N978AP,33.175406,-117.014988,,,326,,1200,-31.9,504,2.4
2026-07-30T22:23:24.924311,ACF0DA,AAL2199,33.732869,-116.415195,,,91,,,-35.0,36,57.7
2026-07-30T22:23:24.924311,AD1927,JBU8400,33.729657,-116.424179,,,95,,6755,-33.9,83,1.3
2026-07-30T22:23:24.924311,A6B7EC,,33.218674,-117.559534,,,136,,,-35.2,3,13.9
2026-07-30T22:23:30.012346,AC6622,SWA1454,32.961502,-117.53009,,,309,,4663,-33.0,288,156.5
2026-07-30T22:23:30.012346,A89953,QXE2274,32.950745,-117.515539,,,309,,4706,-31.6,52,36.6
2026-07-30T22:23:30.012346,ADA16B,N978AP,33.176514,-117.015875,,,326,,1200,-49.5,510,4.8
2026-07-30T22:23:30.012346,ACF0DA,AAL2199,33.732869,-116.415195,,,91,,,-35.0,36,62.8
2026-07-30T22:23:30.012346,AD1927,JBU8400,33.728897,-116.413767,,,95,,6755,-32.1,104,2.3
2026-07-30T22:23:30.012346,A6B7EC,,33.218674,-117.559534,,,136,,,-35.2,3,18.9
2026-07-30T22:23:35.065786,AC6622,SWA1454,32.961502,-117.53009,,,309,,4663,-33.0,288,161.5
2026-07-30T22:23:35.065786,A89953,QXE2274,32.950745,-117.515539,,,309,,4706,-31.6,52,41.7
2026-07-30T22:23:35.065786,ADA16B,N978AP,33.180433,-117.019024,,,326,,1200,-32.6,512,0.1
2026-07-30T22:23:35.065786,ACF0DA,AAL2199,33.732869,-116.415195,,,91,,,-35.0,36,67.9
2026-07-30T22:23:35.065786,AD1927,JBU8400,33.728897,-116.413767,,,95,,6755,-35.6,119,7.4
2026-07-30T22:23:35.065786,A6B7EC,,33.218674,-117.559534,,,136,,,-35.2,3,24.0
2026-07-30T22:23:40.149564,AC6622,SWA1454,32.961502,-117.53009,,,309,,4663,-33.0,288,166.6
2026-07-30T22:23:40.149564,A89953,QXE2274,32.950745,-117.515539,,,309,,4706,-31.6,52,46.7
2026-07-30T22:23:40.149564,ADA16B,N978AP,33.180433,-117.019024,,,329,,1200,-49.5,517,5.2
2026-07-30T22:23:40.149564,ACF0DA,AAL2199,33.732869,-116.415195,,,91,,,-35.0,36,73.0
2026-07-30T22:23:40.149564,AD1927,JBU8400,33.728897,-116.413767,,,95,,6755,-35.6,119,12.5
2026-07-30T22:23:40.149564,A6B7EC,,33.218674,-117.559534,,,136,,,-49.5,6,29.1
2026-07-30T22:23:45.198641,AC6622,SWA1454,32.961502,-117.53009,,,309,,4663,-33.0,288,171.6
2026-07-30T22:23:45.198641,A89953,QXE2274,32.950745,-117.515539,,,309,,4706,-31.6,52,51.8
2026-07-30T22:23:45.198641,ADA16B,N978AP,33.180433,-117.019024,,,329,,1200,-49.5,517,10.2
2026-07-30T22:23:45.198641,ACF0DA,AAL2199,33.732869,-116.415195,,,91,,,-35.0,36,78.0
2026-07-30T22:23:45.198641,AD1927,JBU8400,33.728897,-116.413767,,,95,,6755,-35.6,119,17.5
2026-07-30T22:23:45.198641,A6B7EC,,33.180201,-117.5161,,,136,,3513,-49.5,33,1.0
2026-07-30T22:23:50.258380,AC6622,SWA1454,32.961502,-117.53009,,,309,,4663,-33.0,288,176.7
2026-07-30T22:23:50.258380,A89953,QXE2274,32.950745,-117.515539,,,309,,4706,-31.6,52,56.8
2026-07-30T22:23:50.258380,ADA16B,N978AP,33.180433,-117.019024,,,329,,1200,-49.5,517,15.3
2026-07-30T22:23:50.258380,ACF0DA,AAL2199,33.732869,-116.415195,,,91,,,-35.0,36,83.0
2026-07-30T22:23:50.258380,AD1927,JBU8400,33.728897,-116.413767,,,95,,6755,-35.6,119,22.5
2026-07-30T22:23:50.258380,A6B7EC,,33.176756,-117.512176,,,136,,3513,-49.5,57,3.1
2026-07-30T22:23:55.298287,AC6622,SWA1454,32.961502,-117.53009,,,309,,4663,-33.0,288,181.7
2026-07-30T22:23:55.298287,A89953,QXE2274,33.007782,-117.596393,,,309,,4706,-33.4,56,4.0
2026-07-30T22:23:55.298287,ADA16B,N978AP,33.180433,-117.019024,,,329,,1200,-49.5,517,20.3
2026-07-30T22:23:55.298287,ACF0DA,AAL2199,33.732869,-116.415195,,,91,,,-35.0,36,88.1
2026-07-30T22:23:55.298287,AD1927,JBU8400,33.728897,-116.413767,,,95,,6755,-35.6,119,27.6
2026-07-30T22:23:55.298287,A6B7EC,,33.176756,-117.512176,,,136,,3513,-49.5,57,8.1
2026-07-30T22:23:55.298287,ADD949,,33.150696,-117.119751,,,183,,,-31.4,4,0.3
2026-07-30T22:24:00.351680,AC6622,SWA1454,32.961502,-117.53009,,,309,,4663,-33.0,288,186.8
2026-07-30T22:24:00.351680,A89953,QXE2274,33.007782,-117.596393,,,309,,4706,-33.4,56,9.1
2026-07-30T22:24:00.351680,ADA16B,N978AP,33.180433,-117.019024,,,329,,1200,-49.5,517,25.4
2026-07-30T22:24:00.351680,ACF0DA,AAL2199,33.732869,-116.415195,,,91,,,-35.0,36,93.2
2026-07-30T22:24:00.351680,AD1927,JBU8400,33.728897,-116.413767,,,95,,6755,-35.6,119,32.7
2026-07-30T22:24:00.351680,A6B7EC,,33.176756,-117.512176,,,136,,3513,-49.5,57,13.2
2026-07-30T22:24:00.351680,ADD949,N9914L,33.148407,-117.120026,,,187,,0233,-49.5,33,0.3
2026-07-30T22:24:05.401615,AC6622,SWA1454,32.961502,-117.53009,,,309,,4663,-33.0,288,191.8
2026-07-30T22:24:05.401615,A89953,QXE2274,33.007782,-117.596393,,,309,,4706,-33.4,56,14.1
2026-07-30T22:24:05.401615,ADA16B,N978AP,33.180433,-117.019024,,,329,,1200,-49.5,517,30.4
2026-07-30T22:24:05.401615,ACF0DA,AAL2199,33.732869,-116.415195,,,91,,,-35.0,36,98.2
2026-07-30T22:24:05.401615,AD1927,JBU8400,33.728897,-116.413767,,,95,,6755,-35.6,119,37.7
2026-07-30T22:24:05.401615,A6B7EC,,33.155869,-117.488672,,,136,,3513,-34.2,67,0.4
2026-07-30T22:24:05.401615,ADD949,N9914L,33.146217,-117.120368,,,188,,0233,-31.4,60,0.4
2026-07-30T22:24:10.456693,AC6622,SWA1454,32.961502,-117.53009,,,309,,4663,-33.0,288,196.9
2026-07-30T22:24:10.456693,A89953,QXE2274,33.007782,-117.596393,,,309,,4706,-49.5,57,19.2
2026-07-30T22:24:10.456693,ADA16B,N978AP,33.180433,-117.019024,,,329,,1200,-49.5,517,35.5
2026-07-30T22:24:10.456693,AD1927,JBU8400,33.728897,-116.413767,,,95,,6755,-35.6,119,42.8
2026-07-30T22:24:10.456693,A6B7EC,ASA336,33.149942,-117.481963,,,136,,3513,-31.6,88,0.6
2026-07-30T22:24:10.456693,ADD949,N9914L,33.146217,-117.120368,,,188,,0233,-31.4,60,5.4
2026-07-30T22:24:15.504963,A89953,QXE2274,33.032397,-117.6314,,,309,,4706,-49.5,61,0.9
2026-07-30T22:24:15.504963,ADA16B,N978AP,33.180433,-117.019024,,,329,,1200,-49.5,517,40.5
2026-07-30T22:24:15.504963,AD1927,JBU8400,33.728897,-116.413767,,,95,,6755,-35.6,119,47.8
2026-07-30T22:24:15.504963,A6B7EC,ASA336,33.145203,-117.476587,,,136,,3513,-49.5,117,1.7
2026-07-30T22:24:15.504963,ADD949,N9914L,33.146217,-117.120368,,,188,,0233,-31.4,60,10.5
2026-07-30T22:24:20.555147,A89953,QXE2274,33.034213,-117.633978,,,309,,4706,-49.5,66,4.1
2026-07-30T22:24:20.555147,ADA16B,N978AP,33.180433,-117.019024,,,329,,1200,-49.5,517,45.6
2026-07-30T22:24:20.555147,AD1927,JBU8400,33.728897,-116.413767,,,95,,6755,-35.6,119,52.8
2026-07-30T22:24:20.555147,A6B7EC,ASA336,33.141376,-117.472266,,,136,,3513,-34.6,131,3.7
2026-07-30T22:24:20.555147,ADD949,N9914L,33.146217,-117.120368,,,188,,0233,-31.4,60,15.5
2026-07-30T22:24:25.595854,A89953,QXE2274,33.034213,-117.633978,,,309,,4706,-49.5,66,9.2
2026-07-30T22:24:25.595854,ADA16B,N978AP,33.180433,-117.019024,,,329,,1200,-49.5,517,50.6
2026-07-30T22:24:25.595854,AD1927,JBU8400,33.728897,-116.413767,,,95,,6755,-35.6,119,57.9
2026-07-30T22:24:25.595854,A6B7EC,ASA336,33.141376,-117.472266,,,136,,3513,-33.4,132,8.7
2026-07-30T22:24:25.595854,ADD949,N9914L,33.146217,-117.120368,,,188,,0233,-31.4,60,20.6
2026-07-30T22:24:30.659049,A89953,QXE2274,33.034213,-117.633978,,,309,,4706,-49.5,66,14.2
2026-07-30T22:24:30.659049,ADA16B,N978AP,33.180433,-117.019024,,,329,,1200,-49.5,517,55.7
2026-07-30T22:24:30.659049,AD1927,JBU8400,33.728897,-116.413767,,,95,,6755,-35.6,119,62.9
2026-07-30T22:24:30.659049,A6B7EC,ASA336,33.125548,-117.45433,,,136,,3513,-31.3,147,0.9
2026-07-30T22:24:30.659049,ADD949,N9914L,33.146217,-117.120368,,,188,,0233,-31.4,60,25.6
2026-07-30T22:24:35.701242,A89953,QXE2274,33.034213,-117.633978,,,309,,4706,-49.5,66,19.3
2026-07-30T22:24:35.701242,ADA16B,N978AP,33.180433,-117.019024,,,329,,1200,-49.5,517,60.7
2026-07-30T22:24:35.701242,A6B7EC,ASA336,33.120707,-117.448892,,,136,,3513,-49.5,166,2.0
2026-07-30T22:24:35.701242,ADD949,N9914L,33.146217,-117.120368,,,188,,0233,-31.4,60,30.7
2026-07-30T22:24:35.701242,0D0377,,32.984309,-116.300541,,,300,,,-33.3,4,7.0
2026-07-30T22:24:40.776663,A89953,QXE2274,33.034213,-117.633978,,,309,,4706,-49.5,66,24.4
2026-07-30T22:24:40.776663,A6B7EC,ASA336,33.120707,-117.448892,,,136,,3513,-34.6,167,7.1
2026-07-30T22:24:40.776663,ADD949,N9914L,33.146217,-117.120368,,,188,,0233,-31.4,60,35.8
2026-07-30T22:24:40.776663,0D0377,,32.984309,-116.300541,,,300,,,-49.5,6,12.1
2026-07-30T22:24:40.776663,AC36EF,,32.826217,-117.337348,,,,,,-49.5,2,1.5
2026-07-30T22:24:45.849092,A89953,QXE2274,33.034213,-117.633978,,,309,,4706,-49.5,66,29.5
2026-07-30T22:24:45.849092,A6B7EC,ASA336,33.106476,-117.432697,,,136,,3513,-49.5,178,0.5
2026-07-30T22:24:45.849092,ADD949,N9914L,33.128403,-117.1242,,,191,,0233,-31.9,68,0.2
2026-07-30T22:24:45.849092,0D0377,,33.002014,-116.336151,,,300,,,-32.3,12,0.0
2026-07-30T22:24:45.849092,AC36EF,,32.827744,-117.339532,,,,,,-31.7,4,4.7
2026-07-30T22:24:50.894090,A89953,QXE2274,33.034213,-117.633978,,,309,,4706,-49.5,66,34.5
2026-07-30T22:24:50.894090,A6B7EC,ASA336,33.100084,-117.42535,,,136,,3513,-32.0,216,0.3
2026-07-30T22:24:50.894090,ADD949,N9914L,33.128403,-117.1242,,,191,,0233,-31.9,68,5.3
2026-07-30T22:24:50.894090,0D0377,,33.006281,-116.344766,,,300,,,-30.2,36,1.0
2026-07-30T22:24:50.894090,AC36EF,,32.834198,-117.348761,,,,,,-49.5,9,2.1
2026-07-30T22:24:55.973672,A89953,QXE2274,33.034213,-117.633978,,,309,,4706,-49.5,66,39.6
2026-07-30T22:24:55.973672,A6B7EC,ASA336,33.097458,-117.422369,,,136,,3513,-34.2,223,3.3
2026-07-30T22:24:55.973672,ADD949,N9914L,33.124291,-117.125356,,,191,,0233,-49.5,69,0.8
2026-07-30T22:24:55.973672,0D0377,VIV518,33.01236,-116.357135,,,300,,3260,-31.5,64,0.1
2026-07-30T22:24:55.973672,AC36EF,,32.834198,-117.348761,,,,,,-49.5,9,7.2
2026-07-30T22:25:01.052251,A89953,QXE2274,33.034213,-117.633978,,,309,,4706,-49.5,66,44.7
2026-07-30T22:25:01.052251,A6B7EC,ASA336,33.087888,-117.411505,,,136,,3513,-31.0,228,0.4
2026-07-30T22:25:01.052251,ADD949,N9914L,33.121811,-117.126123,,,195,,0233,-49.5,106,0.2
2026-07-30T22:25:01.052251,0D0377,VIV518,33.017454,-116.367356,,,300,,3260,-30.7,84,0.3
2026-07-30T22:25:01.052251,AC36EF,SWA365,32.834198,-117.348761,,,,,,-49.5,14,12.3
2026-07-30T22:25:06.131597,A89953,QXE2274,33.034213,-117.633978,,,309,,4706,-49.5,66,49.8
2026-07-30T22:25:06.131597,A6B7EC,ASA336,33.082162,-117.405003,,,136,,3513,-49.5,246,0.7
2026-07-30T22:25:06.131597,ADD949,N9914L,33.119683,-117.12687,,,196,,0233,-49.5,134,0.1
2026-07-30T22:25:06.131597,0D0377,VIV518,33.022614,-116.377789,,,300,,3260,-27.4,120,0.3
2026-07-30T22:25:06.131597,AC36EF,SWA365,32.847015,-117.367108,,,309,,,-30.5,20,2.2
2026-07-30T22:25:11.210009,A89953,QXE2274,33.034213,-117.633978,,,309,,4706,-49.5,66,54.9
2026-07-30T22:25:11.210009,A6B7EC,ASA336,33.075577,-117.39754,,,136,,3513,-49.5,254,0.3
2026-07-30T22:25:11.210009,ADD949,N9914L,33.117588,-117.127598,,,197,,0233,-49.5,173,0.3
2026-07-30T22:25:11.210009,0D0377,VIV518,33.027695,-116.388062,,,300,,3260,-49.5,161,0.4
2026-07-30T22:25:11.210009,AC36EF,SWA365,32.853012,-117.375677,,,309,,,-31.4,48,0.3
2026-07-30T22:25:16.289668,A89953,QXE2274,33.034213,-117.633978,,,309,,4706,-49.5,66,59.9
2026-07-30T22:25:16.289668,A6B7EC,ASA336,33.069397,-117.390619,,,136,,3513,-49.5,262,0.0
2026-07-30T22:25:16.289668,ADD949,N9914L,33.115402,-117.128485,,,198,,0233,-30.6,223,0.0
2026-07-30T22:25:16.289668,0D0377,VIV518,33.03277,-116.398241,,,300,,3260,-32.5,187,0.5
2026-07-30T22:25:16.289668,AC36EF,SWA365,32.853916,-117.376977,,,309,,,-31.2,68,4.3
2026-07-30T22:25:21.341064,A6B7EC,ASA336,33.063867,-117.384376,,,136,,3513,-49.5,273,0.3
2026-07-30T22:25:21.341064,ADD949,N9914L,33.113538,-117.129224,,,197,,0233,-49.5,269,0.5
2026-07-30T22:25:21.341064,0D0377,VIV518,33.03804,-116.409045,,,299,,3260,-31.6,215,0.3
2026-07-30T22:25:21.341064,AC36EF,SWA365,32.859879,-117.385455,,,309,,,-34.8,87,2.5
2026-07-30T22:25:26.392520,A6B7EC,ASA336,33.061157,-117.381281,,,136,,3513,-30.9,296,2.9
2026-07-30T22:25:26.392520,ADD949,N9914L,33.111282,-117.129749,,,186,,0233,-49.5,301,0.5
2026-07-30T22:25:26.392520,0D0377,VIV518,33.042685,-116.419092,,,298,,3260,-49.5,226,0.5
2026-07-30T22:25:26.392520,AC36EF,SWA365,32.865228,-117.393064,,,309,,,-49.5,102,1.5
2026-07-30T22:25:31.443946,A6B7EC,ASA336,33.053284,-117.372437,,,136,,3513,-27.4,312,1.0
2026-07-30T22:25:31.443946,ADD949,N9914L,33.108836,-117.129784,,,178,,0233,-49.5,333,0.0
2026-07-30T22:25:31.443946,0D0377,VIV518,33.045432,-116.425202,,,297,,3260,-31.8,244,2.6
2026-07-30T22:25:31.443946,AC36EF,SWA365,32.869583,-117.399243,,,309,,,-49.5,141,1.6
2026-07-30T22:25:36.484967,A6B7EC,ASA336,33.04985,-117.368591,,,136,,3513,-49.5,337,3.0
2026-07-30T22:25:36.484967,ADD949,N9914L,33.106602,-117.129616,,,176,,0233,-29.2,379,0.1
2026-07-30T22:25:36.484967,0D0377,VIV518,33.052275,-116.441457,,,296,,3260,-31.2,268,0.0
2026-07-30T22:25:36.484967,AC36EF,SWA365,32.871323,-117.40177,,,309,,,-49.5,157,4.7
2026-07-30T22:25:41.545531,A6B7EC,ASA336,33.042023,-117.359802,,,136,,3513,-30.5,347,0.9
2026-07-30T22:25:41.545531,ADD949,N9914L,33.104367,-117.129448,,,175,,0233,-26.7,416,0.3
2026-07-30T22:25:41.545531,0D0377,VIV518,33.056442,-116.452002,,,295,,3260,-32.3,279,0.0
2026-07-30T22:25:41.545531,AC36EF,SWA365,32.871323,-117.40177,,,309,,,-32.2,160,9.7
2026-07-30T22:25:41.545531,0C20DD,,32.675574,-117.128495,,,,,,-49.5,17,2.9
2026-07-30T22:25:46.584238,A6B7EC,ASA336,33.036621,-117.353705,,,136,,3513,-30.5,380,1.0
2026-07-30T22:25:46.584238,ADD949,N9914L,33.101993,-117.129224,,,174,,0233,-49.5,465,0.2
2026-07-30T22:25:46.584238,0D0377,VIV518,33.059875,-116.461066,,,293,,3260,-32.3,295,0.9
2026-07-30T22:25:46.584238,AC36EF,SWA365,32.884454,-117.420418,,,309,,,-31.3,179,0.0
2026-07-30T22:25:46.584238,0C20DD,,32.675574,-117.128495,,,,,,-49.5,17,8.0
2026-07-30T22:25:51.663647,A6B7EC,ASA336,33.030396,-117.346708,,,136,,3513,-49.5,397,0.2
2026-07-30T22:25:51.663647,ADD949,N9914L,33.099609,-117.128979,,,175,,0233,-25.4,524,0.2
2026-07-30T22:25:51.663647,0D0377,VIV518,33.064453,-116.473535,,,293,,3260,-49.5,321,0.2
2026-07-30T22:25:51.663647,AC36EF,SWA365,32.885804,-117.422323,,,309,,,-49.5,209,3.6
2026-07-30T22:25:51.663647,0C20DD,,32.675574,-117.128495,,,,,,-32.3,23,13.1
2026-07-30T22:25:56.702858,A6B7EC,ASA336,33.025461,-117.341159,,,136,,3513,-28.4,443,0.5
2026-07-30T22:25:56.702858,ADD949,N9914L,33.097431,-117.128719,,,173,,0233,-24.9,588,0.5
2026-07-30T22:25:56.702858,0D0377,VIV518,33.068527,-116.484467,,,293,,3260,-34.1,343,0.1
2026-07-30T22:25:56.702858,AC36EF,SWA365,32.892838,-117.432367,,,309,,,-32.5,212,0.8
2026-07-30T22:25:56.702858,0C20DD,CMP850,32.675217,-117.101953,,,90,,1060,-49.5,65,1.8
2026-07-30T22:26:01.761786,A6B7EC,ASA336,33.019828,-117.334825,,,136,,3513,-28.0,500,0.2
2026-07-30T22:26:01.761786,ADD949,N9914L,33.09487,-117.128327,,,171,,0233,-49.5,638,0.0
2026-07-30T22:26:01.761786,0D0377,VIV518,33.070058,-116.488654,,,293,,3260,-31.7,356,3.3
2026-07-30T22:26:01.761786,AC36EF,SWA365,32.892838,-117.432367,,,309,,,-49.5,213,5.8
2026-07-30T22:26:01.761786,0C20DD,CMP850,32.675217,-117.101953,,,90,,1060,-49.5,65,6.9
2026-07-30T22:26:06.806451,A6B7EC,ASA336,33.018265,-117.332996,,,136,,3513,-49.5,533,3.7
2026-07-30T22:26:06.806451,ADD949,N9914L,33.092589,-117.127879,,,170,,0233,-28.2,692,0.0
2026-07-30T22:26:06.806451,0D0377,VIV518,33.076401,-116.505615,,,293,,3260,-49.5,381,0.4
2026-07-30T22:26:06.806451,AC36EF,SWA365,32.892838,-117.432367,,,309,,,-49.5,213,10.9
2026-07-30T22:26:06.806451,0C20DD,CMP850,32.675217,-117.101953,,,90,,1060,-35.1,67,11.9
2026-07-30T22:26:11.885310,A6B7EC,ASA336,33.014009,-117.328267,,,136,,3513,-33.6,539,4.6
2026-07-30T22:26:11.885310,ADD949,N9914L,33.090363,-117.127441,,,170,,0233,-31.3,736,0.2
2026-07-30T22:26:11.885310,0D0377,VIV518,33.080475,-116.516437,,,294,,3260,-31.0,411,0.3
2026-07-30T22:26:11.885310,AC36EF,SWA365,32.905682,-117.450798,,,309,,4713,-49.5,242,2.1
2026-07-30T22:26:11.885310,0C20DD,CMP850,32.675217,-117.101953,,,90,,1060,-49.5,69,17.0
2026-07-30T22:26:16.964734,A6B7EC,ASA336,33.004652,-117.317729,,,136,,3513,-49.5,574,0.3
2026-07-30T22:26:16.964734,ADD949,N9914L,33.088165,-117.127057,,,172,,0233,-32.9,759,0.5
2026-07-30T22:26:16.964734,0D0377,VIV518,33.084412,-116.526819,,,294,,3260,-49.5,429,0.5
2026-07-30T22:26:16.964734,AC36EF,SWA365,32.905682,-117.450798,,,309,,4713,-49.5,242,7.1
2026-07-30T22:26:16.964734,0C20DD,CMP850,32.674876,-117.07177,,,90,,1060,-34.4,75,4.0
2026-07-30T22:26:22.017587,A6B7EC,ASA336,33.000137,-117.312684,,,136,,3513,-28.0,608,0.8
2026-07-30T22:26:22.017587,ADD949,N9914L,33.085886,-117.126702,,,172,,0233,-31.1,787,0.4
2026-07-30T22:26:22.017587,0D0377,VIV518,33.086975,-116.53363,,,294,,3260,-32.0,444,2.3
2026-07-30T22:26:22.017587,AC36EF,SWA365,32.916412,-117.465985,,,309,,4713,-34.4,255,1.2
2026-07-30T22:26:22.017587,0C20DD,CMP850,32.674759,-117.059985,,,90,,1060,-49.5,82,2.1
2026-07-30T22:26:27.054781,A6B7EC,ASA336,32.995239,-117.307178,,,136,,3513,-26.5,647,0.8
2026-07-30T22:26:27.054781,ADD949,N9914L,33.083465,-117.126365,,,172,,0233,-29.1,820,0.1
2026-07-30T22:26:27.054781,0D0377,VIV518,33.086975,-116.53363,,,294,,3260,-32.0,444,7.4
2026-07-30T22:26:27.054781,AC36EF,SWA365,32.916412,-117.465985,,,309,,4713,-49.5,257,6.3
2026-07-30T22:26:27.054781,0C20DD,CMP850,32.674643,-117.04806,,,90,,1060,-33.7,87,0.3
2026-07-30T22:26:32.120774,A6B7EC,ASA336,32.991385,-117.302819,,,136,,3513,-49.5,733,1.9
2026-07-30T22:26:32.120774,ADD949,N9914L,33.081184,-117.126029,,,172,,0233,-49.5,865,0.1
2026-07-30T22:26:32.120774,0D0377,VIV518,33.095444,-116.556207,,,294,,3260,-33.1,451,1.8
2026-07-30T22:26:32.120774,AC36EF,SWA365,32.922999,-117.475349,,,309,,4713,-49.5,261,4.8
2026-07-30T22:26:32.120774,0C20DD,CMP850,32.67455,-117.038755,,,90,,1060,-33.9,119,0.0
2026-07-30T22:26:37.207426,A6B7EC,ASA336,32.985718,-117.296466,,,136,,3513,-49.5,781,1.0
2026-07-30T22:26:37.207426,ADD949,N9914L,33.078918,-117.125684,,,173,,0233,-24.6,907,0.0
2026-07-30T22:26:37.207426,0D0377,VIV518,33.100342,-116.569226,,,293,,3260,-49.5,465,0.6
2026-07-30T22:26:37.207426,AC36EF,SWA365,32.928452,-117.483124,,,310,,4713,-31.8,268,4.6
2026-07-30T22:26:37.207426,0C20DD,CMP850,32.674504,-117.031132,,,90,,1060,-30.6,144,0.7
2026-07-30T22:26:42.249924,A6B7EC,ASA336,32.980225,-117.290259,,,136,,3513,-49.5,825,0.1
2026-07-30T22:26:42.249924,ADD949,N9914L,33.076762,-117.125468,,,175,,0233,-49.5,946,0.3
2026-07-30T22:26:42.249924,0D0377,VIV518,33.100342,-116.569226,,,293,,3260,-33.9,467,5.7
2026-07-30T22:26:42.249924,AC36EF,SWA365,32.938362,-117.497098,,,309,,4713,-31.6,276,0.3
2026-07-30T22:26:42.249924,0C20DD,CMP850,32.674411,-117.021491,,,90,,1060,-28.5,183,0.4
2026-07-30T22:26:47.329007,A6B7EC,ASA336,32.975555,-117.284985,,,136,,3513,-31.0,879,0.2
2026-07-30T22:26:47.329007,ADD949,N9914L,33.074432,-117.125409,,,182,,0233,-49.5,986,0.0
2026-07-30T22:26:47.329007,0D0377,VIV518,33.106508,-116.585737,,,293,,3260,-34.2,479,2.9
2026-07-30T22:26:47.329007,AC36EF,SWA365,32.939804,-117.499164,,,309,,4713,-49.5,281,3.9
2026-07-30T22:26:47.329007,0C20DD,CMP850,32.674317,-117.01213,,,90,,1060,-29.4,235,0.3
2026-07-30T22:26:52.383190,A6B7EC,ASA336,32.970809,-117.279669,,,136,,3513,-29.9,939,0.3
2026-07-30T22:26:52.383190,ADD949,N9914L,33.072339,-117.12558,,,186,,0233,-21.2,1039,0.4
2026-07-30T22:26:52.383190,0D0377,VIV518,33.106508,-116.585737,,,293,,3260,-32.6,480,8.0
2026-07-30T22:26:52.383190,AC36EF,SWA365,32.949208,-117.512456,,,310,,4713,-49.5,290,0.3
2026-07-30T22:26:52.383190,0C20DD,CMP850,32.674271,-117.010336,,,90,,1060,-34.6,247,4.4
2026-07-30T22:26:57.432287,A6B7EC,ASA336,32.966812,-117.275153,,,136,,3513,-33.8,1007,1.0
2026-07-30T22:26:57.432287,ADD949,N9914L,33.070404,-117.125958,,,190,,0233,-30.5,1079,0.9
2026-07-30T22:26:57.432287,0D0377,VIV518,33.11526,-116.609391,,,293,,3260,-49.5,497,1.7
2026-07-30T22:26:57.432287,AC36EF,SWA365,32.952327,-117.516884,,,309,,4713,-32.7,320,2.4
2026-07-30T22:26:57.432287,0C20DD,CMP850,32.674271,-117.010336,,,90,,1060,-34.6,247,9.4
2026-07-30T22:27:02.482873,A6B7EC,ASA336,32.961548,-117.26922,,,136,,3513,-49.5,1062,0.4
2026-07-30T22:27:02.482873,ADD949,N9914L,33.068298,-117.126343,,,186,,0233,-49.5,1137,1.1
2026-07-30T22:27:02.482873,0D0377,VIV518,33.11526,-116.609391,,,293,,3260,-35.3,499,6.7
2026-07-30T22:27:02.482873,AC36EF,SWA365,32.957169,-117.523779,,,309,,4713,-32.0,324,2.9
2026-07-30T22:27:02.482873,0C20DD,CMP850,32.674271,-117.010336,,,90,,1060,-34.6,247,14.5
2026-07-30T22:27:07.536201,A6B7EC,ASA336,32.957703,-117.26488,,,136,,3513,-26.9,1084,1.3
2026-07-30T22:27:07.536201,ADD949,N9914L,33.065822,-117.126645,,,184,,0233,-49.5,1182,0.4
2026-07-30T22:27:07.536201,0D0377,VIV518,33.11526,-116.609391,,,293,,3260,-49.5,501,11.8
2026-07-30T22:27:07.536201,AC36EF,SWA365,32.957169,-117.523779,,,309,,4713,-49.5,333,8.0
2026-07-30T22:27:07.536201,0C20DD,CMP850,32.673992,-116.974126,,,90,,1060,-32.7,255,0.0
2026-07-30T22:27:12.615143,A6B7EC,ASA336,32.951981,-117.258453,,,136,,3513,-27.7,1151,0.3
2026-07-30T22:27:12.615143,ADD949,N9914L,33.063538,-117.126782,,,181,,0233,-12.1,1251,0.1
2026-07-30T22:27:12.615143,0D0377,VIV518,33.11526,-116.609391,,,293,,3260,-49.5,501,16.9
2026-07-30T22:27:12.615143,AC36EF,SWA365,32.957169,-117.523779,,,309,,4713,-34.8,335,13.1
2026-07-30T22:27:12.615143,0C20DD,CMP850,32.673898,-116.964709,,,90,,1060,-49.5,289,0.1
2026-07-30T22:27:17.693918,A6B7EC,ASA336,32.947678,-117.253564,,,136,,3513,-49.5,1206,0.7
2026-07-30T22:27:17.693918,ADD949,N9914L,33.061539,-117.12687,,,183,,0233,-11.9,1304,0.5
2026-07-30T22:27:17.693918,0D0377,VIV518,33.11526,-116.609391,,,293,,3260,-49.5,501,22.0
2026-07-30T22:27:17.693918,AC36EF,SWA365,32.957169,-117.523779,,,309,,4713,-34.8,335,18.2
2026-07-30T22:27:17.693918,0C20DD,CMP850,32.673805,-116.955404,,,90,,1060,-49.5,334,0.3
2026-07-30T22:27:22.773325,A6B7EC,ASA336,32.944107,-117.249554,,,136,,3513,-31.1,1239,1.8
2026-07-30T22:27:22.773325,ADD949,N9914L,33.059235,-117.127002,,,181,,0233,-10.1,1368,0.2
2026-07-30T22:27:22.773325,0D0377,VIV518,33.133438,-116.66662,,,293,,3260,-49.5,502,0.1
2026-07-30T22:27:22.773325,AC36EF,SWA365,32.957169,-117.523779,,,309,,4713,-34.8,335,23.2
2026-07-30T22:27:22.773325,0C20DD,CMP850,32.673805,-116.955404,,,90,,1060,-49.5,334,5.3
2026-07-30T22:27:27.823581,A6B7EC,ASA336,32.938156,-117.242853,,,136,,3513,-49.5,1270,0.5
2026-07-30T22:27:27.823581,ADD949,N9914L,33.057116,-117.127038,,,180,,0233,-49.5,1430,0.4
2026-07-30T22:27:27.823581,0D0377,VIV518,33.135818,-116.678046,,,282,,3260,-49.5,526,0.0
2026-07-30T22:27:27.823581,AC36EF,SWA365,32.982679,-117.560045,,,309,,4713,-49.5,338,4.7
2026-07-30T22:27:27.823581,0C20DD,CMP850,32.673805,-116.955404,,,90,,1060,-32.6,336,10.4
2026-07-30T22:27:32.911972,A6B7EC,ASA336,32.933986,-117.23819,,,136,,3513,-30.8,1324,1.0
2026-07-30T22:27:32.911972,ADD949,N9914L,33.054794,-117.127002,,,180,,0233,-49.5,1481,0.2
2026-07-30T22:27:32.911972,0D0377,VIV518,33.13765,-116.688922,,,280,,3260,-49.5,581,0.2
2026-07-30T22:27:32.911972,AC36EF,SWA365,32.982679,-117.560045,,,309,,4713,-49.5,338,9.8
2026-07-30T22:27:32.911972,0C20DD,CMP850,32.673569,-116.932159,,,90,,1060,-34.4,339,3.3
2026-07-30T22:27:37.955704,A6B7EC,ASA336,32.928586,-117.232137,,,136,,3513,-28.3,1368,0.2
2026-07-30T22:27:37.955704,ADD949,N9914L,33.052647,-117.127038,,,180,,0233,-13.1,1544,0.4
2026-07-30T22:27:37.955704,0D0377,VIV518,33.139188,-116.699468,,,279,,3260,-30.7,647,0.4
2026-07-30T22:27:37.955704,AC36EF,SWA365,32.982679,-117.560045,,,309,,4713,-49.5,338,14.8
2026-07-30T22:27:37.955704,0C20DD,CMP850,32.673569,-116.932159,,,90,,1060,-34.4,339,8.3
2026-07-30T22:27:43.007418,A6B7EC,ASA336,32.923874,-117.226868,,,136,,3513,-49.5,1405,0.1
2026-07-30T22:27:43.007418,ADD949,N9914L,33.050413,-117.127038,,,181,,0233,-49.5,1594,0.5
2026-07-30T22:27:43.007418,0D0377,VIV518,33.140724,-116.710342,,,279,,3260,-49.5,697,0.6
2026-07-30T22:27:43.007418,AC36EF,SWA365,32.982679,-117.560045,,,309,,4713,-34.8,339,19.9
2026-07-30T22:27:43.007418,0C20DD,CMP850,32.673569,-116.932159,,,90,,1060,-34.4,339,13.4
2026-07-30T22:27:48.058685,A6B7EC,ASA336,32.920074,-117.222638,,,136,,3513,-29.6,1476,1.1
2026-07-30T22:27:48.058685,ADD949,N9914L,33.048225,-117.127206,,,183,,0233,-49.5,1657,0.5
2026-07-30T22:27:48.058685,0D0377,VIV518,33.140724,-116.710342,,,279,,3260,-33.4,699,5.7
2026-07-30T22:27:48.058685,AC36EF,SWA365,32.982679,-117.560045,,,309,,4713,-34.8,339,25.0
2026-07-30T22:27:48.058685,0C20DD,CMP850,32.673569,-116.932159,,,90,,1060,-34.4,339,18.4
2026-07-30T22:27:48.058685,A05DDC,UAL1863,33.162735,-117.510535,,,138,,3601,-49.5,42,1.0
2026-07-30T22:27:53.137957,A6B7EC,ASA336,32.914581,-117.216486,,,136,,3513,-33.6,1507,0.2
2026-07-30T22:27:53.137957,ADD949,N9914L,33.045914,-117.127441,,,186,,0233,-7.0,1724,0.3
2026-07-30T22:27:53.137957,0D0377,VIV518,33.140724,-116.710342,,,279,,3260,-33.4,699,10.7
2026-07-30T22:27:53.137957,AC36EF,SWA365,32.982679,-117.560045,,,309,,4713,-34.8,339,30.0
2026-07-30T22:27:53.137957,0C20DD,CMP850,32.673569,-116.932159,,,90,,1060,-32.8,340,23.5
2026-07-30T22:27:53.137957,A05DDC,UAL1863,33.156412,-117.50388,,,138,,3601,-49.5,65,0.7
2026-07-30T22:27:58.190761,A6B7EC,ASA336,32.910553,-117.211926,,,136,,3513,-49.5,1581,0.7
2026-07-30T22:27:58.190761,ADD949,N9914L,33.043716,-117.127771,,,187,,0233,-9.5,1791,0.0
2026-07-30T22:27:58.190761,0D0377,VIV518,33.140724,-116.710342,,,279,,3260,-33.4,699,15.8
2026-07-30T22:27:58.190761,AC36EF,SWA365,32.982679,-117.560045,,,309,,4713,-33.2,340,35.1
2026-07-30T22:27:58.190761,0C20DD,CMP850,32.673569,-116.932159,,,90,,1060,-49.5,342,28.5
2026-07-30T22:27:58.190761,A05DDC,UAL1863,33.151703,-117.498944,,,138,,3601,-49.5,85,1.9
2026-07-30T22:28:03.241287,A6B7EC,ASA336,32.905426,-117.206158,,,136,,3513,-49.5,1621,0.2
2026-07-30T22:28:03.241287,ADD949,N9914L,33.041521,-117.128103,,,188,,0233,-49.5,1837,0.0
2026-07-30T22:28:03.241287,0D0377,VIV518,33.147171,-116.754126,,,280,,3260,-33.7,711,0.9
2026-07-30T22:28:03.241287,AC36EF,SWA365,33.026485,-117.622375,,,309,,4713,-49.5,349,0.6
2026-07-30T22:28:03.241287,0C20DD,CMP850,32.673569,-116.932159,,,90,,1060,-49.5,342,33.6
2026-07-30T22:28:03.241287,A05DDC,UAL1863,33.146759,-117.493726,,,138,,3601,-34.5,87,2.9
2026-07-30T22:28:08.294031,A6B7EC,ASA336,32.901865,-117.202204,,,136,,3513,-33.0,1667,1.3
2026-07-30T22:28:08.294031,ADD949,N9914L,33.039427,-117.128495,,,189,,0233,-8.8,1895,0.1
2026-07-30T22:28:08.294031,0D0377,VIV518,33.148871,-116.765218,,,280,,3260,-33.6,715,0.9
2026-07-30T22:28:08.294031,AC36EF,SWA365,33.026485,-117.622375,,,309,,4713,-49.5,350,5.6
2026-07-30T22:28:08.294031,0C20DD,CMP850,32.673569,-116.932159,,,90,,1060,-35.8,343,38.6
2026-07-30T22:28:08.294031,A05DDC,UAL1863,33.146759,-117.493726,,,138,,3601,-34.5,87,7.9
2026-07-30T22:28:08.294031,A6AA6E,,32.65979,-117.180835,,,105,,,-49.5,17,1.9
2026-07-30T22:28:13.329820,A6B7EC,ASA336,32.896729,-117.196436,,,136,,3513,-49.5,1714,0.8
2026-07-30T22:28:13.329820,ADD949,N9914L,33.037239,-117.128888,,,187,,0233,-49.5,1945,0.1
2026-07-30T22:28:13.329820,0D0377,VIV518,33.150826,-116.778166,,,280,,3260,-28.7,740,0.2
2026-07-30T22:28:13.329820,AC36EF,SWA365,33.026485,-117.622375,,,309,,4713,-36.0,351,10.7
2026-07-30T22:28:13.329820,0C20DD,CMP850,32.673569,-116.932159,,,90,,1060,-35.8,343,43.7
2026-07-30T22:28:13.329820,A05DDC,UAL1863,33.130737,-117.4784,,,144,,3601,-33.6,103,0.2
2026-07-30T22:28:13.329820,A6AA6E,,32.658397,-117.174066,,,102,,,-49.5,26,2.9
2026-07-30T22:28:18.403833,A6B7EC,ASA336,32.891556,-117.190668,,,136,,3513,-49.5,1746,0.0
2026-07-30T22:28:18.403833,ADD949,N9914L,33.035144,-117.129168,,,185,,0233,-49.5,2005,0.4
2026-07-30T22:28:18.403833,0D0377,VIV518,33.152502,-116.78932,,,279,,3260,-27.8,808,0.0
2026-07-30T22:28:18.403833,AC36EF,SWA365,33.026485,-117.622375,,,309,,4713,-36.0,351,15.8
2026-07-30T22:28:18.403833,0C20DD,CMP850,32.673569,-116.932159,,,90,,1060,-35.8,343,48.8
2026-07-30T22:28:18.403833,A05DDC,UAL1863,33.130737,-117.4784,,,144,,3601,-49.5,113,5.3
2026-07-30T22:28:18.403833,A6AA6E,ASA707,32.657047,-117.161903,,,94,,,-33.4,47,1.1
2026-07-30T22:28:23.447871,A6B7EC,ASA336,32.88762,-117.186286,,,136,,3513,-31.7,1788,0.8
2026-07-30T22:28:23.447871,ADD949,N9914L,33.032956,-117.129392,,,184,,0233,-49.5,2065,0.4
2026-07-30T22:28:23.447871,0D0377,VIV518,33.153763,-116.797742,,,279,,3260,-49.5,850,1.3
2026-07-30T22:28:23.447871,AC36EF,SWA365,33.026485,-117.622375,,,309,,4713,-36.0,351,20.8
2026-07-30T22:28:23.447871,0C20DD,CMP850,32.673569,-116.932159,,,90,,1060,-35.8,343,53.8
2026-07-30T22:28:23.447871,A05DDC,UAL1863,33.130737,-117.4784,,,144,,3601,-49.5,114,10.3
2026-07-30T22:28:23.447871,A6AA6E,ASA707,32.656814,-117.15725,,,92,,,-34.1,63,3.5
2026-07-30T22:28:28.498495,A6B7EC,ASA336,32.88762,-117.186286,,,136,,3513,-31.0,1792,5.9
2026-07-30T22:28:28.498495,ADD949,N9914L,33.030533,-117.129584,,,183,,0233,-49.5,2114,0.0
2026-07-30T22:28:28.498495,0D0377,VIV518,33.154266,-116.801202,,,279,,3260,-34.3,863,4.7
2026-07-30T22:28:28.498495,AC36EF,SWA365,33.026485,-117.622375,,,309,,4713,-36.0,351,25.9
2026-07-30T22:28:28.498495,0C20DD,CMP850,32.673569,-116.932159,,,90,,1060,-35.8,343,58.9
2026-07-30T22:28:28.498495,A05DDC,UAL1863,33.113864,-117.464363,,,144,,3601,-31.8,132,2.4
2026-07-30T22:28:28.498495,A6AA6E,ASA707,32.656814,-117.15725,,,92,,,-34.1,63,8.6
2026-07-30T22:28:33.589888,A6B7EC,ASA336,32.88762,-117.186286,,,136,,3513,-28.3,1808,11.0
2026-07-30T22:28:33.589888,ADD949,N9914L,33.02844,-117.129672,,,181,,0233,-49.5,2173,0.2
2026-07-30T22:28:33.589888,0D0377,VIV518,33.156692,-116.817907,,,279,,3260,-49.5,866,2.2
2026-07-30T22:28:33.589888,AC36EF,SWA365,33.026485,-117.622375,,,309,,4713,-36.0,351,31.0
2026-07-30T22:28:33.589888,0C20DD,CMP850,32.673569,-116.932159,,,90,,1060,-35.8,343,63.9
2026-07-30T22:28:33.589888,A05DDC,UAL1863,33.113864,-117.464363,,,144,,3601,-49.5,138,7.5
2026-07-30T22:28:33.589888,A6AA6E,ASA707,32.657181,-117.135022,,,87,,,-49.5,65,1.5
2026-07-30T22:28:38.630496,A6B7EC,ASA336,32.874213,-117.171151,,,136,,3513,-28.3,1864,1.0
2026-07-30T22:28:38.630496,ADD949,N9914L,33.026367,-117.129694,,,180,,0233,-49.5,2230,0.3
2026-07-30T22:28:38.630496,0D0377,VIV518,33.158844,-116.832623,,,279,,3260,-49.5,886,0.4
2026-07-30T22:28:38.630496,AC36EF,SWA365,33.026485,-117.622375,,,309,,4713,-36.0,351,36.0
2026-07-30T22:28:38.630496,0C20DD,CMP850,32.671664,-116.797616,,,90,,1060,-33.5,344,0.0
2026-07-30T22:28:38.630496,A05DDC,UAL1863,33.098362,-117.451359,,,144,,3601,-49.5,141,0.6
2026-07-30T22:28:38.630496,A6AA6E,ASA707,32.657593,-117.123981,,,87,,7237,-49.5,78,0.7
2026-07-30T22:28:43.689154,A6B7EC,ASA336,32.869604,-117.165938,,,136,,3513,-49.5,1918,0.9
2026-07-30T22:28:43.689154,ADD949,N9914L,33.02417,-117.129749,,,180,,0233,-7.1,2280,0.3
2026-07-30T22:28:43.689154,0D0377,VIV518,33.160492,-116.844104,,,279,,3260,-49.5,894,0.2
2026-07-30T22:28:43.689154,AC36EF,SWA365,33.026485,-117.622375,,,309,,4713,-36.0,351,41.1
2026-07-30T22:28:43.689154,0C20DD,CMP850,32.671664,-116.797616,,,90,,1060,-31.8,352,5.1
2026-07-30T22:28:43.689154,A05DDC,UAL1863,33.096954,-117.450165,,,144,,3601,-34.0,167,4.5
2026-07-30T22:28:43.689154,A6AA6E,ASA707,32.657593,-117.123981,,,87,,7237,-35.0,79,5.8
2026-07-30T22:28:48.733796,A6B7EC,ASA336,32.867882,-117.164033,,,136,,3513,-34.3,1935,4.1
2026-07-30T22:28:48.733796,ADD949,N9914L,33.022016,-117.129784,,,180,,0233,-8.3,2355,0.1
2026-07-30T22:28:48.733796,0D0377,VIV518,33.162138,-116.855519,,,279,,3260,-49.5,950,0.0
2026-07-30T22:28:48.733796,AC36EF,SWA365,33.026485,-117.622375,,,309,,4713,-36.0,351,46.1
2026-07-30T22:28:48.733796,0C20DD,CMP850,32.671664,-116.797616,,,90,,1060,-49.5,354,10.1
2026-07-30T22:28:48.733796,A05DDC,UAL1863,33.096954,-117.450165,,,144,,3601,-32.2,168,9.6
2026-07-30T22:28:48.733796,A6AA6E,ASA707,32.658279,-117.103876,,,87,,7237,-28.8,104,0.3
2026-07-30T22:28:53.806323,A6B7EC,ASA336,32.860657,-117.155841,,,136,,3513,-30.4,1979,1.0
2026-07-30T22:28:53.806323,ADD949,N9914L,33.019968,-117.129784,,,180,,0233,-49.5,2413,0.4
2026-07-30T22:28:53.806323,0D0377,VIV518,33.163559,-116.865363,,,279,,3260,-27.6,1020,0.5
2026-07-30T22:28:53.806323,AC36EF,SWA365,33.026485,-117.622375,,,309,,4713,-36.0,351,51.2
2026-07-30T22:28:53.806323,0C20DD,CMP850,32.671338,-116.773962,,,90,,1060,-33.3,356,3.2
2026-07-30T22:28:53.806323,A05DDC,UAL1863,33.096954,-117.450165,,,144,,3601,-32.2,168,14.6
2026-07-30T22:28:53.806323,A6AA6E,ASA707,32.658417,-117.099646,,,87,,7237,-34.0,115,3.2
2026-07-30T22:28:58.878432,A6B7EC,ASA336,32.856011,-117.150636,,,136,,3513,-49.5,2033,0.9
2026-07-30T22:28:58.878432,ADD949,N9914L,33.017715,-117.129803,,,181,,0233,-49.5,2465,0.2
2026-07-30T22:28:58.878432,0D0377,VIV518,33.164886,-116.874701,,,279,,3260,-49.5,1054,1.3
2026-07-30T22:28:58.878432,AC36EF,SWA365,33.026485,-117.622375,,,309,,4713,-36.0,351,56.3
2026-07-30T22:28:58.878432,0C20DD,CMP850,32.671338,-116.773962,,,90,,1060,-33.3,356,8.3
2026-07-30T22:28:58.878432,A05DDC,UAL1863,33.07178,-117.429106,,,144,,3601,-49.5,178,0.1
2026-07-30T22:28:58.878432,A6AA6E,ASA707,32.658862,-117.085671,,,87,,7237,-34.6,123,1.1
2026-07-30T22:29:03.941823,A6B7EC,ASA336,32.850861,-117.144855,,,136,,3513,-49.5,2074,0.0
2026-07-30T22:29:03.941823,ADD949,N9914L,33.015518,-117.129858,,,183,,0233,-8.8,2515,0.0
2026-07-30T22:29:03.941823,0D0377,VIV518,33.166809,-116.88761,,,279,,3260,-49.5,1058,0.4
2026-07-30T22:29:03.941823,AC36EF,SWA365,33.026485,-117.622375,,,309,,4713,-36.0,351,61.3
2026-07-30T22:29:03.941823,0C20DD,CMP850,32.671338,-116.773962,,,90,,1060,-33.3,356,13.3
2026-07-30T22:29:03.941823,A05DDC,UAL1863,33.065542,-117.423893,,,144,,3601,-30.7,216,0.2
2026-07-30T22:29:03.941823,A6AA6E,ASA707,32.659095,-117.07418,,,88,,7237,-31.5,132,0.3
2026-07-30T22:29:08.985834,A6B7EC,ASA336,32.846654,-117.14021,,,136,,3513,-49.5,2142,0.5
2026-07-30T22:29:08.985834,ADD949,N9914L,33.013357,-117.130065,,,183,,0233,-10.7,2568,0.0
2026-07-30T22:29:08.985834,0D0377,VIV518,33.168376,-116.898511,,,280,,3260,-19.3,1124,0.4
2026-07-30T22:29:08.985834,AC36EF,SWA365,33.026485,-117.622375,,,309,,4713,-36.0,351,66.4
2026-07-30T22:29:08.985834,0C20DD,CMP850,32.671338,-116.773962,,,90,,1060,-33.3,356,18.4
2026-07-30T22:29:08.985834,A05DDC,UAL1863,33.062889,-117.421651,,,144,,3601,-49.5,229,3.3
2026-07-30T22:29:08.985834,A6AA6E,ASA707,32.659241,-117.066083,,,88,,7237,-31.9,148,1.4
2026-07-30T22:29:14.074244,A6B7EC,ASA336,32.842185,-117.135222,,,136,,3513,-49.5,2210,0.5
2026-07-30T22:29:14.074244,ADD949,N9914L,33.011309,-117.130233,,,184,,0233,-8.2,2615,0.3
2026-07-30T22:29:14.074244,0D0377,VIV518,33.170105,-116.910187,,,280,,3260,-49.5,1206,0.0
2026-07-30T22:29:14.074244,0C20DD,CMP850,32.671338,-116.773962,,,90,,1060,-49.5,357,23.5
2026-07-30T22:29:14.074244,A05DDC,UAL1863,33.058187,-117.417727,,,144,,3601,-49.5,234,4.6
2026-07-30T22:29:14.074244,A6AA6E,ASA707,32.659374,-117.057813,,,88,,7237,-49.5,150,2.3
2026-07-30T22:29:19.128704,A6B7EC,ASA336,32.837949,-117.130513,,,136,,3513,-29.0,2244,0.8
2026-07-30T22:29:19.128704,ADD949,N9914L,33.009155,-117.130408,,,184,,0233,-8.0,2659,0.3
2026-07-30T22:29:19.128704,0D0377,VIV518,33.171682,-116.920596,,,279,,3260,-49.5,1273,0.2
2026-07-30T22:29:19.128704,0C20DD,CMP850,32.671338,-116.773962,,,90,,1060,-49.5,357,28.5
2026-07-30T22:29:19.128704,A05DDC,UAL1863,33.046875,-117.408366,,,145,,3601,-49.5,242,0.7
2026-07-30T22:29:19.128704,A6AA6E,ASA707,32.659607,-117.043726,,,88,,7237,-31.7,163,0.5
2026-07-30T22:29:24.177689,A6B7EC,ASA336,32.833666,-117.125693,,,136,,3513,-49.5,2273,1.0
2026-07-30T22:29:24.177689,ADD949,N9914L,33.007119,-117.130569,,,183,,0233,-49.5,2701,0.4
2026-07-30T22:29:24.177689,0D0377,VIV518,33.173126,-116.930511,,,279,,3260,-30.1,1352,0.6
2026-07-30T22:29:24.177689,0C20DD,CMP850,32.671338,-116.773962,,,91,,1060,-49.5,358,33.6
2026-07-30T22:29:24.177689,A05DDC,UAL1863,33.042965,-117.405059,,,145,,3601,-32.3,255,2.7
2026-07-30T22:29:24.177689,A6AA6E,ASA707,32.65984,-117.03343,,,88,,7237,-49.5,190,0.6
2026-07-30T22:29:29.241885,A6B7EC,ASA336,32.829104,-117.120648,,,136,,3513,-30.7,2327,0.9
2026-07-30T22:29:29.241885,ADD949,N9914L,33.00499,-117.130737,,,183,,0233,-6.2,2748,0.4
2026-07-30T22:29:29.241885,0D0377,VIV518,33.173126,-116.930511,,,279,,3260,-49.5,1357,5.7
2026-07-30T22:29:29.241885,0C20DD,CMP850,32.671338,-116.773962,,,91,,1060,-49.5,358,38.6
2026-07-30T22:29:29.241885,A05DDC,UAL1863,33.042965,-117.405059,,,144,,3601,-31.1,256,7.7
2026-07-30T22:29:29.241885,A6AA6E,ASA707,32.660019,-117.021918,,,88,,7237,-49.5,229,0.1
2026-07-30T22:29:34.281157,A6B7EC,ASA336,32.82399,-117.114972,,,136,,3513,-32.8,2339,0.1
2026-07-30T22:29:34.281157,ADD949,N9914L,33.002838,-117.130902,,,182,,0233,-49.5,2801,0.3
2026-07-30T22:29:34.281157,0D0377,VIV518,33.176285,-116.951825,,,279,,3260,-49.5,1369,0.7
2026-07-30T22:29:34.281157,0C20DD,CMP850,32.671338,-116.773962,,,91,,1060,-49.5,358,43.7
2026-07-30T22:29:34.281157,A05DDC,UAL1863,33.027512,-117.392102,,,144,,3601,-28.4,292,0.6
2026-07-30T22:29:34.281157,A6AA6E,ASA707,32.660166,-117.011681,,,89,,7237,-27.5,287,0.3
2026-07-30T22:29:39.360128,A6B7EC,ASA336,32.81956,-117.109998,,,136,,3513,-49.5,2374,0.0
2026-07-30T22:29:39.360128,ADD949,N9914L,33.000916,-117.130957,,,181,,0233,-49.5,2854,0.6
2026-07-30T22:29:39.360128,0D0377,VIV518,33.17792,-116.962579,,,280,,3260,-49.5,1422,0.8
2026-07-30T22:29:39.360128,0C20DD,CMP850,32.671338,-116.773962,,,91,,1060,-49.5,358,48.8
2026-07-30T22:29:39.360128,A05DDC,UAL1863,33.020666,-117.386338,,,144,,3601,-29.4,340,0.2
2026-07-30T22:29:39.360128,A6AA6E,ASA707,32.660259,-117.000863,,,89,,7237,-32.6,327,0.2
2026-07-30T22:29:44.411894,A6B7EC,ASA336,32.817856,-117.108105,,,136,,3513,-49.5,2402,3.1
2026-07-30T22:29:44.411894,ADD949,N9914L,32.998718,-117.131067,,,181,,0233,-8.9,2899,0.5
2026-07-30T22:29:44.411894,0D0377,VIV518,33.178848,-116.968854,,,280,,3260,-29.2,1456,2.8
2026-07-30T22:29:44.411894,0C20DD,CMP850,32.671338,-116.773962,,,91,,1060,-49.5,358,53.8
2026-07-30T22:29:44.411894,A05DDC,UAL1863,33.016434,-117.382764,,,144,,3601,-49.5,369,1.7
2026-07-30T22:29:44.411894,A6AA6E,ASA707,32.660294,-116.998737,,,89,,7237,-31.1,332,4.2
2026-07-30T22:29:49.463764,A6B7EC,ASA336,32.81146,-117.100917,,,136,,3513,-35.5,2403,0.6
2026-07-30T22:29:49.463764,ADD949,N9914L,32.996521,-117.131177,,,181,,0233,-49.5,2962,0.4
2026-07-30T22:29:49.463764,0D0377,VIV518,33.181274,-116.985168,,,279,,3260,-49.5,1525,0.2
2026-07-30T22:29:49.463764,0C20DD,CMP850,32.671338,-116.773962,,,91,,1060,-49.5,358,58.9
2026-07-30T22:29:49.463764,A05DDC,UAL1863,33.016434,-117.382764,,,144,,3601,-49.5,370,6.8
2026-07-30T22:29:49.463764,A6AA6E,ASA707,32.660568,-116.979071,,,89,,7237,-49.5,333,0.0
2026-07-30T22:29:54.542626,A6B7EC,ASA336,32.808929,-117.098108,,,136,,3513,-49.5,2405,2.7
2026-07-30T22:29:54.542626,ADD949,N9914L,32.994364,-117.131242,,,181,,0233,-7.3,3024,0.4
2026-07-30T22:29:54.542626,0D0377,VIV518,33.182808,-116.99565,,,279,,3260,-21.8,1600,0.3
2026-07-30T22:29:54.542626,0C20DD,CMP850,32.671338,-116.773962,,,91,,1060,-49.5,358,63.9
2026-07-30T22:29:54.542626,A05DDC,UAL1863,33.001766,-117.370475,,,144,,3601,-30.1,379,0.2
2026-07-30T22:29:54.542626,A6AA6E,ASA707,32.660706,-116.968524,,,88,,7237,-30.7,359,0.1
2026-07-30T22:29:59.595200,A6B7EC,ASA336,32.808929,-117.098108,,,136,,3513,-49.5,2405,7.8
2026-07-30T22:29:59.595200,ADD949,N9914L,32.992083,-117.131298,,,180,,0233,-49.5,3090,0.0
2026-07-30T22:29:59.595200,0D0377,VIV518,33.184297,-117.00602,,,279,,3260,-23.7,1636,0.5
2026-07-30T22:29:59.595200,0C20DD,CMP850,32.671338,-116.773962,,,91,,1060,-49.5,358,69.0
2026-07-30T22:29:59.595200,A05DDC,UAL1863,32.998032,-117.367328,,,144,,3601,-29.3,404,2.3
2026-07-30T22:29:59.595200,A6AA6E,ASA707,32.660864,-116.958207,,,88,,7237,-27.9,404,0.3
2026-07-30T22:30:04.676391,A6B7EC,ASA336,32.808929,-117.098108,,,136,,3513,-49.5,2405,12.8
2026-07-30T22:30:04.676391,ADD949,N9914L,32.990035,-117.131298,,,180,,0233,-49.5,3161,0.3
2026-07-30T22:30:04.676391,0D0377,VIV518,33.185554,-117.014932,,,279,,3260,-27.5,1680,1.4
2026-07-30T22:30:04.676391,0C20DD,CMP850,32.671338,-116.773962,,,91,,1060,-49.5,358,74.1
2026-07-30T22:30:04.676391,A05DDC,UAL1863,32.990361,-117.360946,,,144,,3601,-49.5,434,1.3
2026-07-30T22:30:04.676391,A6AA6E,ASA707,32.661004,-116.949351,,,89,,7237,-34.2,435,1.2
2026-07-30T22:30:09.725432,A6B7EC,ASA336,32.808929,-117.098108,,,136,,3513,-49.5,2405,17.9
2026-07-30T22:30:09.725432,ADD949,N9914L,32.987869,-117.131287,,,180,,0233,-49.5,3226,0.2
2026-07-30T22:30:09.725432,0D0377,VIV518,33.1875,-117.02829,,,279,,3260,-49.5,1718,0.0
2026-07-30T22:30:09.725432,0C20DD,CMP850,32.671338,-116.773962,,,91,,1060,-49.5,358,79.2
2026-07-30T22:30:09.725432,A05DDC,UAL1863,32.982959,-117.35478,,,144,,3601,-49.5,473,0.3
2026-07-30T22:30:09.725432,A6AA6E,ASA707,32.661004,-116.949351,,,89,,7237,-34.2,435,6.3
2026-07-30T22:30:14.804100,A6B7EC,ASA336,32.808929,-117.098108,,,136,,3513,-49.5,2409,23.0
2026-07-30T22:30:14.804100,ADD949,N9914L,32.985659,-117.131298,,,180,,0233,-10.8,3296,0.3
2026-07-30T22:30:14.804100,0D0377,VIV518,33.188873,-117.037738,,,279,,3260,-49.5,1769,0.6
2026-07-30T22:30:14.804100,0C20DD,CMP850,32.671338,-116.773962,,,91,,1060,-49.5,358,84.2
2026-07-30T22:30:14.804100,A05DDC,UAL1863,32.976721,-117.349511,,,144,,3601,-27.8,504,0.2
2026-07-30T22:30:14.804100,A6AA6E,ASA707,32.661004,-116.949351,,,89,,7237,-33.0,436,11.4
2026-07-30T22:30:19.883007,A6B7EC,ASA336,32.786774,-117.073059,,,134,,3513,-49.5,2418,0.5
2026-07-30T22:30:19.883007,ADD949,N9914L,32.983566,-117.131287,,,180,,0233,-49.5,3357,0.4
2026-07-30T22:30:19.883007,0D0377,VIV518,33.190396,-117.047891,,,279,,3260,-49.5,1802,0.9
2026-07-30T22:30:19.883007,0C20DD,CMP850,32.671338,-116.773962,,,91,,1060,-49.5,358,89.3
2026-07-30T22:30:19.883007,A05DDC,UAL1863,32.971181,-117.344859,,,144,,3601,-29.7,528,0.7
2026-07-30T22:30:19.883007,A6AA6E,ASA707,32.661004,-116.949351,,,89,,7237,-33.0,436,16.5
2026-07-30T22:30:24.961976,A6B7EC,ASA336,32.783203,-117.068014,,,129,,3513,-49.5,2438,0.3
2026-07-30T22:30:24.961976,ADD949,N9914L,32.981369,-117.131342,,,180,,0233,-49.5,3426,0.3
2026-07-30T22:30:24.961976,0D0377,VIV518,33.192078,-117.059491,,,279,,3260,-49.5,1849,0.4
2026-07-30T22:30:24.961976,A05DDC,UAL1863,32.966665,-117.341047,,,144,,3601,-49.5,557,2.1
2026-07-30T22:30:24.961976,A6AA6E,ASA707,32.661004,-116.949351,,,89,,7237,-33.0,436,21.5
2026-07-30T22:30:30.013064,A6B7EC,ASA336,32.783203,-117.068014,,,126,,3513,-49.5,2442,5.3
2026-07-30T22:30:30.013064,ADD949,N9914L,32.979218,-117.131287,,,178,,0233,-49.5,3490,0.3
2026-07-30T22:30:30.013064,0D0377,VIV518,33.193747,-117.070873,,,279,,3260,-49.5,1906,0.0
2026-07-30T22:30:30.013064,A05DDC,UAL1863,32.960083,-117.335522,,,144,,3601,-49.5,569,1.4
2026-07-30T22:30:30.013064,A6AA6E,ASA707,32.661609,-116.893747,,,89,,7237,-49.5,441,0.7
2026-07-30T22:30:35.053640,A6B7EC,ASA336,32.783203,-117.068014,,,126,,3513,-35.2,2443,10.4
2026-07-30T22:30:35.053640,ADD949,N9914L,32.977047,-117.131186,,,177,,0233,-49.5,3545,0.2
2026-07-30T22:30:35.053640,0D0377,VIV518,33.19519,-117.080969,,,279,,3260,-49.5,1970,0.2
2026-07-30T22:30:35.053640,A05DDC,UAL1863,32.952793,-117.329388,,,144,,3601,-49.5,602,0.2
2026-07-30T22:30:35.053640,A6AA6E,ASA707,32.661758,-116.882391,,,89,,7237,-34.5,459,0.5
2026-07-30T22:30:40.120819,A6B7EC,ASA336,32.783203,-117.068014,,,111,,3513,-49.5,2450,15.5
2026-07-30T22:30:40.120819,ADD949,N9914L,32.974731,-117.131122,,,178,,0233,-16.2,3623,0.0
2026-07-30T22:30:40.120819,0D0377,VIV518,33.196472,-117.090088,,,279,,3260,-49.5,2026,0.8
2026-07-30T22:30:40.120819,A05DDC,UAL1863,32.947174,-117.324701,,,144,,3601,-31.3,631,0.3
2026-07-30T22:30:40.120819,A6AA6E,ASA707,32.661888,-116.87183,,,89,,7237,-49.5,466,0.7
2026-07-30T22:30:45.157618,A6B7EC,ASA336,32.774265,-117.045145,,,105,,3513,-49.5,2474,0.0
2026-07-30T22:30:45.157618,ADD949,N9914L,32.972534,-117.131067,,,180,,0233,-19.5,3692,0.0
2026-07-30T22:30:45.157618,0D0377,VIV518,33.198123,-117.102038,,,279,,3260,-23.7,2084,0.2
2026-07-30T22:30:45.157618,A05DDC,UAL1863,32.946183,-117.323839,,,144,,3601,-33.2,639,4.5
2026-07-30T22:30:45.157618,A6AA6E,ASA707,32.661987,-116.860968,,,89,,7237,-49.5,477,0.8
2026-07-30T22:30:50.229996,A6B7EC,ASA336,32.774265,-117.045145,,,105,,3513,-49.5,2486,5.1
2026-07-30T22:30:50.229996,ADD949,N9914L,32.97025,-117.131074,,,180,,0233,-49.5,3773,0.0
2026-07-30T22:30:50.229996,0D0377,VIV518,33.199613,-117.112856,,,279,,3260,-49.5,2125,0.0
2026-07-30T22:30:50.229996,A05DDC,UAL1863,32.935522,-117.314926,,,144,,3601,-32.2,663,0.1
2026-07-30T22:30:50.229996,A6AA6E,ASA707,32.662033,-116.858661,,,89,,7237,-34.7,479,4.8
2026-07-30T22:30:55.311228,A6B7EC,ASA336,32.774265,-117.045145,,,105,,3513,-49.5,2486,10.2
2026-07-30T22:30:55.311228,ADD949,N9914L,32.968094,-117.131012,,,178,,0233,-20.3,3867,0.2
2026-07-30T22:30:55.311228,0D0377,VIV518,33.201004,-117.122882,,,279,,3260,-30.8,2148,0.3
2026-07-30T22:30:55.311228,A05DDC,UAL1863,32.931658,-117.311675,,,144,,3601,-31.5,696,1.7
2026-07-30T22:30:55.311228,A6AA6E,ASA707,32.662033,-116.858661,,,89,,7237,-33.1,480,9.9
2026-07-30T22:31:00.388014,A6B7EC,ASA336,32.774265,-117.045145,,,105,,3513,-49.5,2486,15.3
2026-07-30T22:31:00.388014,ADD949,N9914L,32.965781,-117.130962,,,178,,0233,-49.5,3929,0.2
2026-07-30T22:31:00.388014,0D0377,VIV518,33.202469,-117.133154,,,279,,3260,-49.5,2217,0.3
2026-07-30T22:31:00.388014,A05DDC,UAL1863,32.925247,-117.306244,,,144,,3601,-28.3,732,0.8
2026-07-30T22:31:00.388014,A6AA6E,ASA707,32.662033,-116.858661,,,89,,7237,-33.1,480,15.0
2026-07-30T22:31:05.463688,A6B7EC,ASA336,32.774265,-117.045145,,,105,,3513,-49.5,2486,20.3
2026-07-30T22:31:05.463688,ADD949,N9914L,32.96347,-117.130847,,,178,,0233,-49.5,3990,0.2
2026-07-30T22:31:05.463688,0D0377,VIV518,33.203989,-117.14419,,,279,,3260,-27.3,2264,0.1
2026-07-30T22:31:05.463688,A05DDC,UAL1863,32.919205,-117.301245,,,144,,3601,-49.5,793,0.3
2026-07-30T22:31:05.463688,A6AA6E,ASA707,32.662033,-116.858661,,,89,,7237,-33.1,480,20.0
2026-07-30T22:31:10.509141,A6B7EC,ASA336,32.774265,-117.045145,,,105,,3513,-49.5,2486,25.4
2026-07-30T22:31:10.509141,ADD949,N9914L,32.961172,-117.130793,,,179,,0233,-49.5,4041,0.0
2026-07-30T22:31:10.509141,0D0377,VIV518,33.205399,-117.154138,,,279,,3260,-49.5,2329,0.2
2026-07-30T22:31:10.509141,A05DDC,UAL1863,32.915365,-117.297999,,,144,,3601,-29.3,819,1.8
2026-07-30T22:31:10.509141,A6AA6E,ASA707,32.662033,-116.858661,,,89,,7237,-33.1,480,25.1
2026-07-30T22:31:15.563659,A6B7EC,ASA336,32.774265,-117.045145,,,105,,3513,-49.5,2486,30.4
2026-07-30T22:31:15.563659,ADD949,N9914L,32.958938,-117.130793,,,179,,0233,-18.7,4115,0.4
2026-07-30T22:31:15.563659,0D0377,VIV518,33.206909,-117.16474,,,279,,3260,-29.3,2391,0.1
2026-07-30T22:31:15.563659,A05DDC,UAL1863,32.908447,-117.292236,,,144,,3601,-49.5,869,0.4
2026-07-30T22:31:15.563659,A6AA6E,ASA707,32.662033,-116.858661,,,89,,7237,-33.1,480,30.1
2026-07-30T22:31:20.612881,A6B7EC,ASA336,32.774265,-117.045145,,,105,,3513,-49.5,2486,35.5
2026-07-30T22:31:20.612881,ADD949,N9914L,32.956604,-117.130792,,,180,,0233,-16.2,4188,0.3
2026-07-30T22:31:20.612881,0D0377,VIV518,33.208365,-117.174795,,,279,,3260,-27.7,2440,0.2
2026-07-30T22:31:20.612881,A05DDC,UAL1863,32.903029,-117.287741,,,145,,3601,-29.9,931,0.3
2026-07-30T22:31:20.612881,A6AA6E,ASA707,32.662033,-116.858661,,,89,,7237,-33.8,484,35.2
2026-07-30T22:31:25.665076,A6B7EC,ASA336,32.774265,-117.045145,,,105,,3513,-49.5,2486,40.5
2026-07-30T22:31:25.665076,ADD949,N9914L,32.954224,-117.130792,,,180,,0233,-49.5,4265,0.3
2026-07-30T22:31:25.665076,0D0377,VIV518,33.209793,-117.18468,,,279,,3260,-23.0,2504,0.4
2026-07-30T22:31:25.665076,A05DDC,UAL1863,32.898141,-117.283705,,,145,,3601,-31.4,952,0.8
2026-07-30T22:31:25.665076,A6AA6E,ASA707,32.662033,-116.858661,,,89,,7237,-33.8,484,40.2
2026-07-30T22:31:30.700656,A6B7EC,ASA336,32.774265,-117.045145,,,105,,3513,-49.5,2486,45.6
2026-07-30T22:31:30.700656,ADD949,N9914L,32.951752,-117.130792,,,180,,0233,-49.5,4341,0.0
2026-07-30T22:31:30.700656,0D0377,VIV518,33.211304,-117.195007,,,279,,3260,-49.5,2550,0.3
2026-07-30T22:31:30.700656,A05DDC,UAL1863,32.89476,-117.28092,,,145,,3601,-32.9,971,2.6
2026-07-30T22:31:30.700656,A6AA6E,ASA707,32.662033,-116.858661,,,89,,7237,-33.8,484,45.3
2026-07-30T22:31:30.700656,0C217C,,33.239415,-117.747597,,,138,,,-32.7,12,0.6
2026-07-30T22:31:35.766460,A6B7EC,ASA336,32.774265,-117.045145,,,105,,3513,-49.5,2486,50.6
2026-07-30T22:31:35.766460,ADD949,N9914L,32.949581,-117.130849,,,180,,0233,-29.8,4411,0.1
2026-07-30T22:31:35.766460,0D0377,VIV518,33.212906,-117.205939,,,279,,3260,-23.8,2616,0.0
2026-07-30T22:31:35.766460,A05DDC,UAL1863,32.888306,-117.275592,,,145,,3601,-29.6,1008,1.5
2026-07-30T22:31:35.766460,A6AA6E,ASA707,32.662033,-116.858661,,,89,,7237,-33.8,484,50.3
2026-07-30T22:31:35.766460,0C217C,,33.234375,-117.742291,,,138,,,-49.5,22,1.7
2026-07-30T22:31:35.766460,0C20F5,,32.968323,-116.269519,,,300,,0144,-30.7,32,0.3
2026-07-30T22:31:40.806132,A6B7EC,ASA336,32.774265,-117.045145,,,105,,3513,-49.5,2486,55.7
2026-07-30T22:31:40.806132,ADD949,N9914L,32.947626,-117.130849,,,180,,0233,-27.3,4459,0.8
2026-07-30T22:31:40.806132,0D0377,VIV518,33.214233,-117.215222,,,279,,3260,-24.9,2683,0.4
2026-07-30T22:31:40.806132,A05DDC,UAL1863,32.882313,-117.270589,,,144,,3601,-49.5,1073,0.9
2026-07-30T22:31:40.806132,A6AA6E,ASA707,32.662033,-116.858661,,,89,,7237,-33.8,484,55.4
2026-07-30T22:31:40.806132,0C217C,,33.228289,-117.735938,,,138,,7344,-49.5,30,1.9
2026-07-30T22:31:40.806132,0C20F5,,32.973724,-116.280341,,,300,,0144,-49.5,53,0.3
2026-07-30T22:31:45.880002,A6B7EC,ASA336,32.774265,-117.045145,,,105,,3513,-49.5,2486,60.8
2026-07-30T22:31:45.880002,ADD949,N9914L,32.945065,-117.130905,,,180,,0233,-49.5,4518,0.3
2026-07-30T22:31:45.880002,0D0377,VIV518,33.21572,-117.225578,,,279,,3260,-49.5,2729,0.4
2026-07-30T22:31:45.880002,A05DDC,UAL1863,32.876953,-117.266144,,,144,,3601,-29.8,1091,0.9
2026-07-30T22:31:45.880002,A6AA6E,ASA707,32.662033,-116.858661,,,89,,7237,-33.8,484,60.4
2026-07-30T22:31:45.880002,0C217C,,33.228289,-117.735938,,,138,,7344,-49.5,30,6.9
2026-07-30T22:31:45.880002,0C20F5,CMP302,32.979281,-116.291516,,,300,,0144,-31.6,87,0.4
2026-07-30T22:31:50.922951,ADD949,N9914L,32.942738,-117.130962,,,181,,0233,-49.5,4593,0.1
2026-07-30T22:31:50.922951,0D0377,VIV518,33.216837,-117.233426,,,279,,3260,-49.5,2777,1.5
2026-07-30T22:31:50.922951,A05DDC,UAL1863,32.8759,-117.265265,,,144,,3601,-49.5,1106,4.9
2026-07-30T22:31:50.922951,A6AA6E,ASA707,32.662033,-116.858661,,,89,,7237,-33.8,484,65.5
2026-07-30T22:31:50.922951,0C217C,,33.228289,-117.735938,,,138,,7344,-49.5,30,12.0
2026-07-30T22:31:50.922951,0C20F5,CMP302,32.984894,-116.302698,,,300,,0144,-32.0,119,0.4
2026-07-30T22:31:56.002373,ADD949,N9914L,32.940445,-117.131012,,,181,,0233,-49.5,4673,0.1
2026-07-30T22:31:56.002373,0D0377,VIV518,33.218628,-117.245929,,,279,,3260,-49.5,2814,0.3
2026-07-30T22:31:56.002373,A05DDC,UAL1863,32.86588,-117.256912,,,144,,3601,-33.0,1135,0.3
2026-07-30T22:31:56.002373,A6AA6E,ASA707,32.662033,-116.858661,,,89,,7237,-33.8,484,70.6
2026-07-30T22:31:56.002373,0C217C,,33.228289,-117.735938,,,138,,7344,-49.5,30,17.1
2026-07-30T22:31:56.002373,0C20F5,CMP302,32.988173,-116.309229,,,300,,0144,-49.5,142,2.5
2026-07-30T22:32:01.081106,ADD949,N9914L,32.938222,-117.13113,,,181,,0233,-17.3,4736,0.1
2026-07-30T22:32:01.081106,0D0377,VIV518,33.220189,-117.256856,,,279,,3260,-49.5,2873,0.0
2026-07-30T22:32:01.081106,A05DDC,UAL1863,32.860759,-117.252652,,,145,,3601,-49.5,1145,0.5
2026-07-30T22:32:01.081106,A6AA6E,ASA707,32.662033,-116.858661,,,89,,7237,-33.8,484,75.6
2026-07-30T22:32:01.081106,0C217C,,33.228289,-117.735938,,,138,,7344,-49.5,30,22.1
2026-07-30T22:32:01.081106,0C20F5,CMP302,32.994969,-116.322794,,,300,,0144,-32.6,171,1.4
2026-07-30T22:32:06.133238,ADD949,N9914L,32.935894,-117.131242,,,182,,0233,-49.5,4809,0.0
2026-07-30T22:32:06.133238,0D0377,VIV518,33.221329,-117.264551,,,279,,3260,-49.5,2909,1.1
2026-07-30T22:32:06.133238,A05DDC,UAL1863,32.859735,-117.251811,,,145,,3601,-31.7,1156,4.5
2026-07-30T22:32:06.133238,A6AA6E,ASA707,32.663544,-116.684637,,,89,,7237,-32.6,492,2.3
2026-07-30T22:32:06.133238,0C217C,,33.228289,-117.735938,,,138,,7344,-49.5,30,27.2
2026-07-30T22:32:06.133238,0C20F5,CMP302,33.001831,-116.336591,,,300,,0144,-30.4,188,0.1
2026-07-30T22:32:06.133238,A6CC54,,33.0065,-116.344775,,,300,,,-32.0,16,0.9
2026-07-30T22:32:06.133238,A146F1,,32.842163,-117.19281,,,71,,,-49.5,6,1.4
2026-07-30T22:32:11.215282,ADD949,N9914L,32.9338,-117.131354,,,183,,0233,-18.2,4884,0.2
2026-07-30T22:32:11.215282,0D0377,VIV518,33.221329,-117.264551,,,279,,3260,-28.2,2912,6.2
2026-07-30T22:32:11.215282,A05DDC,UAL1863,32.85089,-117.244524,,,145,,3601,-30.1,1188,0.9
2026-07-30T22:32:11.215282,A6AA6E,ASA707,32.663544,-116.684637,,,89,,7237,-34.1,496,7.4
2026-07-30T22:32:11.215282,0C217C,,33.228289,-117.735938,,,138,,7344,-49.5,30,32.3
2026-07-30T22:32:11.215282,0C20F5,CMP302,33.007259,-116.347569,,,300,,0144,-49.5,218,0.0
2026-07-30T22:32:11.215282,A6CC54,,33.011993,-116.355817,,,300,,7362,-49.5,38,1.0
2026-07-30T22:32:11.215282,A146F1,SWA4874,32.844699,-117.183875,,,71,,,-49.5,49,0.3
2026-07-30T22:32:11.215282,A788D3,,32.673981,-117.069104,,,,,,-49.5,2,0.2
2026-07-30T22:32:16.263592,ADD949,N9914L,32.931747,-117.131451,,,183,,0233,-21.0,4963,0.6
2026-07-30T22:32:16.263592,0D0377,VIV518,33.224472,-117.286508,,,279,,3260,-28.8,2927,0.3
2026-07-30T22:32:16.263592,A05DDC,UAL1863,32.846188,-117.240657,,,145,,3601,-49.5,1201,1.4
2026-07-30T22:32:16.263592,A6AA6E,ASA707,32.663544,-116.684637,,,89,,7237,-34.1,496,12.4
2026-07-30T22:32:16.263592,0C217C,,33.228289,-117.735938,,,138,,7344,-49.5,30,37.3
2026-07-30T22:32:16.263592,0C20F5,CMP302,33.01236,-116.357904,,,300,,0144,-29.4,240,0.6
2026-07-30T22:32:16.263592,A6CC54,,33.01767,-116.367297,,,300,,7362,-32.0,44,0.8
2026-07-30T22:32:16.263592,A146F1,SWA4874,32.846786,-117.17644,,,71,,7332,-49.5,106,0.4
2026-07-30T22:32:16.263592,A788D3,,32.673981,-117.069104,,,,,,-49.5,2,5.3
2026-07-30T22:32:21.342722,ADD949,N9914L,32.929459,-117.131671,,,184,,0233,-22.1,5043,0.4
2026-07-30T22:32:21.342722,0D0377,VIV518,33.225915,-117.296597,,,279,,3260,-30.6,2948,0.2
2026-07-30T22:32:21.342722,A05DDC,UAL1863,32.843124,-117.238129,,,145,,3601,-49.5,1210,3.5
2026-07-30T22:32:21.342722,A6AA6E,ASA707,32.663544,-116.684637,,,89,,7237,-34.1,496,17.5
2026-07-30T22:32:21.342722,0C217C,,33.175964,-117.678955,,,131,,7344,-49.5,41,0.8
2026-07-30T22:32:21.342722,0C20F5,CMP302,33.016476,-116.366235,,,300,,0144,-49.5,273,1.7
2026-07-30T22:32:21.342722,A6CC54,,33.024124,-116.380316,,,300,,7362,-49.5,74,0.0
2026-07-30T22:32:21.342722,A146F1,SWA4874,32.848663,-117.169849,,,71,,7332,-32.4,147,1.0
2026-07-30T22:32:21.342722,A788D3,,32.673843,-117.052515,,,90,,,-49.5,13,0.3
2026-07-30T22:32:26.397128,ADD949,N9914L,32.927124,-117.131836,,,184,,0233,-49.5,5125,0.4
2026-07-30T22:32:26.397128,0D0377,VIV518,33.22641,-117.300256,,,279,,3260,-49.5,2958,3.4
2026-07-30T22:32:26.397128,A05DDC,UAL1863,32.843124,-117.238129,,,145,,3601,-49.5,1210,8.6
2026-07-30T22:32:26.397128,A6AA6E,ASA707,32.663544,-116.684637,,,89,,7237,-34.1,496,22.6
2026-07-30T22:32:26.397128,0C217C,,33.175964,-117.678955,,,131,,7344,-49.5,46,5.8
2026-07-30T22:32:26.397128,0C20F5,CMP302,33.023346,-116.380042,,,300,,0144,-49.5,310,0.4
2026-07-30T22:32:26.397128,A6CC54,VOI1860,33.02948,-116.390863,,,301,,7362,-31.1,107,0.2
2026-07-30T22:32:26.397128,A146F1,SWA4874,32.848663,-117.169849,,,71,,7332,-29.4,155,6.0
2026-07-30T22:32:26.397128,A788D3,,32.673805,-117.046098,,,90,,,-30.8,35,1.5
2026-07-30T22:32:31.445758,ADD949,N9914L,32.924722,-117.132083,,,184,,0233,-22.8,5199,0.0
2026-07-30T22:32:31.445758,0D0377,VIV518,33.22641,-117.300256,,,279,,3260,-49.5,2958,8.5
2026-07-30T22:32:31.445758,A05DDC,UAL1863,32.843124,-117.238129,,,145,,3601,-35.0,1211,13.6
2026-07-30T22:32:31.445758,A6AA6E,ASA707,32.663544,-116.684637,,,89,,7237,-34.1,496,27.6
2026-07-30T22:32:31.445758,0C217C,,33.175964,-117.678955,,,131,,7344,-32.7,48,10.9
2026-07-30T22:32:31.445758,0C20F5,CMP302,33.028906,-116.391234,,,300,,0144,-49.5,342,0.5
2026-07-30T22:32:31.445758,A6CC54,VOI1860,33.035004,-116.401436,,,302,,7362,-49.5,126,0.4
2026-07-30T22:32:31.445758,A146F1,SWA4874,32.853058,-117.154248,,,71,,7332,-31.7,192,0.6
2026-07-30T22:32:31.445758,A788D3,,32.673798,-117.038177,,,90,,6701,-49.5,50,1.8
2026-07-30T22:32:36.501868,ADD949,N9914L,32.922627,-117.132307,,,184,,0233,-49.5,5289,0.5
2026-07-30T22:32:36.501868,0D0377,VIV518,33.22641,-117.300256,,,279,,3260,-32.1,2960,13.5
2026-07-30T22:32:36.501868,A05DDC,UAL1863,32.843124,-117.238129,,,145,,3601,-33.0,1212,18.7
2026-07-30T22:32:36.501868,A6AA6E,ASA707,32.663544,-116.684637,,,89,,7237,-35.2,499,32.6
2026-07-30T22:32:36.501868,0C217C,CMP362,33.160695,-117.653317,,,131,,7344,-32.3,52,0.6
2026-07-30T22:32:36.501868,0C20F5,CMP302,33.034352,-116.40222,,,300,,0144,-49.5,381,0.6
2026-07-30T22:32:36.501868,A6CC54,VOI1860,33.04097,-116.412231,,,303,,7362,-49.5,153,0.4
2026-07-30T22:32:36.501868,A146F1,SWA4874,32.855266,-117.14632,,,71,,7332,-27.2,227,0.5
2026-07-30T22:32:36.501868,A788D3,,32.673843,-117.027521,,,89,,6701,-31.4,72,0.5
2026-07-30T22:32:41.549544,ADD949,N9914L,32.92012,-117.132605,,,185,,0233,-49.5,5362,0.1
2026-07-30T22:32:41.549544,0D0377,VIV518,33.230943,-117.331406,,,279,,3260,-49.5,2973,2.7
2026-07-30T22:32:41.549544,A05DDC,UAL1863,32.843124,-117.238129,,,145,,3601,-33.0,1212,23.7
2026-07-30T22:32:41.549544,A6AA6E,ASA707,32.663544,-116.684637,,,89,,7237,-35.2,499,37.7
2026-07-30T22:32:41.549544,0C217C,CMP362,33.156738,-117.644513,,,116,,7344,-49.5,69,0.8
2026-07-30T22:32:41.549544,0C20F5,CMP302,33.039706,-116.412983,,,300,,0144,-49.5,413,0.7
2026-07-30T22:32:41.549544,A6CC54,VOI1860,33.045758,-116.420606,,,305,,7362,-49.5,173,1.5
2026-07-30T22:32:41.549544,A146F1,SWA4874,32.85759,-117.137933,,,71,,7332,-30.0,303,0.0
2026-07-30T22:32:41.549544,A788D3,DAL709,32.673852,-117.018912,,,89,,6701,-30.6,100,0.4
2026-07-30T22:32:46.608310,ADD949,N9914L,32.917879,-117.132867,,,186,,0233,-49.5,5437,0.2
2026-07-30T22:32:46.608310,0D0377,VIV518,33.232758,-117.343625,,,280,,3260,-49.5,2993,1.5
2026-07-30T22:32:46.608310,A05DDC,UAL1863,32.843124,-117.238129,,,145,,3601,-33.0,1212,28.8
2026-07-30T22:32:46.608310,A6AA6E,ASA707,32.663544,-116.684637,,,89,,7237,-35.2,499,42.8
2026-07-30T22:32:46.608310,0C217C,CMP362,33.153014,-117.634819,,,113,,7344,-49.5,93,0.5
2026-07-30T22:32:46.608310,0C20F5,CMP302,33.045339,-116.42509,,,298,,0144,-49.5,441,0.4
2026-07-30T22:32:46.608310,A6CC54,VOI1860,33.052135,-116.4312,,,305,,7362,-35.0,191,1.5
2026-07-30T22:32:46.608310,A146F1,SWA4874,32.859558,-117.130902,,,71,,7332,-23.3,359,0.4
2026-07-30T22:32:46.608310,A788D3,DAL709,32.673935,-117.012305,,,89,,6701,-31.6,144,1.5
2026-07-30T22:32:51.689116,ADD949,N9914L,32.915497,-117.133154,,,186,,0233,-27.9,5531,0.0
2026-07-30T22:32:51.689116,0D0377,VIV518,33.232758,-117.343625,,,280,,3260,-35.1,2995,6.6
2026-07-30T22:32:51.689116,A05DDC,UAL1863,32.843124,-117.238129,,,145,,3601,-33.0,1212,33.9
2026-07-30T22:32:51.689116,A6AA6E,ASA707,32.663544,-116.684637,,,89,,7237,-35.2,499,47.8
2026-07-30T22:32:51.689116,0C217C,CMP362,33.149942,-117.625234,,,110,,7344,-30.5,120,0.5
2026-07-30T22:32:51.689116,0C20F5,CMP302,33.045339,-116.42509,,,295,,0144,-30.9,448,5.4
2026-07-30T22:32:51.689116,A6CC54,VOI1860,33.052135,-116.4312,,,307,,7362,-33.5,192,6.6
2026-07-30T22:32:51.689116,A146F1,SWA4874,32.86169,-117.123226,,,71,,7332,-24.9,428,0.5
2026-07-30T22:32:51.689116,A788D3,DAL709,32.673935,-117.012305,,,89,,6701,-31.6,144,6.6
2026-07-30T22:32:56.731745,ADD949,N9914L,32.91341,-117.133484,,,186,,0233,-49.5,5621,0.4
2026-07-30T22:32:56.731745,0D0377,VIV518,33.232758,-117.343625,,,280,,3260,-34.2,3000,11.6
2026-07-30T22:32:56.731745,A05DDC,UAL1863,32.809708,-117.200885,,,113,,3601,-49.5,1217,1.0
2026-07-30T22:32:56.731745,A6AA6E,ASA707,32.663544,-116.684637,,,89,,7237,-35.2,499,52.9
2026-07-30T22:32:56.731745,0C217C,CMP362,33.147242,-117.615929,,,109,,7344,-49.5,158,0.9
2026-07-30T22:32:56.731745,0C20F5,CMP302,33.052741,-116.442915,,,294,,0144,-49.5,474,2.6
2026-07-30T22:32:56.731745,A6CC54,VOI1860,33.066238,-116.452991,,,308,,7362,-33.8,203,0.9
2026-07-30T22:32:56.731745,A146F1,SWA4874,32.863971,-117.115099,,,71,,7332,-19.0,512,0.2
2026-07-30T22:32:56.731745,A788D3,DAL709,32.673935,-117.012305,,,89,,6701,-31.6,144,11.6
2026-07-30T22:32:56.731745,A58A67,SWA3822,33.13011,-117.478937,,,143,,3344,-49.5,45,0.5
2026-07-30T22:33:01.785348,ADD949,N9914L,32.911175,-117.13382,,,187,,0233,-28.3,5695,0.4
2026-07-30T22:33:01.785348,0D0377,VIV518,33.237625,-117.37403,,,280,,3260,-31.8,3023,0.8
2026-07-30T22:33:01.785348,A05DDC,UAL1863,32.807457,-117.193124,,,106,,3601,-49.5,1229,0.4
2026-07-30T22:33:01.785348,A6AA6E,ASA707,32.663544,-116.684637,,,89,,7237,-35.2,499,57.9
2026-07-30T22:33:01.785348,0C217C,CMP362,33.144355,-117.606008,,,109,,7344,-31.3,184,0.8
2026-07-30T22:33:01.785348,0C20F5,CMP302,33.058228,-116.457605,,,293,,0144,-49.5,497,1.4
2026-07-30T22:33:01.785348,A6CC54,VOI1860,33.068755,-116.456648,,,309,,7362,-32.2,208,4.1
2026-07-30T22:33:01.785348,A146F1,SWA4874,32.866058,-117.107501,,,71,,7332,-49.5,585,0.2
2026-07-30T22:33:01.785348,A788D3,DAL709,32.673935,-117.012305,,,89,,6701,-31.6,144,16.7
2026-07-30T22:33:01.785348,A58A67,SWA3822,33.128714,-117.47776,,,144,,3344,-49.5,53,4.6
2026-07-30T22:33:01.785348,A7A4E6,ASA1466,33.011682,-116.440448,,,205,,,-49.5,13,3.0
2026-07-30T22:33:06.835304,ADD949,N9914L,32.908768,-117.134198,,,187,,0233,-49.5,5754,0.2
2026-07-30T22:33:06.835304,0D0377,VIV518,33.23881,-117.381573,,,280,,3260,-49.5,3046,2.0
2026-07-30T22:33:06.835304,A05DDC,UAL1863,32.805921,-117.186117,,,103,,3601,-32.9,1271,0.4
2026-07-30T22:33:06.835304,A6AA6E,ASA707,32.663544,-116.684637,,,89,,7237,-35.2,499,63.0
2026-07-30T22:33:06.835304,0C217C,CMP362,33.141469,-117.596199,,,109,,7344,-33.2,207,0.9
2026-07-30T22:33:06.835304,0C20F5,CMP302,33.063168,-116.470885,,,293,,0144,-29.2,527,0.7
2026-07-30T22:33:06.835304,A6CC54,VOI1860,33.068755,-116.456648,,,309,,7362,-49.5,210,9.1
2026-07-30T22:33:06.835304,A146F1,SWA4874,32.868256,-117.099646,,,71,,7332,-49.5,662,0.2
2026-07-30T22:33:06.835304,A788D3,DAL709,32.673935,-117.012305,,,89,,6701,-32.1,148,21.7
2026-07-30T22:33:06.835304,A58A67,SWA3822,33.115353,-117.466549,,,144,,3344,-30.9,68,0.0
2026-07-30T22:33:06.835304,A7A4E6,ASA1466,33.011682,-116.440448,,,205,,,-49.5,13,8.0
2026-07-30T22:33:11.887720,ADD949,N9914L,32.906525,-117.134528,,,187,,0233,-49.5,5830,0.2
2026-07-30T22:33:11.887720,0D0377,VIV518,33.23881,-117.381573,,,280,,3260,-49.5,3046,7.0
2026-07-30T22:33:11.887720,A05DDC,UAL1863,32.804993,-117.181879,,,103,,3601,-49.5,1282,2.5
2026-07-30T22:33:11.887720,A6AA6E,ASA707,32.663544,-116.684637,,,89,,7237,-35.2,499,68.0
2026-07-30T22:33:11.887720,0C217C,CMP362,33.138117,-117.58482,,,109,,7344,-49.5,230,0.0
2026-07-30T22:33:11.887720,0C20F5,CMP302,33.067405,-116.482039,,,294,,0144,-30.7,579,1.0
2026-07-30T22:33:11.887720,A6CC54,VOI1860,33.08551,-116.479962,,,310,,7362,-35.9,215,2.1
2026-07-30T22:33:11.887720,A146F1,SWA4874,32.870316,-117.09223,,,71,,7332,-26.6,760,0.4
2026-07-30T22:33:11.887720,A788D3,DAL709,32.673798,-116.966766,,,91,,6701,-49.5,174,0.0
2026-07-30T22:33:11.887720,A58A67,SWA3822,33.112701,-117.464337,,,144,,3344,-34.9,83,3.2
2026-07-30T22:33:11.887720,A7A4E6,ASA1466,33.011682,-116.440448,,,205,,,-49.5,13,13.1
2026-07-30T22:33:16.939012,ADD949,N9914L,32.904332,-117.134829,,,187,,0233,-49.5,5914,0.4
2026-07-30T22:33:16.939012,0D0377,VIV518,33.242203,-117.403033,,,280,,3260,-32.2,3059,0.8
2026-07-30T22:33:16.939012,A05DDC,UAL1863,32.804993,-117.181879,,,103,,3601,-35.8,1283,7.5
2026-07-30T22:33:16.939012,A6AA6E,ASA707,32.663544,-116.684637,,,89,,7237,-35.2,499,73.1
2026-07-30T22:33:16.939012,0C217C,CMP362,33.135231,-117.575179,,,109,,7344,-33.5,251,0.3
2026-07-30T22:33:16.939012,0C20F5,CMP302,33.072479,-116.495548,,,294,,0144,-28.7,623,0.2
2026-07-30T22:33:16.939012,A6CC54,VOI1860,33.08551,-116.479962,,,310,,7362,-35.9,215,7.2
2026-07-30T22:33:16.939012,A146F1,SWA4874,32.872537,-117.08427,,,71,,7332,-23.3,835,0.2
2026-07-30T22:33:16.939012,A788D3,DAL709,32.673615,-116.958307,,,91,,6701,-29.2,220,0.3
2026-07-30T22:33:16.939012,A58A67,SWA3822,33.104739,-117.457581,,,144,,3344,-33.9,95,2.6
2026-07-30T22:33:16.939012,A7A4E6,ASA1466,33.011682,-116.440448,,,205,,,-49.5,13,18.1
2026-07-30T22:33:22.005680,ADD949,N9914L,32.901911,-117.135165,,,186,,0233,-29.9,5991,0.0
2026-07-30T22:33:22.005680,0D0377,VIV518,33.243713,-117.412756,,,280,,3260,-49.5,3097,0.7
2026-07-30T22:33:22.005680,A05DDC,UAL1863,32.804993,-117.181879,,,103,,3601,-35.8,1283,12.6
2026-07-30T22:33:22.005680,A6AA6E,ASA707,32.663544,-116.684637,,,89,,7237,-35.2,499,78.2
2026-07-30T22:33:22.005680,0C217C,CMP362,33.132205,-117.564921,,,109,,7344,-32.4,268,0.1
2026-07-30T22:33:22.005680,0C20F5,CMP302,33.076808,-116.506927,,,294,,0144,-26.9,679,0.4
2026-07-30T22:33:22.005680,A6CC54,VOI1860,33.08551,-116.479962,,,310,,7362,-35.9,215,12.2
2026-07-30T22:33:22.005680,A146F1,SWA4874,32.873886,-117.079486,,,71,,7332,-49.5,898,2.2
2026-07-30T22:33:22.005680,A788D3,DAL709,32.673477,-116.954626,,,91,,6701,-33.7,235,3.3
2026-07-30T22:33:22.005680,A58A67,SWA3822,33.094265,-117.448724,,,144,,3344,-32.6,144,0.0
2026-07-30T22:33:22.005680,A7A4E6,ASA1466,33.011682,-116.440448,,,205,,,-49.5,13,23.2
2026-07-30T22:33:27.068129,ADD949,N9914L,32.899841,-117.135461,,,186,,0233,-29.0,6064,0.6
2026-07-30T22:33:27.068129,0D0377,VIV518,33.244629,-117.418469,,,280,,3260,-49.5,3106,2.8
2026-07-30T22:33:27.068129,A05DDC,UAL1863,32.799543,-117.157755,,,105,,3601,-31.1,1299,0.4
2026-07-30T22:33:27.068129,A6AA6E,ASA707,32.663544,-116.684637,,,89,,7237,-35.2,499,83.2
2026-07-30T22:33:27.068129,0C217C,CMP362,33.132205,-117.564921,,,109,,7344,-49.5,281,5.2
2026-07-30T22:33:27.068129,0C20F5,CMP302,33.081116,-116.518359,,,294,,0144,-49.5,733,0.6
2026-07-30T22:33:27.068129,A6CC54,VOI1860,33.08551,-116.479962,,,310,,7362,-35.9,215,17.3
2026-07-30T22:33:27.068129,A146F1,SWA4874,32.87668,-117.069528,,,71,,7332,-18.2,972,0.7
2026-07-30T22:33:27.068129,A788D3,DAL709,32.673477,-116.954626,,,92,,6701,-32.3,236,8.3
2026-07-30T22:33:27.068129,A58A67,SWA3822,33.09366,-117.448276,,,144,,3344,-49.5,150,4.7
2026-07-30T22:33:27.068129,A7A4E6,ASA1466,33.011682,-116.440448,,,205,,,-49.5,13,28.3
2026-07-30T22:33:27.068129,0D0B91,,32.253754,-117.097833,,,329,,,-31.8,16,2.1
2026-07-30T22:33:32.121001,ADD949,N9914L,32.897442,-117.135782,,,186,,0233,-31.2,6155,0.3
2026-07-30T22:33:32.121001,0D0377,VIV518,33.244629,-117.418469,,,280,,3260,-49.5,3106,7.8
2026-07-30T22:33:32.121001,A05DDC,UAL1863,32.797806,-117.150018,,,105,,3601,-49.5,1354,0.0
2026-07-30T22:33:32.121001,A6AA6E,ASA707,32.663544,-116.684637,,,89,,7237,-35.2,499,88.3
2026-07-30T22:33:32.121001,0C217C,CMP362,33.132205,-117.564921,,,109,,7344,-32.0,292,10.2
2026-07-30T22:33:32.121001,0C20F5,CMP302,33.085373,-116.52973,,,294,,0144,-49.5,794,0.6
2026-07-30T22:33:32.121001,A6CC54,VOI1860,33.08551,-116.479962,,,310,,7362,-35.9,215,22.3
2026-07-30T22:33:32.121001,A146F1,SWA4874,32.879101,-117.06084,,,71,,7332,-49.5,1050,0.2
2026-07-30T22:33:32.121001,A788D3,DAL709,32.673477,-116.954626,,,92,,6701,-49.5,238,13.4
2026-07-30T22:33:32.121001,A58A67,SWA3822,33.09366,-117.448276,,,144,,3344,-33.7,152,9.7
2026-07-30T22:33:32.121001,A7A4E6,ASA1466,33.011682,-116.440448,,,205,,,-49.5,13,33.3
2026-07-30T22:33:32.121001,0D0B91,,32.263447,-117.104449,,,329,,2663,-49.5,41,1.9
2026-07-30T22:33:37.172806,ADD949,N9914L,32.894989,-117.136066,,,186,,0233,-29.0,6228,0.0
2026-07-30T22:33:37.172806,0D0377,VIV518,33.244629,-117.418469,,,280,,3260,-49.5,3106,12.8
2026-07-30T22:33:37.172806,A05DDC,UAL1863,32.796204,-117.143042,,,105,,3601,-49.5,1429,0.0
2026-07-30T22:33:37.172806,0C217C,CMP362,33.123276,-117.534705,,,109,,7344,-49.5,318,0.0
2026-07-30T22:33:37.172806,0C20F5,CMP302,33.089905,-116.54187,,,293,,0144,-49.5,834,0.5
2026-07-30T22:33:37.172806,A6CC54,VOI1860,33.08551,-116.479962,,,310,,7362,-35.9,215,27.4
2026-07-30T22:33:37.172806,A146F1,SWA4874,32.881382,-117.052712,,,71,,7332,-30.8,1119,0.0
2026-07-30T22:33:37.172806,A788D3,DAL709,32.673477,-116.954626,,,92,,6701,-36.0,239,18.4
2026-07-30T22:33:37.172806,A58A67,SWA3822,33.09366,-117.448276,,,144,,3344,-33.7,152,14.8
2026-07-30T22:33:37.172806,A7A4E6,ASA1466,33.011682,-116.440448,,,205,,,-49.5,13,38.4
2026-07-30T22:33:37.172806,0D0B91,,32.263447,-117.104449,,,329,,2663,-49.5,54,6.9
2026-07-30T22:33:42.214811,ADD949,N9914L,32.892647,-117.136399,,,187,,0233,-49.5,6293,0.0
2026-07-30T22:33:42.214811,0D0377,VIV518,33.244629,-117.418469,,,280,,3260,-49.5,3106,17.9
2026-07-30T22:33:42.214811,A05DDC,UAL1863,32.795746,-117.141119,,,105,,3601,-49.5,1445,3.7
2026-07-30T22:33:42.214811,0C217C,CMP362,33.120438,-117.525146,,,109,,7344,-33.4,347,0.3
2026-07-30T22:33:42.214811,0C20F5,CMP302,33.089905,-116.54187,,,293,,0144,-49.5,837,5.6
2026-07-30T22:33:42.214811,A6CC54,VOI1860,33.08551,-116.479962,,,310,,7362,-35.9,215,32.4
2026-07-30T22:33:42.214811,A146F1,SWA4874,32.883408,-117.045593,,,71,,7332,-21.9,1196,0.5
2026-07-30T22:33:42.214811,A788D3,DAL709,32.673477,-116.954626,,,92,,6701,-36.0,239,23.5
2026-07-30T22:33:42.214811,A58A67,SWA3822,33.067291,-117.426105,,,144,,3344,-49.5,182,0.6
2026-07-30T22:33:42.214811,A7A4E6,ASA1466,33.011682,-116.440448,,,205,,,-49.5,13,43.4
2026-07-30T22:33:42.214811,0D0B91,,32.283875,-117.118433,,,329,,2663,-49.5,65,1.0
2026-07-30T22:33:47.276948,ADD949,N9914L,32.890411,-117.13678,,,187,,0233,-29.7,6364,0.4
2026-07-30T22:33:47.276948,0D0377,VIV518,33.244629,-117.418469,,,280,,3260,-49.5,3106,23.0
2026-07-30T22:33:47.276948,A05DDC,UAL1863,32.795746,-117.141119,,,105,,3601,-33.1,1448,8.7
2026-07-30T22:33:47.276948,0C217C,CMP362,33.118286,-117.517841,,,109,,7344,-33.1,379,1.6
2026-07-30T22:33:47.276948,0C20F5,CMP302,33.098781,-116.565614,,,293,,0144,-49.5,878,0.5
2026-07-30T22:33:47.276948,A6CC54,VOI1860,33.08551,-116.479962,,,310,,7362,-35.9,215,37.5
2026-07-30T22:33:47.276948,A146F1,SWA4874,32.885696,-117.037354,,,71,,7332,-31.0,1280,0.3
2026-07-30T22:33:47.276948,A788D3,DAL709,32.673477,-116.954626,,,92,,6701,-36.0,239,28.5
2026-07-30T22:33:47.276948,A58A67,SWA3822,33.060794,-117.420642,,,144,,3344,-33.0,207,1.0
2026-07-30T22:33:47.276948,A7A4E6,ASA1466,33.011682,-116.440448,,,205,,,-49.5,13,48.5
2026-07-30T22:33:47.276948,0D0B91,,32.283875,-117.118433,,,329,,2663,-35.2,68,6.1
2026-07-30T22:33:52.327962,ADD949,N9914L,32.888031,-117.137164,,,188,,0233,-49.5,6450,0.5
2026-07-30T22:33:52.327962,0D0377,VIV518,33.244629,-117.418469,,,280,,3260,-49.5,3106,28.0
2026-07-30T22:33:52.327962,A05DDC,UAL1863,32.795746,-117.141119,,,105,,3601,-49.5,1450,13.8
2026-07-30T22:33:52.327962,0C217C,CMP362,33.114702,-117.505674,,,109,,7344,-32.8,407,0.6
2026-07-30T22:33:52.327962,0C20F5,CMP302,33.103483,-116.578226,,,293,,0144,-27.3,935,0.2
2026-07-30T22:33:52.327962,A6CC54,VOI1860,33.08551,-116.479962,,,310,,7362,-35.9,215,42.6
2026-07-30T22:33:52.327962,A146F1,SWA4874,32.888031,-117.029004,,,71,,7332,-49.5,1334,0.0
2026-07-30T22:33:52.327962,A788D3,DAL709,32.673477,-116.954626,,,92,,6701,-36.0,239,33.6
2026-07-30T22:33:52.327962,A58A67,SWA3822,33.058044,-117.418359,,,144,,3344,-32.3,216,4.0
2026-07-30T22:33:52.327962,A7A4E6,ASA1466,33.011682,-116.440448,,,205,,,-49.5,13,53.6
2026-07-30T22:33:52.327962,0D0B91,,32.283875,-117.118433,,,329,,2663,-35.2,68,11.1
2026-07-30T22:33:57.407078,ADD949,N9914L,32.885513,-117.137659,,,190,,0233,-49.5,6517,0.1
2026-07-30T22:33:57.407078,0D0377,VIV518,33.244629,-117.418469,,,280,,3260,-49.5,3106,33.1
2026-07-30T22:33:57.407078,A05DDC,UAL1863,32.795746,-117.141119,,,105,,3601,-49.5,1450,18.8
2026-07-30T22:33:57.407078,0C217C,CMP362,33.111694,-117.495538,,,109,,7344,-49.5,433,0.5
2026-07-30T22:33:57.407078,0C20F5,CMP302,33.107483,-116.588947,,,293,,0144,-49.5,1001,0.6
2026-07-30T22:33:57.407078,A6CC54,VOI1860,33.08551,-116.479962,,,310,,7362,-35.9,215,47.6
2026-07-30T22:33:57.407078,A146F1,SWA4874,32.890041,-117.021771,,,71,,7332,-49.5,1390,0.5
2026-07-30T22:33:57.407078,A788D3,DAL709,32.673477,-116.954626,,,92,,6701,-36.0,239,38.7
2026-07-30T22:33:57.407078,A58A67,SWA3822,33.058044,-117.418359,,,144,,3344,-49.5,217,9.1
2026-07-30T22:33:57.407078,A7A4E6,ASA1466,33.011682,-116.440448,,,205,,,-49.5,13,58.6
2026-07-30T22:33:57.407078,0D0B91,,32.283875,-117.118433,,,329,,2663,-35.2,68,16.2
2026-07-30T22:34:02.470744,ADD949,N9914L,32.883989,-117.138024,,,191,,0233,-34.2,6587,1.8
2026-07-30T22:34:02.470744,0D0377,VIV518,33.244629,-117.418469,,,280,,3260,-35.5,3107,38.2
2026-07-30T22:34:02.470744,A05DDC,UAL1863,32.795746,-117.141119,,,105,,3601,-49.5,1450,23.9
2026-07-30T22:34:02.470744,0C217C,CMP362,33.109302,-117.487569,,,109,,7344,-32.1,459,1.6
2026-07-30T22:34:02.470744,0C20F5,CMP302,33.112335,-116.602075,,,293,,0144,-49.5,1081,0.1
2026-07-30T22:34:02.470744,A6CC54,VOI1860,33.157716,-116.580916,,,310,,7362,-33.1,223,0.3
2026-07-30T22:34:02.470744,A146F1,SWA4874,32.892426,-117.013184,,,71,,7332,-49.5,1465,0.2
2026-07-30T22:34:02.470744,A788D3,DAL709,32.673477,-116.954626,,,92,,6701,-36.0,239,43.7
2026-07-30T22:34:02.470744,A58A67,SWA3822,33.041794,-117.404791,,,144,,3344,-49.5,249,2.2
2026-07-30T22:34:02.470744,0D0B91,,32.283875,-117.118433,,,329,,2663,-49.5,78,21.2
2026-07-30T22:34:07.550004,ADD949,N9914L,32.880963,-117.138753,,,191,,0233,-35.3,6619,0.4
2026-07-30T22:34:07.550004,0D0377,VIV518,33.244629,-117.418469,,,280,,3260,-49.5,3110,43.2
2026-07-30T22:34:07.550004,A05DDC,UAL1863,32.795746,-117.141119,,,105,,3601,-49.5,1450,29.0
2026-07-30T22:34:07.550004,0C217C,CMP362,33.105286,-117.474005,,,109,,7344,-28.3,500,0.0
2026-07-30T22:34:07.550004,0C20F5,CMP302,33.116703,-116.613707,,,293,,0144,-49.5,1141,0.1
2026-07-30T22:34:07.550004,A6CC54,VOI1860,33.164383,-116.59032,,,310,,7362,-49.5,258,0.5
2026-07-30T22:34:07.550004,A146F1,SWA4874,32.894649,-117.005067,,,71,,7332,-28.7,1512,0.2
2026-07-30T22:34:07.550004,A788D3,DAL709,32.673477,-116.954626,,,92,,6701,-34.2,240,48.8
2026-07-30T22:34:07.550004,A58A67,SWA3822,33.041794,-117.404791,,,144,,3344,-49.5,249,7.3
2026-07-30T22:34:07.550004,0D0B91,,32.330762,-117.15058,,,329,,2663,-49.5,85,0.9
2026-07-30T22:34:12.623809,ADD949,N9914L,32.879059,-117.139197,,,190,,0233,-49.5,6645,1.3
2026-07-30T22:34:12.623809,0D0377,VIV518,33.244629,-117.418469,,,280,,3260,-49.5,3110,48.3
2026-07-30T22:34:12.623809,A05DDC,UAL1863,32.795746,-117.141119,,,105,,3601,-49.5,1450,34.1
2026-07-30T22:34:12.623809,0C217C,CMP362,33.102924,-117.465988,,,109,,7344,-49.5,541,1.0
2026-07-30T22:34:12.623809,0C20F5,CMP302,33.121124,-116.625641,,,293,,0144,-49.5,1189,0.1
2026-07-30T22:34:12.623809,A6CC54,VOI1860,33.171066,-116.599823,,,310,,7362,-49.5,290,0.5
2026-07-30T22:34:12.623809,A146F1,SWA4874,32.8965,-116.998242,,,72,,7332,-49.5,1569,0.9
2026-07-30T22:34:12.623809,A788D3,DAL709,32.673477,-116.954626,,,92,,6701,-34.2,240,53.9
2026-07-30T22:34:12.623809,A58A67,SWA3822,33.026001,-117.391443,,,144,,3344,-31.3,271,0.4
2026-07-30T22:34:12.623809,0D0B91,,32.339951,-117.15683,,,329,,2663,-33.8,92,1.1
2026-07-30T22:34:12.623809,A9D63B,,32.822433,-117.34173,,,310,,,-34.2,11,2.7
2026-07-30T22:34:17.669672,ADD949,N9914L,32.87796,-117.139471,,,190,,0233,-49.5,6657,3.9
2026-07-30T22:34:17.669672,0D0377,VIV518,33.260284,-117.518005,,,283,,3260,-49.5,3133,0.7
2026-07-30T22:34:17.669672,A05DDC,UAL1863,32.795746,-117.141119,,,105,,3601,-49.5,1450,39.1
2026-07-30T22:34:17.669672,0C217C,CMP362,33.099426,-117.454175,,,109,,7344,-49.5,577,0.1
2026-07-30T22:34:17.669672,0C20F5,CMP302,33.122895,-116.630803,,,291,,0144,-34.7,1215,3.0
2026-07-30T22:34:17.669672,A6CC54,VOI1860,33.17244,-116.601691,,,310,,7362,-49.5,298,4.5
2026-07-30T22:34:17.669672,A146F1,SWA4874,32.899118,-116.988756,,,71,,7332,-23.2,1615,0.1
2026-07-30T22:34:17.669672,A788D3,DAL709,32.673477,-116.954626,,,92,,6701,-34.2,240,58.9
2026-07-30T22:34:17.669672,A58A67,SWA3822,33.019921,-117.386225,,,144,,3344,-49.5,306,0.6
2026-07-30T22:34:17.669672,0D0B91,,32.339951,-117.15683,,,329,,2663,-33.8,92,6.1
2026-07-30T22:34:17.669672,A9D63B,,32.825409,-117.345795,,,310,,,-36.0,19,4.1
2026-07-30T22:34:22.730784,ADD949,N9914L,32.874027,-117.140378,,,191,,0233,-34.7,6679,0.4
2026-07-30T22:34:22.730784,0D0377,VIV518,33.262024,-117.525311,,,288,,3260,-49.5,3157,1.7
2026-07-30T22:34:22.730784,A05DDC,UAL1863,32.795746,-117.141119,,,105,,3601,-49.5,1450,44.2
2026-07-30T22:34:22.730784,0C217C,CMP362,33.096593,-117.444576,,,109,,7344,-30.3,612,0.3
2026-07-30T22:34:22.730784,0C20F5,CMP302,33.128677,-116.649591,,,289,,0144,-27.4,1260,0.1
2026-07-30T22:34:22.730784,A6CC54,VOI1860,33.17244,-116.601691,,,310,,7362,-49.5,298,9.6
2026-07-30T22:34:22.730784,A146F1,SWA4874,32.901306,-116.980884,,,71,,7332,-29.2,1668,0.4
2026-07-30T22:34:22.730784,A788D3,DAL709,32.673477,-116.954626,,,91,,6701,-49.5,241,64.0
2026-07-30T22:34:22.730784,A58A67,SWA3822,33.017501,-117.384152,,,144,,3344,-49.5,321,3.8
2026-07-30T22:34:22.730784,0D0B91,,32.339951,-117.15683,,,329,,2663,-33.8,92,11.2
2026-07-30T22:34:22.730784,A9D63B,,32.825409,-117.345795,,,310,,,-36.0,19,9.2
2026-07-30T22:34:27.829546,ADD949,N9914L,32.871932,-117.140939,,,192,,0233,-33.7,6696,0.8
2026-07-30T22:34:27.829546,0D0377,VIV518,33.264725,-117.533881,,,294,,3260,-31.0,3184,2.1
2026-07-30T22:34:27.829546,A05DDC,UAL1863,32.795746,-117.141119,,,105,,3601,-34.7,1451,49.3
2026-07-30T22:34:27.829546,0C217C,CMP362,33.093986,-117.43572,,,109,,7344,-30.1,656,1.1
2026-07-30T22:34:27.829546,0C20F5,CMP302,33.131879,-116.661913,,,286,,0144,-24.5,1324,0.0
2026-07-30T22:34:27.829546,A6CC54,VOI1860,33.17244,-116.601691,,,310,,7362,-49.5,298,14.7
2026-07-30T22:34:27.829546,A146F1,SWA4874,32.90368,-116.972276,,,71,,7332,-25.8,1731,0.3
2026-07-30T22:34:27.829546,A788D3,DAL709,32.673477,-116.954626,,,91,,6701,-49.5,245,69.1
2026-07-30T22:34:27.829546,A58A67,SWA3822,33.006592,-117.374799,,,144,,3344,-32.3,340,0.2
2026-07-30T22:34:27.829546,0D0B91,,32.339951,-117.15683,,,329,,2663,-33.8,92,16.3
2026-07-30T22:34:27.829546,A9D63B,,32.825409,-117.345795,,,310,,,-36.0,19,14.3
2026-07-30T22:34:32.910996,ADD949,N9914L,32.871932,-117.140939,,,192,,0233,-49.5,6710,6.0
2026-07-30T22:34:32.910996,0D0377,VIV518,33.268371,-117.542388,,,299,,3260,-49.5,3197,2.2
2026-07-30T22:34:32.910996,A05DDC,UAL1863,32.795746,-117.141119,,,107,,3601,-49.5,1453,54.4
2026-07-30T22:34:32.910996,0C217C,CMP362,33.090913,-117.425294,,,109,,7344,-27.8,696,1.0
2026-07-30T22:34:32.910996,0C20F5,CMP302,33.134719,-116.67458,,,284,,0144,-49.5,1386,0.0
2026-07-30T22:34:32.910996,A6CC54,VOI1860,33.17244,-116.601691,,,318,,7362,-34.3,300,19.8
2026-07-30T22:34:32.910996,A146F1,SWA4874,32.905838,-116.964569,,,71,,7332,-49.5,1790,0.8
2026-07-30T22:34:32.910996,A788D3,DAL709,32.673477,-116.954626,,,91,,6701,-49.5,245,74.2
2026-07-30T22:34:32.910996,A58A67,SWA3822,33.006592,-117.374799,,,144,,3344,-49.5,345,5.4
2026-07-30T22:34:32.910996,0D0B91,,32.339951,-117.15683,,,329,,2663,-49.5,94,21.4
2026-07-30T22:34:32.910996,A9D63B,ASA1621,32.825409,-117.345795,,,310,,,-49.5,25,19.4
2026-07-30T22:34:38.031698,ADD949,N9914L,32.868668,-117.141779,,,191,,0233,-32.7,6732,3.8
2026-07-30T22:34:38.031698,0D0377,VIV518,33.274246,-117.553491,,,302,,3260,-49.5,3218,0.2
2026-07-30T22:34:38.031698,A05DDC,UAL1863,32.795746,-117.141119,,,107,,3601,-49.5,1453,59.5
2026-07-30T22:34:38.031698,0C217C,CMP362,33.08725,-117.412976,,,109,,7344,-27.0,732,0.0
2026-07-30T22:34:38.031698,0C20F5,CMP302,33.137009,-116.68634,,,281,,0144,-31.6,1455,0.3
2026-07-30T22:34:38.031698,A6CC54,VOI1860,33.206497,-116.64234,,,323,,7362,-49.5,326,1.1
2026-07-30T22:34:38.031698,A146F1,SWA4874,32.908429,-116.95518,,,71,,7332,-28.0,1843,0.3
2026-07-30T22:34:38.031698,A788D3,DAL709,32.673477,-116.954626,,,91,,6701,-49.5,245,79.3
2026-07-30T22:34:38.031698,A58A67,SWA3822,32.996796,-117.366449,,,144,,3344,-31.7,360,2.5
2026-07-30T22:34:38.031698,0D0B91,,32.339951,-117.15683,,,329,,2663,-49.5,94,26.5
2026-07-30T22:34:38.031698,A9D63B,ASA1621,32.825409,-117.345795,,,310,,,-37.1,27,24.5
2026-07-30T22:34:43.093824,ADD949,N9914L,32.865692,-117.142493,,,191,,0233,-35.6,6739,2.1
2026-07-30T22:34:43.093824,0D0377,VIV518,33.278687,-117.561511,,,303,,3260,-32.2,3236,0.2
2026-07-30T22:34:43.093824,A05DDC,UAL1863,32.795746,-117.141119,,,107,,3601,-49.5,1453,64.5
2026-07-30T22:34:43.093824,0C217C,CMP362,33.084396,-117.403322,,,109,,7344,-49.5,766,0.1
2026-07-30T22:34:43.093824,0C20F5,CMP302,33.138885,-116.698151,,,279,,0144,-49.5,1509,0.6
2026-07-30T22:34:43.093824,A6CC54,VOI1860,33.206497,-116.64234,,,327,,7362,-33.2,336,6.2
2026-07-30T22:34:43.093824,A146F1,SWA4874,32.910942,-116.946212,,,71,,7332,-32.3,1880,0.1
2026-07-30T22:34:43.093824,A788D3,DAL709,32.673477,-116.954626,,,91,,6701,-49.5,245,84.3
2026-07-30T22:34:43.093824,A58A67,SWA3822,32.98794,-117.358872,,,144,,3344,-49.5,401,0.2
2026-07-30T22:34:43.093824,0D0B91,,32.339951,-117.15683,,,329,,2663,-49.5,94,31.5
2026-07-30T22:34:43.093824,A9D63B,ASA1621,32.847153,-117.375952,,,310,,,-35.8,55,3.3
2026-07-30T22:34:48.142552,ADD949,N9914L,32.865692,-117.142493,,,191,,0233,-34.0,6740,7.2
2026-07-30T22:34:48.142552,0D0377,VIV518,33.281113,-117.565851,,,303,,3260,-49.5,3246,2.5
2026-07-30T22:34:48.142552,A05DDC,UAL1863,32.795746,-117.141119,,,107,,3601,-49.5,1453,69.6
2026-07-30T22:34:48.142552,0C217C,CMP362,33.084396,-117.403322,,,109,,7344,-49.5,773,5.2
2026-07-30T22:34:48.142552,0C20F5,CMP302,33.140585,-116.710006,,,279,,0144,-26.9,1551,0.8
2026-07-30T22:34:48.142552,A6CC54,VOI1860,33.206497,-116.64234,,,327,,7362,-49.5,341,11.3
2026-07-30T22:34:48.142552,A146F1,SWA4874,32.91341,-116.937243,,,71,,7332,-49.5,1941,0.0
2026-07-30T22:34:48.142552,A788D3,DAL709,32.673477,-116.954626,,,91,,6701,-49.5,245,89.4
2026-07-30T22:34:48.142552,A58A67,SWA3822,32.983749,-117.355353,,,144,,3344,-31.1,424,1.8
2026-07-30T22:34:48.142552,0D0B91,,32.339951,-117.15683,,,329,,2663,-49.5,98,36.6
2026-07-30T22:34:48.142552,A9D63B,ASA1621,32.852509,-117.383368,,,310,,7377,-32.7,88,1.9
2026-07-30T22:34:48.142552,0D0A04,,32.970064,-116.271674,,,300,,2063,-29.4,32,0.2
2026-07-30T22:34:48.142552,A56862,,33.734871,-116.493244,,,,,,-34.9,3,1.0
2026-07-30T22:34:53.221169,ADD949,N9914L,32.865692,-117.142493,,,191,,0233,-34.0,6740,12.3
2026-07-30T22:34:53.221169,0D0377,VIV518,33.286514,-117.575739,,,303,,3260,-34.5,3255,1.3
2026-07-30T22:34:53.221169,A05DDC,UAL1863,32.795746,-117.141119,,,108,,3601,-49.5,1458,74.7
2026-07-30T22:34:53.221169,0C217C,CMP362,33.084396,-117.403322,,,109,,7344,-49.5,773,10.3
2026-07-30T22:34:53.221169,0C20F5,CMP302,33.141266,-116.714905,,,279,,0144,-49.5,1574,4.0
2026-07-30T22:34:53.221169,A6CC54,VOI1860,33.206497,-116.64234,,,337,,7362,-49.5,353,16.4
2026-07-30T22:34:53.221169,A146F1,SWA4874,32.915588,-116.929358,,,71,,7332,-49.5,1993,0.6
2026-07-30T22:34:53.221169,A788D3,DAL709,32.673477,-116.954626,,,91,,6701,-49.5,245,94.5
2026-07-30T22:34:53.221169,A58A67,SWA3822,32.976379,-117.349091,,,144,,3344,-32.9,459,0.6
2026-07-30T22:34:53.221169,0D0B91,,32.339951,-117.15683,,,329,,2663,-49.5,101,41.7
2026-07-30T22:34:53.221169,A9D63B,ASA1621,32.857864,-117.390784,,,310,,7377,-33.8,107,0.7
2026-07-30T22:34:53.221169,0D0A04,VOI1720,32.974533,-116.280642,,,300,,2063,-32.1,72,1.2
2026-07-30T22:34:53.221169,A56862,,33.734871,-116.493244,,,,,,-34.9,3,6.1
2026-07-30T22:34:58.300361,ADD949,N9914L,32.865692,-117.142493,,,191,,0233,-34.0,6740,17.3
2026-07-30T22:34:58.300361,0D0377,VIV518,33.28981,-117.581891,,,303,,3260,-49.5,3261,2.4
2026-07-30T22:34:58.300361,A05DDC,UAL1863,32.795746,-117.141119,,,108,,3601,-49.5,1458,79.7
2026-07-30T22:34:58.300361,0C217C,CMP362,33.084396,-117.403322,,,109,,7344,-49.5,773,15.3
2026-07-30T22:34:58.300361,0C20F5,CMP302,33.141266,-116.714905,,,279,,0144,-49.5,1574,9.0
2026-07-30T22:34:58.300361,A6CC54,VOI1860,33.206497,-116.64234,,,337,,7362,-49.5,353,21.4
2026-07-30T22:34:58.300361,A146F1,SWA4874,32.918243,-116.919855,,,71,,7332,-49.5,2037,0.2
2026-07-30T22:34:58.300361,A788D3,DAL709,32.673477,-116.954626,,,91,,6701,-49.5,245,99.5
2026-07-30T22:34:58.300361,A58A67,SWA3822,32.970566,-117.344257,,,144,,3344,-31.4,496,0.7
2026-07-30T22:34:58.300361,0D0B91,,32.426514,-117.216211,,,329,,2663,-31.7,116,0.0
2026-07-30T22:34:58.300361,A9D63B,ASA1621,32.859467,-117.392981,,,310,,7377,-49.5,109,3.9
2026-07-30T22:34:58.300361,0D0A04,VOI1720,32.97984,-116.291404,,,300,,2063,-49.5,86,1.4
2026-07-30T22:34:58.300361,A56862,,33.734871,-116.493244,,,,,,-34.9,3,11.1
2026-07-30T22:35:03.360022,ADD949,N9914L,32.865692,-117.142493,,,191,,0233,-34.0,6740,22.4
2026-07-30T22:35:03.360022,0D0377,VIV518,33.294662,-117.59101,,,302,,3260,-49.5,3265,1.7
2026-07-30T22:35:03.360022,A05DDC,UAL1863,32.795746,-117.141119,,,108,,3601,-49.5,1458,84.8
2026-07-30T22:35:03.360022,0C217C,CMP362,33.084396,-117.403322,,,109,,7344,-49.5,774,20.4
2026-07-30T22:35:03.360022,0C20F5,CMP302,33.146264,-116.747953,,,280,,0144,-30.8,1588,0.5
2026-07-30T22:35:03.360022,A6CC54,VOI1860,33.206497,-116.64234,,,337,,7362,-49.5,353,26.5
2026-07-30T22:35:03.360022,A146F1,SWA4874,32.920765,-116.910506,,,71,,7332,-22.4,2099,0.0
2026-07-30T22:35:03.360022,A788D3,DAL709,32.673477,-116.954626,,,91,,6701,-49.5,245,104.6
2026-07-30T22:35:03.360022,A58A67,SWA3822,32.967131,-117.341327,,,144,,3344,-30.8,524,2.7
2026-07-30T22:35:03.360022,0D0B91,,32.435877,-117.222664,,,329,,2663,-34.7,143,0.0
2026-07-30T22:35:03.360022,A9D63B,ASA1621,32.866299,-117.402425,,,310,,7377,-49.5,122,1.1
2026-07-30T22:35:03.360022,0D0A04,VOI1720,32.986404,-116.30451,,,300,,2063,-31.6,116,0.5
2026-07-30T22:35:03.360022,A56862,,33.734871,-116.493244,,,,,,-34.9,3,16.2
2026-07-30T22:35:08.403525,ADD949,N9914L,32.865692,-117.142493,,,191,,0233,-34.0,6740,27.5
2026-07-30T22:35:08.403525,0D0377,VIV518,33.294662,-117.59101,,,302,,3260,-49.5,3266,6.7
2026-07-30T22:35:08.403525,A05DDC,UAL1863,32.795746,-117.141119,,,108,,3601,-49.5,1458,89.9
2026-07-30T22:35:08.403525,0C217C,CMP362,33.069214,-117.351947,,,109,,7344,-49.5,801,0.1
2026-07-30T22:35:08.403525,0C20F5,CMP302,33.148359,-116.761574,,,280,,0144,-32.2,1595,0.0
2026-07-30T22:35:08.403525,A6CC54,VOI1860,33.206497,-116.64234,,,337,,7362,-49.5,353,31.5
2026-07-30T22:35:08.403525,A146F1,SWA4874,32.923141,-116.901947,,,71,,7332,-21.9,2147,0.3
2026-07-30T22:35:08.403525,A788D3,DAL709,32.673477,-116.954626,,,91,,6701,-49.5,245,109.7
2026-07-30T22:35:08.403525,A58A67,SWA3822,32.959213,-117.334644,,,144,,3344,-49.5,546,0.8
2026-07-30T22:35:08.403525,0D0B91,,32.435877,-117.222664,,,329,,2663,-49.5,145,5.1
2026-07-30T22:35:08.403525,A9D63B,ASA1621,32.871699,-117.409824,,,310,,7377,-34.5,131,0.0
2026-07-30T22:35:08.403525,0D0A04,VOI1720,32.991943,-116.315675,,,300,,2063,-34.2,139,0.5
2026-07-30T22:35:08.403525,A56862,,33.734871,-116.493244,,,,,,-34.9,3,21.3
2026-07-30T22:35:13.482913,ADD949,N9914L,32.865692,-117.142493,,,191,,0233,-34.0,6740,32.5
2026-07-30T22:35:13.482913,0D0377,VIV518,33.294662,-117.59101,,,301,,3260,-49.5,3269,11.8
2026-07-30T22:35:13.482913,A05DDC,UAL1863,32.795746,-117.141119,,,108,,3601,-49.5,1458,94.9
2026-07-30T22:35:13.482913,0C217C,CMP362,33.066334,-117.342168,,,109,,7344,-49.5,838,0.3
2026-07-30T22:35:13.482913,0C20F5,CMP302,33.149734,-116.77077,,,280,,0144,-34.7,1631,1.2
2026-07-30T22:35:13.482913,A6CC54,VOI1860,33.206497,-116.64234,,,341,,7362,-49.5,358,36.6
2026-07-30T22:35:13.482913,A146F1,SWA4874,32.925613,-116.892938,,,71,,7332,-49.5,2190,0.2
2026-07-30T22:35:13.482913,A788D3,DAL709,32.673477,-116.954626,,,91,,6701,-49.5,245,114.7
2026-07-30T22:35:13.482913,A58A67,SWA3822,32.953537,-117.32981,,,144,,3344,-29.1,576,0.9
2026-07-30T22:35:13.482913,0D0B91,,32.435877,-117.222664,,,329,,2663,-49.5,145,10.1
2026-07-30T22:35:13.482913,A9D63B,ASA1621,32.873887,-117.412907,,,310,,7377,-49.5,141,2.6
2026-07-30T22:35:13.482913,0D0A04,VOI1720,32.997437,-116.326774,,,300,,2063,-34.0,159,0.5
2026-07-30T22:35:13.482913,A56862,,33.734871,-116.493244,,,,,,-49.5,6,26.3
2026-07-30T22:35:18.532586,ADD949,N9914L,32.865692,-117.142493,,,191,,0233,-34.0,6740,37.5
2026-07-30T22:35:18.532586,0D0377,VIV518,33.305557,-117.611719,,,301,,3260,-49.5,3270,3.8
2026-07-30T22:35:18.532586,A05DDC,UAL1863,32.795746,-117.141119,,,108,,3601,-49.5,1458,99.9
2026-07-30T22:35:18.532586,0C217C,CMP362,33.063126,-117.331458,,,109,,7344,-49.5,869,0.2
2026-07-30T22:35:18.532586,0C20F5,CMP302,33.151932,-116.785052,,,280,,0144,-49.5,1662,0.4
2026-07-30T22:35:18.532586,A6CC54,VOI1860,33.279822,-116.676879,,,341,,7362,-32.2,379,0.8
2026-07-30T22:35:18.532586,A146F1,SWA4874,32.928131,-116.883765,,,71,,7332,-30.6,2216,0.1
2026-07-30T22:35:18.532586,A788D3,DAL709,32.673477,-116.954626,,,91,,6701,-49.5,245,119.8
2026-07-30T22:35:18.532586,A58A67,SWA3822,32.947439,-117.324736,,,144,,3344,-34.2,607,0.4
2026-07-30T22:35:18.532586,0D0B91,,32.435877,-117.222664,,,329,,2663,-49.5,146,15.2
2026-07-30T22:35:18.532586,A9D63B,ASA1621,32.873887,-117.412907,,,310,,7377,-49.5,141,7.6
2026-07-30T22:35:18.532586,0D0A04,VOI1720,33.003159,-116.338239,,,300,,2063,-49.5,197,0.4
2026-07-30T22:35:18.532586,A56862,,33.734871,-116.493244,,,,,,-34.4,8,31.4
2026-07-30T22:35:23.571511,ADD949,N9914L,32.865692,-117.142493,,,191,,0233,-34.0,6740,42.6
2026-07-30T22:35:23.571511,0D0377,VIV518,33.305557,-117.611719,,,301,,3260,-49.5,3270,8.8
2026-07-30T22:35:23.571511,A05DDC,UAL1863,32.795746,-117.141119,,,108,,3601,-49.5,1458,105.0
2026-07-30T22:35:23.571511,0C217C,CMP362,33.060013,-117.320856,,,109,,7344,-20.5,924,0.0
2026-07-30T22:35:23.571511,0C20F5,CMP302,33.153763,-116.796808,,,280,,0144,-49.5,1717,0.5
2026-07-30T22:35:23.571511,A6CC54,VOI1860,33.289352,-116.680847,,,340,,7362,-49.5,409,0.6
2026-07-30T22:35:23.571511,A146F1,SWA4874,32.92961,-116.878332,,,71,,7332,-49.5,2233,2.1
2026-07-30T22:35:23.571511,A788D3,DAL709,32.673477,-116.954626,,,91,,6701,-49.5,245,124.8
2026-07-30T22:35:23.571511,A58A67,SWA3822,32.944786,-117.322494,,,144,,3344,-32.6,616,3.1
2026-07-30T22:35:23.571511,0D0B91,,32.435877,-117.222664,,,329,,2663,-49.5,146,20.2
2026-07-30T22:35:23.571511,A9D63B,ASA1621,32.884369,-117.427533,,,310,,7377,-49.5,186,0.8
2026-07-30T22:35:23.571511,0D0A04,VOI1720,33.008606,-116.34917,,,300,,2063,-49.5,234,0.6
2026-07-30T22:35:23.571511,A56862,,33.734871,-116.493244,,,,,,-34.4,8,36.4
2026-07-30T22:35:28.610453,ADD949,N9914L,32.865692,-117.142493,,,191,,0233,-34.0,6740,47.7
2026-07-30T22:35:28.610453,0D0377,VIV518,33.305557,-117.611719,,,301,,3260,-49.5,3270,13.9
2026-07-30T22:35:28.610453,A05DDC,UAL1863,32.795746,-117.141119,,,108,,3601,-49.5,1458,110.1
2026-07-30T22:35:28.610453,0C217C,CMP362,33.057083,-117.310913,,,109,,7344,-49.5,970,0.0
2026-07-30T22:35:28.610453,0C20F5,CMP302,33.155594,-116.808783,,,280,,0144,-49.5,1786,0.6
2026-07-30T22:35:28.610453,A6CC54,VOI1860,33.298024,-116.684446,,,340,,7362,-31.1,428,0.8
2026-07-30T22:35:28.610453,A146F1,SWA4874,32.932775,-116.866785,,,71,,7332,-30.4,2267,0.8
2026-07-30T22:35:28.610453,A58A67,SWA3822,32.936005,-117.315088,,,144,,3344,-49.5,658,0.0
2026-07-30T22:35:28.610453,0D0B91,,32.435877,-117.222664,,,329,,2663,-37.3,147,25.3
2026-07-30T22:35:28.610453,A9D63B,ASA1621,32.884369,-117.427533,,,310,,7377,-35.4,187,5.9
2026-07-30T22:35:28.610453,0D0A04,VOI1720,33.014053,-116.360101,,,300,,2063,-49.5,278,0.7
2026-07-30T22:35:28.610453,A56862,,33.734871,-116.493244,,,,,,-34.4,8,41.5
2026-07-30T22:35:28.610453,AE6BA0,,33.18924,-117.837488,,,150,,,-49.5,6,1.8
2026-07-30T22:35:33.689550,ADD949,N9914L,32.865692,-117.142493,,,191,,0233,-34.0,6740,52.7
2026-07-30T22:35:33.689550,0D0377,VIV518,33.305557,-117.611719,,,301,,3260,-36.5,3271,19.0
2026-07-30T22:35:33.689550,A05DDC,UAL1863,32.795746,-117.141119,,,108,,3601,-49.5,1458,115.2
2026-07-30T22:35:33.689550,0C217C,CMP362,33.053997,-117.300521,,,109,,7344,-20.7,1020,0.1
2026-07-30T22:35:33.689550,0C20F5,CMP302,33.157059,-116.818616,,,280,,0144,-49.5,1842,1.6
2026-07-30T22:35:33.689550,A6CC54,VOI1860,33.306497,-116.687977,,,340,,7362,-49.5,453,1.1
2026-07-30T22:35:33.689550,A146F1,SWA4874,32.935043,-116.858496,,,71,,7332,-49.5,2305,1.3
2026-07-30T22:35:33.689550,A58A67,SWA3822,32.931793,-117.311572,,,144,,3344,-32.6,743,1.3
2026-07-30T22:35:33.689550,0D0B91,,32.435877,-117.222664,,,329,,2663,-37.3,147,30.4
2026-07-30T22:35:33.689550,A9D63B,ASA1621,32.884369,-117.427533,,,310,,7377,-35.4,187,11.0
2026-07-30T22:35:33.689550,0D0A04,VOI1720,33.02034,-116.372793,,,300,,2063,-27.7,331,0.2
2026-07-30T22:35:33.689550,A56862,,33.734871,-116.493244,,,,,,-34.4,8,46.6
2026-07-30T22:35:33.689550,AE6BA0,,33.18924,-117.837488,,,150,,,-35.9,7,6.9
2026-07-30T22:35:38.768096,ADD949,N9914L,32.865692,-117.142493,,,191,,0233,-34.0,6740,57.8
2026-07-30T22:35:38.768096,0D0377,VIV518,33.305557,-117.611719,,,301,,3260,-36.5,3271,24.0
2026-07-30T22:35:38.768096,A05DDC,UAL1863,32.795746,-117.141119,,,108,,3601,-49.5,1458,120.2
2026-07-30T22:35:38.768096,0C217C,CMP362,33.050903,-117.290149,,,109,,7344,-49.5,1057,0.1
2026-07-30T22:35:38.768096,0C20F5,CMP302,33.159256,-116.832843,,,280,,0144,-49.5,1866,0.6
2026-07-30T22:35:38.768096,A6CC54,VOI1860,33.315714,-116.691845,,,340,,7362,-49.5,485,0.9
2026-07-30T22:35:38.768096,A146F1,SWA4874,32.935043,-116.858496,,,71,,7332,-49.5,2305,6.3
2026-07-30T22:35:38.768096,A58A67,SWA3822,32.925187,-117.306014,,,144,,3344,-49.5,781,0.1
2026-07-30T22:35:38.768096,0D0B91,,32.435877,-117.222664,,,329,,2663,-37.3,147,35.4
2026-07-30T22:35:38.768096,A9D63B,ASA1621,32.884369,-117.427533,,,310,,7377,-35.4,187,16.0
2026-07-30T22:35:38.768096,0D0A04,VOI1720,33.025772,-116.383667,,,300,,2063,-49.5,398,0.4
2026-07-30T22:35:38.768096,A56862,,33.734871,-116.493244,,,,,,-34.4,8,51.6
2026-07-30T22:35:38.768096,AE6BA0,,33.18924,-117.837488,,,150,,,-35.9,7,11.9
2026-07-30T22:35:43.821268,ADD949,N9914L,32.865692,-117.142493,,,191,,0233,-34.0,6740,62.8
2026-07-30T22:35:43.821268,0D0377,VIV518,33.305557,-117.611719,,,301,,3260,-36.5,3271,29.1
2026-07-30T22:35:43.821268,A05DDC,UAL1863,32.795746,-117.141119,,,108,,3601,-49.5,1458,125.3
2026-07-30T22:35:43.821268,0C217C,CMP362,33.047992,-117.280342,,,109,,7344,-49.5,1073,0.4
2026-07-30T22:35:43.821268,0C20F5,CMP302,33.161087,-116.845203,,,280,,0144,-49.5,1918,0.5
2026-07-30T22:35:43.821268,A6CC54,VOI1860,33.326157,-116.696283,,,340,,7362,-29.1,512,0.0
2026-07-30T22:35:43.821268,A146F1,SWA4874,32.935043,-116.858496,,,71,,7332,-49.5,2305,11.4
2026-07-30T22:35:43.821268,A58A67,SWA3822,32.920074,-117.301794,,,144,,3344,-49.5,830,0.4
2026-07-30T22:35:43.821268,0D0B91,,32.435877,-117.222664,,,329,,2663,-34.9,148,40.5
2026-07-30T22:35:43.821268,A9D63B,ASA1621,32.884369,-117.427533,,,310,,7377,-35.4,187,21.1
2026-07-30T22:35:43.821268,0D0A04,VOI1720,33.030899,-116.393994,,,300,,2063,-29.2,452,0.8
2026-07-30T22:35:43.821268,A56862,,33.734871,-116.493244,,,,,,-34.4,8,56.7
2026-07-30T22:35:43.821268,AE6BA0,,33.18924,-117.837488,,,150,,,-35.9,7,17.0
2026-07-30T22:35:48.872025,0D0377,VIV518,33.305557,-117.611719,,,301,,3260,-36.5,3271,34.2
2026-07-30T22:35:48.872025,A05DDC,UAL1863,32.795746,-117.141119,,,108,,3601,-49.5,1458,130.3
2026-07-30T22:35:48.872025,0C217C,CMP362,33.044769,-117.269495,,,109,,7344,-49.5,1110,0.0
2026-07-30T22:35:48.872025,0C20F5,CMP302,33.162781,-116.856848,,,279,,0144,-49.5,1966,0.7
2026-07-30T22:35:48.872025,A6CC54,VOI1860,33.334801,-116.699972,,,340,,7362,-49.5,545,0.2
2026-07-30T22:35:48.872025,A146F1,SWA4874,32.935043,-116.858496,,,71,,7332,-49.5,2305,16.5
2026-07-30T22:35:48.872025,A58A67,SWA3822,32.915222,-117.297729,,,145,,3344,-49.5,866,0.9
2026-07-30T22:35:48.872025,0D0B91,,32.435877,-117.222664,,,328,,2663,-31.7,168,45.6
2026-07-30T22:35:48.872025,A9D63B,ASA1621,32.884369,-117.427533,,,310,,7377,-35.4,187,26.1
2026-07-30T22:35:48.872025,0D0A04,VOI1720,33.037216,-116.406903,,,299,,2063,-49.5,501,0.2
2026-07-30T22:35:48.872025,A56862,,33.734871,-116.493244,,,,,,-34.4,8,61.7
2026-07-30T22:35:48.872025,AE6BA0,,33.18924,-117.837488,,,150,,,-35.9,7,22.0
2026-07-30T22:35:53.950700,0D0377,VIV518,33.305557,-117.611719,,,301,,3260,-36.5,3271,39.2
2026-07-30T22:35:53.950700,0C217C,CMP362,33.041708,-117.259322,,,109,,7344,-22.3,1167,0.2
2026-07-30T22:35:53.950700,0C20F5,CMP302,33.164566,-116.869153,,,279,,0144,-49.5,2013,0.6
2026-07-30T22:35:53.950700,A6CC54,VOI1860,33.338745,-116.701666,,,340,,7362,-33.1,560,2.9
2026-07-30T22:35:53.950700,A146F1,SWA4874,32.935043,-116.858496,,,71,,7332,-49.5,2305,21.5
2026-07-30T22:35:53.950700,A58A67,SWA3822,32.911194,-117.294379,,,145,,3344,-30.0,915,2.1
2026-07-30T22:35:53.950700,0D0B91,,32.520695,-117.281407,,,327,,2663,-49.5,178,4.9
2026-07-30T22:35:53.950700,A9D63B,ASA1621,32.884369,-117.427533,,,310,,7377,-33.9,188,31.2
2026-07-30T22:35:53.950700,0D0A04,VOI1720,33.042114,-116.41745,,,298,,2063,-32.6,539,0.6
2026-07-30T22:35:53.950700,A56862,,33.734871,-116.493244,,,,,,-34.4,8,66.8
2026-07-30T22:35:53.950700,AE6BA0,,33.18924,-117.837488,,,150,,,-35.9,7,27.1
2026-07-30T22:35:53.950700,A5CA89,,33.305426,-117.66122,,,,,,-34.8,4,0.4
2026-07-30T22:35:59.000199,0D0377,VIV518,33.305557,-117.611719,,,301,,3260,-36.5,3271,44.2
2026-07-30T22:35:59.000199,0C217C,CMP362,33.038727,-117.24928,,,109,,7344,-49.5,1233,0.3
2026-07-30T22:35:59.000199,0C20F5,CMP302,33.166489,-116.882062,,,279,,0144,-27.7,2079,0.2
2026-07-30T22:35:59.000199,A6CC54,VOI1860,33.338745,-116.701666,,,340,,7362,-33.1,560,8.0
2026-07-30T22:35:59.000199,A146F1,SWA4874,32.935043,-116.858496,,,71,,7332,-49.5,2306,26.5
2026-07-30T22:35:59.000199,A58A67,SWA3822,32.904648,-117.28905,,,145,,3344,-26.1,988,0.9
2026-07-30T22:35:59.000199,0D0B91,,32.520695,-117.281407,,,326,,2663,-49.5,189,9.9
2026-07-30T22:35:59.000199,A9D63B,ASA1621,32.914574,-117.470473,,,310,,7377,-33.2,196,2.1
2026-07-30T22:35:59.000199,0D0A04,VOI1720,33.047287,-116.429041,,,297,,2063,-49.5,573,0.7
2026-07-30T22:35:59.000199,A56862,,33.734871,-116.493244,,,,,,-34.4,8,71.8
2026-07-30T22:35:59.000199,AE6BA0,,33.18924,-117.837488,,,150,,,-35.9,7,32.1
2026-07-30T22:35:59.000199,A5CA89,,33.29892,-117.654291,,,138,,,-49.5,10,0.5
2026-07-30T22:36:04.038145,0D0377,VIV518,33.305557,-117.611719,,,301,,3260,-36.5,3271,49.3
2026-07-30T22:36:04.038145,0C217C,CMP362,33.035656,-117.238807,,,109,,7344,-24.4,1295,0.2
2026-07-30T22:36:04.038145,0C20F5,CMP302,33.168004,-116.892682,,,279,,0144,-31.7,2131,0.8
2026-07-30T22:36:04.038145,A6CC54,VOI1860,33.338745,-116.701666,,,340,,7362,-33.1,560,13.0
2026-07-30T22:36:04.038145,A146F1,SWA4874,32.935043,-116.858496,,,71,,7332,-49.5,2306,31.6
2026-07-30T22:36:04.038145,A58A67,SWA3822,32.902144,-117.286956,,,145,,3344,-31.0,1020,3.5
2026-07-30T22:36:04.038145,0D0B91,,32.540247,-117.296709,,,325,,2663,-49.5,201,4.1
2026-07-30T22:36:04.038145,A9D63B,ASA1621,32.914574,-117.470473,,,310,,7377,-33.2,196,7.2
2026-07-30T22:36:04.038145,0D0A04,VOI1720,33.051132,-116.438159,,,296,,2063,-49.5,602,1.9
2026-07-30T22:36:04.038145,A56862,,33.734871,-116.493244,,,,,,-34.4,8,76.9
2026-07-30T22:36:04.038145,AE6BA0,,33.18924,-117.837488,,,150,,,-35.9,7,37.2
2026-07-30T22:36:04.038145,A5CA89,,33.296356,-117.651544,,,138,,,-35.9,15,3.6
2026-07-30T22:36:09.078714,0D0377,VIV518,33.305557,-117.611719,,,301,,3260,-36.5,3271,54.3
2026-07-30T22:36:09.078714,0C217C,CMP362,33.032593,-117.228571,,,109,,7344,-49.5,1334,0.3
2026-07-30T22:36:09.078714,0C20F5,CMP302,33.170151,-116.907001,,,279,,0144,-23.7,2208,0.0
2026-07-30T22:36:09.078714,A6CC54,VOI1860,33.338745,-116.701666,,,340,,7362,-33.1,560,18.1
2026-07-30T22:36:09.078714,A146F1,SWA4874,32.935043,-116.858496,,,71,,7332,-49.5,2306,36.6
2026-07-30T22:36:09.078714,A58A67,SWA3822,32.894323,-117.280566,,,145,,3344,-32.4,1059,1.1
2026-07-30T22:36:09.078714,0D0B91,,32.554321,-117.308496,,,324,,2663,-35.9,207,1.1
2026-07-30T22:36:09.078714,A9D63B,ASA1621,32.914574,-117.470473,,,310,,7377,-33.2,196,12.2
2026-07-30T22:36:09.078714,0D0A04,VOI1720,33.056763,-116.452112,,,294,,2063,-33.1,627,1.0
2026-07-30T22:36:09.078714,A56862,,33.734871,-116.493244,,,,,,-34.4,8,81.9
2026-07-30T22:36:09.078714,AE6BA0,,33.18924,-117.837488,,,150,,,-35.9,7,42.2
2026-07-30T22:36:09.078714,A5CA89,,33.296356,-117.651544,,,138,,,-49.5,17,8.6
2026-07-30T22:36:09.078714,A9AB05,,32.966945,-116.266517,,,300,,,-32.8,51,0.1
2026-07-30T22:36:14.133722,0D0377,VIV518,33.305557,-117.611719,,,301,,3260,-36.5,3271,59.4
2026-07-30T22:36:14.133722,0C217C,CMP362,33.029892,-117.219507,,,109,,7344,-49.5,1366,1.0
2026-07-30T22:36:14.133722,0C20F5,CMP302,33.171707,-116.917273,,,280,,0144,-26.0,2271,0.9
2026-07-30T22:36:14.133722,A6CC54,VOI1860,33.338745,-116.701666,,,340,,7362,-33.1,560,23.1
2026-07-30T22:36:14.133722,A146F1,SWA4874,32.935043,-116.858496,,,71,,7332,-49.5,2306,41.7
2026-07-30T22:36:14.133722,A58A67,SWA3822,32.888077,-117.275427,,,145,,3344,-49.5,1094,0.1
2026-07-30T22:36:14.133722,0D0B91,,32.554321,-117.308496,,,324,,2663,-35.3,212,6.2
2026-07-30T22:36:14.133722,A9D63B,ASA1621,32.914574,-117.470473,,,310,,7377,-33.2,196,17.2
2026-07-30T22:36:14.133722,0D0A04,VOI1720,33.061353,-116.464159,,,294,,2063,-30.1,664,1.0
2026-07-30T22:36:14.133722,A56862,,33.734871,-116.493244,,,,,,-34.4,8,87.0
2026-07-30T22:36:14.133722,AE6BA0,,33.18924,-117.837488,,,150,,,-35.9,7,47.3
2026-07-30T22:36:14.133722,A5CA89,,33.296356,-117.651544,,,138,,,-49.5,17,13.7
2026-07-30T22:36:14.133722,A9AB05,ASA617,32.972531,-116.277727,,,300,,1365,-49.5,101,0.0
2026-07-30T22:36:19.182212,0D0377,VIV518,33.305557,-117.611719,,,301,,3260,-36.5,3271,64.5
2026-07-30T22:36:19.182212,0C217C,CMP362,33.026871,-117.209399,,,109,,7344,-49.5,1406,1.1
2026-07-30T22:36:19.182212,0C20F5,CMP302,33.173776,-116.931582,,,279,,0144,-20.7,2343,0.0
2026-07-30T22:36:19.182212,A6CC54,VOI1860,33.338745,-116.701666,,,340,,7362,-33.1,560,28.2
2026-07-30T22:36:19.182212,A146F1,SWA4874,32.935043,-116.858496,,,71,,7332,-49.5,2306,46.8
2026-07-30T22:36:19.182212,A58A67,SWA3822,32.883197,-117.271374,,,144,,3344,-49.5,1153,0.5
2026-07-30T22:36:19.182212,0D0B91,VOI1812,32.554321,-117.308496,,,324,,2663,-33.0,228,11.2
2026-07-30T22:36:19.182212,A9D63B,ASA1621,32.931656,-117.49455,,,310,,7377,-33.7,200,3.7
2026-07-30T22:36:19.182212,0D0A04,VOI1720,33.066706,-116.478564,,,293,,2063,-49.5,709,0.0
2026-07-30T22:36:19.182212,AE6BA0,,33.18924,-117.837488,,,150,,,-35.9,7,52.4
2026-07-30T22:36:19.182212,A5CA89,,33.296356,-117.651544,,,138,,,-49.5,17,18.8
2026-07-30T22:36:19.182212,A9AB05,ASA617,32.977233,-116.2872,,,300,,1365,-31.5,148,0.8
2026-07-30T22:36:24.260755,0D0377,VIV518,33.305557,-117.611719,,,301,,3260,-36.5,3271,69.5
2026-07-30T22:36:24.260755,0C217C,CMP362,33.023346,-117.197479,,,109,,7344,-26.4,1448,0.4
2026-07-30T22:36:24.260755,0C20F5,CMP302,33.175592,-116.94397,,,279,,0144,-49.5,2401,0.2
2026-07-30T22:36:24.260755,A6CC54,VOI1860,33.338745,-116.701666,,,340,,7362,-33.1,560,33.3
2026-07-30T22:36:24.260755,A146F1,SWA4874,32.935043,-116.858496,,,71,,7332,-49.5,2306,51.8
2026-07-30T22:36:24.260755,A58A67,SWA3822,32.877611,-117.266721,,,144,,3344,-33.1,1191,0.0
2026-07-30T22:36:24.260755,0D0B91,VOI1812,32.579816,-117.330285,,,324,,2663,-35.3,247,1.6
2026-07-30T22:36:24.260755,A9D63B,ASA1621,32.938889,-117.504602,,,310,,7377,-32.9,232,1.3
2026-07-30T22:36:24.260755,0D0A04,VOI1720,33.07045,-116.488531,,,293,,2063,-34.3,727,1.0
2026-07-30T22:36:24.260755,AE6BA0,,33.18924,-117.837488,,,150,,,-35.9,7,57.4
2026-07-30T22:36:24.260755,A5CA89,,33.296356,-117.651544,,,138,,,-49.5,17,23.8
2026-07-30T22:36:24.260755,A9AB05,ASA617,32.982971,-116.298798,,,300,,1365,-49.5,190,0.6
2026-07-30T22:36:29.312617,0D0377,VIV518,33.305557,-117.611719,,,301,,3260,-36.5,3271,74.6
2026-07-30T22:36:29.312617,0C217C,CMP362,33.020233,-117.187152,,,109,,7344,-49.5,1494,0.5
2026-07-30T22:36:29.312617,0C20F5,CMP302,33.177429,-116.956549,,,279,,0144,-24.4,2444,0.2
2026-07-30T22:36:29.312617,A6CC54,VOI1860,33.338745,-116.701666,,,340,,7362,-33.1,560,38.3
2026-07-30T22:36:29.312617,A146F1,SWA4874,32.935043,-116.858496,,,71,,7332,-49.5,2306,56.9
2026-07-30T22:36:29.312617,A58A67,SWA3822,32.874539,-117.264143,,,144,,3344,-32.6,1231,2.1
2026-07-30T22:36:29.312617,0D0B91,VOI1812,32.579816,-117.330285,,,324,,2663,-35.3,247,6.7
2026-07-30T22:36:29.312617,A9D63B,ASA1621,32.938889,-117.504602,,,310,,7377,-49.5,233,6.4
2026-07-30T22:36:29.312617,0D0A04,VOI1720,33.075784,-116.502779,,,294,,2063,-30.2,759,0.0
2026-07-30T22:36:29.312617,AE6BA0,,33.18924,-117.837488,,,150,,,-35.9,7,62.5
2026-07-30T22:36:29.312617,A5CA89,,33.296356,-117.651544,,,138,,,-49.5,18,28.9
2026-07-30T22:36:29.312617,A9AB05,ASA617,32.988545,-116.310014,,,300,,1365,-30.6,240,0.6
2026-07-30T22:36:34.366399,0C217C,CMP362,33.016937,-117.175946,,,109,,7344,-49.5,1546,0.1
2026-07-30T22:36:34.366399,0C20F5,CMP302,33.179214,-116.968579,,,279,,0144,-49.5,2502,0.2
2026-07-30T22:36:34.366399,A6CC54,VOI1860,33.413241,-116.73338,,,340,,7362,-49.5,573,0.4
2026-07-30T22:36:34.366399,A146F1,SWA4874,32.935043,-116.858496,,,71,,7332,-49.5,2306,62.0
2026-07-30T22:36:34.366399,A58A67,SWA3822,32.867602,-117.258369,,,145,,3344,-49.5,1250,0.3
2026-07-30T22:36:34.366399,0D0B91,VOI1812,32.579816,-117.330285,,,324,,2663,-49.5,250,11.8
2026-07-30T22:36:34.366399,A9D63B,ASA1621,32.950012,-117.520148,,,310,,7377,-30.7,256,0.1
2026-07-30T22:36:34.366399,0D0A04,VOI1720,33.079415,-116.512308,,,294,,2063,-49.5,810,1.2
2026-07-30T22:36:34.366399,A5CA89,,33.296356,-117.651544,,,138,,,-49.5,18,33.9
2026-07-30T22:36:34.366399,A9AB05,ASA617,32.99483,-116.322682,,,300,,1365,-49.5,286,0.0
2026-07-30T22:36:39.443669,0C217C,CMP362,33.014335,-117.167284,,,109,,7344,-49.5,1597,0.9
2026-07-30T22:36:39.443669,0C20F5,CMP302,33.181085,-116.981525,,,279,,0144,-18.8,2583,0.0
2026-07-30T22:36:39.443669,A6CC54,VOI1860,33.421527,-116.736911,,,340,,7362,-33.5,591,0.5
2026-07-30T22:36:39.443669,A146F1,SWA4874,32.935043,-116.858496,,,71,,7332,-49.5,2306,67.0
2026-07-30T22:36:39.443669,A58A67,SWA3822,32.862342,-117.254109,,,145,,3344,-49.5,1274,0.2
2026-07-30T22:36:39.443669,0D0B91,VOI1812,32.579816,-117.330285,,,324,,2663,-36.1,251,16.8
2026-07-30T22:36:39.443669,A9D63B,ASA1621,32.954702,-117.526694,,,310,,7377,-36.2,279,0.5
2026-07-30T22:36:39.443669,0D0A04,VOI1720,33.084595,-116.526105,,,294,,2063,-49.5,850,0.5
2026-07-30T22:36:39.443669,A5CA89,,33.296356,-117.651544,,,138,,,-49.5,18,39.0
2026-07-30T22:36:39.443669,A9AB05,ASA617,32.998042,-116.329128,,,300,,1365,-49.5,329,2.2
2026-07-30T22:36:44.493423,0C217C,CMP362,33.010941,-117.155896,,,109,,7344,-25.7,1639,0.5
2026-07-30T22:36:44.493423,0C20F5,CMP302,33.182714,-116.992736,,,279,,0144,-49.5,2657,0.4
2026-07-30T22:36:44.493423,A6CC54,VOI1860,33.429767,-116.740386,,,340,,7362,-49.5,601,0.6
2026-07-30T22:36:44.493423,A146F1,SWA4874,32.935043,-116.858496,,,71,,7332,-49.5,2306,72.0
2026-07-30T22:36:44.493423,A58A67,SWA3822,32.858059,-117.250634,,,145,,3344,-49.5,1321,1.0
2026-07-30T22:36:44.493423,0D0B91,VOI1812,32.613334,-117.35876,,,324,,2663,-49.5,257,2.6
2026-07-30T22:36:44.493423,A9D63B,ASA1621,32.959991,-117.534045,,,310,,7377,-30.9,291,0.4
2026-07-30T22:36:44.493423,0D0A04,VOI1720,33.085374,-116.528115,,,294,,2063,-49.5,865,4.6
2026-07-30T22:36:44.493423,A5CA89,,33.296356,-117.651544,,,138,,,-49.5,18,44.0
2026-07-30T22:36:44.493423,A9AB05,ASA617,33.005951,-116.345105,,,300,,1365,-31.4,383,0.0
2026-07-30T22:36:49.534162,0C217C,CMP362,33.007919,-117.145734,,,109,,7344,-18.3,1680,0.7
2026-07-30T22:36:49.534162,0C20F5,CMP302,33.184577,-117.005572,,,279,,0144,-49.5,2721,0.3
2026-07-30T22:36:49.534162,A6CC54,VOI1860,33.429767,-116.740386,,,340,,7362,-49.5,605,5.7
2026-07-30T22:36:49.534162,A146F1,SWA4874,32.935043,-116.858496,,,71,,7332,-49.5,2306,77.1
2026-07-30T22:36:49.534162,A58A67,SWA3822,32.85434,-117.247632,,,145,,3344,-32.6,1332,2.4
2026-07-30T22:36:49.534162,0D0B91,VOI1812,32.613334,-117.35876,,,324,,2663,-35.7,259,7.7
2026-07-30T22:36:49.534162,A9D63B,ASA1621,32.961591,-117.536279,,,310,,7377,-49.5,314,4.0
2026-07-30T22:36:49.534162,0D0A04,VOI1720,33.085374,-116.528115,,,294,,2063,-49.5,865,9.7
2026-07-30T22:36:49.534162,A5CA89,,33.296356,-117.651544,,,138,,,-49.5,18,49.1
2026-07-30T22:36:49.534162,A9AB05,ASA617,33.011261,-116.355762,,,300,,1365,-49.5,442,0.3
2026-07-30T22:36:54.603397,0C217C,CMP362,33.004978,-117.13595,,,109,,7344,-18.2,1723,1.0
2026-07-30T22:36:54.603397,0C20F5,CMP302,33.186299,-117.017679,,,279,,0144,-19.8,2771,0.2
2026-07-30T22:36:54.603397,A6CC54,VOI1860,33.447457,-116.74801,,,340,,7362,-49.5,637,0.0
2026-07-30T22:36:54.603397,A146F1,SWA4874,32.935043,-116.858496,,,71,,7332,-49.5,2306,82.2
2026-07-30T22:36:54.603397,A58A67,SWA3822,32.85434,-117.247632,,,145,,3344,-49.5,1338,7.5
2026-07-30T22:36:54.603397,0D0B91,VOI1812,32.613334,-117.35876,,,324,,2663,-34.6,264,12.8
2026-07-30T22:36:54.603397,A9D63B,ASA1621,32.961591,-117.536279,,,310,,7377,-49.5,314,9.0
2026-07-30T22:36:54.603397,0D0A04,VOI1720,33.098099,-116.561975,,,294,,2063,-31.7,891,0.6
2026-07-30T22:36:54.603397,A5CA89,,33.232851,-117.583811,,,138,,,-38.0,19,4.9
2026-07-30T22:36:54.603397,A9AB05,ASA617,33.016942,-116.367187,,,300,,1365,-28.7,503,0.2
2026-07-30T22:36:59.650294,0C217C,CMP362,33.001393,-117.123899,,,109,,7344,-22.5,1772,0.3
2026-07-30T22:36:59.650294,0C20F5,CMP302,33.188068,-117.029786,,,279,,0144,-49.5,2838,0.3
2026-07-30T22:36:59.650294,A6CC54,VOI1860,33.454393,-116.75098,,,340,,7362,-33.2,663,0.9
2026-07-30T22:36:59.650294,A58A67,SWA3822,32.842804,-117.238239,,,145,,3344,-49.5,1353,0.9
2026-07-30T22:36:59.650294,0D0B91,VOI1812,32.613334,-117.35876,,,324,,2663,-35.0,267,17.8
2026-07-30T22:36:59.650294,A9D63B,ASA1621,32.961591,-117.536279,,,310,,7377,-49.5,314,14.1
2026-07-30T22:36:59.650294,0D0A04,VOI1720,33.101486,-116.571094,,,293,,2063,-29.7,932,1.9
2026-07-30T22:36:59.650294,A5CA89,,33.232851,-117.583811,,,138,,,-36.1,20,9.9
2026-07-30T22:36:59.650294,A9AB05,ASA617,33.022389,-116.378006,,,300,,1365,-27.1,583,0.4
2026-07-30T22:37:04.717905,0C217C,CMP362,32.998306,-117.113489,,,109,,7344,-18.9,1824,0.3
2026-07-30T22:37:04.717905,0C20F5,CMP302,33.189926,-117.042627,,,279,,0144,-49.5,2914,0.2
2026-07-30T22:37:04.717905,A6CC54,VOI1860,33.457764,-116.752423,,,340,,7362,-49.5,673,3.9
2026-07-30T22:37:04.717905,A58A67,SWA3822,32.838693,-117.234827,,,145,,3344,-49.5,1362,1.8
2026-07-30T22:37:04.717905,0D0B91,VOI1812,32.65281,-117.392335,,,324,,2663,-32.4,287,0.3
2026-07-30T22:37:04.717905,A9D63B,ASA1621,32.961591,-117.536279,,,310,,7377,-49.5,314,19.2
2026-07-30T22:37:04.717905,0D0A04,VOI1720,33.107719,-116.587643,,,293,,2063,-49.5,982,0.0
2026-07-30T22:37:04.717905,A5CA89,,33.214325,-117.564478,,,138,,3303,-49.5,37,0.5
2026-07-30T22:37:04.717905,A9AB05,ASA617,33.028152,-116.3896,,,300,,1365,-49.5,650,0.2
2026-07-30T22:37:09.783727,0C217C,CMP362,32.995193,-117.103107,,,109,,7344,-49.5,1877,0.4
2026-07-30T22:37:09.783727,0C20F5,CMP302,33.191652,-117.054674,,,279,,0144,-49.5,2993,0.2
2026-07-30T22:37:09.783727,A6CC54,VOI1860,33.457764,-116.752423,,,340,,7362,-49.5,673,9.0
2026-07-30T22:37:09.783727,A58A67,SWA3822,32.838693,-117.234827,,,145,,3344,-49.5,1362,6.9
2026-07-30T22:37:09.783727,0D0B91,VOI1812,32.661804,-117.400012,,,324,,2663,-32.4,339,0.2
2026-07-30T22:37:09.783727,A9D63B,ASA1621,32.961591,-117.536279,,,310,,7377,-49.5,314,24.2
2026-07-30T22:37:09.783727,0D0A04,VOI1720,33.112106,-116.599384,,,293,,2063,-26.0,1036,0.0
2026-07-30T22:37:09.783727,A5CA89,SWA3506,33.213089,-117.563159,,,138,,3303,-33.6,40,4.6
2026-07-30T22:37:09.783727,A9AB05,ASA617,33.031932,-116.397232,,,300,,1365,-49.5,709,1.8
2026-07-30T22:37:09.783727,AE6BA0,,33.078506,-117.763055,,,,,,-49.5,5,4.6
2026-07-30T22:37:14.833214,0C217C,CMP362,32.992409,-117.093743,,,109,,7344,-21.1,1916,0.9
2026-07-30T22:37:14.833214,0C20F5,CMP302,33.193235,-117.066052,,,279,,0144,-26.2,3047,0.5
2026-07-30T22:37:14.833214,A6CC54,VOI1860,33.457764,-116.752423,,,340,,7362,-49.5,673,14.0
2026-07-30T22:37:14.833214,A58A67,SWA3822,32.82724,-117.22533,,,144,,3344,-49.5,1377,0.1
2026-07-30T22:37:14.833214,0D0B91,VOI1812,32.664459,-117.402264,,,324,,2663,-49.5,350,3.7
2026-07-30T22:37:14.833214,A9D63B,ASA1621,32.961591,-117.536279,,,310,,7377,-49.5,314,29.3
2026-07-30T22:37:14.833214,0D0A04,VOI1720,33.116471,-116.611409,,,293,,2063,-28.9,1096,0.1
2026-07-30T22:37:14.833214,A5CA89,SWA3506,33.213089,-117.563159,,,138,,3303,-33.6,40,9.7
2026-07-30T22:37:14.833214,A9AB05,ASA617,33.039139,-116.411902,,,300,,1365,-49.5,773,0.1
2026-07-30T22:37:14.833214,AE6BA0,,33.078506,-117.763055,,,,,,-35.8,7,9.6
2026-07-30T22:37:19.894061,0C217C,CMP362,32.988685,-117.081243,,,109,,7344,-49.5,1949,0.0
2026-07-30T22:37:19.894061,0C20F5,CMP302,33.19519,-117.079785,,,279,,0144,-17.2,3116,0.0
2026-07-30T22:37:19.894061,A6CC54,VOI1860,33.457764,-116.752423,,,340,,7362,-49.5,673,19.1
2026-07-30T22:37:19.894061,A58A67,SWA3822,32.82524,-117.223617,,,144,,3344,-49.5,1394,3.2
2026-07-30T22:37:19.894061,0D0B91,VOI1812,32.679578,-117.415149,,,324,,2663,-49.5,374,0.2
2026-07-30T22:37:19.894061,A9D63B,ASA1621,32.961591,-117.536279,,,310,,7377,-49.5,314,34.3
2026-07-30T22:37:19.894061,0D0A04,VOI1720,33.119776,-116.620994,,,291,,2063,-35.8,1127,1.1
2026-07-30T22:37:19.894061,A5CA89,SWA3506,33.194865,-117.544238,,,138,,3303,-34.0,51,0.4
2026-07-30T22:37:19.894061,A9AB05,ASA617,33.044594,-116.423577,,,297,,1365,-49.5,825,0.0
2026-07-30T22:37:19.894061,AE6BA0,,33.064362,-117.749432,,,,,,-34.5,8,1.0
2026-07-30T22:37:24.992742,0C217C,CMP362,32.98558,-117.070807,,,109,,7344,-49.5,1985,0.1
2026-07-30T22:37:24.992742,0C20F5,CMP302,33.196838,-117.091846,,,279,,0144,-29.8,3164,0.0
2026-07-30T22:37:24.992742,A6CC54,VOI1860,33.457764,-116.752423,,,340,,7362,-49.5,673,24.2
2026-07-30T22:37:24.992742,A58A67,SWA3822,32.82524,-117.223617,,,136,,3344,-34.5,1395,8.2
2026-07-30T22:37:24.992742,0D0B91,VOI1812,32.681812,-117.417054,,,324,,2663,-49.5,385,3.9
2026-07-30T22:37:24.992742,A9D63B,ASA1621,33.002045,-117.592499,,,310,,7377,-49.5,353,0.8
2026-07-30T22:37:24.992742,0D0A04,VOI1720,33.119776,-116.620994,,,291,,2063,-34.4,1128,6.2
2026-07-30T22:37:24.992742,A5CA89,SWA3506,33.188813,-117.53796,,,138,,3303,-33.4,87,0.7
2026-07-30T22:37:24.992742,A9AB05,ASA617,33.049072,-116.434149,,,296,,1365,-49.5,861,0.4
2026-07-30T22:37:24.992742,AE6BA0,,33.064362,-117.749432,,,,,,-34.5,8,6.1
2026-07-30T22:37:24.992742,A146F1,SWA4874,32.992455,-116.649525,,,72,,7332,-34.4,15,0.0
2026-07-30T22:37:30.049816,0C217C,CMP362,32.982697,-117.061194,,,109,,7344,-19.7,2019,0.6
2026-07-30T22:37:30.049816,0C20F5,CMP302,33.198449,-117.103608,,,279,,0144,-49.5,3205,0.2
2026-07-30T22:37:30.049816,A6CC54,VOI1860,33.457764,-116.752423,,,340,,7362,-49.5,673,29.2
2026-07-30T22:37:30.049816,A58A67,SWA3822,32.82524,-117.223617,,,136,,3344,-33.0,1396,13.3
2026-07-30T22:37:30.049816,0D0B91,VOI1812,32.681812,-117.417054,,,324,,2663,-33.4,392,9.0
2026-07-30T22:37:30.049816,A9D63B,ASA1621,33.007352,-117.599898,,,310,,7377,-49.5,401,0.8
2026-07-30T22:37:30.049816,0D0A04,VOI1720,33.126755,-116.643439,,,291,,2063,-49.5,1129,2.0
2026-07-30T22:37:30.049816,A5CA89,SWA3506,33.186439,-117.535438,,,138,,3303,-49.5,94,3.9
2026-07-30T22:37:30.049816,A9AB05,ASA617,33.053579,-116.445437,,,294,,1365,-49.5,910,0.5
2026-07-30T22:37:30.049816,AE6BA0,,33.064362,-117.749432,,,141,,,-49.5,13,11.2
2026-07-30T22:37:30.049816,A146F1,SWA4874,32.993317,-116.646405,,,72,,7332,-33.1,24,3.4
2026-07-30T22:37:35.094007,0C217C,CMP362,32.979514,-117.050582,,,109,,7344,-16.6,2055,0.5
2026-07-30T22:37:35.094007,0C20F5,CMP302,33.200134,-117.115631,,,279,,0144,-25.7,3247,0.2
2026-07-30T22:37:35.094007,A6CC54,VOI1860,33.457764,-116.752423,,,340,,7362,-49.5,673,34.3
2026-07-30T22:37:35.094007,A58A67,SWA3822,32.811447,-117.206323,,,121,,3344,-33.0,1404,0.8
2026-07-30T22:37:35.094007,0D0B91,VOI1812,32.681812,-117.417054,,,324,,2663,-35.8,395,14.0
2026-07-30T22:37:35.094007,A9D63B,ASA1621,33.007352,-117.599898,,,310,,7377,-49.5,401,5.8
2026-07-30T22:37:35.094007,0D0A04,VOI1720,33.131228,-116.660007,,,287,,2063,-33.5,1147,0.3
2026-07-30T22:37:35.094007,A5CA89,SWA3506,33.186439,-117.535438,,,138,,3303,-34.5,96,8.9
2026-07-30T22:37:35.094007,A9AB05,ASA617,33.056604,-116.453565,,,293,,1365,-49.5,957,2.1
2026-07-30T22:37:35.094007,AE6BA0,,33.050273,-117.73605,,,141,,,-35.5,19,2.8
2026-07-30T22:37:35.094007,A146F1,SWA4874,32.99618,-116.635848,,,72,,7332,-49.5,29,3.0
2026-07-30T22:37:40.143813,0C217C,CMP362,32.976348,-117.039932,,,109,,7344,-15.3,2099,0.5
2026-07-30T22:37:40.143813,0C20F5,CMP302,33.201736,-117.127112,,,279,,0144,-49.5,3302,0.4
2026-07-30T22:37:40.143813,A6CC54,VOI1860,33.457764,-116.752423,,,340,,7362,-49.5,673,39.3
2026-07-30T22:37:40.143813,A58A67,SWA3822,32.809158,-117.200171,,,112,,3344,-32.3,1416,0.9
2026-07-30T22:37:40.143813,0D0B91,VOI1812,32.714539,-117.444969,,,324,,2663,-28.4,435,0.4
2026-07-30T22:37:40.143813,A9D63B,ASA1621,33.007352,-117.599898,,,310,,7377,-49.5,413,10.9
2026-07-30T22:37:40.143813,0D0A04,VOI1720,33.1343,-116.672899,,,285,,2063,-31.6,1195,0.2
2026-07-30T22:37:40.143813,A5CA89,SWA3506,33.170006,-117.51823,,,138,,3303,-49.5,114,0.9
2026-07-30T22:37:40.143813,A9AB05,ASA617,33.06247,-116.469203,,,293,,1365,-31.9,1007,0.3
2026-07-30T22:37:40.143813,AE6BA0,,33.050273,-117.73605,,,141,,,-49.5,25,7.9
2026-07-30T22:37:40.143813,A146F1,SWA4874,33.000462,-116.621274,,,68,,7332,-49.5,50,0.4
2026-07-30T22:37:45.183174,0C217C,CMP362,32.973038,-117.028894,,,109,,7344,-49.5,2150,0.3
2026-07-30T22:37:45.183174,0C20F5,CMP302,33.203522,-117.140076,,,279,,0144,-28.6,3375,0.1
2026-07-30T22:37:45.183174,A6CC54,VOI1860,33.457764,-116.752423,,,340,,7362,-49.5,673,44.4
2026-07-30T22:37:45.183174,A58A67,SWA3822,32.807503,-117.193236,,,104,,3344,-49.5,1446,0.8
2026-07-30T22:37:45.183174,0D0B91,VOI1812,32.723942,-117.45304,,,324,,2663,-49.5,446,0.0
2026-07-30T22:37:45.183174,A9D63B,ASA1621,33.022714,-117.621367,,,310,,7377,-49.5,437,1.6
2026-07-30T22:37:45.183174,0D0A04,VOI1720,33.136907,-116.685174,,,283,,2063,-49.5,1250,0.4
2026-07-30T22:37:45.183174,A5CA89,SWA3506,33.163628,-117.511559,,,138,,3303,-30.5,160,0.9
2026-07-30T22:37:45.183174,A9AB05,ASA617,33.067172,-116.481591,,,294,,1365,-49.5,1050,0.0
2026-07-30T22:37:45.183174,AE6BA0,SCRCH50,33.050273,-117.73605,,,141,,,-49.5,30,12.9
2026-07-30T22:37:45.183174,A146F1,SWA4874,33.004028,-116.612238,,,61,,7332,-27.9,76,0.5
2026-07-30T22:37:50.249295,0C217C,CMP362,32.969971,-117.018622,,,109,,7344,-23.8,2199,0.4
2026-07-30T22:37:50.249295,0C20F5,CMP302,33.205246,-117.152037,,,279,,0144,-49.5,3442,0.1
2026-07-30T22:37:50.249295,A6CC54,VOI1860,33.457764,-116.752423,,,340,,7362,-49.5,673,49.5
2026-07-30T22:37:50.249295,A58A67,SWA3822,32.806274,-117.186163,,,101,,3344,-49.5,1493,0.5
2026-07-30T22:37:50.249295,0D0B91,VOI1812,32.732071,-117.459943,,,324,,2663,-49.5,498,0.5
2026-07-30T22:37:50.249295,A9D63B,ASA1621,33.02504,-117.624573,,,310,,7377,-49.5,442,4.5
2026-07-30T22:37:50.249295,0D0A04,VOI1720,33.139235,-116.69773,,,281,,2063,-49.5,1310,0.4
2026-07-30T22:37:50.249295,A5CA89,SWA3506,33.159943,-117.507623,,,138,,3303,-49.5,173,2.9
2026-07-30T22:37:50.249295,A9AB05,ASA617,33.070524,-116.490559,,,294,,1365,-31.2,1084,1.1
2026-07-30T22:37:50.249295,AE6BA0,SCRCH50,33.034515,-117.721033,,,141,,,-34.4,35,3.2
2026-07-30T22:37:50.249295,A146F1,SWA4874,33.008652,-116.603503,,,54,,7332,-29.8,108,0.5
2026-07-30T22:37:55.300769,0C217C,CMP362,32.967133,-117.009229,,,109,,7344,-49.5,2242,0.9
2026-07-30T22:37:55.300769,0C20F5,CMP302,33.207015,-117.164201,,,279,,0144,-22.6,3520,0.0
2026-07-30T22:37:55.300769,A6CC54,VOI1860,33.457764,-116.752423,,,340,,7362,-49.5,673,54.5
2026-07-30T22:37:55.300769,A58A67,SWA3822,32.805679,-117.182977,,,101,,3344,-49.5,1502,3.2
2026-07-30T22:37:55.300769,0D0B91,VOI1812,32.74126,-117.467782,,,324,,2663,-30.8,527,0.3
2026-07-30T22:37:55.300769,A9D63B,ASA1621,33.02504,-117.624573,,,310,,7377,-49.5,442,9.6
2026-07-30T22:37:55.300769,0D0A04,VOI1720,33.140911,-116.708324,,,280,,2063,-49.5,1370,1.3
2026-07-30T22:37:55.300769,A5CA89,SWA3506,33.159943,-117.507623,,,138,,3303,-49.5,173,8.0
2026-07-30T22:37:55.300769,A9AB05,ASA617,33.075691,-116.504236,,,294,,1365,-29.0,1135,0.3
2026-07-30T22:37:55.300769,AE6BA0,SCRCH50,33.0271,-117.714056,,,141,,,-49.5,46,1.4
2026-07-30T22:37:55.300769,A146F1,SWA4874,33.014099,-116.595319,,,49,,7332,-30.8,151,0.5
2026-07-30T22:37:55.300769,AA9B20,,32.710922,-116.68266,,,227,,,-34.1,11,1.7
2026-07-30T22:38:00.379853,0C217C,CMP362,32.963965,-116.998565,,,109,,7344,-21.7,2275,0.9
2026-07-30T22:38:00.379853,0C20F5,CMP302,33.208737,-117.17614,,,279,,0144,-24.8,3599,0.2
2026-07-30T22:38:00.379853,A6CC54,VOI1860,33.457764,-116.752423,,,340,,7362,-49.5,673,59.6
2026-07-30T22:38:00.379853,A58A67,SWA3822,32.805679,-117.182977,,,101,,3344,-49.5,1502,8.2
2026-07-30T22:38:00.379853,0D0B91,VOI1812,32.75061,-117.475818,,,324,,2663,-49.5,601,0.0
2026-07-30T22:38:00.379853,A9D63B,ASA1621,33.036121,-117.6402,,,310,,7377,-34.3,444,4.3
2026-07-30T22:38:00.379853,0D0A04,VOI1720,33.142354,-116.718189,,,279,,2063,-49.5,1390,2.4
2026-07-30T22:38:00.379853,A5CA89,SWA3506,33.159943,-117.507623,,,138,,3303,-34.5,176,13.1
2026-07-30T22:38:00.379853,A9AB05,ASA617,33.080063,-116.515723,,,294,,1365,-27.3,1188,0.3
2026-07-30T22:38:00.379853,AE6BA0,SCRCH50,33.025085,-117.712134,,,141,,,-32.3,52,4.5
2026-07-30T22:38:00.379853,A146F1,SWA4874,33.020508,-116.587573,,,43,,7332,-30.3,203,0.2
2026-07-30T22:38:00.379853,AA9B20,,32.710922,-116.68266,,,227,,,-49.5,13,6.8
2026-07-30T22:38:05.429717,0C217C,CMP362,32.96077,-116.98786,,,109,,7344,-23.5,2307,0.9
2026-07-30T22:38:05.429717,0C20F5,CMP302,33.210553,-117.188528,,,279,,0144,-20.1,3664,0.0
2026-07-30T22:38:05.429717,A58A67,SWA3822,32.805679,-117.182977,,,101,,3344,-49.5,1502,13.3
2026-07-30T22:38:05.429717,0D0B91,VOI1812,32.759229,-117.483197,,,324,,2663,-49.5,657,0.0
2026-07-30T22:38:05.429717,A9D63B,ASA1621,33.036121,-117.6402,,,310,,7377,-34.3,444,9.4
2026-07-30T22:38:05.429717,0D0A04,VOI1720,33.142354,-116.718189,,,279,,2063,-34.5,1391,7.5
2026-07-30T22:38:05.429717,A5CA89,SWA3506,33.137421,-117.484662,,,141,,3303,-30.6,187,0.2
2026-07-30T22:38:05.429717,A9AB05,ASA617,33.084396,-116.527162,,,294,,1365,-49.5,1229,0.2
2026-07-30T22:38:05.429717,AE6BA0,SCRCH50,33.025085,-117.712134,,,141,,,-32.3,52,9.6
2026-07-30T22:38:05.429717,A146F1,SWA4874,33.026439,-116.581701,,,38,,7332,-49.5,253,0.8
2026-07-30T22:38:05.429717,AA9B20,,32.710922,-116.68266,,,227,,,-49.5,13,11.8
2026-07-30T22:38:10.489544,0C217C,CMP362,32.957611,-116.977368,,,109,,7344,-22.8,2344,1.0
2026-07-30T22:38:10.489544,0C20F5,CMP302,33.212182,-117.199682,,,279,,0144,-49.5,3737,0.4
2026-07-30T22:38:10.489544,A58A67,SWA3822,32.80066,-117.159548,,,105,,3344,-29.9,1507,0.3
2026-07-30T22:38:10.489544,0D0B91,VOI1812,32.767981,-117.490652,,,324,,2663,-49.5,721,0.2
2026-07-30T22:38:10.489544,A9D63B,ASA1621,33.036121,-117.6402,,,310,,7377,-34.3,444,14.4
2026-07-30T22:38:10.489544,0D0A04,VOI1720,33.146823,-116.748738,,,279,,2063,-49.5,1434,0.5
2026-07-30T22:38:10.489544,A5CA89,SWA3506,33.131181,-117.479049,,,143,,3303,-29.8,239,0.6
2026-07-30T22:38:10.489544,A9AB05,ASA617,33.086884,-116.533795,,,294,,1365,-33.3,1248,2.4
2026-07-30T22:38:10.489544,AE6BA0,SCRCH50,33.025085,-117.712134,,,141,,,-32.3,52,14.7
2026-07-30T22:38:10.489544,A146F1,SWA4874,33.034818,-116.575199,,,30,,7332,-49.5,289,0.1
2026-07-30T22:38:10.489544,AA9B20,,32.710922,-116.68266,,,227,,,-49.5,13,16.9
2026-07-30T22:38:15.562337,0C217C,CMP362,32.95391,-116.965046,,,109,,7344,-24.9,2395,0.1
2026-07-30T22:38:15.562337,0C20F5,CMP302,33.213904,-117.211509,,,279,,0144,-19.4,3820,0.5
2026-07-30T22:38:15.562337,A58A67,SWA3822,32.799225,-117.153204,,,105,,3344,-28.1,1576,0.5
2026-07-30T22:38:15.562337,0D0B91,VOI1812,32.774368,-117.496143,,,324,,2663,-49.5,749,1.6
2026-07-30T22:38:15.562337,A9D63B,ASA1621,33.036121,-117.6402,,,310,,7377,-34.3,444,19.5
2026-07-30T22:38:15.562337,0D0A04,VOI1720,33.148685,-116.761126,,,280,,2063,-49.5,1469,0.7
2026-07-30T22:38:15.562337,A5CA89,SWA3506,33.128435,-117.476751,,,144,,3303,-37.1,255,3.6
2026-07-30T22:38:15.562337,A9AB05,ASA617,33.086884,-116.533795,,,294,,1365,-49.5,1249,7.5
2026-07-30T22:38:15.562337,AE6BA0,SCRCH50,33.004623,-117.692633,,,141,,,-49.5,57,0.6
2026-07-30T22:38:15.562337,A146F1,SWA4874,33.042572,-116.570435,,,25,,7332,-32.6,324,0.2
2026-07-30T22:38:15.562337,AA9B20,,32.710922,-116.68266,,,227,,,-49.5,13,22.0
2026-07-30T22:38:20.641571,0C217C,CMP362,32.950791,-116.954732,,,109,,7344,-49.5,2429,0.1
2026-07-30T22:38:20.641571,0C20F5,CMP302,33.215487,-117.222327,,,279,,0144,-49.5,3885,1.0
2026-07-30T22:38:20.641571,A58A67,SWA3822,32.79776,-117.146997,,,105,,3344,-28.8,1643,0.7
2026-07-30T22:38:20.641571,0D0B91,VOI1812,32.785538,-117.505701,,,324,,2663,-49.5,777,0.3
2026-07-30T22:38:20.641571,A9D63B,ASA1621,33.062393,-117.676978,,,310,,7377,-34.5,451,0.3
2026-07-30T22:38:20.641571,0D0A04,VOI1720,33.150593,-116.774186,,,280,,2063,-49.5,1509,0.5
2026-07-30T22:38:20.641571,A5CA89,SWA3506,33.117355,-117.467614,,,145,,3303,-33.8,267,0.4
2026-07-30T22:38:20.641571,A9AB05,ASA617,33.097291,-116.56141,,,294,,1365,-49.5,1265,0.3
2026-07-30T22:38:20.641571,AE6BA0,SCRCH50,32.999206,-117.687509,,,141,,,-49.5,70,0.5
2026-07-30T22:38:20.641571,A146F1,SWA4874,33.042572,-116.570435,,,25,,7332,-49.5,326,5.2
2026-07-30T22:38:20.641571,AA9B20,,32.710922,-116.68266,,,227,,,-49.5,13,27.0
2026-07-30T22:38:25.708373,0C217C,CMP362,32.94754,-116.944025,,,109,,7344,-49.5,2458,0.3
2026-07-30T22:38:25.708373,0C20F5,CMP302,33.217163,-117.233762,,,279,,0144,-32.1,3951,1.1
2026-07-30T22:38:25.708373,A58A67,SWA3822,32.796331,-117.140827,,,106,,3344,-35.8,1703,1.0
2026-07-30T22:38:25.708373,0D0B91,VOI1812,32.794098,-117.513062,,,324,,2663,-30.7,808,0.4
2026-07-30T22:38:25.708373,A9D63B,ASA1621,33.062393,-117.676978,,,310,,7377,-49.5,453,5.4
2026-07-30T22:38:25.708373,0D0A04,VOI1720,33.152573,-116.787415,,,280,,2063,-27.1,1579,0.3
2026-07-30T22:38:25.708373,A5CA89,SWA3506,33.11055,-117.461975,,,145,,3303,-34.0,295,0.4
2026-07-30T22:38:25.708373,A9AB05,ASA617,33.10041,-116.569706,,,294,,1365,-49.5,1290,1.6
2026-07-30T22:38:25.708373,AE6BA0,SCRCH50,32.993805,-117.682352,,,141,,,-49.5,81,0.5
2026-07-30T22:38:25.708373,A146F1,SWA4874,33.042572,-116.570435,,,25,,7332,-34.3,328,10.3
2026-07-30T22:38:25.708373,AA9B20,,32.710922,-116.68266,,,227,,,-49.5,13,32.1
2026-07-30T22:38:30.773037,0C217C,CMP362,32.944507,-116.933936,,,109,,7344,-17.3,2491,0.4
2026-07-30T22:38:30.773037,0C20F5,CMP302,33.219269,-117.247961,,,279,,0144,-23.9,4011,0.2
2026-07-30T22:38:30.773037,A58A67,SWA3822,32.794469,-117.13326,,,106,,3344,-49.5,1717,0.2
2026-07-30T22:38:30.773037,0D0B91,VOI1812,32.800003,-117.518115,,,324,,2663,-35.1,855,2.1
2026-07-30T22:38:30.773037,A9D63B,ASA1621,33.062393,-117.676978,,,310,,7377,-49.5,453,10.4
2026-07-30T22:38:30.773037,0D0A04,VOI1720,33.154504,-116.800363,,,279,,2063,-24.4,1647,0.3
2026-07-30T22:38:30.773037,A5CA89,SWA3506,33.10405,-117.456592,,,144,,3303,-33.7,347,0.7
2026-07-30T22:38:30.773037,A9AB05,ASA617,33.105717,-116.583831,,,293,,1365,-49.5,1322,0.4
2026-07-30T22:38:30.773037,AE6BA0,SCRCH50,32.991664,-117.680278,,,141,,,-49.5,90,3.5
2026-07-30T22:38:30.773037,A146F1,SWA4874,33.042572,-116.570435,,,25,,7332,-34.3,328,15.4
2026-07-30T22:38:30.773037,AA9B20,,32.710922,-116.68266,,,227,,,-49.5,13,37.2
2026-07-30T22:38:35.861424,0C217C,CMP362,32.941295,-116.923398,,,109,,7344,-21.4,2523,0.5
2026-07-30T22:38:35.861424,0C20F5,CMP302,33.220917,-117.259222,,,279,,0144,-27.9,4083,0.2
2026-07-30T22:38:35.861424,A58A67,SWA3822,32.792908,-117.126892,,,105,,3344,-49.5,1762,0.2
2026-07-30T22:38:35.861424,0D0B91,VOI1812,32.806759,-117.523891,,,324,,2663,-32.9,864,3.3
2026-07-30T22:38:35.861424,A9D63B,ASA1621,33.078763,-117.700008,,,310,,7377,-34.1,456,0.5
2026-07-30T22:38:35.861424,0D0A04,VOI1720,33.156226,-116.81191,,,279,,2063,-49.5,1698,0.7
2026-07-30T22:38:35.861424,A5CA89,SWA3506,33.097105,-117.450798,,,144,,3303,-49.5,397,0.5
2026-07-30T22:38:35.861424,A9AB05,ASA617,33.108696,-116.591847,,,293,,1365,-49.5,1369,1.8
2026-07-30T22:38:35.861424,AE6BA0,SCRCH50,32.991664,-117.680278,,,141,,,-49.5,90,8.6
2026-07-30T22:38:35.861424,A146F1,SWA4874,33.042572,-116.570435,,,25,,7332,-34.3,328,20.5
2026-07-30T22:38:35.861424,AA9B20,,32.710922,-116.68266,,,227,,,-49.5,13,42.3
2026-07-30T22:38:40.902902,0C217C,CMP362,32.938129,-116.91286,,,109,,7344,-49.5,2557,0.6
2026-07-30T22:38:40.902902,0C20F5,CMP302,33.221924,-117.266089,,,279,,0144,-30.2,4107,2.4
2026-07-30T22:38:40.902902,A58A67,SWA3822,32.791534,-117.121179,,,106,,3344,-33.0,1807,0.7
2026-07-30T22:38:40.902902,0D0B91,VOI1812,32.821335,-117.536407,,,324,,2663,-49.5,898,0.0
2026-07-30T22:38:40.902902,A9D63B,ASA1621,33.078763,-117.700008,,,310,,7377,-34.1,456,5.5
2026-07-30T22:38:40.902902,0D0A04,VOI1720,33.15802,-116.824329,,,279,,2063,-29.7,1711,0.8
2026-07-30T22:38:40.902902,A5CA89,SWA3506,33.093109,-117.447418,,,144,,3303,-49.5,422,2.5
2026-07-30T22:38:40.902902,A9AB05,ASA617,33.113538,-116.605019,,,293,,1365,-28.5,1432,1.0
2026-07-30T22:38:40.902902,AE6BA0,SCRCH50,32.991664,-117.680278,,,141,,,-49.5,90,13.6
2026-07-30T22:38:40.902902,A146F1,SWA4874,33.042572,-116.570435,,,25,,7332,-34.3,328,25.5
2026-07-30T22:38:40.902902,AA9B20,,32.710922,-116.68266,,,227,,,-49.5,13,47.3
2026-07-30T22:38:40.902902,AE6BAB,,33.024949,-117.62899,,,143,,,-49.5,18,1.6
2026-07-30T22:38:40.902902,A4460E,,32.677551,-117.182648,,,91,,,-49.5,5,0.8
2026-07-30T22:38:45.959856,0C217C,CMP362,32.934591,-116.901033,,,109,,7344,-29.9,2599,0.1
2026-07-30T22:38:45.959856,0C20F5,CMP302,33.223984,-117.280865,,,279,,0144,-35.8,4135,0.9
2026-07-30T22:38:45.959856,A58A67,SWA3822,32.78986,-117.114258,,,106,,3344,-49.5,1814,0.2
2026-07-30T22:38:45.959856,0D0B91,VOI1812,32.829529,-117.543439,,,324,,2663,-49.5,945,0.4
2026-07-30T22:38:45.959856,A9D63B,ASA1621,33.078763,-117.700008,,,310,,7377,-34.1,456,10.6
2026-07-30T22:38:45.959856,0D0A04,VOI1720,33.160137,-116.838759,,,279,,2063,-49.5,1777,0.1
2026-07-30T22:38:45.959856,A5CA89,SWA3506,33.093109,-117.447418,,,144,,3303,-36.2,423,7.6
2026-07-30T22:38:45.959856,A9AB05,ASA617,33.11824,-116.617841,,,292,,1365,-49.5,1494,0.3
2026-07-30T22:38:45.959856,AE6BA0,SCRCH50,32.991664,-117.680278,,,141,,,-49.5,90,18.7
2026-07-30T22:38:45.959856,A146F1,SWA4874,33.042572,-116.570435,,,25,,7332,-34.3,328,30.6
2026-07-30T22:38:45.959856,AA9B20,,32.710922,-116.68266,,,227,,,-49.5,13,52.4
2026-07-30T22:38:45.959856,AE6BAB,,33.024949,-117.62899,,,143,,,-49.5,21,6.7
2026-07-30T22:38:45.959856,A4460E,UAL2129,32.677436,-117.175916,,,91,,,-49.5,37,1.9
2026-07-30T22:38:51.007365,0C217C,CMP362,32.932077,-116.892794,,,109,,7344,-49.5,2618,1.2
2026-07-30T22:38:51.007365,0C20F5,CMP302,33.225632,-117.292621,,,279,,0144,-32.4,4184,0.7
2026-07-30T22:38:51.007365,A58A67,SWA3822,32.78837,-117.108484,,,106,,3344,-33.7,1859,0.5
2026-07-30T22:38:51.007365,0D0B91,VOI1812,32.8359,-117.54889,,,324,,2663,-33.8,1000,1.8
2026-07-30T22:38:51.007365,A9D63B,ASA1621,33.078763,-117.700008,,,310,,7377,-34.1,456,15.6
2026-07-30T22:38:51.007365,0D0A04,VOI1720,33.161957,-116.85119,,,279,,2063,-31.5,1840,0.3
2026-07-30T22:38:51.007365,A5CA89,SWA3506,33.079508,-117.436056,,,144,,3303,-49.5,433,2.3
2026-07-30T22:38:51.007365,A9AB05,ASA617,33.121353,-116.627289,,,292,,1365,-32.6,1528,1.2
2026-07-30T22:38:51.007365,AE6BA0,SCRCH50,32.991664,-117.680278,,,141,,,-49.5,90,23.8
2026-07-30T22:38:51.007365,A146F1,SWA4874,33.042572,-116.570435,,,25,,7332,-49.5,329,35.6
2026-07-30T22:38:51.007365,AA9B20,,32.710922,-116.68266,,,227,,,-49.5,13,57.4
2026-07-30T22:38:51.007365,AE6BAB,,33.024949,-117.62899,,,143,,,-49.5,21,11.8
2026-07-30T22:38:51.007365,A4460E,UAL2129,32.677322,-117.170453,,,90,,1310,-33.7,59,3.5
2026-07-30T22:38:56.086951,0C217C,CMP362,32.932077,-116.892794,,,109,,7344,-34.1,2619,6.3
2026-07-30T22:38:56.086951,0C20F5,CMP302,33.227142,-117.303827,,,279,,0144,-49.5,4249,0.8
2026-07-30T22:38:56.086951,A58A67,SWA3822,32.78837,-117.108484,,,106,,3344,-33.7,1859,5.6
2026-07-30T22:38:56.086951,0D0B91,VOI1812,32.8461,-117.557666,,,324,,2663,-49.5,1037,1.0
2026-07-30T22:38:56.086951,A9D63B,ASA1621,33.078763,-117.700008,,,310,,7377,-34.1,456,20.7
2026-07-30T22:38:56.086951,0D0A04,VOI1720,33.163742,-116.863495,,,279,,2063,-49.5,1862,0.4
2026-07-30T22:38:56.086951,A5CA89,SWA3506,33.07045,-117.428357,,,144,,3303,-33.2,459,0.4
2026-07-30T22:38:56.086951,A9AB05,ASA617,33.121353,-116.627289,,,290,,1365,-35.1,1531,6.3
2026-07-30T22:38:56.086951,AE6BA0,SCRCH50,32.991664,-117.680278,,,141,,,-49.5,90,28.8
2026-07-30T22:38:56.086951,A146F1,SWA4874,33.042572,-116.570435,,,25,,7332,-49.5,333,40.7
2026-07-30T22:38:56.086951,AA9B20,,32.710922,-116.68266,,,227,,,-49.5,13,62.5
2026-07-30T22:38:56.086951,AE6BAB,,33.024949,-117.62899,,,143,,,-49.5,21,16.8
2026-07-30T22:38:56.086951,A4460E,UAL2129,32.677111,-117.156241,,,91,,1310,-49.5,105,0.0
2026-07-30T22:39:01.147084,0C217C,CMP362,32.925018,-116.869263,,,109,,7344,-49.5,2638,0.3
2026-07-30T22:39:01.147084,0C20F5,CMP302,33.227142,-117.303827,,,279,,0144,-49.5,4265,5.8
2026-07-30T22:39:01.147084,A58A67,SWA3822,32.78837,-117.108484,,,106,,3344,-32.8,1860,10.6
2026-07-30T22:39:01.147084,0D0B91,VOI1812,32.85615,-117.566267,,,324,,2663,-32.1,1044,0.3
2026-07-30T22:39:01.147084,A9D63B,ASA1621,33.078763,-117.700008,,,310,,7377,-34.1,456,25.8
2026-07-30T22:39:01.147084,0D0A04,VOI1720,33.165619,-116.876294,,,279,,2063,-26.2,1880,0.4
2026-07-30T22:39:01.147084,A5CA89,SWA3506,33.064316,-117.423138,,,144,,3303,-33.2,495,0.8
2026-07-30T22:39:01.147084,A9AB05,ASA617,33.121353,-116.627289,,,288,,1365,-49.5,1545,11.4
2026-07-30T22:39:01.147084,AE6BA0,SCRCH50,32.991664,-117.680278,,,141,,,-49.5,90,33.9
2026-07-30T22:39:01.147084,A146F1,SWA4874,33.042572,-116.570435,,,25,,7332,-49.5,333,45.8
2026-07-30T22:39:01.147084,AE6BAB,,33.024949,-117.62899,,,143,,,-49.5,21,21.9
2026-07-30T22:39:01.147084,A4460E,UAL2129,32.677048,-117.1526,,,91,,1310,-32.5,136,2.9
2026-07-30T22:39:06.189381,0C217C,CMP362,32.923187,-116.86311,,,109,,7344,-49.5,2646,2.5
2026-07-30T22:39:06.189381,0C20F5,CMP302,33.230164,-117.326184,,,279,,0144,-49.5,4290,0.8
2026-07-30T22:39:06.189381,A58A67,SWA3822,32.783798,-117.091077,,,108,,3344,-49.5,1874,1.0
2026-07-30T22:39:06.189381,0D0B91,VOI1812,32.863459,-117.572545,,,324,,2663,-49.5,1085,1.2
2026-07-30T22:39:06.189381,A9D63B,ASA1621,33.111511,-117.746082,,,310,,7377,-34.3,459,1.2
2026-07-30T22:39:06.189381,0D0A04,VOI1720,33.167038,-116.886127,,,279,,2063,-49.5,1926,1.6
2026-07-30T22:39:06.189381,A5CA89,SWA3506,33.059304,-117.418904,,,144,,3303,-49.5,513,2.0
2026-07-30T22:39:06.189381,A9AB05,ASA617,33.131321,-116.66365,,,286,,1365,-30.3,1591,0.6
2026-07-30T22:39:06.189381,AE6BA0,SCRCH50,32.951981,-117.642151,,,140,,,-49.5,105,1.3
2026-07-30T22:39:06.189381,A146F1,SWA4874,33.042572,-116.570435,,,25,,7332,-49.5,333,50.8
2026-07-30T22:39:06.189381,AE6BAB,,33.024949,-117.62899,,,143,,,-49.5,21,27.0
2026-07-30T22:39:06.189381,A9E56C,N737DW,33.058699,-116.964261,,,295,,1200,-33.2,4,3.7
2026-07-30T22:39:06.189381,A4460E,UAL2129,32.677048,-117.1526,,,91,,1310,-34.1,139,8.0
2026-07-30T22:39:11.267262,0C217C,CMP362,32.918903,-116.848904,,,109,,7344,-49.5,2669,0.7
2026-07-30T22:39:11.267262,0C20F5,CMP302,33.231766,-117.33761,,,279,,0144,-49.5,4345,0.8
2026-07-30T22:39:11.267262,A58A67,SWA3822,32.783798,-117.091077,,,108,,3344,-34.3,1875,6.0
2026-07-30T22:39:11.267262,0D0B91,VOI1812,32.874306,-117.581793,,,324,,2663,-26.7,1116,0.0
2026-07-30T22:39:11.267262,A9D63B,ASA1621,33.117233,-117.754102,,,310,,7377,-49.5,469,1.1
2026-07-30T22:39:11.267262,0D0A04,VOI1720,33.169464,-116.902496,,,279,,2063,-49.5,1973,0.0
2026-07-30T22:39:11.267262,A5CA89,SWA3506,33.053532,-117.414028,,,144,,3303,-33.8,528,2.6
2026-07-30T22:39:11.267262,A9AB05,ASA617,33.133881,-116.675253,,,284,,1365,-49.5,1653,0.6
2026-07-30T22:39:11.267262,AE6BA0,SCRCH50,32.951981,-117.642151,,,140,,,-49.5,105,6.4
2026-07-30T22:39:11.267262,A146F1,SWA4874,33.042572,-116.570435,,,25,,7332,-49.5,333,55.9
2026-07-30T22:39:11.267262,AE6BAB,,33.024949,-117.62899,,,143,,,-49.5,21,32.0
2026-07-30T22:39:11.267262,A9E56C,N737DW,33.060049,-116.967007,,,298,,1200,-49.5,30,0.0
2026-07-30T22:39:11.267262,A4460E,UAL2129,32.676785,-117.134493,,,90,,1310,-49.5,150,1.8
2026-07-30T22:39:16.320908,0C217C,CMP362,32.91568,-116.838007,,,109,,7344,-49.5,2701,0.7
2026-07-30T22:39:16.320908,0C20F5,CMP302,33.232635,-117.343762,,,279,,0144,-49.5,4398,2.9
2026-07-30T22:39:16.320908,A58A67,SWA3822,32.780548,-117.079376,,,108,,3344,-49.5,1885,0.6
2026-07-30T22:39:16.320908,0D0B91,VOI1812,32.882685,-117.588968,,,324,,2663,-31.8,1179,0.3
2026-07-30T22:39:16.320908,A9D63B,ASA1621,33.117233,-117.754102,,,310,,7377,-35.4,475,6.1
2026-07-30T22:39:16.320908,0D0A04,VOI1720,33.171021,-116.913373,,,279,,2063,-21.6,2052,0.8
2026-07-30T22:39:16.320908,A5CA89,SWA3506,33.046177,-117.407862,,,144,,3303,-49.5,534,2.0
2026-07-30T22:39:16.320908,A9AB05,ASA617,33.136302,-116.68736,,,282,,1365,-30.4,1719,0.4
2026-07-30T22:39:16.320908,AE6BA0,SCRCH50,32.951981,-117.642151,,,140,,,-49.5,105,11.4
2026-07-30T22:39:16.320908,A146F1,SWA4874,33.042572,-116.570435,,,25,,7332,-49.5,333,60.9
2026-07-30T22:39:16.320908,AE6BAB,,33.024949,-117.62899,,,143,,,-49.5,21,37.1
2026-07-30T22:39:16.320908,A9E56C,N737DW,33.060104,-116.967206,,,298,,1200,-49.5,34,4.6
2026-07-30T22:39:16.320908,A4460E,UAL2129,32.676645,-117.123058,,,90,,1310,-49.5,182,0.1
2026-07-30T22:39:21.371089,0C217C,CMP362,32.912618,-116.827829,,,109,,7344,-49.5,2737,1.0
2026-07-30T22:39:21.371089,0C20F5,CMP302,33.232635,-117.343762,,,280,,0144,-49.5,4402,8.0
2026-07-30T22:39:21.371089,A58A67,SWA3822,32.77906,-117.0739,,,107,,3344,-49.5,1914,0.7
2026-07-30T22:39:21.371089,0D0B91,VOI1812,32.891144,-117.596228,,,324,,2663,-34.3,1195,0.5
2026-07-30T22:39:21.371089,A9D63B,ASA1621,33.117233,-117.754102,,,310,,7377,-35.4,475,11.2
2026-07-30T22:39:21.371089,0D0A04,VOI1720,33.173078,-116.927658,,,279,,2063,-49.5,2129,0.3
2026-07-30T22:39:21.371089,A5CA89,SWA3506,33.043523,-117.40562,,,144,,3303,-49.5,562,5.0
2026-07-30T22:39:21.371089,A9AB05,ASA617,33.138397,-116.699244,,,281,,1365,-27.4,1796,0.4
2026-07-30T22:39:21.371089,AE6BA0,SCRCH50,32.951981,-117.642151,,,140,,,-49.5,105,16.5
2026-07-30T22:39:21.371089,A146F1,SWA4874,33.042572,-116.570435,,,25,,7332,-49.5,333,66.0
2026-07-30T22:39:21.371089,AE6BAB,,33.024949,-117.62899,,,143,,,-49.5,21,42.1
2026-07-30T22:39:21.371089,A9E56C,N737DW,33.061295,-116.969843,,,297,,1200,-49.5,58,1.2
2026-07-30T22:39:21.371089,A4460E,UAL2129,32.67659,-117.121234,,,90,,1310,-32.6,196,4.1
2026-07-30T22:39:26.450013,0C217C,CMP362,32.910617,-116.821214,,,109,,7344,-49.5,2762,3.0
2026-07-30T22:39:26.450013,0C20F5,CMP302,33.236618,-117.370239,,,280,,0144,-27.9,4451,0.9
2026-07-30T22:39:26.450013,A58A67,SWA3822,32.777618,-117.06861,,,107,,3344,-31.5,1963,0.9
2026-07-30T22:39:26.450013,0D0B91,VOI1812,32.900841,-117.604551,,,324,,2663,-49.5,1218,0.0
2026-07-30T22:39:26.450013,A9D63B,ASA1621,33.117233,-117.754102,,,310,,7377,-35.4,475,16.3
2026-07-30T22:39:26.450013,0D0A04,VOI1720,33.174754,-116.939037,,,279,,2063,-31.6,2191,0.8
2026-07-30T22:39:26.450013,A5CA89,SWA3506,33.031559,-117.395586,,,144,,3303,-30.6,579,0.9
2026-07-30T22:39:26.450013,A9AB05,ASA617,33.140305,-116.71051,,,281,,1365,-30.6,1864,0.7
2026-07-30T22:39:26.450013,AE6BA0,SCRCH50,32.951981,-117.642151,,,140,,,-49.5,105,21.6
2026-07-30T22:39:26.450013,A146F1,SWA4874,33.042572,-116.570435,,,25,,7332,-49.5,333,71.1
2026-07-30T22:39:26.450013,AE6BAB,,33.024949,-117.62899,,,143,,,-49.5,21,47.2
2026-07-30T22:39:26.450013,A9E56C,N737DW,33.062144,-116.971884,,,297,,1200,-31.7,99,0.2
2026-07-30T22:39:26.450013,A4460E,UAL2129,32.676412,-117.106691,,,90,,1310,-49.5,229,0.6
2026-07-30T22:39:31.529169,0C217C,CMP362,32.905884,-116.805377,,,109,,7344,-49.5,2785,0.7
2026-07-30T22:39:31.529169,0C20F5,CMP302,33.238358,-117.381445,,,280,,0144,-29.6,4511,0.7
2026-07-30T22:39:31.529169,A58A67,SWA3822,32.775925,-117.062238,,,107,,3344,-31.5,2000,0.0
2026-07-30T22:39:31.529169,0D0B91,VOI1812,32.908081,-117.61073,,,324,,2663,-33.8,1259,1.0
2026-07-30T22:39:31.529169,A9D63B,ASA1621,33.117233,-117.754102,,,310,,7377,-35.4,475,21.3
2026-07-30T22:39:31.529169,0D0A04,VOI1720,33.176849,-116.953499,,,279,,2063,-31.5,2235,0.2
2026-07-30T22:39:31.529169,A5CA89,SWA3506,33.024261,-117.389465,,,144,,3303,-49.5,630,0.3
2026-07-30T22:39:31.529169,A9AB05,ASA617,33.14105,-116.71477,,,281,,1365,-49.5,1890,3.8
2026-07-30T22:39:31.529169,AE6BA0,SCRCH50,32.951981,-117.642151,,,140,,,-49.5,105,26.7
2026-07-30T22:39:31.529169,A146F1,SWA4874,33.042572,-116.570435,,,25,,7332,-49.5,333,76.1
2026-07-30T22:39:31.529169,AE6BAB,,33.024949,-117.62899,,,143,,,-49.5,21,52.3
2026-07-30T22:39:31.529169,A9E56C,N737DW,33.062889,-116.973453,,,298,,1200,-32.2,127,0.4
2026-07-30T22:39:31.529169,A4460E,UAL2129,32.676273,-117.098227,,,90,,1310,-30.8,288,0.8
2026-07-30T22:39:36.593248,0C217C,CMP362,32.903308,-116.796831,,,109,,7344,-49.5,2798,1.7
2026-07-30T22:39:36.593248,0C20F5,CMP302,33.240005,-117.391992,,,280,,0144,-30.6,4583,0.9
2026-07-30T22:39:36.593248,A58A67,SWA3822,32.774777,-117.057925,,,107,,3344,-49.5,2030,1.0
2026-07-30T22:39:36.593248,0D0B91,VOI1812,32.916779,-117.618201,,,324,,2663,-49.5,1270,1.0
2026-07-30T22:39:36.593248,A9D63B,ASA1621,33.117233,-117.754102,,,310,,7377,-35.4,475,26.4
2026-07-30T22:39:36.593248,0D0A04,VOI1720,33.178162,-116.962537,,,279,,2063,-49.5,2305,1.6
2026-07-30T22:39:36.593248,A5CA89,SWA3506,33.018152,-117.38432,,,144,,3303,-28.7,692,0.7
2026-07-30T22:39:36.593248,A9AB05,ASA617,33.14105,-116.71477,,,281,,1365,-49.5,1890,8.9
2026-07-30T22:39:36.593248,AE6BA0,SCRCH50,32.951981,-117.642151,,,140,,,-49.5,110,31.7
2026-07-30T22:39:36.593248,A146F1,SWA4874,33.042572,-116.570435,,,25,,7332,-49.5,333,81.2
2026-07-30T22:39:36.593248,AE6BAB,,33.024949,-117.62899,,,143,,,-49.5,21,57.3
2026-07-30T22:39:36.593248,A9E56C,N737DW,33.063261,-116.974294,,,297,,1200,-49.5,145,3.0
2026-07-30T22:39:36.593248,A4460E,UAL2129,32.67627,-117.09646,,,90,,1310,-49.5,301,4.9
2026-07-30T22:39:41.666473,0C217C,CMP362,32.899025,-116.782706,,,109,,7344,-34.1,2803,0.1
2026-07-30T22:39:41.666473,0C20F5,CMP302,33.240005,-117.391992,,,280,,0144,-30.7,4615,5.9
2026-07-30T22:39:41.666473,A58A67,SWA3822,32.773041,-117.051581,,,107,,3344,-33.3,2056,0.0
2026-07-30T22:39:41.666473,0D0B91,VOI1812,32.927078,-117.627045,,,324,,2663,-49.5,1298,0.2
2026-07-30T22:39:41.666473,A9D63B,ASA1621,33.117233,-117.754102,,,310,,7377,-35.4,475,31.5
2026-07-30T22:39:41.666473,0D0A04,VOI1720,33.180588,-116.97951,,,279,,2063,-20.6,2376,0.0
2026-07-30T22:39:41.666473,A5CA89,SWA3506,33.011123,-117.378378,,,144,,3303,-28.6,715,0.2
2026-07-30T22:39:41.666473,A9AB05,ASA617,33.146072,-116.745941,,,280,,1365,-49.5,1926,0.3
2026-07-30T22:39:41.666473,AE6BA0,SCRCH50,32.917374,-117.608752,,,140,,,-35.4,119,4.0
2026-07-30T22:39:41.666473,A146F1,SWA4874,33.042572,-116.570435,,,25,,7332,-49.5,333,86.3
2026-07-30T22:39:41.666473,AE6BAB,,33.024949,-117.62899,,,143,,,-49.5,21,62.4
2026-07-30T22:39:41.666473,A9E56C,N737DW,33.064379,-116.976817,,,298,,1200,-49.5,153,0.2
2026-07-30T22:39:41.666473,A4460E,UAL2129,32.67627,-117.09646,,,90,,1310,-49.5,305,9.9
2026-07-30T22:39:46.711497,0C217C,CMP362,32.896651,-116.774747,,,109,,7344,-49.5,2814,1.5
2026-07-30T22:39:46.711497,0C20F5,CMP302,33.243512,-117.413916,,,280,,0144,-27.3,4695,0.8
2026-07-30T22:39:46.711497,A58A67,SWA3822,32.771667,-117.046472,,,107,,3344,-30.0,2100,0.3
2026-07-30T22:39:46.711497,0D0B91,VOI1812,32.929504,-117.629132,,,324,,2663,-49.5,1317,3.8
2026-07-30T22:39:46.711497,A9D63B,ASA1621,33.117233,-117.754102,,,310,,7377,-35.4,475,36.5
2026-07-30T22:39:46.711497,0D0A04,VOI1720,33.182465,-116.992474,,,279,,2063,-49.5,2454,0.0
2026-07-30T22:39:46.711497,A5CA89,SWA3506,33.005211,-117.373389,,,144,,3303,-49.5,750,0.6
2026-07-30T22:39:46.711497,A9AB05,ASA617,33.147858,-116.757751,,,280,,1365,-49.5,1969,0.2
2026-07-30T22:39:46.711497,AE6BA0,SCRCH50,32.917374,-117.608752,,,140,,,-49.5,121,9.0
2026-07-30T22:39:46.711497,A146F1,SWA4874,33.042572,-116.570435,,,25,,7332,-34.9,339,91.3
2026-07-30T22:39:46.711497,A9E56C,N737DW,33.065123,-116.978442,,,296,,1200,-49.5,170,0.5
2026-07-30T22:39:46.711497,A4460E,UAL2129,32.675947,-117.070481,,,90,,1310,-32.9,335,0.2
2026-07-30T22:39:51.765294,0C217C,CMP362,32.892741,-116.761855,,,109,,7344,-32.9,2831,0.6
2026-07-30T22:39:51.765294,0C20F5,CMP302,33.24472,-117.4216,,,280,,0144,-49.5,4729,2.1
2026-07-30T22:39:51.765294,A58A67,SWA3822,32.770294,-117.041364,,,107,,3344,-49.5,2145,0.4
2026-07-30T22:39:51.765294,0D0B91,VOI1812,32.944839,-117.642371,,,324,,2663,-49.5,1338,0.0
2026-07-30T22:39:51.765294,A9D63B,ASA1621,33.117233,-117.754102,,,310,,7377,-35.4,475,41.6
2026-07-30T22:39:51.765294,0D0A04,VOI1720,33.183884,-117.002362,,,279,,2063,-49.5,2513,1.2
2026-07-30T22:39:51.765294,A5CA89,SWA3506,32.99874,-117.367896,,,144,,3303,-49.5,766,0.5
2026-07-30T22:39:51.765294,A9AB05,ASA617,33.149616,-116.769197,,,280,,1365,-31.6,2031,0.2
2026-07-30T22:39:51.765294,AE6BA0,SCRCH50,32.917374,-117.608752,,,140,,,-49.5,125,14.1
2026-07-30T22:39:51.765294,A146F1,SWA4874,33.195145,-116.490344,,,23,,7332,-34.9,355,2.3
2026-07-30T22:39:51.765294,A9E56C,N737DW,33.065826,-116.98017,,,295,,1200,-49.5,186,0.5
2026-07-30T22:39:51.765294,A4460E,UAL2129,32.675949,-117.068665,,,90,,1310,-49.5,345,4.3
2026-07-30T22:39:56.814880,0C217C,CMP362,32.889542,-116.751324,,,109,,7344,-49.5,2854,0.7
2026-07-30T22:39:56.814880,0C20F5,CMP302,33.246506,-117.432587,,,280,,0144,-49.5,4754,2.1
2026-07-30T22:39:56.814880,A58A67,SWA3822,32.770294,-117.041364,,,107,,3344,-49.5,2145,5.5
2026-07-30T22:39:56.814880,0D0B91,VOI1812,32.953305,-117.649617,,,324,,2663,-49.5,1402,0.3
2026-07-30T22:39:56.814880,A9D63B,ASA1621,33.117233,-117.754102,,,310,,7377,-35.4,475,46.6
2026-07-30T22:39:56.814880,0D0A04,VOI1720,33.186113,-117.017735,,,279,,2063,-13.9,2576,0.2
2026-07-30T22:39:56.814880,A5CA89,SWA3506,32.992081,-117.362274,,,144,,3303,-49.5,786,0.2
2026-07-30T22:39:56.814880,A9AB05,ASA617,33.151292,-116.780072,,,280,,1365,-30.8,2095,0.4
2026-07-30T22:39:56.814880,AE6BA0,SCRCH50,32.90261,-117.594573,,,141,,,-34.3,139,5.0
2026-07-30T22:39:56.814880,A146F1,SWA4874,33.195145,-116.490344,,,23,,7332,-34.1,360,7.3
2026-07-30T22:39:56.814880,A9E56C,N737DW,33.066567,-116.982086,,,294,,1200,-49.5,226,0.0
2026-07-30T22:39:56.814880,A4460E,UAL2129,32.675949,-117.068665,,,91,,1310,-49.5,350,9.3
2026-07-30T22:40:01.868557,0C217C,CMP362,32.886735,-116.742124,,,109,,7344,-30.6,2880,1.6
2026-07-30T22:40:01.868557,0C20F5,CMP302,33.246506,-117.432587,,,280,,0144,-32.8,4756,7.1
2026-07-30T22:40:01.868557,A58A67,SWA3822,32.770294,-117.041364,,,107,,3344,-49.5,2145,10.5
2026-07-30T22:40:01.868557,0D0B91,VOI1812,32.955027,-117.651131,,,324,,2663,-32.3,1412,4.4
2026-07-30T22:40:01.868557,A9D63B,ASA1621,33.117233,-117.754102,,,310,,7377,-35.4,475,51.7
2026-07-30T22:40:01.868557,0D0A04,VOI1720,33.187696,-117.028385,,,279,,2063,-18.0,2640,1.0
2026-07-30T22:40:01.868557,A5CA89,SWA3506,32.986636,-117.357695,,,144,,3303,-49.5,841,0.8
2026-07-30T22:40:01.868557,A9AB05,ASA617,33.153014,-116.79145,,,280,,1365,-49.5,2166,0.5
2026-07-30T22:40:01.868557,AE6BA0,SCRCH50,32.90261,-117.594573,,,141,,,-34.3,139,10.0
2026-07-30T22:40:01.868557,A146F1,SWA4874,33.195145,-116.490344,,,23,,7332,-34.1,360,12.4
2026-07-30T22:40:01.868557,A9E56C,N737DW,33.067245,-116.98374,,,295,,1200,-49.5,266,0.1
2026-07-30T22:40:01.868557,A4460E,UAL2129,32.675583,-117.043176,,,91,,1310,-49.5,381,0.4
2026-07-30T22:40:06.918255,0C217C,CMP362,32.882996,-116.729846,,,109,,7344,-32.1,2900,0.9
2026-07-30T22:40:06.918255,0C20F5,CMP302,33.246506,-117.432587,,,280,,0144,-49.5,4757,12.2
2026-07-30T22:40:06.918255,A58A67,SWA3822,32.770294,-117.041364,,,107,,3344,-49.5,2145,15.6
2026-07-30T22:40:06.918255,0D0B91,VOI1812,32.971115,-117.665002,,,324,,2663,-49.5,1418,0.2
2026-07-30T22:40:06.918255,A9D63B,ASA1621,33.117233,-117.754102,,,310,,7377,-35.4,475,56.7
2026-07-30T22:40:06.918255,0D0A04,VOI1720,33.189835,-117.043231,,,279,,2063,-26.8,2716,0.2
2026-07-30T22:40:06.918255,A5CA89,SWA3506,32.980453,-117.352551,,,144,,3303,-32.8,871,0.7
2026-07-30T22:40:06.918255,A9AB05,ASA617,33.15477,-116.803125,,,280,,1365,-22.8,2232,0.4
2026-07-30T22:40:06.918255,AE6BA0,SCRCH50,32.90261,-117.594573,,,141,,,-34.3,139,15.1
2026-07-30T22:40:06.918255,A146F1,SWA4874,33.195145,-116.490344,,,23,,7332,-34.1,360,17.4
2026-07-30T22:40:06.918255,A9E56C,N737DW,33.067886,-116.985388,,,295,,1200,-49.5,297,0.4
2026-07-30T22:40:06.918255,A4460E,UAL2129,32.675446,-117.033563,,,91,,1310,-31.0,439,0.3
2026-07-30T22:40:11.971114,0C217C,CMP362,32.882406,-116.727887,,,109,,7344,-33.1,2904,5.0
2026-07-30T22:40:11.971114,0C20F5,CMP302,33.246506,-117.432587,,,280,,0144,-49.5,4757,17.2
2026-07-30T22:40:11.971114,A58A67,SWA3822,32.770294,-117.041364,,,107,,3344,-49.5,2145,20.6
2026-07-30T22:40:11.971114,0D0B91,VOI1812,32.972764,-117.666433,,,324,,2663,-32.6,1432,4.3
2026-07-30T22:40:11.971114,A9D63B,ASA1621,33.117233,-117.754102,,,310,,7377,-35.4,475,61.8
2026-07-30T22:40:11.971114,0D0A04,VOI1720,33.191559,-117.055234,,,279,,2063,-22.4,2775,0.5
2026-07-30T22:40:11.971114,A5CA89,SWA3506,32.976196,-117.348981,,,144,,3303,-49.5,910,2.2
2026-07-30T22:40:11.971114,A9AB05,ASA617,33.156097,-116.811969,,,280,,1365,-49.5,2282,1.5
2026-07-30T22:40:11.971114,AE6BA0,SCRCH50,32.90261,-117.594573,,,141,,,-34.3,139,20.1
2026-07-30T22:40:11.971114,A146F1,SWA4874,33.195145,-116.490344,,,23,,7332,-49.5,361,22.5
2026-07-30T22:40:11.971114,A9E56C,N737DW,33.068619,-116.987201,,,295,,1200,-49.5,342,0.3
2026-07-30T22:40:11.971114,A4460E,UAL2129,32.675342,-117.025358,,,90,,1310,-49.5,513,0.9
2026-07-30T22:40:17.021783,0C217C,CMP362,32.882406,-116.727887,,,109,,7344,-33.1,2904,10.0
2026-07-30T22:40:17.021783,0C20F5,CMP302,33.253567,-117.476638,,,280,,0144,-34.2,4760,1.4
2026-07-30T22:40:17.021783,A58A67,SWA3822,32.770294,-117.041364,,,107,,3344,-49.5,2145,25.7
2026-07-30T22:40:17.021783,0D0B91,VOI1812,32.972764,-117.666433,,,324,,2663,-32.6,1432,9.3
2026-07-30T22:40:17.021783,0D0A04,VOI1720,33.193561,-117.069135,,,279,,2063,-49.5,2853,0.0
2026-07-30T22:40:17.021783,A5CA89,SWA3506,32.968109,-117.342224,,,144,,3303,-49.5,950,0.4
2026-07-30T22:40:17.021783,A9AB05,ASA617,33.158135,-116.825867,,,279,,1365,-49.5,2309,0.5
2026-07-30T22:40:17.021783,AE6BA0,SCRCH50,32.90261,-117.594573,,,141,,,-34.3,139,25.2
2026-07-30T22:40:17.021783,A146F1,SWA4874,33.195145,-116.490344,,,23,,7332,-49.5,361,27.5
2026-07-30T22:40:17.021783,A9E56C,N737DW,33.068941,-116.987971,,,295,,1200,-49.5,357,3.0
2026-07-30T22:40:17.021783,A4460E,UAL2129,32.675295,-117.014876,,,90,,1310,-49.5,593,0.3
2026-07-30T22:40:22.072168,0C217C,CMP362,32.882406,-116.727887,,,109,,7344,-33.1,2904,15.1
2026-07-30T22:40:22.072168,0C20F5,CMP302,33.253567,-117.476638,,,280,,0144,-49.5,4770,6.4
2026-07-30T22:40:22.072168,A58A67,SWA3822,32.770294,-117.041364,,,107,,3344,-49.5,2145,30.7
2026-07-30T22:40:22.072168,0D0B91,VOI1812,32.972764,-117.666433,,,324,,2663,-32.6,1432,14.3
2026-07-30T22:40:22.072168,0D0A04,VOI1720,33.19533,-117.081467,,,279,,2063,-49.5,2921,0.2
2026-07-30T22:40:22.072168,A5CA89,SWA3506,32.966991,-117.341271,,,144,,3303,-49.5,961,4.4
2026-07-30T22:40:22.072168,A9AB05,ASA617,33.159988,-116.838281,,,279,,1365,-32.4,2351,0.2
2026-07-30T22:40:22.072168,AE6BA0,SCRCH50,32.90261,-117.594573,,,141,,,-34.3,139,30.2
2026-07-30T22:40:22.072168,A146F1,SWA4874,33.195145,-116.490344,,,23,,7332,-49.5,361,32.5
2026-07-30T22:40:22.072168,A9E56C,N737DW,33.068941,-116.987971,,,295,,1200,-49.5,358,8.0
2026-07-30T22:40:22.072168,A4460E,UAL2129,32.675295,-117.009383,,,90,,1310,-34.7,643,2.5
2026-07-30T22:40:27.115235,0C217C,CMP362,32.882406,-116.727887,,,109,,7344,-33.1,2904,20.2
2026-07-30T22:40:27.115235,0C20F5,CMP302,33.253567,-117.476638,,,280,,0144,-49.5,4774,11.6
2026-07-30T22:40:27.115235,A58A67,SWA3822,32.762695,-117.003516,,,93,,3344,-34.2,2159,0.0
2026-07-30T22:40:27.115235,0D0B91,VOI1812,33.003256,-117.692722,,,324,,2663,-49.5,1434,1.9
2026-07-30T22:40:27.115235,0D0A04,VOI1720,33.197113,-117.093933,,,279,,2063,-49.5,2973,0.3
2026-07-30T22:40:27.115235,A5CA89,SWA3506,32.956517,-117.332527,,,144,,3303,-29.9,992,0.3
2026-07-30T22:40:27.115235,A9AB05,ASA617,33.160172,-116.839655,,,279,,1365,-49.5,2370,4.7
2026-07-30T22:40:27.115235,AE6BA0,SCRCH50,32.90261,-117.594573,,,141,,,-34.3,139,35.3
2026-07-30T22:40:27.115235,A146F1,SWA4874,33.195145,-116.490344,,,23,,7125,-49.5,362,37.6
2026-07-30T22:40:27.115235,A9E56C,N737DW,33.068941,-116.987971,,,295,,1200,-49.5,358,13.1
2026-07-30T22:40:27.115235,A4460E,UAL2129,32.675295,-117.009383,,,90,,1310,-49.5,645,7.6
2026-07-30T22:40:32.204256,0C217C,CMP362,32.882406,-116.727887,,,109,,7344,-49.5,2905,25.2
2026-07-30T22:40:32.204256,0C20F5,CMP302,33.259386,-117.510943,,,283,,0144,-32.7,4799,0.1
2026-07-30T22:40:32.204256,A58A67,SWA3822,32.762695,-117.003516,,,93,,3344,-35.8,2167,5.1
2026-07-30T22:40:32.204256,0D0B91,VOI1812,33.015313,-117.703091,,,323,,2663,-49.5,1445,0.1
2026-07-30T22:40:32.204256,0D0A04,VOI1720,33.198944,-117.106732,,,279,,2063,-49.5,3046,0.3
2026-07-30T22:40:32.204256,A5CA89,SWA3506,32.951065,-117.327997,,,144,,3303,-49.5,1038,0.6
2026-07-30T22:40:32.204256,A9AB05,ASA617,33.163395,-116.861684,,,279,,1365,-49.5,2406,0.3
2026-07-30T22:40:32.204256,AE6BA0,SCRCH50,32.90261,-117.594573,,,141,,,-34.3,139,40.4
2026-07-30T22:40:32.204256,A146F1,SWA4874,33.195145,-116.490344,,,23,,7125,-49.5,362,42.7
2026-07-30T22:40:32.204256,A9E56C,N737DW,33.071228,-116.993738,,,294,,1200,-31.6,368,1.4
2026-07-30T22:40:32.204256,A4460E,UAL2129,32.675295,-117.009383,,,90,,1310,-49.5,645,12.7
2026-07-30T22:40:37.267482,0C217C,CMP362,32.882406,-116.727887,,,109,,7344,-49.5,2914,30.3
2026-07-30T22:40:37.267482,0C20F5,CMP302,33.261703,-117.520203,,,287,,0144,-49.5,4837,0.5
2026-07-30T22:40:37.267482,A58A67,SWA3822,32.762695,-117.003516,,,93,,3344,-35.8,2167,10.2
2026-07-30T22:40:37.267482,0D0B91,VOI1812,33.015313,-117.703091,,,323,,2663,-49.5,1450,5.2
2026-07-30T22:40:37.267482,0D0A04,VOI1720,33.200311,-117.116388,,,279,,2063,-24.9,3080,1.5
2026-07-30T22:40:37.267482,A5CA89,SWA3506,32.945438,-117.323222,,,144,,3303,-33.2,1055,0.6
2026-07-30T22:40:37.267482,A9AB05,ASA617,33.165164,-116.874016,,,279,,1365,-28.4,2444,0.0
2026-07-30T22:40:37.267482,AE6BA0,SCRCH50,32.90261,-117.594573,,,141,,,-34.3,139,45.4
2026-07-30T22:40:37.267482,A146F1,SWA4874,33.195145,-116.490344,,,23,,7125,-49.5,362,47.8
2026-07-30T22:40:37.267482,A9E56C,N737DW,33.07206,-116.995931,,,294,,1200,-31.9,396,0.4
2026-07-30T22:40:37.267482,A4460E,UAL2129,32.675155,-116.980012,,,90,,1310,-31.4,676,2.3
2026-07-30T22:40:42.307391,0C217C,CMP362,32.860247,-116.65457,,,109,,7344,-35.0,2923,1.5
2026-07-30T22:40:42.307391,0C20F5,CMP302,33.264553,-117.529776,,,288,,0144,-49.5,4866,0.5
2026-07-30T22:40:42.307391,A58A67,SWA3822,32.762695,-117.003516,,,93,,3344,-35.8,2167,15.2
2026-07-30T22:40:42.307391,0D0B91,VOI1812,33.031586,-117.717133,,,323,,2663,-33.0,1456,0.9
2026-07-30T22:40:42.307391,0D0A04,VOI1720,33.202606,-117.13222,,,279,,2063,-49.5,3122,0.3
2026-07-30T22:40:42.307391,A5CA89,SWA3506,32.945438,-117.323222,,,144,,3303,-33.2,1055,5.7
2026-07-30T22:40:42.307391,A9AB05,ASA617,33.166561,-116.883713,,,279,,1365,-49.5,2501,0.9
2026-07-30T22:40:42.307391,AE6BA0,SCRCH50,32.90261,-117.594573,,,141,,,-34.3,139,50.5
2026-07-30T22:40:42.307391,A146F1,SWA4874,33.195145,-116.490344,,,23,,7125,-49.5,362,52.8
2026-07-30T22:40:42.307391,A9E56C,N737DW,33.072479,-116.996996,,,294,,1200,-49.5,417,2.4
2026-07-30T22:40:42.307391,A4460E,UAL2129,32.674988,-116.965997,,,90,,1310,-26.7,732,0.3
2026-07-30T22:40:47.386323,0C217C,CMP362,32.856354,-116.641736,,,109,,7344,-34.9,2927,0.6
2026-07-30T22:40:47.386323,0C20F5,CMP302,33.264553,-117.529776,,,291,,0144,-49.5,4877,5.6
2026-07-30T22:40:47.386323,A58A67,SWA3822,32.762695,-117.003516,,,93,,3344,-49.5,2169,20.3
2026-07-30T22:40:47.386323,0D0B91,VOI1812,33.040466,-117.724823,,,323,,2663,-49.5,1501,0.8
2026-07-30T22:40:47.386323,0D0A04,VOI1720,33.2043,-117.144141,,,279,,2063,-28.9,3187,0.5
2026-07-30T22:40:47.386323,A5CA89,SWA3506,32.934586,-117.314099,,,144,,3303,-49.5,1126,0.7
2026-07-30T22:40:47.386323,A9AB05,ASA617,33.168563,-116.897614,,,279,,1365,-29.9,2516,0.0
2026-07-30T22:40:47.386323,AE6BA0,SCRCH50,32.90261,-117.594573,,,141,,,-34.3,139,55.5
2026-07-30T22:40:47.386323,A146F1,SWA4874,33.195145,-116.490344,,,23,,7125,-49.5,362,57.9
2026-07-30T22:40:47.386323,A9E56C,N737DW,33.072479,-116.996996,,,294,,1200,-49.5,417,7.5
2026-07-30T22:40:47.386323,A4460E,UAL2129,32.674876,-116.956974,,,90,,1310,-49.5,789,0.8
2026-07-30T22:40:47.386323,A6E361,,32.627765,-117.102038,,,86,,,-34.5,11,3.7
2026-07-30T22:40:52.450574,0C217C,CMP362,32.854149,-116.634391,,,109,,7344,-49.5,2937,2.3
2026-07-30T22:40:52.450574,0C20F5,CMP302,33.270931,-117.54648,,,297,,0144,-49.5,4897,1.5
2026-07-30T22:40:52.450574,A58A67,SWA3822,32.762695,-117.003516,,,93,,3344,-49.5,2169,25.3
2026-07-30T22:40:52.450574,0D0B91,VOI1812,33.045106,-117.72882,,,323,,2663,-32.7,1516,3.2
2026-07-30T22:40:52.450574,0D0A04,VOI1720,33.206177,-117.157269,,,279,,2063,-30.4,3263,0.3
2026-07-30T22:40:52.450574,A5CA89,SWA3506,32.931519,-117.311517,,,144,,3303,-32.0,1179,3.0
2026-07-30T22:40:52.450574,A9AB05,ASA617,33.170145,-116.908432,,,279,,1365,-49.5,2566,0.4
2026-07-30T22:40:52.450574,AE6BA0,SCRCH50,32.90261,-117.594573,,,141,,,-34.3,139,60.6
2026-07-30T22:40:52.450574,A146F1,SWA4874,33.195145,-116.490344,,,23,,7125,-49.5,362,63.0
2026-07-30T22:40:52.450574,A9E56C,N737DW,33.074066,-117.001428,,,294,,1200,-33.2,419,0.5
2026-07-30T22:40:52.450574,A4460E,UAL2129,32.674876,-116.956974,,,90,,1310,-36.0,791,5.8
2026-07-30T22:40:52.450574,A6E361,,32.627765,-117.102038,,,86,,,-34.5,11,8.8
2026-07-30T22:40:57.490592,0C217C,CMP362,32.850769,-116.623279,,,109,,7344,-36.3,2943,2.2
2026-07-30T22:40:57.490592,0C20F5,CMP302,33.275446,-117.556121,,,300,,0144,-49.5,4929,1.0
2026-07-30T22:40:57.490592,A58A67,SWA3822,32.762695,-117.003516,,,93,,3344,-49.5,2169,30.4
2026-07-30T22:40:57.490592,0D0B91,VOI1812,33.045106,-117.72882,,,323,,2663,-32.7,1516,8.2
2026-07-30T22:40:57.490592,0D0A04,VOI1720,33.208085,-117.170423,,,279,,2063,-49.5,3341,0.0
2026-07-30T22:40:57.490592,A5CA89,SWA3506,32.922999,-117.304332,,,144,,3303,-31.2,1211,0.0
2026-07-30T22:40:57.490592,A9AB05,ASA617,33.171844,-116.920294,,,279,,1365,-49.5,2630,0.2
2026-07-30T22:40:57.490592,A146F1,SWA4874,33.195145,-116.490344,,,23,,7125,-49.5,362,68.0
2026-07-30T22:40:57.490592,A9E56C,N737DW,33.074066,-117.001428,,,294,,1200,-32.2,420,5.5
2026-07-30T22:40:57.490592,A4460E,UAL2129,32.674876,-116.956974,,,90,,1310,-36.0,791,10.9
2026-07-30T22:40:57.490592,A6E361,,32.628976,-117.080738,,,86,,,-33.2,12,1.6
2026-07-30T22:41:02.545296,0C217C,CMP362,32.850769,-116.623279,,,109,,7344,-34.6,2944,7.2
2026-07-30T22:41:02.545296,0C20F5,CMP302,33.278845,-117.562623,,,302,,0144,-49.5,4941,2.1
2026-07-30T22:41:02.545296,A58A67,SWA3822,32.762695,-117.003516,,,93,,3344,-49.5,2169,35.4
2026-07-30T22:41:02.545296,0D0B91,VOI1812,33.067591,-117.748214,,,323,,2663,-32.6,1531,0.4
2026-07-30T22:41:02.545296,0D0A04,VOI1720,33.209854,-117.182642,,,279,,2063,-49.5,3410,0.0
2026-07-30T22:41:02.545296,A5CA89,SWA3506,32.917786,-117.299624,,,140,,3303,-49.5,1258,0.2
2026-07-30T22:41:02.545296,A9AB05,ASA617,33.173584,-116.932434,,,279,,1365,-23.2,2700,0.0
2026-07-30T22:41:02.545296,A146F1,SWA4874,33.195145,-116.490344,,,23,,7125,-49.5,362,73.1
2026-07-30T22:41:02.545296,A9E56C,N737DW,33.074066,-117.001428,,,294,,1200,-32.2,420,10.6
2026-07-30T22:41:02.545296,A4460E,UAL2129,32.674876,-116.956974,,,90,,1310,-33.8,800,15.9
2026-07-30T22:41:02.545296,A6E361,,32.628976,-117.080738,,,86,,,-33.2,12,6.7
2026-07-30T22:41:07.593928,0C217C,CMP362,32.850769,-116.623279,,,109,,7344,-34.6,2944,12.3
2026-07-30T22:41:07.593928,0C20F5,CMP302,33.278845,-117.562623,,,302,,0144,-33.7,4944,7.1
2026-07-30T22:41:07.593928,A58A67,SWA3822,32.762695,-117.003516,,,93,,3344,-49.5,2169,40.5
2026-07-30T22:41:07.593928,0D0B91,VOI1812,33.075598,-117.755164,,,323,,2663,-49.5,1557,0.9
2026-07-30T22:41:07.593928,0D0A04,VOI1720,33.211487,-117.194019,,,279,,2063,-24.1,3491,0.4
2026-07-30T22:41:07.593928,A5CA89,SWA3506,32.913666,-117.294928,,,132,,3303,-49.5,1281,0.9
2026-07-30T22:41:07.593928,A9AB05,ASA617,33.17508,-116.942849,,,279,,1365,-24.1,2772,0.5
2026-07-30T22:41:07.593928,A146F1,SWA4874,33.195145,-116.490344,,,23,,7125,-49.5,362,78.1
2026-07-30T22:41:07.593928,A9E56C,N737DW,33.075943,-117.006592,,,294,,1200,-34.1,423,2.5
2026-07-30T22:41:07.593928,A4460E,UAL2129,32.674876,-116.956974,,,90,,1310,-33.8,800,21.0
2026-07-30T22:41:07.593928,A6E361,,32.628976,-117.080738,,,86,,,-33.2,12,11.7
2026-07-30T22:41:12.712359,0C217C,CMP362,32.850769,-116.623279,,,109,,7344,-49.5,2946,17.4
2026-07-30T22:41:12.712359,0C20F5,CMP302,33.288341,-117.580448,,,302,,0144,-49.5,4954,1.3
2026-07-30T22:41:12.712359,A58A67,SWA3822,32.762695,-117.003516,,,93,,3344,-49.5,2169,45.6
2026-07-30T22:41:12.712359,0D0B91,VOI1812,33.085513,-117.76374,,,323,,2663,-33.7,1568,0.3
2026-07-30T22:41:12.712359,0D0A04,VOI1720,33.213346,-117.207025,,,279,,2063,-49.5,3565,0.2
2026-07-30T22:41:12.712359,A5CA89,SWA3506,32.90908,-117.287797,,,124,,3303,-49.5,1337,0.1
2026-07-30T22:41:12.712359,A9AB05,ASA617,33.17688,-116.955505,,,279,,1365,-49.5,2842,0.1
2026-07-30T22:41:12.712359,A146F1,SWA4874,33.195145,-116.490344,,,23,,7125,-49.5,362,83.2
2026-07-30T22:41:12.712359,A9E56C,N737DW,33.077087,-117.009495,,,295,,1200,-23.9,468,0.1
2026-07-30T22:41:12.712359,A4460E,UAL2129,32.674876,-116.956974,,,90,,1310,-49.5,801,26.1
2026-07-30T22:41:12.712359,A6E361,,32.628976,-117.080738,,,86,,,-49.5,14,16.8
2026-07-30T22:41:17.790755,0C217C,CMP362,32.837677,-116.580267,,,109,,7344,-36.0,2947,2.7
2026-07-30T22:41:17.790755,0C20F5,CMP302,33.288341,-117.580448,,,302,,0144,-33.1,4956,6.4
2026-07-30T22:41:17.790755,A58A67,SWA3822,32.762695,-117.003516,,,93,,3344,-49.5,2169,50.7
2026-07-30T22:41:17.790755,0D0B91,VOI1812,33.085513,-117.76374,,,323,,2663,-49.5,1569,5.4
2026-07-30T22:41:17.790755,0D0A04,VOI1720,33.215115,-117.219188,,,279,,2063,-29.6,3627,0.3
2026-07-30T22:41:17.790755,A5CA89,SWA3506,32.905563,-117.28147,,,122,,3303,-49.5,1413,0.3
2026-07-30T22:41:17.790755,A9AB05,ASA617,33.178478,-116.966503,,,279,,1365,-27.1,2915,0.3
2026-07-30T22:41:17.790755,A146F1,SWA4874,33.195145,-116.490344,,,23,,7125,-49.5,362,88.3
2026-07-30T22:41:17.790755,A9E56C,N737DW,33.077866,-117.011426,,,294,,1200,-49.5,522,0.2
2026-07-30T22:41:17.790755,A4460E,UAL2129,32.674876,-116.956974,,,90,,1310,-49.5,802,31.2
2026-07-30T22:41:17.790755,A6E361,,32.628976,-117.080738,,,86,,,-49.5,14,21.9
2026-07-30T22:41:22.830271,0C217C,CMP362,32.837677,-116.580267,,,109,,7344,-34.5,2948,7.8
2026-07-30T22:41:22.830271,0C20F5,CMP302,33.294296,-117.591669,,,302,,0144,-33.4,4960,4.5
2026-07-30T22:41:22.830271,A58A67,SWA3822,32.762695,-117.003516,,,93,,3344,-49.5,2169,55.7
2026-07-30T22:41:22.830271,0D0B91,VOI1812,33.085513,-117.76374,,,323,,2663,-49.5,1569,10.4
2026-07-30T22:41:22.830271,0D0A04,VOI1720,33.216791,-117.230847,,,279,,2063,-49.5,3677,0.5
2026-07-30T22:41:22.830271,A5CA89,SWA3506,32.90213,-117.275043,,,122,,3303,-49.5,1425,0.4
2026-07-30T22:41:22.830271,A9AB05,ASA617,33.180108,-116.97805,,,279,,1365,-19.6,3012,0.3
2026-07-30T22:41:22.830271,A146F1,SWA4874,33.195145,-116.490344,,,23,,7125,-49.5,362,93.4
2026-07-30T22:41:22.830271,A9E56C,N737DW,33.078644,-117.013403,,,294,,1200,-49.5,562,0.3
2026-07-30T22:41:22.830271,A4460E,UAL2129,32.674876,-116.956974,,,90,,1310,-34.8,804,36.2
2026-07-30T22:41:22.830271,A6E361,,32.631912,-117.03219,,,86,,,-33.9,23,0.0
2026-07-30T22:41:27.909189,0C217C,CMP362,32.837677,-116.580267,,,109,,7344,-49.5,2949,12.9
2026-07-30T22:41:27.909189,0C20F5,CMP302,33.294296,-117.591669,,,302,,0144,-49.5,4961,9.6
2026-07-30T22:41:27.909189,A58A67,SWA3822,32.762695,-117.003516,,,93,,3344,-49.5,2169,60.8
2026-07-30T22:41:27.909189,0D0B91,VOI1812,33.085513,-117.76374,,,323,,2663,-34.4,1572,15.5
2026-07-30T22:41:27.909189,0D0A04,VOI1720,33.218746,-117.244412,,,279,,2063,-49.5,3734,0.0
2026-07-30T22:41:27.909189,A5CA89,SWA3506,32.89856,-117.268403,,,122,,3303,-49.5,1462,0.3
2026-07-30T22:41:27.909189,A9AB05,ASA617,33.181824,-116.989948,,,279,,1365,-49.5,3093,0.1
2026-07-30T22:41:27.909189,A9E56C,N737DW,33.079415,-117.015493,,,293,,1200,-22.6,611,0.3
2026-07-30T22:41:27.909189,A4460E,UAL2129,32.674876,-116.956974,,,90,,1310,-49.5,813,41.3
2026-07-30T22:41:27.909189,A6E361,DAL571,32.632467,-117.023004,,,86,,,-49.5,45,0.1
2026-07-30T22:41:32.988628,0C217C,CMP362,32.837677,-116.580267,,,109,,7344,-49.5,2950,17.9
2026-07-30T22:41:32.988628,0C20F5,CMP302,33.294296,-117.591669,,,302,,0144,-49.5,4962,14.7
2026-07-30T22:41:32.988628,A58A67,SWA3822,32.762695,-117.003516,,,93,,3344,-49.5,2169,65.9
2026-07-30T22:41:32.988628,0D0B91,VOI1812,33.085513,-117.76374,,,323,,2663,-49.5,1574,20.6
2026-07-30T22:41:32.988628,0D0A04,VOI1720,33.220282,-117.255286,,,279,,2063,-27.2,3811,0.6
2026-07-30T22:41:32.988628,A5CA89,SWA3506,32.895022,-117.261901,,,122,,3303,-49.5,1498,0.1
2026-07-30T22:41:32.988628,A9AB05,ASA617,33.183366,-117.000807,,,279,,1365,-21.8,3192,0.3
2026-07-30T22:41:32.988628,A9E56C,N737DW,33.0802,-117.017633,,,294,,1200,-22.4,652,0.3
2026-07-30T22:41:32.988628,A4460E,UAL2129,32.6732,-116.872503,,,90,,1310,-49.5,826,4.2
2026-07-30T22:41:32.988628,A6E361,DAL571,32.633011,-117.013403,,,85,,,-32.3,76,0.0
2026-07-30T22:41:38.067361,0C217C,CMP362,32.837677,-116.580267,,,109,,7344,-35.9,2951,23.0
2026-07-30T22:41:38.067361,0C20F5,CMP302,33.294296,-117.591669,,,302,,0144,-49.5,4962,19.7
2026-07-30T22:41:38.067361,A58A67,SWA3822,32.762695,-117.003516,,,93,,3344,-49.5,2169,70.9
2026-07-30T22:41:38.067361,0D0B91,VOI1812,33.085513,-117.76374,,,323,,2663,-49.5,1574,25.6
2026-07-30T22:41:38.067361,0D0A04,VOI1720,33.222198,-117.268945,,,279,,2063,-31.6,3891,0.0
2026-07-30T22:41:38.067361,A5CA89,SWA3506,32.891763,-117.255791,,,122,,3303,-26.8,1564,0.4
2026-07-30T22:41:38.067361,A9AB05,ASA617,33.184799,-117.010767,,,279,,1365,-49.5,3257,0.9
2026-07-30T22:41:38.067361,A9E56C,N737DW,33.080978,-117.01972,,,293,,1200,-49.5,698,0.4
2026-07-30T22:41:38.067361,A4460E,UAL2129,32.6732,-116.872503,,,90,,1310,-49.5,826,9.3
2026-07-30T22:41:38.067361,A6E361,DAL571,32.633606,-117.00379,,,86,,6740,-49.5,113,0.0
2026-07-30T22:41:43.131852,0C217C,CMP362,32.837677,-116.580267,,,109,,7344,-34.2,2952,28.1
2026-07-30T22:41:43.131852,0C20F5,CMP302,33.294296,-117.591669,,,302,,0144,-49.5,4962,24.8
2026-07-30T22:41:43.131852,A58A67,SWA3822,32.762695,-117.003516,,,93,,3344,-49.5,2169,76.0
2026-07-30T22:41:43.131852,0D0B91,VOI1812,33.085513,-117.76374,,,323,,2663,-49.5,1574,30.7
2026-07-30T22:41:43.131852,0D0A04,VOI1720,33.222748,-117.272791,,,279,,2063,-31.3,3920,3.4
2026-07-30T22:41:43.131852,A5CA89,SWA3506,32.888784,-117.250298,,,122,,3303,-49.5,1606,1.1
2026-07-30T22:41:43.131852,A9AB05,ASA617,33.186625,-117.023396,,,279,,1365,-17.2,3347,0.4
2026-07-30T22:41:43.131852,A9E56C,N737DW,33.081743,-117.021883,,,293,,1200,-49.5,745,0.2
2026-07-30T22:41:43.131852,A4460E,UAL2129,32.6732,-116.872503,,,90,,1310,-49.5,826,14.3
2026-07-30T22:41:43.131852,A6E361,DAL571,32.633606,-117.00379,,,86,,6740,-31.4,136,5.1
2026-07-30T22:41:43.131852,AE6BA0,,32.78746,-117.48609,,,141,,,-33.4,19,3.1
2026-07-30T22:41:43.131852,A9D63B,,33.313797,-117.978992,,,,,,-49.5,2,1.8
2026-07-30T22:41:48.204596,0C217C,CMP362,32.837677,-116.580267,,,109,,7344,-34.2,2952,33.1
2026-07-30T22:41:48.204596,0C20F5,CMP302,33.294296,-117.591669,,,302,,0144,-49.5,4962,29.9
2026-07-30T22:41:48.204596,0D0B91,VOI1812,33.14659,-117.816542,,,323,,2663,-49.5,1582,0.8
2026-07-30T22:41:48.204596,0D0A04,VOI1720,33.225356,-117.291384,,,279,,2063,-49.5,3965,0.7
2026-07-30T22:41:48.204596,A5CA89,SWA3506,32.885153,-117.243571,,,122,,3303,-32.8,1627,0.9
2026-07-30T22:41:48.204596,A9AB05,ASA617,33.188232,-117.034827,,,279,,1365,-49.5,3434,0.3
2026-07-30T22:41:48.204596,A9E56C,N737DW,33.082581,-117.024115,,,294,,1200,-15.6,796,0.0
2026-07-30T22:41:48.204596,A4460E,UAL2129,32.6732,-116.872503,,,90,,1310,-49.5,826,19.4
2026-07-30T22:41:48.204596,A6E361,DAL571,32.633606,-117.00379,,,86,,6740,-31.4,136,10.2
2026-07-30T22:41:48.204596,AE6BA0,,32.78746,-117.48609,,,141,,,-33.4,19,8.1
2026-07-30T22:41:48.204596,A9D63B,,33.313797,-117.978992,,,,,,-35.6,3,6.9
2026-07-30T22:41:53.249709,0C217C,CMP362,32.837677,-116.580267,,,109,,7344,-49.5,2953,38.2
2026-07-30T22:41:53.249709,0C20F5,CMP302,33.294296,-117.591669,,,302,,0144,-49.5,4962,34.9
2026-07-30T22:41:53.249709,0D0B91,VOI1812,33.151664,-117.820914,,,323,,2663,-32.9,1596,3.0
2026-07-30T22:41:53.249709,0D0A04,VOI1720,33.226685,-117.300806,,,279,,2063,-49.5,3993,1.9
2026-07-30T22:41:53.249709,A5CA89,SWA3506,32.881302,-117.236426,,,122,,3303,-49.5,1673,0.2
2026-07-30T22:41:53.249709,A9AB05,ASA617,33.189789,-117.045648,,,279,,1365,-19.8,3519,0.5
2026-07-30T22:41:53.249709,A9E56C,N737DW,33.083405,-117.026202,,,295,,1200,-15.3,836,0.1
2026-07-30T22:41:53.249709,A4460E,UAL2129,32.6732,-116.872503,,,90,,1310,-49.5,826,24.5
2026-07-30T22:41:53.249709,A6E361,DAL571,32.633606,-117.00379,,,86,,6740,-31.4,136,15.3
2026-07-30T22:41:53.249709,AE6BA0,,32.78746,-117.48609,,,141,,,-33.4,19,13.2
2026-07-30T22:41:53.249709,A9D63B,,33.313797,-117.978992,,,,,,-35.6,3,11.9
2026-07-30T22:41:58.328576,0C217C,CMP362,32.837677,-116.580267,,,109,,7344,-35.5,2955,43.3
2026-07-30T22:41:58.328576,0C20F5,CMP302,33.294296,-117.591669,,,302,,0144,-49.5,4962,40.0
2026-07-30T22:41:58.328576,0D0B91,VOI1812,33.151664,-117.820914,,,323,,2663,-32.9,1596,8.1
2026-07-30T22:41:58.328576,0D0A04,VOI1720,33.228745,-117.315308,,,279,,2063,-49.5,4061,0.8
2026-07-30T22:41:58.328576,A5CA89,SWA3506,32.879883,-117.233844,,,122,,3303,-49.5,1690,3.2
2026-07-30T22:41:58.328576,A9AB05,ASA617,33.191391,-117.057074,,,279,,1365,-49.5,3621,0.4
2026-07-30T22:41:58.328576,A9E56C,N737DW,33.084256,-117.028329,,,295,,1200,-16.8,891,0.0
2026-07-30T22:41:58.328576,A4460E,UAL2129,32.6732,-116.872503,,,90,,1310,-49.5,826,29.6
2026-07-30T22:41:58.328576,A6E361,DAL571,32.633606,-117.00379,,,86,,6740,-31.4,136,20.4
2026-07-30T22:41:58.328576,AE6BA0,,32.78746,-117.48609,,,141,,,-33.4,19,18.3
2026-07-30T22:41:58.328576,A9D63B,,33.313797,-117.978992,,,,,,-35.6,3,17.0
2026-07-30T22:42:03.408598,0C217C,CMP362,32.837677,-116.580267,,,109,,7344,-35.5,2955,48.4
2026-07-30T22:42:03.408598,0C20F5,CMP302,33.294296,-117.591669,,,302,,0144,-49.5,4962,45.1
2026-07-30T22:42:03.408598,0D0B91,VOI1812,33.151664,-117.820914,,,323,,2663,-32.9,1596,13.1
2026-07-30T22:42:03.408598,0D0A04,VOI1720,33.230756,-117.329444,,,279,,2063,-26.3,4119,0.0
2026-07-30T22:42:03.408598,A5CA89,SWA3506,32.875397,-117.225549,,,122,,3303,-49.5,1722,1.6
2026-07-30T22:42:03.408598,A9AB05,ASA617,33.193002,-117.068799,,,279,,1365,-23.6,3692,0.0
2026-07-30T22:42:03.408598,A9E56C,N737DW,33.085052,-117.030267,,,294,,1200,-19.7,940,0.3
2026-07-30T22:42:03.408598,A4460E,UAL2129,32.6732,-116.872503,,,90,,1310,-49.5,826,34.6
2026-07-30T22:42:03.408598,A6E361,DAL571,32.633606,-117.00379,,,86,,6740,-33.4,140,25.4
2026-07-30T22:42:03.408598,AE6BA0,,32.78746,-117.48609,,,141,,,-33.4,19,23.4
2026-07-30T22:42:03.408598,A9D63B,,33.313797,-117.978992,,,,,,-35.6,3,22.1
2026-07-30T22:42:08.486470,0C217C,CMP362,32.837677,-116.580267,,,109,,7344,-35.5,2955,53.4
2026-07-30T22:42:08.486470,0C20F5,CMP302,33.294296,-117.591669,,,302,,0144,-49.5,4962,50.1
2026-07-30T22:42:08.486470,0D0B91,VOI1812,33.151664,-117.820914,,,323,,2663,-32.9,1596,18.2
2026-07-30T22:42:08.486470,0D0A04,VOI1720,33.232224,-117.339478,,,279,,2063,-32.7,4199,0.8
2026-07-30T22:42:08.486470,A5CA89,SWA3506,32.872723,-117.220534,,,122,,3303,-49.5,1733,2.5
2026-07-30T22:42:08.486470,A9AB05,ASA617,33.194504,-117.079651,,,279,,1365,-49.5,3769,0.2
2026-07-30T22:42:08.486470,A9E56C,N737DW,33.08551,-117.031476,,,294,,1200,-33.7,963,2.3
2026-07-30T22:42:08.486470,A4460E,UAL2129,32.6732,-116.872503,,,90,,1310,-49.5,826,39.7
2026-07-30T22:42:08.486470,A6E361,DAL571,32.636843,-116.946716,,,86,,6740,-31.3,160,1.0
2026-07-30T22:42:08.486470,AE6BA0,,32.78746,-117.48609,,,141,,,-33.4,19,28.4
2026-07-30T22:42:08.486470,A9D63B,,33.313797,-117.978992,,,,,,-35.6,3,27.1
2026-07-30T22:42:13.536658,0C217C,CMP362,32.837677,-116.580267,,,109,,7344,-35.5,2955,58.4
2026-07-30T22:42:13.536658,0C20F5,CMP302,33.294296,-117.591669,,,302,,0144,-49.5,4962,55.2
2026-07-30T22:42:13.536658,0D0B91,VOI1812,33.151664,-117.820914,,,323,,2663,-32.9,1596,23.2
2026-07-30T22:42:13.536658,0D0A04,VOI1720,33.233963,-117.351013,,,280,,2063,-49.5,4250,0.9
2026-07-30T22:42:13.536658,A5CA89,SWA3506,32.870132,-117.215826,,,122,,3303,-33.3,1747,3.6
2026-07-30T22:42:13.536658,A9AB05,ASA617,33.195923,-117.089429,,,279,,1365,-29.4,3844,0.7
2026-07-30T22:42:13.536658,A9E56C,N737DW,33.086584,-117.034383,,,292,,1200,-24.8,1023,0.0
2026-07-30T22:42:13.536658,A4460E,UAL2129,32.6732,-116.872503,,,90,,1310,-49.5,826,44.7
2026-07-30T22:42:13.536658,A6E361,DAL571,32.636843,-116.946716,,,86,,6740,-49.5,165,6.0
2026-07-30T22:42:13.536658,AE6BA0,,32.78746,-117.48609,,,141,,,-33.4,19,33.4
2026-07-30T22:42:13.536658,A9D63B,,33.313797,-117.978992,,,,,,-35.6,3,32.2
2026-07-30T22:42:18.580979,0C217C,CMP362,32.837677,-116.580267,,,109,,7344,-35.5,2955,63.5
2026-07-30T22:42:18.580979,0C20F5,CMP302,33.294296,-117.591669,,,302,,0144,-49.5,4962,60.2
2026-07-30T22:42:18.580979,0D0B91,VOI1812,33.151664,-117.820914,,,323,,2663,-32.9,1596,28.3
2026-07-30T22:42:18.580979,0D0A04,VOI1720,33.235886,-117.363263,,,280,,2063,-29.4,4303,0.8
2026-07-30T22:42:18.580979,A5CA89,SWA3506,32.865228,-117.206745,,,122,,3303,-49.5,1774,1.0
2026-07-30T22:42:18.580979,A9AB05,ASA617,33.197479,-117.100305,,,279,,1365,-49.5,3913,0.8
2026-07-30T22:42:18.580979,A9E56C,N737DW,33.087296,-117.03642,,,292,,1200,-24.5,1076,0.0
2026-07-30T22:42:18.580979,A4460E,UAL2129,32.6732,-116.872503,,,90,,1310,-49.5,830,49.8
2026-07-30T22:42:18.580979,A6E361,DAL571,32.636843,-116.946716,,,86,,6740,-49.5,165,11.1
2026-07-30T22:42:18.580979,AE6BA0,,32.78746,-117.48609,,,141,,,-33.4,19,38.5
2026-07-30T22:42:18.580979,A9D63B,,33.313797,-117.978992,,,,,,-35.6,3,37.2
2026-07-30T22:42:23.649732,0C217C,CMP362,32.837677,-116.580267,,,109,,7344,-35.5,2955,68.6
2026-07-30T22:42:23.649732,0C20F5,CMP302,33.294296,-117.591669,,,302,,0144,-49.5,4962,65.3
2026-07-30T22:42:23.649732,0D0B91,VOI1812,33.151664,-117.820914,,,323,,2663,-32.9,1596,33.3
2026-07-30T22:42:23.649732,0D0A04,VOI1720,33.237786,-117.374847,,,281,,2063,-25.6,4347,0.9
2026-07-30T22:42:23.649732,A5CA89,SWA3506,32.862156,-117.201083,,,122,,3303,-30.3,1816,1.3
2026-07-30T22:42:23.649732,A9AB05,ASA617,33.198077,-117.104561,,,279,,1365,-49.5,3946,3.9
2026-07-30T22:42:23.649732,A9E56C,N737DW,33.087982,-117.038287,,,294,,1200,-23.2,1136,0.3
2026-07-30T22:42:23.649732,A4460E,UAL2129,32.6732,-116.872503,,,90,,1310,-49.5,830,54.9
2026-07-30T22:42:23.649732,A6E361,DAL571,32.636843,-116.946716,,,86,,6740,-36.7,167,16.2
2026-07-30T22:42:23.649732,AE6BA0,,32.78746,-117.48609,,,141,,,-33.4,19,43.6
2026-07-30T22:42:23.649732,A9D63B,,33.313797,-117.978992,,,,,,-35.6,3,42.3
2026-07-30T22:42:23.649732,A146CE,SWA3486,32.627335,-117.168365,,,86,,,-31.5,8,0.8
2026-07-30T22:42:28.693639,0C217C,CMP362,32.837677,-116.580267,,,109,,7344,-35.5,2955,73.6
2026-07-30T22:42:28.693639,0D0B91,VOI1812,33.151664,-117.820914,,,323,,2663,-32.9,1596,38.4
2026-07-30T22:42:28.693639,0D0A04,VOI1720,33.240051,-117.388586,,,281,,2063,-27.1,4399,0.1
2026-07-30T22:42:28.693639,A5CA89,SWA3506,32.859055,-117.195282,,,122,,3303,-31.2,1832,1.4
2026-07-30T22:42:28.693639,A9AB05,ASA617,33.200684,-117.122937,,,279,,1365,-25.7,4027,0.5
2026-07-30T22:42:28.693639,A9E56C,N737DW,33.088715,-117.040265,,,294,,1200,-49.5,1193,0.4
2026-07-30T22:42:28.693639,A4460E,UAL2129,32.6732,-116.872503,,,90,,1310,-49.5,830,59.9
2026-07-30T22:42:28.693639,A6E361,DAL571,32.636843,-116.946716,,,85,,6740,-49.5,169,21.2
2026-07-30T22:42:28.693639,AE6BA0,,32.78746,-117.48609,,,141,,,-33.4,19,48.6
2026-07-30T22:42:28.693639,A9D63B,,33.313797,-117.978992,,,,,,-35.6,3,47.4
2026-07-30T22:42:28.693639,A146CE,SWA3486,32.627838,-117.159576,,,86,,,-49.5,26,0.9
2026-07-30T22:42:33.772570,0C217C,CMP362,32.837677,-116.580267,,,109,,7344,-35.5,2955,78.7
2026-07-30T22:42:33.772570,0D0B91,VOI1812,33.151664,-117.820914,,,323,,2663,-32.9,1596,43.5
2026-07-30T22:42:33.772570,0D0A04,VOI1720,33.241974,-117.400452,,,280,,2063,-22.9,4447,0.0
2026-07-30T22:42:33.772570,A5CA89,SWA3506,32.855164,-117.188141,,,122,,3303,-30.5,1851,0.2
2026-07-30T22:42:33.772570,A9AB05,ASA617,33.202377,-117.134418,,,279,,1365,-21.7,4115,0.3
2026-07-30T22:42:33.772570,A9E56C,N737DW,33.089517,-117.042286,,,294,,0213,-49.5,1257,0.4
2026-07-30T22:42:33.772570,A4460E,UAL2129,32.6732,-116.872503,,,90,,1310,-49.5,830,65.0
2026-07-30T22:42:33.772570,A6E361,DAL571,32.636843,-116.946716,,,85,,6740,-49.5,169,26.3
2026-07-30T22:42:33.772570,AE6BA0,,32.78746,-117.48609,,,141,,,-33.4,19,53.7
2026-07-30T22:42:33.772570,A9D63B,,33.313797,-117.978992,,,,,,-35.6,3,52.4
2026-07-30T22:42:33.772570,A146CE,SWA3486,32.627838,-117.159576,,,86,,,-49.5,26,5.9
2026-07-30T22:42:38.851800,0C217C,CMP362,32.837677,-116.580267,,,109,,7344,-35.5,2955,83.8
2026-07-30T22:42:38.851800,0D0B91,VOI1812,33.151664,-117.820914,,,323,,2663,-32.9,1596,48.5
2026-07-30T22:42:38.851800,0D0A04,VOI1720,33.243851,-117.412097,,,280,,2063,-30.1,4499,0.2
2026-07-30T22:42:38.851800,A5CA89,SWA3506,32.852188,-117.182593,,,122,,3303,-49.5,1894,0.3
2026-07-30T22:42:38.851800,A9AB05,ASA617,33.203979,-117.145459,,,279,,1365,-23.5,4215,0.2
2026-07-30T22:42:38.851800,A9E56C,N737DW,33.090317,-117.04433,,,294,,0213,-23.7,1312,0.2
2026-07-30T22:42:38.851800,A4460E,UAL2129,32.6732,-116.872503,,,90,,1310,-49.5,830,70.1
2026-07-30T22:42:38.851800,A6E361,DAL571,32.636843,-116.946716,,,85,,6740,-35.7,171,31.3
2026-07-30T22:42:38.851800,AE6BA0,,32.78746,-117.48609,,,141,,,-33.4,19,58.8
2026-07-30T22:42:38.851800,A9D63B,,33.313797,-117.978992,,,,,,-35.6,3,57.5
2026-07-30T22:42:38.851800,A146CE,SWA3486,32.627838,-117.159576,,,86,,,-49.5,26,11.0
2026-07-30T22:42:43.953377,0C217C,CMP362,32.837677,-116.580267,,,109,,7344,-35.5,2955,88.9
2026-07-30T22:42:43.953377,0D0B91,VOI1812,33.151664,-117.820914,,,323,,2663,-32.9,1596,53.6
2026-07-30T22:42:43.953377,0D0A04,VOI1720,33.245682,-117.423468,,,280,,2063,-49.5,4557,0.3
2026-07-30T22:42:43.953377,A5CA89,SWA3506,32.849168,-117.177093,,,122,,3303,-28.9,1956,0.4
2026-07-30T22:42:43.953377,A9AB05,ASA617,33.205525,-117.155961,,,280,,1365,-49.5,4302,0.4
2026-07-30T22:42:43.953377,A9E56C,N737DW,33.091053,-117.046322,,,293,,0213,-49.5,1369,0.1
2026-07-30T22:42:43.953377,A4460E,UAL2129,32.6732,-116.872503,,,90,,1310,-49.5,830,75.1
2026-07-30T22:42:43.953377,A6E361,DAL571,32.636843,-116.946716,,,85,,6740,-34.4,172,36.4
2026-07-30T22:42:43.953377,A146CE,SWA3486,32.627838,-117.159576,,,86,,,-35.0,27,16.1
2026-07-30T22:42:48.998143,0C217C,CMP362,32.837677,-116.580267,,,109,,7344,-35.5,2955,93.9
2026-07-30T22:42:48.998143,0D0B91,VOI1812,33.151664,-117.820914,,,323,,2663,-32.9,1596,58.7
2026-07-30T22:42:48.998143,0D0A04,VOI1720,33.247608,-117.435776,,,280,,2063,-49.5,4581,0.0
2026-07-30T22:42:48.998143,A5CA89,SWA3506,32.846421,-117.171992,,,122,,3303,-31.5,2020,0.9
2026-07-30T22:42:48.998143,A9AB05,ASA617,33.20723,-117.167267,,,280,,1365,-21.4,4388,0.3
2026-07-30T22:42:48.998143,A9E56C,N737DW,33.091782,-117.04823,,,293,,0213,-28.3,1416,0.3
2026-07-30T22:42:48.998143,A4460E,UAL2129,32.6732,-116.872503,,,90,,1310,-49.5,830,80.2
2026-07-30T22:42:48.998143,A6E361,DAL571,32.636843,-116.946716,,,85,,6740,-34.4,172,41.5
2026-07-30T22:42:48.998143,A146CE,SWA3486,32.629441,-117.129392,,,86,,,-49.5,33,4.2
2026-07-30T22:42:54.067738,0D0A04,VOI1720,33.247925,-117.43797,,,280,,2063,-49.5,4597,4.2
2026-07-30T22:42:54.067738,A5CA89,SWA3506,32.845825,-117.170892,,,122,,3303,-33.6,2035,4.9
2026-07-30T22:42:54.067738,A9AB05,ASA617,33.208877,-117.178214,,,280,,1365,-49.5,4466,0.3
2026-07-30T22:42:54.067738,A9E56C,N737DW,33.092496,-117.050302,,,292,,0213,-49.5,1469,0.3
2026-07-30T22:42:54.067738,A4460E,UAL2129,32.6732,-116.872503,,,90,,1310,-49.5,830,85.3
2026-07-30T22:42:54.067738,A6E361,DAL571,32.64212,-116.8552,,,86,,6740,-49.5,177,1.6
2026-07-30T22:42:54.067738,A146CE,SWA3486,32.629441,-117.129392,,,86,,,-49.5,33,9.3
2026-07-30T22:42:59.112719,0D0A04,VOI1720,33.251038,-117.4578,,,280,,2063,-49.5,4642,0.6
2026-07-30T22:42:59.112719,A5CA89,SWA3506,32.840561,-117.161169,,,122,,3303,-49.5,2078,1.0
2026-07-30T22:42:59.112719,A9AB05,ASA617,33.210553,-117.189424,,,280,,1365,-22.2,4547,0.1
2026-07-30T22:42:59.112719,A9E56C,N737DW,33.093246,-117.052405,,,292,,0213,-49.5,1529,0.1
2026-07-30T22:42:59.112719,A4460E,UAL2129,32.6732,-116.872503,,,90,,1310,-49.5,830,90.4
2026-07-30T22:42:59.112719,A6E361,DAL571,32.64212,-116.8552,,,86,,6740,-49.5,178,6.7
2026-07-30T22:42:59.112719,A146CE,SWA3486,32.630791,-117.103944,,,86,,7330,-29.3,56,0.4
2026-07-30T22:43:04.203897,0D0A04,VOI1720,33.251724,-117.462085,,,280,,2063,-49.5,4658,3.7
2026-07-30T22:43:04.203897,A5CA89,SWA3506,32.837402,-117.155292,,,122,,3303,-31.5,2111,0.6
2026-07-30T22:43:04.203897,A9AB05,ASA617,33.212173,-117.200281,,,279,,1365,-49.5,4629,0.2
2026-07-30T22:43:04.203897,A9E56C,N737DW,33.093939,-117.05445,,,292,,0213,-22.8,1571,0.4
2026-07-30T22:43:04.203897,A4460E,UAL2129,32.6732,-116.872503,,,90,,1310,-49.5,830,95.4
2026-07-30T22:43:04.203897,A6E361,DAL571,32.64212,-116.8552,,,86,,6740,-49.5,178,11.8
2026-07-30T22:43:04.203897,A146CE,SWA3486,32.630884,-117.102094,,,86,,7330,-49.5,73,4.5
2026-07-30T22:43:09.276136,0D0A04,VOI1720,33.251724,-117.462085,,,280,,2063,-33.9,4659,8.8
2026-07-30T22:43:09.276136,A5CA89,SWA3506,32.834518,-117.149854,,,121,,3303,-49.5,2125,0.5
2026-07-30T22:43:09.276136,A9AB05,ASA617,33.213718,-117.210893,,,279,,1365,-17.3,4700,0.3
2026-07-30T22:43:09.276136,A9E56C,N737DW,33.094638,-117.056524,,,292,,0213,-49.5,1618,0.4
2026-07-30T22:43:09.276136,A4460E,UAL2129,32.6732,-116.872503,,,90,,1310,-49.5,830,100.5
2026-07-30T22:43:09.276136,A6E361,DAL571,32.64212,-116.8552,,,86,,6740,-49.5,178,16.8
2026-07-30T22:43:09.276136,A146CE,SWA3486,32.630884,-117.102094,,,86,,7330,-49.5,73,9.6
2026-07-30T22:43:14.324522,0D0A04,VOI1720,33.251724,-117.462085,,,280,,2063,-33.9,4659,13.9
2026-07-30T22:43:14.324522,A5CA89,SWA3506,32.831804,-117.144022,,,117,,3303,-28.8,2203,0.2
2026-07-30T22:43:14.324522,A9AB05,ASA617,33.215394,-117.222159,,,279,,1365,-49.5,4798,0.0
2026-07-30T22:43:14.324522,A9E56C,N737DW,33.095352,-117.058612,,,291,,0213,-49.5,1665,0.4
2026-07-30T22:43:14.324522,A4460E,UAL2129,32.6732,-116.872503,,,90,,1310,-49.5,830,105.5
2026-07-30T22:43:14.324522,A6E361,DAL571,32.64212,-116.8552,,,86,,6740,-49.5,178,21.9
2026-07-30T22:43:14.324522,A146CE,SWA3486,32.631912,-117.083661,,,86,,7330,-33.6,76,4.6
2026-07-30T22:43:19.374137,0D0A04,VOI1720,33.251724,-117.462085,,,280,,2063,-33.8,4664,18.9
2026-07-30T22:43:19.374137,A5CA89,SWA3506,32.829662,-117.138417,,,113,,3303,-49.5,2277,0.4
2026-07-30T22:43:19.374137,A9AB05,ASA617,33.216698,-117.231296,,,279,,1365,-49.5,4878,0.8
2026-07-30T22:43:19.374137,A9E56C,N737DW,33.096127,-117.060784,,,292,,0213,-49.5,1714,0.1
2026-07-30T22:43:19.374137,A6E361,DAL571,32.64212,-116.8552,,,86,,6740,-49.5,178,26.9
2026-07-30T22:43:19.374137,A146CE,SWA3486,32.631912,-117.083661,,,86,,7330,-34.8,79,9.6
2026-07-30T22:43:24.453429,0D0A04,VOI1720,33.251724,-117.462085,,,280,,2063,-49.5,4665,24.0
2026-07-30T22:43:24.453429,A5CA89,SWA3506,32.827614,-117.132643,,,112,,3303,-49.5,2369,0.4
2026-07-30T22:43:24.453429,A9AB05,ASA617,33.218491,-117.243402,,,279,,1365,-25.6,4919,0.1
2026-07-30T22:43:24.453429,A9E56C,N737DW,33.096817,-117.062787,,,292,,0213,-18.8,1763,0.3
2026-07-30T22:43:24.453429,A6E361,DAL571,32.64212,-116.8552,,,86,,6740,-49.5,178,32.0
2026-07-30T22:43:24.453429,A146CE,SWA3486,32.631912,-117.083661,,,86,,7330,-49.5,81,14.7
2026-07-30T22:43:24.453429,A4460E,,32.669569,-116.627272,,,90,,,-49.5,9,0.3
2026-07-30T22:43:29.506748,0D0A04,VOI1720,33.26297,-117.525404,,,288,,2063,-32.5,4676,0.3
2026-07-30T22:43:29.506748,A5CA89,SWA3506,32.825729,-117.127222,,,112,,3303,-28.3,2431,0.6
2026-07-30T22:43:29.506748,A9AB05,ASA617,33.21991,-117.253325,,,279,,1365,-24.5,4999,0.4
2026-07-30T22:43:29.506748,A9E56C,N737DW,33.097549,-117.064819,,,292,,0213,-18.5,1812,0.3
2026-07-30T22:43:29.506748,A6E361,DAL571,32.64212,-116.8552,,,86,,6740,-49.5,178,37.0
2026-07-30T22:43:29.506748,A146CE,SWA3486,32.631912,-117.083661,,,86,,7330,-34.3,87,19.7
2026-07-30T22:43:29.506748,A4460E,,32.669429,-116.620209,,,90,,,-49.5,18,2.3
2026-07-30T22:43:34.545638,0D0A04,VOI1720,33.26297,-117.525404,,,288,,2063,-49.5,4677,5.4
2026-07-30T22:43:34.545638,A5CA89,SWA3506,32.823486,-117.12085,,,112,,3303,-22.6,2500,0.1
2026-07-30T22:43:34.545638,A9AB05,ASA617,33.221558,-117.264661,,,279,,1365,-49.5,5065,0.0
2026-07-30T22:43:34.545638,A9E56C,N737DW,33.098269,-117.067005,,,292,,0213,-49.5,1861,0.1
2026-07-30T22:43:34.545638,A6E361,DAL571,32.64212,-116.8552,,,86,,6740,-49.5,178,42.1
2026-07-30T22:43:34.545638,A146CE,SWA3486,32.634422,-117.03769,,,86,,7330,-33.4,107,0.3
2026-07-30T22:43:34.545638,A4460E,,32.669429,-116.620209,,,90,,,-35.2,19,7.4
2026-07-30T22:43:39.617536,0D0A04,VOI1720,33.270767,-117.545856,,,288,,2063,-31.4,4684,0.3
2026-07-30T22:43:39.617536,A5CA89,SWA3506,32.821562,-117.115435,,,112,,3303,-49.5,2569,0.4
2026-07-30T22:43:39.617536,A9AB05,ASA617,33.222796,-117.273447,,,279,,1365,-49.5,5102,0.8
2026-07-30T22:43:39.617536,A9E56C,N737DW,33.098969,-117.068994,,,290,,0213,-27.4,1907,0.4
2026-07-30T22:43:39.617536,A6E361,DAL571,32.64212,-116.8552,,,86,,6740,-49.5,178,47.2
2026-07-30T22:43:39.617536,A146CE,SWA3486,32.634888,-117.029282,,,86,,7330,-30.6,144,0.9
2026-07-30T22:43:39.617536,A4460E,,32.669429,-116.620209,,,90,,,-35.2,19,12.4
2026-07-30T22:43:44.660250,0D0A04,VOI1720,33.275493,-117.55528,,,301,,2063,-29.6,4716,0.4
2026-07-30T22:43:44.660250,A5CA89,SWA3506,32.819733,-117.110248,,,112,,3303,-49.5,2646,0.8
2026-07-30T22:43:44.660250,A9AB05,ASA617,33.224396,-117.285095,,,279,,1365,-28.8,5132,0.2
2026-07-30T22:43:44.660250,A9E56C,N737DW,33.099701,-117.071246,,,291,,0213,-30.1,1967,0.1
2026-07-30T22:43:44.660250,A6E361,DAL571,32.647829,-116.751821,,,86,,6740,-33.4,180,2.8
2026-07-30T22:43:44.660250,A146CE,SWA3486,32.635446,-117.01824,,,86,,7330,-49.5,182,0.2
2026-07-30T22:43:44.660250,A4460E,,32.669429,-116.620209,,,90,,,-35.2,19,17.5
2026-07-30T22:43:49.724426,0D0A04,VOI1720,33.280518,-117.564917,,,301,,2063,-29.7,4748,0.3
2026-07-30T22:43:49.724426,A5CA89,SWA3506,32.817466,-117.103832,,,112,,3303,-28.2,2720,0.2
2026-07-30T22:43:49.724426,A9AB05,ASA617,33.225815,-117.295697,,,279,,1365,-29.3,5172,0.1
2026-07-30T22:43:49.724426,A9E56C,N737DW,33.10041,-117.073283,,,292,,0213,-26.2,2020,0.3
2026-07-30T22:43:49.724426,A6E361,DAL571,32.647829,-116.751821,,,86,,6740,-33.4,180,7.9
2026-07-30T22:43:49.724426,A146CE,SWA3486,32.636005,-117.008318,,,86,,7330,-49.5,233,0.0
2026-07-30T22:43:49.724426,A4460E,,32.669429,-116.620209,,,90,,,-35.2,19,22.5
2026-07-30T22:43:54.788823,0D0A04,VOI1720,33.285324,-117.573981,,,302,,2063,-31.6,4788,0.5
2026-07-30T22:43:54.788823,A5CA89,SWA3506,32.815933,-117.099481,,,112,,3303,-32.9,2755,1.4
2026-07-30T22:43:54.788823,A9AB05,ASA617,33.226685,-117.301794,,,279,,1365,-31.7,5240,2.1
2026-07-30T22:43:54.788823,A9E56C,N737DW,33.10112,-117.075256,,,294,,0213,-49.5,2082,0.4
2026-07-30T22:43:54.788823,A6E361,DAL571,32.647829,-116.751821,,,86,,6740,-33.4,180,12.9
2026-07-30T22:43:54.788823,A146CE,SWA3486,32.63649,-116.999451,,,86,,7330,-49.5,285,0.5
2026-07-30T22:43:54.788823,A4460E,,32.669429,-116.620209,,,90,,,-35.2,19,27.6
2026-07-30T22:43:59.833097,0D0A04,VOI1720,33.290157,-117.583026,,,302,,2063,-32.2,4819,0.6
2026-07-30T22:43:59.833097,A5CA89,SWA3506,32.813974,-117.093911,,,112,,3303,-30.5,2803,1.6
2026-07-30T22:43:59.833097,A9AB05,ASA617,33.226685,-117.301794,,,279,,1365,-34.1,5248,7.2
2026-07-30T22:43:59.833097,A9E56C,N737DW,33.101944,-117.077289,,,295,,0213,-49.5,2125,0.4
2026-07-30T22:43:59.833097,A6E361,DAL571,32.647829,-116.751821,,,86,,6740,-33.4,180,18.0
2026-07-30T22:43:59.833097,A146CE,SWA3486,32.63661,-116.997444,,,86,,7330,-49.5,290,4.5
2026-07-30T22:43:59.833097,0D0B91,,33.382237,-118.005608,,,327,,,-49.5,9,0.2
2026-07-30T22:43:59.833097,A4460E,,32.669429,-116.620209,,,90,,,-35.2,19,32.6
2026-07-30T22:44:04.894804,0D0A04,VOI1720,33.295212,-117.592438,,,302,,2063,-30.9,4868,0.5
2026-07-30T22:44:04.894804,A5CA89,SWA3506,32.811539,-117.086902,,,112,,3303,-33.8,2851,0.5
2026-07-30T22:44:04.894804,A9AB05,ASA617,33.229935,-117.32536,,,279,,1365,-49.5,5265,0.6
2026-07-30T22:44:04.894804,A9E56C,N737DW,33.102722,-117.079102,,,298,,0213,-30.1,2148,1.2
2026-07-30T22:44:04.894804,A6E361,DAL571,32.647829,-116.751821,,,86,,6740,-33.4,180,23.0
2026-07-30T22:44:04.894804,A146CE,SWA3486,32.63661,-116.997444,,,86,,7330,-49.5,290,9.6
2026-07-30T22:44:04.894804,0D0B91,VOI1812,33.385124,-118.00785,,,327,,,-33.0,20,3.7
2026-07-30T22:44:04.894804,A4460E,,32.669429,-116.620209,,,90,,,-35.2,19,37.7
2026-07-30T22:44:09.946115,0D0A04,VOI1720,33.299933,-117.601188,,,302,,2063,-49.5,4893,0.7
2026-07-30T22:44:09.946115,A5CA89,SWA3506,32.809505,-117.081075,,,112,,3303,-33.8,2895,0.4
2026-07-30T22:44:09.946115,A9AB05,ASA617,33.231354,-117.335138,,,280,,1365,-49.5,5326,0.7
2026-07-30T22:44:09.946115,A9E56C,N737DW,33.103808,-117.081467,,,299,,0213,-49.5,2193,0.4
2026-07-30T22:44:09.946115,A6E361,DAL571,32.647829,-116.751821,,,86,,6740,-33.4,180,28.1
2026-07-30T22:44:09.946115,A146CE,SWA3486,32.63661,-116.997444,,,86,,7330,-49.5,290,14.7
2026-07-30T22:44:09.946115,0D0B91,VOI1812,33.385124,-118.00785,,,327,,,-49.5,22,8.8
2026-07-30T22:44:09.946115,A4460E,,32.669429,-116.620209,,,90,,,-35.2,19,42.8
2026-07-30T22:44:15.025205,0D0A04,VOI1720,33.302902,-117.60672,,,302,,2063,-33.2,4923,2.7
2026-07-30T22:44:15.025205,A5CA89,SWA3506,32.807364,-117.075021,,,112,,3303,-49.5,2941,0.1
2026-07-30T22:44:15.025205,A9AB05,ASA617,33.232681,-117.343872,,,280,,1365,-49.5,5386,1.4
2026-07-30T22:44:15.025205,A9E56C,N737DW,33.104786,-117.083597,,,298,,0213,-49.5,2250,0.0
2026-07-30T22:44:15.025205,A6E361,DAL571,32.647829,-116.751821,,,86,,6740,-33.4,180,33.2
2026-07-30T22:44:15.025205,A146CE,SWA3486,32.638612,-116.960561,,,86,,7330,-32.7,303,0.7
2026-07-30T22:44:15.025205,0D0B91,VOI1812,33.406026,-118.023881,,,327,,,-34.5,24,2.2
2026-07-30T22:44:15.025205,A4460E,,32.669429,-116.620209,,,90,,,-35.2,19,47.9
2026-07-30T22:44:20.104039,0D0A04,VOI1720,33.309906,-117.619684,,,302,,2063,-49.5,4953,0.7
2026-07-30T22:44:20.104039,A5CA89,SWA3506,32.805595,-117.069976,,,112,,3303,-30.3,3015,0.8
2026-07-30T22:44:20.104039,A9AB05,ASA617,33.232681,-117.343872,,,280,,1365,-34.5,5387,6.5
2026-07-30T22:44:20.104039,A9E56C,N737DW,33.105698,-117.085583,,,299,,0213,-49.5,2310,0.2
2026-07-30T22:44:20.104039,A6E361,DAL571,32.647829,-116.751821,,,86,,6740,-33.4,180,38.3
2026-07-30T22:44:20.104039,A146CE,SWA3486,32.639236,-116.949243,,,86,,7330,-30.1,356,0.0
2026-07-30T22:44:20.104039,0D0B91,VOI1812,33.406026,-118.023881,,,327,,,-34.3,27,7.3
2026-07-30T22:44:20.104039,A4460E,,32.669429,-116.620209,,,90,,,-35.2,19,52.9
2026-07-30T22:44:25.183258,0D0A04,VOI1720,33.314876,-117.628934,,,302,,2063,-49.5,4978,0.5
2026-07-30T22:44:25.183258,A5CA89,SWA3506,32.80364,-117.064371,,,112,,3303,-49.5,3057,0.9
2026-07-30T22:44:25.183258,A9AB05,ASA617,33.23597,-117.365038,,,280,,1365,-49.5,5414,0.9
2026-07-30T22:44:25.183258,A9E56C,N737DW,33.106613,-117.087506,,,298,,0213,-49.5,2333,0.4
2026-07-30T22:44:25.183258,A6E361,DAL571,32.647829,-116.751821,,,86,,6740,-33.4,180,43.3
2026-07-30T22:44:25.183258,A146CE,SWA3486,32.639683,-116.940046,,,86,,7330,-33.9,403,0.4
2026-07-30T22:44:25.183258,0D0B91,VOI1812,33.423431,-118.037219,,,327,,,-33.6,36,2.7
2026-07-30T22:44:25.183258,A4460E,,32.669429,-116.620209,,,90,,,-35.2,19,58.0
2026-07-30T22:44:30.235261,0D0A04,VOI1720,33.319656,-117.637866,,,302,,2063,-31.5,5012,0.6
2026-07-30T22:44:30.235261,A5CA89,SWA3506,32.801559,-117.058447,,,112,,3303,-31.7,3103,0.9
2026-07-30T22:44:30.235261,A9AB05,ASA617,33.237534,-117.374799,,,280,,1365,-27.7,5468,1.0
2026-07-30T22:44:30.235261,A9E56C,N737DW,33.107626,-117.089595,,,300,,0213,-21.2,2380,0.4
2026-07-30T22:44:30.235261,A6E361,DAL571,32.647829,-116.751821,,,86,,6740,-33.4,180,48.4
2026-07-30T22:44:30.235261,A146CE,SWA3486,32.639683,-116.940046,,,86,,7330,-32.6,404,5.4
2026-07-30T22:44:30.235261,0D0B91,VOI1812,33.423431,-118.037219,,,327,,,-49.5,38,7.8
2026-07-30T22:44:30.235261,A4460E,,32.669429,-116.620209,,,90,,,-35.2,19,63.0
2026-07-30T22:44:35.286670,0D0A04,VOI1720,33.324419,-117.646814,,,302,,2063,-33.8,5031,0.7
2026-07-30T22:44:35.286670,A5CA89,SWA3506,32.799362,-117.052185,,,112,,3303,-49.5,3154,0.4
2026-07-30T22:44:35.286670,A9AB05,ASA617,33.23941,-117.386444,,,280,,1365,-49.5,5538,0.1
2026-07-30T22:44:35.286670,A9E56C,N737DW,33.10865,-117.091725,,,300,,0213,-30.2,2431,0.2
2026-07-30T22:44:35.286670,A6E361,DAL571,32.647829,-116.751821,,,86,,6740,-33.4,180,53.4
2026-07-30T22:44:35.286670,A146CE,SWA3486,32.640701,-116.920679,,,86,,7330,-49.5,406,0.7
2026-07-30T22:44:35.286670,0D0B91,VOI1812,33.423431,-118.037219,,,327,,,-49.5,38,12.8
2026-07-30T22:44:40.346913,0D0A04,VOI1720,33.329168,-117.655615,,,302,,2063,-32.2,5056,0.9
2026-07-30T22:44:40.346913,A5CA89,SWA3506,32.798401,-117.049384,,,112,,3303,-33.8,3179,3.0
2026-07-30T22:44:40.346913,A9AB05,ASA617,33.241044,-117.396539,,,280,,1365,-32.9,5599,0.0
2026-07-30T22:44:40.346913,A9E56C,N737DW,33.109441,-117.09335,,,300,,0213,-35.2,2455,1.3
2026-07-30T22:44:40.346913,A6E361,DAL571,32.647829,-116.751821,,,86,,6740,-33.4,180,58.5
2026-07-30T22:44:40.346913,A146CE,SWA3486,32.640701,-116.920679,,,86,,7330,-35.3,411,5.8
2026-07-30T22:44:40.346913,0D0B91,VOI1812,33.423431,-118.037219,,,327,,,-49.5,38,17.9
2026-07-30T22:44:45.389997,0D0A04,VOI1720,33.329168,-117.655615,,,302,,2063,-49.5,5066,6.0
2026-07-30T22:44:45.389997,A5CA89,SWA3506,32.798401,-117.049384,,,112,,3303,-33.8,3179,8.1
2026-07-30T22:44:45.389997,A9AB05,ASA617,33.242348,-117.404835,,,280,,1365,-49.5,5649,1.0
2026-07-30T22:44:45.389997,A9E56C,N737DW,33.110641,-117.095856,,,298,,0213,-27.4,2492,0.2
2026-07-30T22:44:45.389997,A146CE,SWA3486,32.640701,-116.920679,,,86,,7330,-35.3,411,10.8
2026-07-30T22:44:45.389997,0D0B91,VOI1812,33.423431,-118.037219,,,327,,,-49.5,38,23.0
2026-07-30T22:44:50.468678,0D0A04,VOI1720,33.329168,-117.655615,,,302,,2063,-36.3,5067,11.0
2026-07-30T22:44:50.468678,A5CA89,SWA3506,32.798401,-117.049384,,,112,,3303,-33.8,3179,13.1
2026-07-30T22:44:50.468678,A9AB05,ASA617,33.243988,-117.414899,,,280,,1365,-49.5,5706,0.8
2026-07-30T22:44:50.468678,A9E56C,N737DW,33.111008,-117.09668,,,299,,0213,-29.7,2508,3.3
2026-07-30T22:44:50.468678,A146CE,SWA3486,32.640701,-116.920679,,,86,,7330,-49.5,413,15.9
2026-07-30T22:44:50.468678,0D0B91,VOI1812,33.423431,-118.037219,,,327,,,-49.5,38,28.0
2026-07-30T22:44:55.519870,0D0A04,VOI1720,33.329168,-117.655615,,,302,,2063,-36.3,5067,16.1
2026-07-30T22:44:55.519870,A5CA89,SWA3506,32.798401,-117.049384,,,112,,3303,-33.8,3179,18.2
2026-07-30T22:44:55.519870,A9AB05,ASA617,33.244675,-117.419183,,,280,,1365,-32.9,5732,3.7
2026-07-30T22:44:55.519870,A9E56C,N737DW,33.112607,-117.10002,,,298,,0213,-29.2,2535,0.2
2026-07-30T22:44:55.519870,A146CE,SWA3486,32.642802,-116.88091,,,86,,7330,-33.9,416,1.0
2026-07-30T22:44:55.519870,0D0B91,VOI1812,33.423431,-118.037219,,,327,,,-49.5,38,33.1
2026-07-30T22:45:00.572295,0D0A04,VOI1720,33.329168,-117.655615,,,302,,2063,-36.3,5067,21.1
2026-07-30T22:45:00.572295,A5CA89,SWA3506,32.798401,-117.049384,,,112,,3303,-33.8,3179,23.2
2026-07-30T22:45:00.572295,A9AB05,ASA617,33.244675,-117.419183,,,280,,1365,-32.9,5732,8.7
2026-07-30T22:45:00.572295,A9E56C,N737DW,33.113251,-117.101514,,,298,,0213,-49.5,2570,1.9
2026-07-30T22:45:00.572295,A146CE,SWA3486,32.642802,-116.88091,,,86,,7330,-33.9,416,6.0
2026-07-30T22:45:00.572295,0D0B91,VOI1812,33.423431,-118.037219,,,327,,,-49.5,38,38.1
2026-07-30T22:45:05.636726,0D0A04,VOI1720,33.329168,-117.655615,,,302,,2063,-36.3,5067,26.2
2026-07-30T22:45:05.636726,A5CA89,SWA3506,32.798401,-117.049384,,,112,,3303,-33.8,3179,28.3
2026-07-30T22:45:05.636726,A9AB05,ASA617,33.244675,-117.419183,,,280,,1365,-32.9,5732,13.8
2026-07-30T22:45:05.636726,A9E56C,N737DW,33.114515,-117.104224,,,297,,0213,-49.5,2597,0.4
2026-07-30T22:45:05.636726,A146CE,SWA3486,32.643919,-116.860283,,,86,,7330,-49.5,422,0.8
2026-07-30T22:45:05.636726,0D0B91,VOI1812,33.423431,-118.037219,,,327,,,-49.5,38,43.2
2026-07-30T22:45:10.676142,0D0A04,VOI1720,33.329168,-117.655615,,,302,,2063,-34.6,5068,31.3
2026-07-30T22:45:10.676142,A5CA89,SWA3506,32.798401,-117.049384,,,112,,3303,-49.5,3181,33.3
2026-07-30T22:45:10.676142,A9AB05,ASA617,33.244675,-117.419183,,,280,,1365,-32.9,5732,18.9
2026-07-30T22:45:10.676142,A9E56C,N737DW,33.1154,-117.106298,,,295,,0213,-29.3,2636,0.5
2026-07-30T22:45:10.676142,A146CE,SWA3486,32.644058,-116.857929,,,86,,7330,-49.5,425,4.7
2026-07-30T22:45:10.676142,0D0B91,VOI1812,33.423431,-118.037219,,,327,,,-49.5,38,48.2
2026-07-30T22:45:15.754820,0D0A04,VOI1720,33.329168,-117.655615,,,302,,2063,-34.6,5068,36.4
2026-07-30T22:45:15.754820,A5CA89,SWA3506,32.798401,-117.049384,,,112,,3303,-49.5,3181,38.4
2026-07-30T22:45:15.754820,A9AB05,ASA617,33.244675,-117.419183,,,280,,1365,-49.5,5733,24.0
2026-07-30T22:45:15.754820,A9E56C,N737DW,33.11618,-117.10849,,,292,,0213,-27.5,2687,0.4
2026-07-30T22:45:15.754820,A146CE,SWA3486,32.644058,-116.857929,,,86,,7330,-34.2,428,9.7
2026-07-30T22:45:15.754820,0D0B91,VOI1812,33.423431,-118.037219,,,327,,,-49.5,38,53.3
2026-07-30T22:45:20.833472,0D0A04,VOI1720,33.329168,-117.655615,,,302,,2063,-34.6,5068,41.4
2026-07-30T22:45:20.833472,A5CA89,SWA3506,32.798401,-117.049384,,,112,,3303,-49.5,3181,43.5
2026-07-30T22:45:20.833472,A9AB05,ASA617,33.244675,-117.419183,,,280,,1365,-49.5,5741,29.0
2026-07-30T22:45:20.833472,A9E56C,N737DW,33.117076,-117.110895,,,295,,0213,-23.2,2740,0.0
2026-07-30T22:45:20.833472,A146CE,SWA3486,32.644058,-116.857929,,,86,,7330,-34.2,428,14.8
2026-07-30T22:45:20.833472,0D0B91,VOI1812,33.423431,-118.037219,,,327,,,-49.5,38,58.4
2026-07-30T22:45:25.913424,0D0A04,VOI1720,33.329168,-117.655615,,,302,,2063,-34.6,5068,46.5
2026-07-30T22:45:25.913424,A5CA89,SWA3506,32.798401,-117.049384,,,112,,3303,-49.5,3181,48.6
2026-07-30T22:45:25.913424,A9AB05,ASA617,33.253846,-117.477087,,,280,,1365,-36.1,5743,4.2
2026-07-30T22:45:25.913424,A9E56C,N737DW,33.11796,-117.112856,,,298,,0213,-49.5,2797,0.3
2026-07-30T22:45:25.913424,A146CE,SWA3486,32.644058,-116.857929,,,86,,7330,-34.2,428,19.9
2026-07-30T22:45:30.963632,0D0A04,VOI1720,33.329168,-117.655615,,,302,,2063,-34.6,5068,51.5
2026-07-30T22:45:30.963632,A5CA89,SWA3506,32.798401,-117.049384,,,112,,3303,-49.5,3181,53.6
2026-07-30T22:45:30.963632,A9AB05,ASA617,33.253846,-117.477087,,,280,,1365,-49.5,5745,9.2
2026-07-30T22:45:30.963632,A9E56C,N737DW,33.118845,-117.114874,,,299,,4747,-49.5,2829,0.5
2026-07-30T22:45:30.963632,A146CE,SWA3486,32.644058,-116.857929,,,86,,7330,-49.5,429,24.9
2026-07-30T22:45:35.998429,0D0A04,VOI1720,33.329168,-117.655615,,,302,,2063,-34.6,5068,56.6
2026-07-30T22:45:35.998429,A5CA89,SWA3506,32.798401,-117.049384,,,112,,3303,-49.5,3181,58.7
2026-07-30T22:45:35.998429,A9AB05,ASA617,33.258176,-117.504329,,,281,,1365,-49.5,5749,0.2
2026-07-30T22:45:35.998429,A9E56C,N737DW,33.119915,-117.116948,,,300,,4747,-27.2,2892,0.3
2026-07-30T22:45:35.998429,A146CE,SWA3486,32.644058,-116.857929,,,86,,7330,-49.5,429,30.0
2026-07-30T22:45:41.075885,0D0A04,VOI1720,33.329168,-117.655615,,,302,,2063,-34.6,5068,61.6
2026-07-30T22:45:41.075885,A5CA89,SWA3506,32.798401,-117.049384,,,112,,3303,-49.5,3181,63.7
2026-07-30T22:45:41.075885,A9AB05,ASA617,33.259851,-117.512176,,,284,,1365,-49.5,5766,1.2
2026-07-30T22:45:41.075885,A9E56C,N737DW,33.120847,-117.11891,,,300,,4747,-33.1,2932,0.6
2026-07-30T22:45:41.075885,A146CE,SWA3486,32.644058,-116.857929,,,86,,7330,-49.5,429,35.0
2026-07-30T22:45:46.119340,0D0A04,VOI1720,33.329168,-117.655615,,,302,,2063,-34.6,5068,66.7
2026-07-30T22:45:46.119340,A5CA89,SWA3506,32.798401,-117.049384,,,112,,3303,-49.5,3181,68.8
2026-07-30T22:45:46.119340,A9AB05,ASA617,33.262924,-117.523835,,,288,,1365,-32.0,5787,0.0
2026-07-30T22:45:46.119340,A9E56C,N737DW,33.121948,-117.121124,,,298,,4747,-29.6,2975,0.1
2026-07-30T22:45:46.119340,A146CE,SWA3486,32.644058,-116.857929,,,86,,7330,-49.5,430,40.1
2026-07-30T22:45:51.198395,0D0A04,VOI1720,33.329168,-117.655615,,,302,,2063,-34.6,5068,71.8
2026-07-30T22:45:51.198395,A5CA89,SWA3506,32.798401,-117.049384,,,112,,3303,-49.5,3181,73.9
2026-07-30T22:45:51.198395,A9AB05,ASA617,33.26581,-117.532635,,,292,,1365,-32.9,5820,0.3
2026-07-30T22:45:51.198395,A9E56C,N737DW,33.122848,-117.123282,,,297,,4747,-28.1,3028,0.2
2026-07-30T22:45:51.198395,A146CE,SWA3486,32.644058,-116.857929,,,86,,7330,-49.5,430,45.2
2026-07-30T22:45:56.277784,0D0A04,VOI1720,33.329168,-117.655615,,,302,,2063,-34.6,5068,76.8
2026-07-30T22:45:56.277784,A5CA89,SWA3506,32.798401,-117.049384,,,112,,3303,-49.5,3181,78.9
2026-07-30T22:45:56.277784,A9AB05,ASA617,33.26581,-117.532635,,,295,,1365,-34.8,5831,5.3
2026-07-30T22:45:56.277784,A9E56C,N737DW,33.123779,-117.125354,,,297,,4747,-49.5,3065,0.3
2026-07-30T22:45:56.277784,A146CE,SWA3486,32.644058,-116.857929,,,86,,7330,-49.5,430,50.2
2026-07-30T22:46:01.330708,0D0A04,VOI1720,33.329168,-117.655615,,,302,,2063,-34.6,5068,81.9
2026-07-30T22:46:01.330708,A5CA89,SWA3506,32.798401,-117.049384,,,112,,3303,-49.5,3181,84.0
2026-07-30T22:46:01.330708,A9AB05,ASA617,33.272933,-117.550348,,,297,,1365,-34.5,5851,0.3
2026-07-30T22:46:01.330708,A9E56C,N737DW,33.124757,-117.127486,,,299,,4747,-49.5,3125,0.4
2026-07-30T22:46:01.330708,A146CE,SWA3486,32.644058,-116.857929,,,86,,7330,-36.7,431,55.3
2026-07-30T22:46:06.369854,0D0A04,VOI1720,33.329168,-117.655615,,,302,,2063,-34.6,5068,87.0
2026-07-30T22:46:06.369854,A5CA89,SWA3506,32.798401,-117.049384,,,112,,3303,-49.5,3181,89.1
2026-07-30T22:46:06.369854,A9AB05,ASA617,33.274475,-117.553656,,,300,,1365,-49.5,5878,3.5
2026-07-30T22:46:06.369854,A9E56C,N737DW,33.125885,-117.129858,,,298,,4747,-49.5,3201,0.0
2026-07-30T22:46:06.369854,A146CE,SWA3486,32.644058,-116.857929,,,86,,7330,-36.7,431,60.4
2026-07-30T22:46:11.460348,A9AB05,ASA617,33.28006,-117.564423,,,302,,1365,-35.0,5895,1.9
2026-07-30T22:46:11.460348,A9E56C,N737DW,33.126852,-117.132083,,,296,,4747,-26.8,3271,0.0
2026-07-30T22:46:11.460348,A146CE,SWA3486,32.644058,-116.857929,,,86,,7330,-36.7,431,65.4
2026-07-30T22:46:16.511221,A9AB05,ASA617,33.284546,-117.572772,,,302,,1365,-35.7,5903,1.8
2026-07-30T22:46:16.511221,A9E56C,N737DW,33.127716,-117.134198,,,296,,4747,-28.0,3327,0.4
2026-07-30T22:46:16.511221,A146CE,SWA3486,32.644058,-116.857929,,,86,,7330,-36.7,431,70.5
2026-07-30T22:46:16.511221,0D0B91,,33.600723,-118.17371,,,327,,,-49.5,2,15.9
2026-07-30T22:46:21.599524,A9AB05,ASA617,33.288757,-117.580682,,,302,,1365,-49.5,5905,1.9
2026-07-30T22:46:21.599524,A9E56C,N737DW,33.128714,-117.136511,,,297,,4747,-25.7,3383,0.2
2026-07-30T22:46:21.599524,A146CE,SWA3486,32.644058,-116.857929,,,86,,7330,-36.7,431,75.6
2026-07-30T22:46:21.599524,0D0B91,,33.600723,-118.17371,,,327,,,-49.5,5,21.0
2026-07-30T22:46:26.642249,A9AB05,ASA617,33.288757,-117.580682,,,302,,1365,-36.0,5907,7.0
2026-07-30T22:46:26.642249,A9E56C,N737DW,33.129645,-117.138753,,,296,,4747,-49.5,3442,0.2
2026-07-30T22:46:26.642249,A146CE,SWA3486,32.644058,-116.857929,,,86,,7330,-36.7,431,80.6
2026-07-30T22:46:26.642249,0D0B91,,33.600723,-118.17371,,,327,,,-34.4,8,26.0
2026-07-30T22:46:31.721499,A9AB05,ASA617,33.288757,-117.580682,,,302,,1365,-35.4,5911,12.1
2026-07-30T22:46:31.721499,A9E56C,N737DW,33.130529,-117.140939,,,294,,4747,-49.5,3501,0.3
2026-07-30T22:46:31.721499,A146CE,SWA3486,32.644058,-116.857929,,,86,,7330,-49.5,434,85.7
2026-07-30T22:46:31.721499,0D0B91,,33.649075,-118.21106,,,327,,,-33.6,12,4.4
2026-07-30T22:46:36.784463,A9AB05,ASA617,33.303378,-117.608306,,,302,,1365,-35.8,5919,0.3
2026-07-30T22:46:36.784463,A9E56C,N737DW,33.131378,-117.143207,,,292,,4747,-49.5,3565,0.4
2026-07-30T22:46:36.784463,A146CE,SWA3486,32.644058,-116.857929,,,86,,7330,-34.1,436,90.7
2026-07-30T22:46:36.784463,0D0B91,,33.649075,-118.21106,,,327,,,-49.5,14,9.5
2026-07-30T22:46:41.824819,A9AB05,ASA617,33.305237,-117.611829,,,302,,1365,-49.5,5925,3.2
2026-07-30T22:46:41.824819,A9E56C,N737DW,33.132019,-117.14502,,,291,,4747,-49.5,3605,1.5
2026-07-30T22:46:41.824819,A146CE,SWA3486,32.644058,-116.857929,,,86,,7330,-49.5,437,95.8
2026-07-30T22:46:41.824819,0D0B91,,33.649075,-118.21106,,,327,,,-36.2,15,14.5
2026-07-30T22:46:46.879600,A9AB05,ASA617,33.305237,-117.611829,,,302,,1365,-36.1,5927,8.2
2026-07-30T22:46:46.879600,A9E56C,N737DW,33.132857,-117.147833,,,291,,4747,-32.2,3660,0.5
2026-07-30T22:46:46.879600,A146CE,SWA3486,32.644058,-116.857929,,,86,,7330,-49.5,437,100.8
2026-07-30T22:46:46.879600,0D0B91,,33.649075,-118.21106,,,327,,,-36.2,15,19.6
2026-07-30T22:46:51.916787,A9AB05,ASA617,33.305237,-117.611829,,,302,,1365,-49.5,5930,13.3
2026-07-30T22:46:51.916787,A9E56C,N737DW,33.133741,-117.150356,,,293,,4747,-33.8,3679,0.3
2026-07-30T22:46:51.916787,A146CE,SWA3486,32.644058,-116.857929,,,86,,7330,-49.5,437,105.9
2026-07-30T22:46:51.916787,0D0B91,,33.649075,-118.21106,,,327,,,-36.2,15,24.6
2026-07-30T22:46:56.979597,A9AB05,ASA617,33.319531,-117.638687,,,302,,1365,-34.8,5932,2.1
2026-07-30T22:46:56.979597,A9E56C,N737DW,33.134673,-117.152598,,,297,,4747,-33.6,3687,0.3
2026-07-30T22:46:56.979597,A146CE,SWA3486,32.644058,-116.857929,,,86,,7330,-49.5,437,111.0
2026-07-30T22:46:56.979597,0D0B91,,33.649075,-118.21106,,,327,,,-36.2,15,29.7
2026-07-30T22:47:02.069846,A9AB05,ASA617,33.319531,-117.638687,,,302,,1365,-34.8,5932,7.2
2026-07-30T22:47:02.069846,A9E56C,N737DW,33.135727,-117.154852,,,300,,4747,-31.7,3719,0.3
2026-07-30T22:47:02.069846,A146CE,SWA3486,32.644058,-116.857929,,,86,,7330,-49.5,437,116.0
2026-07-30T22:47:02.069846,0D0B91,,33.649075,-118.21106,,,327,,,-36.2,15,34.8
2026-07-30T22:47:07.110540,A9AB05,ASA617,33.319531,-117.638687,,,302,,1365,-49.5,5933,12.3
2026-07-30T22:47:07.110540,A9E56C,N737DW,33.136871,-117.157104,,,300,,4747,-49.5,3761,0.2
2026-07-30T22:47:07.110540,A146CE,SWA3486,32.644058,-116.857929,,,86,,7330,-49.5,438,121.1
2026-07-30T22:47:07.110540,0D0B91,,33.649075,-118.21106,,,327,,,-36.2,15,39.8
2026-07-30T22:47:12.189477,A9AB05,ASA617,33.319531,-117.638687,,,302,,1365,-49.5,5933,17.4
2026-07-30T22:47:12.189477,A9E56C,N737DW,33.13797,-117.159302,,,299,,4747,-28.5,3827,0.2
2026-07-30T22:47:12.189477,A146CE,SWA3486,32.657272,-116.597516,,,86,,7330,-49.5,445,2.0
2026-07-30T22:47:12.189477,0D0B91,,33.649075,-118.21106,,,327,,,-36.2,15,44.9
2026-07-30T22:47:17.268543,A9AB05,ASA617,33.319531,-117.638687,,,302,,1365,-49.5,5933,22.4
2026-07-30T22:47:17.268543,A9E56C,N737DW,33.138955,-117.161622,,,296,,4747,-49.5,3885,0.3
2026-07-30T22:47:17.268543,A146CE,SWA3486,32.657272,-116.597516,,,86,,7330,-49.5,445,7.1
2026-07-30T22:47:17.268543,0D0B91,,33.649075,-118.21106,,,327,,,-36.2,15,50.0
2026-07-30T22:47:22.347956,A9AB05,ASA617,33.319531,-117.638687,,,302,,1365,-49.5,5933,27.5
2026-07-30T22:47:22.347956,A9E56C,N737DW,33.139938,-117.164136,,,294,,4747,-29.4,3951,0.0
2026-07-30T22:47:22.347956,A146CE,SWA3486,32.657272,-116.597516,,,86,,7330,-49.5,445,12.2
2026-07-30T22:47:22.347956,0D0B91,,33.649075,-118.21106,,,327,,,-36.2,15,55.1
2026-07-30T22:47:27.426463,A9AB05,ASA617,33.319531,-117.638687,,,302,,1365,-49.5,5934,32.5
2026-07-30T22:47:27.426463,A9E56C,N737DW,33.140808,-117.166388,,,294,,4747,-30.9,4020,0.3
2026-07-30T22:47:27.426463,A146CE,SWA3486,32.657272,-116.597516,,,86,,7330,-49.5,445,17.2
2026-07-30T22:47:27.426463,0D0B91,,33.649075,-118.21106,,,327,,,-36.2,15,60.1
2026-07-30T22:47:32.487325,A9AB05,ASA617,33.319531,-117.638687,,,302,,1365,-49.5,5934,37.6
2026-07-30T22:47:32.487325,A9E56C,N737DW,33.141702,-117.168741,,,294,,4747,-49.5,4065,0.5
2026-07-30T22:47:32.487325,A146CE,SWA3486,32.657272,-116.597516,,,86,,7330,-49.5,445,22.3
2026-07-30T22:47:32.487325,0D0B91,,33.649075,-118.21106,,,327,,,-36.2,15,65.2
2026-07-30T22:47:37.530340,A9AB05,ASA617,33.319531,-117.638687,,,302,,1365,-37.4,5935,42.7
2026-07-30T22:47:37.530340,A9E56C,N737DW,33.142502,-117.170728,,,295,,4747,-34.9,4087,1.1
2026-07-30T22:47:37.530340,A146CE,SWA3486,32.657272,-116.597516,,,86,,7330,-49.5,445,27.3
2026-07-30T22:47:42.579306,A9AB05,ASA617,33.319531,-117.638687,,,302,,1365,-36.0,5936,47.7
2026-07-30T22:47:42.579306,A9E56C,N737DW,33.143417,-117.173035,,,294,,4747,-49.5,4113,1.3
2026-07-30T22:47:42.579306,A146CE,SWA3486,32.657272,-116.597516,,,86,,7330,-49.5,445,32.4
2026-07-30T22:47:47.665941,A9AB05,ASA617,33.319531,-117.638687,,,302,,1365,-36.0,5936,52.8
2026-07-30T22:47:47.665941,A9E56C,N737DW,33.144542,-117.175748,,,294,,4747,-49.5,4114,0.2
2026-07-30T22:47:47.665941,A146CE,SWA3486,32.657272,-116.597516,,,86,,7330,-49.5,445,37.5
2026-07-30T22:47:52.746914,A9AB05,ASA617,33.319531,-117.638687,,,302,,1365,-36.0,5936,57.9
2026-07-30T22:47:52.746914,A9E56C,N737DW,33.145612,-117.17799,,,300,,4747,-49.5,4170,0.1
2026-07-30T22:47:52.746914,A146CE,SWA3486,32.657272,-116.597516,,,86,,7330,-49.5,445,42.5
2026-07-30T22:47:57.827035,A9AB05,ASA617,33.319531,-117.638687,,,302,,1365,-36.0,5936,63.0
2026-07-30T22:47:57.827035,A9E56C,N737DW,33.14673,-117.18012,,,301,,4747,-22.2,4236,0.2
2026-07-30T22:47:57.827035,A146CE,SWA3486,32.657272,-116.597516,,,86,,7330,-49.5,445,47.6
2026-07-30T22:48:02.870681,A9AB05,ASA617,33.319531,-117.638687,,,302,,1365,-36.0,5936,68.0
2026-07-30T22:48:02.870681,A9E56C,N737DW,33.147812,-117.182318,,,299,,4747,-24.9,4296,0.0
2026-07-30T22:48:02.870681,A146CE,SWA3486,32.657272,-116.597516,,,86,,7330,-49.5,445,52.7
2026-07-30T22:48:07.954235,A9AB05,ASA617,33.319531,-117.638687,,,302,,1365,-36.0,5936,73.1
2026-07-30T22:48:07.954235,A9E56C,N737DW,33.148824,-117.184548,,,298,,4747,-49.5,4345,0.1
2026-07-30T22:48:07.954235,A146CE,SWA3486,32.657272,-116.597516,,,86,,7330,-49.5,445,57.8
2026-07-30T22:48:13.028216,A9AB05,ASA617,33.319531,-117.638687,,,302,,1365,-36.0,5936,78.2
2026-07-30T22:48:13.028216,A9E56C,N737DW,33.149826,-117.186713,,,298,,4747,-30.0,4399,0.3
2026-07-30T22:48:18.107183,A9AB05,ASA617,33.319531,-117.638687,,,302,,1365,-36.0,5936,83.3
2026-07-30T22:48:18.107183,A9E56C,N737DW,33.150879,-117.188965,,,299,,4747,-49.5,4446,0.2
2026-07-30T22:48:23.186899,A9AB05,ASA617,33.319531,-117.638687,,,302,,1365,-36.0,5936,88.3
2026-07-30T22:48:23.186899,A9E56C,N737DW,33.15184,-117.190997,,,299,,4747,-49.5,4493,0.5
2026-07-30T22:48:28.238680,A9AB05,ASA617,33.319531,-117.638687,,,302,,1365,-36.0,5936,93.4
2026-07-30T22:48:28.238680,A9E56C,N737DW,33.152847,-117.193195,,,298,,4747,-27.7,4528,0.5
2026-07-30T22:48:33.289894,A9AB05,ASA617,33.319531,-117.638687,,,302,,1365,-36.0,5936,98.4
2026-07-30T22:48:33.289894,A9E56C,N737DW,33.153854,-117.195502,,,297,,4747,-49.5,4589,0.3
2026-07-30T22:48:38.352657,A9AB05,ASA617,33.319531,-117.638687,,,302,,1365,-36.0,5936,103.5
2026-07-30T22:48:38.352657,A9E56C,N737DW,33.154953,-117.197864,,,297,,4747,-49.5,4650,0.0
2026-07-30T22:48:43.427108,A9E56C,N737DW,33.1559,-117.200074,,,297,,4747,-49.5,4693,0.1
2026-07-30T22:48:48.463101,A9E56C,N737DW,33.156831,-117.202204,,,296,,4747,-49.5,4734,0.4
2026-07-30T22:48:53.532938,A9E56C,N737DW,33.157837,-117.20462,,,296,,4747,-49.5,4793,0.2
2026-07-30T22:48:58.575734,A9E56C,N737DW,33.158798,-117.206982,,,296,,4747,-49.5,4850,0.0
2026-07-30T22:49:03.654949,A9E56C,N737DW,33.159714,-117.209235,,,296,,4747,-27.3,4923,0.0
2026-07-30T22:49:08.708902,A9E56C,N737DW,33.160695,-117.211509,,,297,,4747,-26.1,4980,0.1
2026-07-30T22:49:13.763973,A9E56C,N737DW,33.161636,-117.213739,,,296,,4747,-49.5,5038,0.2
2026-07-30T22:49:18.846664,A9E56C,N737DW,33.162643,-117.215991,,,296,,4747,-49.5,5098,0.3
2026-07-30T22:49:23.889881,A9E56C,N737DW,33.163605,-117.218408,,,296,,4747,-49.5,5145,0.4
2026-07-30T22:49:28.940390,A9E56C,N737DW,33.164652,-117.220814,,,296,,4747,-32.3,5199,0.4
2026-07-30T22:49:33.991058,A9E56C,N737DW,33.164745,-117.22115,,,295,,4747,-34.5,5211,5.0
2026-07-30T22:49:39.043710,A9E56C,N737DW,33.166142,-117.224513,,,295,,4747,-32.6,5228,3.4
2026-07-30T22:49:44.122892,A9E56C,N737DW,33.167908,-117.228845,,,295,,4747,-49.5,5229,0.3
2026-07-30T22:49:49.202044,A9E56C,N737DW,33.168982,-117.231464,,,295,,4747,-49.5,5257,0.1
2026-07-30T22:49:54.280914,A9E56C,N737DW,33.170013,-117.233954,,,296,,4747,-31.3,5303,0.3
2026-07-30T22:49:59.360078,A9E56C,N737DW,33.170425,-117.234943,,,296,,4747,-49.5,5317,3.4
2026-07-30T22:50:04.439288,A9E56C,N737DW,33.170425,-117.234943,,,296,,4747,-49.5,5317,8.5
2026-07-30T22:50:09.518112,A9E56C,N737DW,33.173171,-117.241105,,,299,,4747,-34.6,5323,1.3
2026-07-30T22:50:14.597028,A9E56C,N737DW,33.174454,-117.243896,,,298,,4747,-34.1,5343,0.9
2026-07-30T22:50:19.651072,A9E56C,N737DW,33.175735,-117.246643,,,298,,4747,-49.5,5366,0.4
2026-07-30T22:50:24.700581,A9E56C,N737DW,33.176285,-117.247797,,,299,,4747,-35.0,5379,2.9
2026-07-30T22:50:29.779632,A9E56C,N737DW,33.177035,-117.249401,,,299,,4747,-49.5,5381,4.8
2026-07-30T22:50:34.829390,A9E56C,N737DW,33.177035,-117.249401,,,299,,4747,-49.5,5381,9.8
2026-07-30T22:50:39.883410,A9E56C,N737DW,33.177035,-117.249401,,,299,,4747,-49.5,5381,14.9
2026-07-30T22:50:44.935519,A9E56C,N737DW,33.181923,-117.258594,,,302,,4747,-49.5,5402,0.7
2026-07-30T22:50:49.969253,A9E56C,N737DW,33.183366,-117.261228,,,303,,4747,-28.2,5444,0.2
2026-07-30T22:50:55.010498,A9E56C,N737DW,33.184799,-117.263837,,,304,,4747,-28.0,5492,0.0
2026-07-30T22:51:00.089831,A9E56C,N737DW,33.186218,-117.266254,,,304,,4747,-30.6,5552,0.2
2026-07-30T22:51:05.139802,A9E56C,N737DW,33.187317,-117.268231,,,303,,4747,-32.7,5576,1.2
2026-07-30T22:51:10.183647,A9E56C,N737DW,33.187317,-117.268231,,,303,,4747,-49.5,5578,6.3
2026-07-30T22:51:10.183647,A77645,DAL547,33.505647,-117.217731,,,95,,6717,-30.0,44,0.0
2026-07-30T22:51:15.245785,A9E56C,N737DW,33.190396,-117.273672,,,305,,4747,-49.5,5609,0.0
2026-07-30T22:51:15.245785,A77645,DAL547,33.505415,-117.214032,,,92,,6717,-49.5,62,3.4
2026-07-30T22:51:20.287022,A9E56C,N737DW,33.191711,-117.275812,,,305,,4747,-28.7,5652,0.5
2026-07-30T22:51:20.287022,A77645,DAL547,33.505005,-117.199182,,,90,,6717,-34.9,67,2.2
2026-07-30T22:51:25.361291,A9E56C,N737DW,33.193176,-117.278229,,,306,,4747,-49.5,5714,0.4
2026-07-30T22:51:25.361291,A77645,DAL547,33.505005,-117.199182,,,90,,6717,-34.9,67,7.2
2026-07-30T22:51:30.431076,A9E56C,N737DW,33.194678,-117.280678,,,307,,4747,-29.6,5768,0.2
2026-07-30T22:51:30.431076,A77645,DAL547,33.505005,-117.199182,,,90,,6717,-49.5,69,12.3
2026-07-30T22:51:35.505890,A9E56C,N737DW,33.195877,-117.282513,,,306,,4747,-31.6,5812,1.2
2026-07-30T22:51:35.505890,A77645,DAL547,33.505005,-117.199182,,,90,,6717,-49.5,69,17.4
2026-07-30T22:51:40.546628,A9E56C,N737DW,33.197518,-117.285162,,,305,,4747,-49.5,5833,0.3
2026-07-30T22:51:40.546628,A77645,DAL547,33.505005,-117.199182,,,90,,6717,-49.5,69,22.5
2026-07-30T22:51:45.637802,A9E56C,N737DW,33.198915,-117.287517,,,305,,4747,-32.4,5864,0.2
2026-07-30T22:51:45.637802,A77645,DAL547,33.505005,-117.199182,,,90,,6717,-49.5,69,27.5
2026-07-30T22:51:50.700526,A9E56C,N737DW,33.199585,-117.288666,,,304,,4747,-33.1,5884,2.8
2026-07-30T22:51:50.700526,A77645,DAL547,33.505005,-117.199182,,,90,,6717,-49.5,69,32.6
2026-07-30T22:51:55.740400,A9E56C,N737DW,33.199585,-117.288666,,,304,,4747,-49.5,5886,7.8
2026-07-30T22:51:55.740400,A77645,DAL547,33.505005,-117.199182,,,90,,6717,-49.5,69,37.6
2026-07-30T22:52:00.803863,A9E56C,N737DW,33.199585,-117.288666,,,304,,4747,-49.5,5886,12.9
2026-07-30T22:52:00.803863,A77645,DAL547,33.505005,-117.199182,,,90,,6717,-49.5,69,42.7
2026-07-30T22:52:05.844153,A9E56C,N737DW,33.199585,-117.288666,,,304,,4747,-49.5,5886,17.9
2026-07-30T22:52:05.844153,A77645,DAL547,33.505005,-117.199182,,,90,,6717,-49.5,69,47.7
2026-07-30T22:52:10.908212,A9E56C,N737DW,33.199585,-117.288666,,,304,,4747,-49.5,5886,23.0
2026-07-30T22:52:10.908212,A77645,DAL547,33.504639,-117.078552,,,89,,6717,-49.5,82,2.0
2026-07-30T22:52:15.947233,A9E56C,N737DW,33.199585,-117.288666,,,304,,4747,-49.5,5886,28.0
2026-07-30T22:52:15.947233,A77645,DAL547,33.504639,-117.078552,,,89,,6717,-34.2,84,7.0
2026-07-30T22:52:20.999581,A9E56C,N737DW,33.199585,-117.288666,,,304,,4747,-49.5,5886,33.1
2026-07-30T22:52:20.999581,A77645,DAL547,33.504639,-117.078552,,,89,,6717,-34.2,84,12.1
2026-07-30T22:52:26.050647,A9E56C,N737DW,33.199585,-117.288666,,,304,,4747,-49.5,5886,38.1
2026-07-30T22:52:26.050647,A77645,DAL547,33.504639,-117.078552,,,89,,6717,-34.2,84,17.1
2026-07-30T22:52:26.050647,0D0D8D,,32.974672,-116.265396,,,301,,,-34.4,15,0.8
2026-07-30T22:52:31.114897,A9E56C,N737DW,33.199585,-117.288666,,,304,,4747,-49.5,5886,43.2
2026-07-30T22:52:31.114897,A77645,DAL547,33.504639,-117.078552,,,89,,6717,-34.2,84,22.2
2026-07-30T22:52:31.114897,0D0D8D,,32.980408,-116.276331,,,301,,,-32.7,40,0.6
2026-07-30T22:52:36.185158,A9E56C,N737DW,33.199585,-117.288666,,,304,,4747,-49.5,5886,48.2
2026-07-30T22:52:36.185158,A77645,DAL547,33.504639,-117.078552,,,89,,6717,-34.2,84,27.3
2026-07-30T22:52:36.185158,0D0D8D,,32.983566,-116.282428,,,301,,,-49.5,66,2.6
2026-07-30T22:52:41.223786,A9E56C,N737DW,33.199585,-117.288666,,,304,,4747,-49.5,5886,53.3
2026-07-30T22:52:41.223786,A77645,DAL547,33.504639,-117.078552,,,89,,6717,-34.2,84,32.3
2026-07-30T22:52:41.223786,0D0D8D,,32.99078,-116.296337,,,301,,,-49.5,90,0.9
2026-07-30T22:52:46.292065,A9E56C,N737DW,33.199585,-117.288666,,,304,,4747,-49.5,5886,58.4
2026-07-30T22:52:46.292065,A77645,DAL547,33.504639,-117.078552,,,89,,6717,-34.2,84,37.4
2026-07-30T22:52:46.292065,0D0D8D,VOI7740,32.996366,-116.307043,,,301,,,-32.0,120,0.7
2026-07-30T22:52:51.336441,A9E56C,N737DW,33.199585,-117.288666,,,304,,4747,-49.5,5886,63.4
2026-07-30T22:52:51.336441,A77645,DAL547,33.504639,-117.078552,,,89,,6717,-34.2,84,42.5
2026-07-30T22:52:51.336441,0D0D8D,VOI7740,32.996366,-116.307043,,,301,,,-49.5,137,5.8
2026-07-30T22:52:56.415521,A77645,DAL547,33.503906,-116.972424,,,90,,6717,-49.5,86,3.5
2026-07-30T22:52:56.415521,0D0D8D,VOI7740,33.007864,-116.329184,,,301,,,-49.5,149,0.0
2026-07-30T22:52:56.415521,A9E56C,N737DW,33.212741,-117.323054,,,285,,,-35.5,7,0.7
2026-07-30T22:53:01.494419,A77645,DAL547,33.503906,-116.972424,,,90,,6717,-49.5,86,8.6
2026-07-30T22:53:01.494419,0D0D8D,VOI7740,33.013264,-116.339554,,,301,,7246,-30.6,187,0.0
2026-07-30T22:53:01.494419,A9E56C,N737DW,33.213439,-117.326193,,,283,,,-49.5,33,0.0
2026-07-30T22:53:06.545128,A77645,DAL547,33.503906,-116.972424,,,90,,6717,-49.5,86,13.6
2026-07-30T22:53:06.545128,0D0D8D,VOI7740,33.018311,-116.349335,,,301,,7246,-49.5,225,0.3
2026-07-30T22:53:06.545128,A9E56C,N737DW,33.213672,-117.327426,,,283,,,-49.5,38,2.9
2026-07-30T22:53:11.597755,A77645,DAL547,33.503906,-116.972424,,,90,,6717,-49.5,86,18.7
2026-07-30T22:53:11.597755,0D0D8D,VOI7740,33.022621,-116.357659,,,301,,7246,-49.5,269,1.3
2026-07-30T22:53:11.597755,A9E56C,N737DW,33.213672,-117.327426,,,283,,,-49.5,38,8.0
2026-07-30T22:53:16.677089,A77645,DAL547,33.503906,-116.972424,,,90,,6717,-49.5,86,23.7
2026-07-30T22:53:16.677089,0D0D8D,VOI7740,33.029068,-116.370154,,,301,,7246,-32.7,311,0.3
2026-07-30T22:53:16.677089,A9E56C,N737DW,33.213672,-117.327426,,,283,,,-49.5,38,13.0
2026-07-30T22:53:21.740957,A77645,DAL547,33.503906,-116.972424,,,90,,6717,-49.5,86,28.8
2026-07-30T22:53:21.740957,0D0D8D,VOI7740,33.034653,-116.380865,,,301,,7246,-32.2,344,0.1
2026-07-30T22:53:21.740957,A9E56C,N737DW,33.213672,-117.327426,,,283,,,-49.5,38,18.1
2026-07-30T22:53:26.811422,A77645,DAL547,33.503906,-116.972424,,,90,,6717,-49.5,86,33.9
2026-07-30T22:53:26.811422,0D0D8D,VOI7740,33.034653,-116.380865,,,301,,7246,-36.0,351,5.1
2026-07-30T22:53:26.811422,A9E56C,N737DW,33.213672,-117.327426,,,283,,,-49.5,38,23.2
2026-07-30T22:53:31.848217,A77645,DAL547,33.503906,-116.972424,,,90,,6717,-49.5,86,38.9
2026-07-30T22:53:31.848217,0D0D8D,VOI7740,33.034653,-116.380865,,,301,,7246,-36.0,351,10.2
2026-07-30T22:53:31.848217,A9E56C,N737DW,33.213672,-117.327426,,,283,,,-49.5,38,28.2
2026-07-30T22:53:36.923902,A77645,DAL547,33.503906,-116.972424,,,90,,6717,-49.5,86,44.0
2026-07-30T22:53:36.923902,0D0D8D,VOI7740,33.034653,-116.380865,,,301,,7246,-36.0,351,15.3
2026-07-30T22:53:36.923902,A9E56C,N737DW,33.213672,-117.327426,,,283,,,-49.5,42,33.3
2026-07-30T22:53:41.964066,A77645,DAL547,33.503906,-116.972424,,,90,,6717,-49.5,86,49.0
2026-07-30T22:53:41.964066,0D0D8D,VOI7740,33.034653,-116.380865,,,301,,7246,-36.0,351,20.3
2026-07-30T22:53:41.964066,A9E56C,N737DW,33.217815,-117.348054,,,283,,,-33.9,56,1.5
2026-07-30T22:53:47.011971,A77645,DAL547,33.503878,-116.847447,,,89,,6717,-35.4,95,2.7
2026-07-30T22:53:47.011971,0D0D8D,VOI7740,33.034653,-116.380865,,,301,,7246,-34.9,359,25.4
2026-07-30T22:53:47.011971,A9E56C,N737DW,33.218187,-117.349847,,,284,,,-34.0,68,3.4
2026-07-30T22:53:52.068972,A77645,DAL547,33.504044,-116.829547,,,89,,6717,-31.9,116,0.5
2026-07-30T22:53:52.068972,0D0D8D,VOI7740,33.06514,-116.439587,,,301,,7246,-49.5,389,1.8
2026-07-30T22:53:52.068972,A9E56C,N737DW,33.218187,-117.349847,,,284,,,-34.0,68,8.4
2026-07-30T22:53:57.145368,A77645,DAL547,33.504158,-116.816786,,,89,,6717,-29.6,160,0.3
2026-07-30T22:53:57.145368,0D0D8D,VOI7740,33.071732,-116.452167,,,301,,7246,-49.5,414,0.6
2026-07-30T22:53:57.145368,A9E56C,N737DW,33.218187,-117.349847,,,284,,,-34.0,68,13.5
2026-07-30T22:54:02.199764,A77645,DAL547,33.504364,-116.804059,,,89,,6717,-49.5,233,0.0
2026-07-30T22:54:02.199764,0D0D8D,VOI7740,33.076994,-116.462365,,,301,,7246,-30.4,459,0.7
2026-07-30T22:54:02.199764,A9E56C,N737DW,33.218187,-117.349847,,,284,,,-33.4,72,18.5
2026-07-30T22:54:07.249253,A77645,DAL547,33.504501,-116.792413,,,89,,6717,-49.5,297,0.4
2026-07-30T22:54:07.249253,0D0D8D,VOI7740,33.082627,-116.473127,,,301,,7246,-49.5,497,0.5
2026-07-30T22:54:07.249253,A9E56C,N737DW,33.220422,-117.360329,,,287,,,-35.4,83,5.0
2026-07-30T22:54:12.327628,A77645,DAL547,33.50453,-116.781417,,,90,,6717,-49.5,349,0.9
2026-07-30T22:54:12.327628,0D0D8D,VOI7740,33.087888,-116.483273,,,301,,7246,-30.2,536,0.6
2026-07-30T22:54:12.327628,A9E56C,N737DW,33.221191,-117.363373,,,290,,,-49.5,97,4.5
2026-07-30T22:54:17.391755,A77645,DAL547,33.504501,-116.769672,,,90,,6717,-35.4,375,1.1
2026-07-30T22:54:17.391755,0D0D8D,VOI7740,33.093334,-116.493811,,,301,,7246,-33.3,576,0.5
2026-07-30T22:54:17.391755,A9E56C,N737DW,33.222839,-117.368317,,,290,,,-33.8,100,0.5
2026-07-30T22:54:17.391755,AAF831,ASA291,32.849121,-117.372661,,,309,,,-49.5,13,1.0
2026-07-30T22:54:22.430850,A77645,DAL547,33.50441,-116.755115,,,90,,6717,-49.5,398,0.1
2026-07-30T22:54:22.430850,0D0D8D,VOI7740,33.093334,-116.493811,,,301,,7246,-32.6,580,5.6
2026-07-30T22:54:22.430850,A9E56C,N737DW,33.223709,-117.370184,,,299,,,-32.9,120,1.9
2026-07-30T22:54:22.430850,AAF831,ASA291,32.849121,-117.372661,,,309,,,-49.5,21,6.1
2026-07-30T22:54:27.509761,A77645,DAL547,33.50439,-116.75255,,,90,,6717,-32.8,404,4.2
2026-07-30T22:54:27.509761,0D0D8D,VOI7740,33.1035,-116.51347,,,301,,7246,-49.5,617,1.1
2026-07-30T22:54:27.509761,A9E56C,N737DW,33.225217,-117.373389,,,299,,,-49.5,146,0.6
2026-07-30T22:54:27.509761,AAF831,ASA291,32.854894,-117.3809,,,309,,,-35.4,27,4.2
2026-07-30T22:54:32.588877,A77645,DAL547,33.504135,-116.733252,,,91,,6717,-49.5,422,1.2
2026-07-30T22:54:32.588877,0D0D8D,VOI7740,33.109955,-116.52594,,,301,,7246,-25.9,660,0.0
2026-07-30T22:54:32.588877,A9E56C,N737DW,33.22652,-117.376136,,,299,,,-32.5,164,0.3
2026-07-30T22:54:32.588877,AAF831,ASA291,32.859595,-117.387571,,,309,,,-32.6,44,3.7
2026-07-30T22:54:37.642522,A77645,DAL547,33.503925,-116.721048,,,91,,6717,-49.5,437,1.3
2026-07-30T22:54:37.642522,0D0D8D,VOI7740,33.115027,-116.535514,,,302,,7246,-49.5,705,0.4
2026-07-30T22:54:37.642522,A9E56C,N737DW,33.227777,-117.378827,,,299,,4747,-33.4,191,0.2
2026-07-30T22:54:37.642522,AAF831,ASA291,32.859595,-117.387571,,,309,,,-49.5,45,8.8
2026-07-30T22:54:42.720924,A77645,DAL547,33.503739,-116.711575,,,91,,6717,-49.5,441,2.5
2026-07-30T22:54:42.720924,0D0D8D,VOI7740,33.120334,-116.545155,,,303,,7246,-24.9,759,0.6
2026-07-30T22:54:42.720924,A9E56C,N737DW,33.228615,-117.380564,,,299,,4747,-32.7,220,1.8
2026-07-30T22:54:42.720924,AAF831,ASA291,32.867183,-117.398389,,,309,,,-32.9,52,4.9
2026-07-30T22:54:47.772154,A77645,DAL547,33.503739,-116.711575,,,91,,6717,-49.5,441,7.6
2026-07-30T22:54:47.772154,0D0D8D,VOI7740,33.126293,-116.555525,,,304,,7246,-26.1,803,0.5
2026-07-30T22:54:47.772154,A9E56C,N737DW,33.230209,-117.383862,,,299,,4747,-49.5,241,0.4
2026-07-30T22:54:47.772154,AAF831,ASA291,32.873701,-117.407582,,,310,,,-49.5,57,2.3
2026-07-30T22:54:52.850371,A77645,DAL547,33.50304,-116.683717,,,92,,6717,-32.2,452,1.1
2026-07-30T22:54:52.850371,0D0D8D,VOI7740,33.132112,-116.565222,,,306,,7246,-29.0,844,0.7
2026-07-30T22:54:52.850371,A9E56C,N737DW,33.2314,-117.386444,,,299,,4747,-34.2,263,0.5
2026-07-30T22:54:52.850371,AAF831,ASA291,32.873701,-117.407582,,,310,,,-49.5,57,7.4
2026-07-30T22:54:57.929258,A77645,DAL547,33.502854,-116.678616,,,92,,6717,-35.0,455,4.1
2026-07-30T22:54:57.929258,0D0D8D,VOI7740,33.133392,-116.567303,,,306,,7246,-34.3,855,4.6
2026-07-30T22:54:57.929258,A9E56C,N737DW,33.232635,-117.389191,,,298,,4747,-34.0,287,0.2
2026-07-30T22:54:57.929258,AAF831,ASA291,32.873701,-117.407582,,,310,,,-34.9,67,12.4
2026-07-30T22:55:02.993796,A77645,DAL547,33.502854,-116.678616,,,92,,6717,-35.0,455,9.2
2026-07-30T22:55:02.993796,0D0D8D,VOI7740,33.144196,-116.584058,,,308,,7246,-26.9,884,1.0
2026-07-30T22:55:02.993796,A9E56C,N737DW,33.233871,-117.391882,,,298,,4747,-49.5,334,0.0
2026-07-30T22:55:02.993796,AAF831,ASA291,32.885618,-117.424285,,,310,,,-33.4,76,3.9
2026-07-30T22:55:08.065919,A77645,DAL547,33.501663,-116.646185,,,92,,6717,-35.4,459,0.8
2026-07-30T22:55:08.065919,0D0D8D,VOI7740,33.150742,-116.593726,,,309,,7246,-49.5,933,0.9
2026-07-30T22:55:08.065919,A9E56C,N737DW,33.235016,-117.394464,,,298,,4747,-49.5,386,0.0
2026-07-30T22:55:08.065919,AAF831,ASA291,32.885618,-117.424285,,,310,,,-33.4,76,9.0
2026-07-30T22:55:13.111825,A77645,DAL547,33.501068,-116.632452,,,93,,6717,-49.5,489,0.1
2026-07-30T22:55:13.111825,0D0D8D,VOI7740,33.157669,-116.603506,,,310,,7246,-49.5,985,0.7
2026-07-30T22:55:13.111825,A9E56C,N737DW,33.236206,-117.397101,,,298,,4747,-31.5,439,0.1
2026-07-30T22:55:13.111825,AAF831,ASA291,32.885618,-117.424285,,,310,,,-33.4,76,14.0
2026-07-30T22:55:18.162000,A77645,DAL547,33.50062,-116.620321,,,92,,6717,-49.5,514,0.0
2026-07-30T22:55:18.162000,0D0D8D,VOI7740,33.163284,-116.611139,,,310,,7246,-49.5,997,1.5
2026-07-30T22:55:18.162000,A9E56C,N737DW,33.237367,-117.399734,,,298,,4747,-30.6,488,0.0
2026-07-30T22:55:18.162000,AAF831,ASA291,32.885618,-117.424285,,,310,,,-33.4,76,19.1
2026-07-30T22:55:23.203561,A77645,DAL547,33.500433,-116.615557,,,92,,6717,-35.2,523,3.2
2026-07-30T22:55:23.203561,0D0D8D,VOI7740,33.163284,-116.611139,,,310,,7246,-33.2,1000,6.6
2026-07-30T22:55:23.203561,A9E56C,N737DW,33.238541,-117.402374,,,297,,4747,-49.5,533,0.0
2026-07-30T22:55:23.203561,AAF831,ASA291,32.885618,-117.424285,,,310,,,-49.5,77,24.1
2026-07-30T22:55:28.333361,A77645,DAL547,33.500433,-116.615557,,,92,,6717,-35.2,523,8.3
2026-07-30T22:55:28.333361,0D0D8D,VOI7740,33.163284,-116.611139,,,310,,7246,-49.5,1002,11.7
2026-07-30T22:55:28.333361,A9E56C,N737DW,33.239601,-117.404779,,,297,,4747,-49.5,582,0.5
2026-07-30T22:55:28.333361,AAF831,ASA291,32.885618,-117.424285,,,310,,,-49.5,77,29.3
2026-07-30T22:55:33.407960,A77645,DAL547,33.500433,-116.615557,,,92,,6717,-35.2,523,13.4
2026-07-30T22:55:33.407960,0D0D8D,VOI7740,33.163284,-116.611139,,,314,,7246,-49.5,1006,16.8
2026-07-30T22:55:33.407960,A9E56C,N737DW,33.240875,-117.407648,,,297,,4747,-49.5,633,0.0
2026-07-30T22:55:33.407960,AAF831,ASA291,32.91568,-117.466699,,,310,,,-49.5,81,0.5
2026-07-30T22:55:38.452309,A77645,DAL547,33.500433,-116.615557,,,92,,6717,-35.2,523,18.4
2026-07-30T22:55:38.452309,0D0D8D,VOI7740,33.194092,-116.649481,,,315,,7246,-49.5,1009,0.0
2026-07-30T22:55:38.452309,A9E56C,N737DW,33.241928,-117.41012,,,297,,4747,-49.5,682,0.3
2026-07-30T22:55:38.452309,AAF831,ASA291,32.91568,-117.466699,,,310,,,-49.5,81,5.5
2026-07-30T22:55:43.502474,A77645,DAL547,33.500433,-116.615557,,,92,,6717,-35.2,523,23.5
2026-07-30T22:55:43.502474,0D0D8D,VOI7740,33.199985,-116.656419,,,315,,7246,-29.7,1040,1.0
2026-07-30T22:55:43.502474,A9E56C,N737DW,33.243093,-117.412682,,,298,,4747,-30.3,728,0.3
2026-07-30T22:55:43.502474,AAF831,ASA291,32.91568,-117.466699,,,310,,,-49.5,81,10.6
2026-07-30T22:55:48.556157,A77645,DAL547,33.500433,-116.615557,,,92,,6717,-33.7,524,28.5
2026-07-30T22:55:48.556157,0D0D8D,VOI7740,33.20883,-116.666957,,,314,,7246,-49.5,1090,0.0
2026-07-30T22:55:48.556157,A9E56C,N737DW,33.244308,-117.415118,,,303,,4747,-49.5,782,0.4
2026-07-30T22:55:48.556157,AAF831,ASA291,32.91568,-117.466699,,,309,,,-49.5,85,15.6
2026-07-30T22:55:53.619902,A77645,DAL547,33.500433,-116.615557,,,92,,6717,-33.7,524,33.6
2026-07-30T22:55:53.619902,0D0D8D,VOI7740,33.215534,-116.674917,,,314,,7246,-32.3,1140,0.4
2026-07-30T22:55:53.619902,A9E56C,N737DW,33.245636,-117.417261,,,311,,4747,-32.2,816,0.8
2026-07-30T22:55:53.619902,AAF831,ASA291,32.91568,-117.466699,,,309,,7270,-49.5,86,20.7
2026-07-30T22:55:53.619902,A3615F,FFT1326,32.825752,-117.337516,,,309,,4701,-30.4,8,0.8
2026-07-30T22:55:58.693106,A77645,DAL547,33.500433,-116.615557,,,92,,6717,-33.7,524,38.6
2026-07-30T22:55:58.693106,0D0D8D,VOI7740,33.215534,-116.674917,,,314,,7246,-35.8,1143,5.5
2026-07-30T22:55:58.693106,A9E56C,N737DW,33.24678,-117.418689,,,315,,4747,-34.2,843,2.5
2026-07-30T22:55:58.693106,AAF831,ASA291,32.938501,-117.499116,,,309,,7270,-31.8,96,0.2
2026-07-30T22:55:58.693106,A3615F,FFT1326,32.828359,-117.341271,,,309,,4701,-49.5,13,2.7
2026-07-30T22:56:03.737911,A77645,DAL547,33.500433,-116.615557,,,92,,6717,-33.7,524,43.7
2026-07-30T22:56:03.737911,0D0D8D,VOI7740,33.227358,-116.689042,,,314,,7246,-49.5,1170,2.3
2026-07-30T22:56:03.737911,A9E56C,N737DW,33.248865,-117.421034,,,317,,4747,-34.0,867,1.7
2026-07-30T22:56:03.737911,AAF831,ASA291,32.941772,-117.503778,,,309,,7270,-49.5,113,1.7
2026-07-30T22:56:03.737911,A3615F,FFT1326,32.828359,-117.341271,,,309,,4701,-49.5,13,7.7
2026-07-30T22:56:08.792752,A77645,DAL547,33.500433,-116.615557,,,92,,6717,-33.7,524,48.7
2026-07-30T22:56:08.792752,0D0D8D,VOI7740,33.227358,-116.689042,,,314,,7246,-35.3,1171,7.3
2026-07-30T22:56:08.792752,A9E56C,N737DW,33.2511,-117.423444,,,317,,4747,-49.5,897,0.5
2026-07-30T22:56:08.792752,AAF831,ASA291,32.941772,-117.503778,,,309,,7270,-49.5,114,6.7
2026-07-30T22:56:08.792752,A3615F,FFT1326,32.828359,-117.341271,,,309,,4701,-49.5,13,12.7
2026-07-30T22:56:13.828909,A77645,DAL547,33.499603,-116.486005,,,90,,6717,-49.5,534,0.1
2026-07-30T22:56:13.828909,0D0D8D,VOI7740,33.227358,-116.689042,,,314,,7246,-49.5,1177,12.4
2026-07-30T22:56:13.828909,A9E56C,N737DW,33.253143,-117.42561,,,318,,4747,-32.9,916,0.1
2026-07-30T22:56:13.828909,AAF831,ASA291,32.951752,-117.517896,,,310,,7270,-33.5,135,1.2
2026-07-30T22:56:13.828909,A3615F,FFT1326,32.828359,-117.341271,,,309,,4701,-49.5,14,17.8
2026-07-30T22:56:18.901216,A77645,DAL547,33.499557,-116.475842,,,90,,6717,-36.0,555,1.0
2026-07-30T22:56:18.901216,0D0D8D,VOI7740,33.251358,-116.717926,,,314,,7246,-49.5,1209,0.9
2026-07-30T22:56:18.901216,A9E56C,N737DW,33.254562,-117.427094,,,319,,4747,-33.6,935,1.3
2026-07-30T22:56:18.901216,AAF831,ASA291,32.951752,-117.517896,,,310,,7270,-33.5,135,6.3
2026-07-30T22:56:18.901216,A3615F,FFT1326,32.828359,-117.341271,,,309,,4701,-34.6,19,22.9
2026-07-30T22:56:23.944480,A77645,DAL547,33.499466,-116.464142,,,90,,6717,-35.6,567,1.2
2026-07-30T22:56:23.944480,0D0D8D,VOI7740,33.252594,-116.719464,,,314,,7246,-34.9,1211,5.0
2026-07-30T22:56:23.944480,A9E56C,N737DW,33.2565,-117.42905,,,319,,4747,-49.5,965,1.3
2026-07-30T22:56:23.944480,AAF831,ASA291,32.962051,-117.532452,,,309,,7270,-49.5,153,0.7
2026-07-30T22:56:23.944480,A3615F,FFT1326,32.84967,-117.371942,,,309,,4701,-49.5,38,2.1
2026-07-30T22:56:29.006578,A77645,DAL547,33.499466,-116.464142,,,90,,6717,-35.6,567,6.3
2026-07-30T22:56:29.006578,0D0D8D,VOI7740,33.265366,-116.734845,,,314,,7246,-49.5,1214,1.2
2026-07-30T22:56:29.006578,A9E56C,N737DW,33.258734,-117.431348,,,319,,4747,-49.5,990,0.3
2026-07-30T22:56:29.006578,AAF831,ASA291,32.962051,-117.532452,,,309,,7270,-49.5,153,5.8
2026-07-30T22:56:29.006578,A3615F,FFT1326,32.855209,-117.379852,,,309,,4701,-49.5,58,0.6
2026-07-30T22:56:34.048314,A77645,DAL547,33.499466,-116.464142,,,90,,6717,-35.6,567,11.3
2026-07-30T22:56:34.048314,0D0D8D,VOI7740,33.273743,-116.744952,,,314,,7246,-32.4,1219,0.5
2026-07-30T22:56:34.048314,A9E56C,N737DW,33.260559,-117.433246,,,319,,4747,-49.5,1017,0.5
2026-07-30T22:56:34.048314,AAF831,ASA291,32.962051,-117.532452,,,309,,7270,-49.5,153,10.8
2026-07-30T22:56:34.048314,A3615F,FFT1326,32.859375,-117.385785,,,309,,4701,-49.5,69,0.8
2026-07-30T22:56:39.127274,A77645,DAL547,33.49913,-116.434675,,,90,,6717,-36.2,571,4.4
2026-07-30T22:56:39.127274,0D0D8D,VOI7740,33.281113,-116.753851,,,314,,7246,-49.5,1234,0.4
2026-07-30T22:56:39.127274,A9E56C,N737DW,33.26239,-117.435059,,,319,,4747,-32.4,1028,0.8
2026-07-30T22:56:39.127274,AAF831,ASA291,32.962051,-117.532452,,,309,,7270,-49.5,153,15.9
2026-07-30T22:56:39.127274,A3615F,FFT1326,32.861801,-117.389246,,,309,,4701,-31.9,80,3.0
2026-07-30T22:56:44.206359,A77645,DAL547,33.49913,-116.434675,,,90,,6717,-49.5,573,9.5
2026-07-30T22:56:44.206359,0D0D8D,VOI7740,33.286898,-116.760846,,,314,,7246,-49.5,1285,1.5
2026-07-30T22:56:44.206359,A9E56C,N737DW,33.264496,-117.437201,,,319,,4747,-49.5,1058,0.3
2026-07-30T22:56:44.206359,AAF831,ASA291,32.962051,-117.532452,,,309,,7270,-49.5,153,21.0
2026-07-30T22:56:44.206359,A3615F,FFT1326,32.867981,-117.398035,,,309,,4701,-31.4,92,1.0
2026-07-30T22:56:49.285910,A77645,DAL547,33.49913,-116.434675,,,90,,6717,-49.5,573,14.5
2026-07-30T22:56:49.285910,0D0D8D,VOI7740,33.295604,-116.771327,,,314,,7246,-49.5,1333,0.5
2026-07-30T22:56:49.285910,A9E56C,N737DW,33.265869,-117.438684,,,317,,4747,-34.1,1087,1.5
2026-07-30T22:56:49.285910,AAF831,ASA291,32.962051,-117.532452,,,309,,7270,-49.5,153,26.1
2026-07-30T22:56:49.285910,A3615F,FFT1326,32.873337,-117.405615,,,309,,4701,-49.5,101,0.0
2026-07-30T22:56:54.348362,A77645,DAL547,33.49913,-116.434675,,,90,,6717,-49.5,573,19.6
2026-07-30T22:56:54.348362,0D0D8D,VOI7740,33.302216,-116.77934,,,314,,7246,-30.6,1372,1.0
2026-07-30T22:56:54.348362,A9E56C,N737DW,33.268184,-117.441325,,,314,,4747,-34.6,1119,0.0
2026-07-30T22:56:54.348362,AAF831,ASA291,32.962051,-117.532452,,,309,,7270,-49.5,153,31.1
2026-07-30T22:56:54.348362,A3615F,FFT1326,32.874213,-117.406853,,,309,,4701,-33.9,112,4.0
2026-07-30T22:56:59.388727,A77645,DAL547,33.49913,-116.434675,,,90,,6717,-49.5,573,24.7
2026-07-30T22:56:59.388727,0D0D8D,VOI7740,33.309057,-116.787583,,,314,,7246,-32.6,1416,1.3
2026-07-30T22:56:59.388727,A9E56C,N737DW,33.269255,-117.442671,,,311,,4747,-49.5,1133,2.0
2026-07-30T22:56:59.388727,AAF831,ASA291,32.962051,-117.532452,,,309,,7270,-49.5,153,36.2
2026-07-30T22:56:59.388727,A3615F,FFT1326,32.874213,-117.406853,,,309,,4701,-33.9,112,9.1
2026-07-30T22:57:04.467739,A77645,DAL547,33.49913,-116.434675,,,90,,6717,-49.5,573,29.7
2026-07-30T22:57:04.467739,0D0D8D,VOI7740,33.309057,-116.787583,,,314,,7246,-49.5,1417,6.3
2026-07-30T22:57:04.467739,A9E56C,N737DW,33.269255,-117.442671,,,311,,4747,-35.4,1135,7.0
2026-07-30T22:57:04.467739,AAF831,ASA291,33.002335,-117.589417,,,309,,7270,-49.5,157,1.8
2026-07-30T22:57:04.467739,A3615F,FFT1326,32.88588,-117.423413,,,309,,4701,-35.8,151,1.0
2026-07-30T22:57:09.518119,A77645,DAL547,33.49913,-116.434675,,,90,,6717,-49.5,573,34.8
2026-07-30T22:57:09.518119,0D0D8D,VOI7740,33.309057,-116.787583,,,314,,7246,-33.1,1420,11.4
2026-07-30T22:57:09.518119,A9E56C,N737DW,33.272644,-117.447363,,,310,,4747,-49.5,1142,1.4
2026-07-30T22:57:09.518119,AAF831,ASA291,33.002335,-117.589417,,,309,,7270,-49.5,157,6.9
2026-07-30T22:57:09.518119,A3615F,FFT1326,32.88588,-117.423413,,,309,,4701,-49.5,153,6.0
2026-07-30T22:57:14.602806,A77645,DAL547,33.49913,-116.434675,,,90,,6717,-49.5,573,39.8
2026-07-30T22:57:14.602806,0D0D8D,VOI7740,33.309057,-116.787583,,,314,,7246,-49.5,1421,16.5
2026-07-30T22:57:14.602806,A9E56C,N737DW,33.273305,-117.448276,,,310,,4747,-49.5,1145,4.3
2026-07-30T22:57:14.602806,AAF831,ASA291,33.002335,-117.589417,,,309,,7270,-49.5,157,12.0
2026-07-30T22:57:14.602806,A3615F,FFT1326,32.88588,-117.423413,,,309,,4701,-49.5,158,11.1
2026-07-30T22:57:14.602806,A66CE0,,33.505417,-117.227747,,,94,,,-31.7,8,0.5
2026-07-30T22:57:19.649897,A77645,DAL547,33.49913,-116.434675,,,90,,6717,-49.5,573,44.9
2026-07-30T22:57:19.649897,0D0D8D,VOI7740,33.309057,-116.787583,,,314,,7246,-49.5,1421,21.5
2026-07-30T22:57:19.649897,A9E56C,N737DW,33.273305,-117.448276,,,310,,4747,-34.1,1148,9.4
2026-07-30T22:57:19.649897,AAF831,ASA291,33.002335,-117.589417,,,309,,7270,-49.5,158,17.0
2026-07-30T22:57:19.649897,A3615F,FFT1326,32.88588,-117.423413,,,309,,4701,-49.5,158,16.2
2026-07-30T22:57:19.649897,A66CE0,,33.50473,-117.215002,,,93,,,-49.5,22,0.4
2026-07-30T22:57:24.699618,A77645,DAL547,33.49913,-116.434675,,,90,,6717,-49.5,573,49.9
2026-07-30T22:57:24.699618,0D0D8D,VOI7740,33.344376,-116.830151,,,314,,7246,-49.5,1446,2.2
2026-07-30T22:57:24.699618,A9E56C,N737DW,33.277313,-117.453845,,,310,,4747,-34.0,1152,1.9
2026-07-30T22:57:24.699618,AAF831,ASA291,33.002335,-117.589417,,,309,,7270,-34.2,160,22.1
2026-07-30T22:57:24.699618,A3615F,FFT1326,32.904099,-117.449229,,,309,,4701,-49.5,161,0.6
2026-07-30T22:57:24.699618,A66CE0,,33.50473,-117.215002,,,93,,,-49.5,26,5.5
2026-07-30T22:57:29.754008,A77645,DAL547,33.49913,-116.434675,,,90,,6717,-49.5,573,55.0
2026-07-30T22:57:29.754008,0D0D8D,VOI7740,33.35398,-116.84173,,,314,,7246,-30.2,1487,0.5
2026-07-30T22:57:29.754008,A9E56C,N737DW,33.27796,-117.454778,,,310,,4747,-49.5,1154,4.9
2026-07-30T22:57:29.754008,AAF831,ASA291,33.002335,-117.589417,,,309,,7270,-49.5,161,27.2
2026-07-30T22:57:29.754008,A3615F,FFT1326,32.906845,-117.453186,,,309,,4701,-34.0,171,2.6
2026-07-30T22:57:29.754008,A66CE0,,33.50473,-117.215002,,,93,,,-49.5,26,10.6
2026-07-30T22:57:34.833107,A77645,DAL547,33.49913,-116.434675,,,90,,6717,-49.5,573,60.1
2026-07-30T22:57:34.833107,0D0D8D,VOI7740,33.361313,-116.850641,,,314,,7246,-49.5,1526,0.5
2026-07-30T22:57:34.833107,A9E56C,N737DW,33.27796,-117.454778,,,310,,4747,-49.5,1154,9.9
2026-07-30T22:57:34.833107,AAF831,ASA291,33.002335,-117.589417,,,309,,7270,-49.5,161,32.2
2026-07-30T22:57:34.833107,A3615F,FFT1326,32.906845,-117.453186,,,309,,4701,-32.6,172,7.6
2026-07-30T22:57:34.833107,A66CE0,,33.504227,-117.183472,,,93,,,-33.6,28,3.0
2026-07-30T22:57:39.885586,A77645,DAL547,33.49913,-116.434675,,,90,,6717,-49.5,573,65.1
2026-07-30T22:57:39.885586,0D0D8D,VOI7740,33.368737,-116.859554,,,314,,7246,-49.5,1569,0.5
2026-07-30T22:57:39.885586,A9E56C,N737DW,33.27796,-117.454778,,,310,,4747,-49.5,1154,15.0
2026-07-30T22:57:39.885586,AAF831,ASA291,33.037844,-117.639808,,,309,,7270,-33.7,171,2.5
2026-07-30T22:57:39.885586,A3615F,FFT1326,32.906845,-117.453186,,,309,,4701,-49.5,173,12.7
2026-07-30T22:57:39.885586,A66CE0,,33.504227,-117.183472,,,93,,,-33.6,28,8.1
2026-07-30T22:57:44.936216,0D0D8D,VOI7740,33.373215,-116.865033,,,314,,7246,-31.7,1596,2.4
2026-07-30T22:57:44.936216,A9E56C,N737DW,33.27796,-117.454778,,,310,,4747,-49.5,1154,20.1
2026-07-30T22:57:44.936216,AAF831,ASA291,33.037844,-117.639808,,,309,,7270,-32.9,172,7.6
2026-07-30T22:57:44.936216,A3615F,FFT1326,32.906845,-117.453186,,,309,,4701,-49.5,173,17.8
2026-07-30T22:57:44.936216,A66CE0,,33.504227,-117.183472,,,93,,,-33.6,28,13.1
2026-07-30T22:57:50.015211,0D0D8D,VOI7740,33.373215,-116.865033,,,314,,7246,-34.4,1603,7.5
2026-07-30T22:57:50.015211,A9E56C,N737DW,33.27796,-117.454778,,,310,,4747,-49.5,1154,25.1
2026-07-30T22:57:50.015211,AAF831,ASA291,33.037844,-117.639808,,,309,,7270,-32.9,172,12.7
2026-07-30T22:57:50.015211,A3615F,FFT1326,32.906845,-117.453186,,,309,,4701,-49.5,173,22.9
2026-07-30T22:57:50.015211,A66CE0,,33.504227,-117.183472,,,93,,,-33.6,28,18.2
2026-07-30T22:57:55.094011,0D0D8D,VOI7740,33.390289,-116.885632,,,314,,7246,-29.0,1640,0.7
2026-07-30T22:57:55.094011,A9E56C,N737DW,33.27796,-117.454778,,,310,,4747,-49.5,1154,30.2
2026-07-30T22:57:55.094011,AAF831,ASA291,33.037844,-117.639808,,,309,,7270,-32.9,172,17.8
2026-07-30T22:57:55.094011,A3615F,FFT1326,32.906845,-117.453186,,,309,,4701,-49.5,173,27.9
2026-07-30T22:57:55.094011,A66CE0,,33.504227,-117.183472,,,93,,,-33.6,28,23.3
2026-07-30T22:58:00.172994,0D0D8D,VOI7740,33.39624,-116.892828,,,314,,7246,-32.1,1664,1.7
2026-07-30T22:58:00.172994,A9E56C,N737DW,33.27796,-117.454778,,,310,,4747,-34.5,1156,35.3
2026-07-30T22:58:00.172994,AAF831,ASA291,33.061027,-117.672655,,,310,,7270,-30.2,184,0.6
2026-07-30T22:58:00.172994,A3615F,FFT1326,32.93335,-117.490759,,,309,,4701,-33.4,175,4.5
2026-07-30T22:58:00.172994,A66CE0,,33.504227,-117.183472,,,93,,,-33.6,28,28.4
2026-07-30T22:58:05.251907,0D0D8D,VOI7740,33.39624,-116.892828,,,314,,7246,-32.1,1664,6.8
2026-07-30T22:58:05.251907,A9E56C,N737DW,33.27796,-117.454778,,,310,,4747,-36.8,1159,40.4
2026-07-30T22:58:05.251907,AAF831,ASA291,33.066971,-117.681042,,,309,,7270,-49.5,201,0.0
2026-07-30T22:58:05.251907,A3615F,FFT1326,32.940308,-117.500647,,,309,,4701,-49.5,186,2.6
2026-07-30T22:58:05.251907,A66CE0,,33.504227,-117.183472,,,93,,,-49.5,29,33.4
2026-07-30T22:58:10.305718,0D0D8D,VOI7740,33.410588,-116.910226,,,314,,7246,-49.5,1685,1.9
2026-07-30T22:58:10.305718,A9E56C,N737DW,33.27796,-117.454778,,,310,,4747,-36.8,1159,45.4
2026-07-30T22:58:10.305718,AAF831,ASA291,33.066971,-117.681042,,,309,,7270,-49.5,202,5.0
2026-07-30T22:58:10.305718,A3615F,FFT1326,32.940308,-117.500647,,,309,,4701,-49.5,186,7.6
2026-07-30T22:58:10.305718,A66CE0,,33.504227,-117.183472,,,93,,,-49.5,29,38.5
2026-07-30T22:58:15.347337,0D0D8D,VOI7740,33.417984,-116.919141,,,314,,7246,-49.5,1698,1.8
2026-07-30T22:58:15.347337,A9E56C,N737DW,33.27796,-117.454778,,,309,,4747,-49.5,1161,50.5
2026-07-30T22:58:15.347337,AAF831,ASA291,33.066971,-117.681042,,,309,,7270,-49.5,202,10.1
2026-07-30T22:58:15.347337,A3615F,FFT1326,32.95047,-117.515149,,,309,,4701,-49.5,201,2.8
2026-07-30T22:58:15.347337,A66CE0,,33.495732,-117.078776,,,93,,,-49.5,30,1.7
2026-07-30T22:58:20.435137,0D0D8D,VOI7740,33.427626,-116.930797,,,314,,7246,-49.5,1729,0.2
2026-07-30T22:58:20.435137,A9E56C,N737DW,33.294673,-117.477928,,,309,,4747,-49.5,1169,2.4
2026-07-30T22:58:20.435137,AAF831,ASA291,33.066971,-117.681042,,,309,,7270,-49.5,202,15.2
2026-07-30T22:58:20.435137,A3615F,FFT1326,32.95047,-117.515149,,,309,,4701,-49.5,201,7.8
2026-07-30T22:58:20.435137,A66CE0,,33.495732,-117.078776,,,93,,,-49.5,30,6.8
2026-07-30T22:58:20.435137,A5AFF2,,33.739293,-116.48386,,,92,,,-49.5,18,2.0
2026-07-30T22:58:25.486134,0D0D8D,VOI7740,33.433538,-116.937972,,,314,,7246,-49.5,1762,1.2
2026-07-30T22:58:25.486134,A9E56C,N737DW,33.294673,-117.477928,,,309,,4747,-49.5,1170,7.5
2026-07-30T22:58:25.486134,AAF831,ASA291,33.066971,-117.681042,,,309,,7270,-49.5,202,20.3
2026-07-30T22:58:25.486134,A3615F,FFT1326,32.962326,-117.532013,,,309,,4701,-49.5,206,1.7
2026-07-30T22:58:25.486134,A66CE0,,33.495732,-117.078776,,,93,,,-49.5,30,11.8
2026-07-30T22:58:25.486134,A5AFF2,,33.739293,-116.48386,,,92,,,-49.5,18,7.1
2026-07-30T22:58:30.538269,0D0D8D,VOI7740,33.442243,-116.948566,,,314,,7246,-34.1,1799,0.3
2026-07-30T22:58:30.538269,A9E56C,N737DW,33.294673,-117.477928,,,309,,4747,-33.8,1172,12.5
2026-07-30T22:58:30.538269,AAF831,ASA291,33.066971,-117.681042,,,309,,7270,-49.5,202,25.3
2026-07-30T22:58:30.538269,A3615F,FFT1326,32.962326,-117.532013,,,309,,4701,-49.5,206,6.7
2026-07-30T22:58:30.538269,A66CE0,,33.495732,-117.078776,,,93,,,-49.5,30,16.9
2026-07-30T22:58:30.538269,A5AFF2,,33.739293,-116.48386,,,92,,,-34.0,20,12.2
2026-07-30T22:58:30.538269,A89545,,32.847427,-117.373975,,,,,,-49.5,2,1.7
2026-07-30T22:58:35.617769,0D0D8D,VOI7740,33.442243,-116.948566,,,314,,7246,-49.5,1806,5.3
2026-07-30T22:58:35.617769,A9E56C,N737DW,33.294673,-117.477928,,,309,,4747,-33.8,1172,17.6
2026-07-30T22:58:35.617769,AAF831,ASA291,33.066971,-117.681042,,,309,,7270,-49.5,202,30.4
2026-07-30T22:58:35.617769,A3615F,FFT1326,32.962326,-117.532013,,,309,,4701,-49.5,206,11.8
2026-07-30T22:58:35.617769,A66CE0,,33.495732,-117.078776,,,93,,,-49.5,30,22.0
2026-07-30T22:58:35.617769,A5AFF2,,33.739293,-116.48386,,,92,,,-34.0,20,17.2
2026-07-30T22:58:35.617769,A89545,,32.847427,-117.373975,,,,,,-49.5,2,6.8
2026-07-30T22:58:40.697321,0D0D8D,VOI7740,33.457169,-116.966602,,,314,,7246,-29.1,1824,0.0
2026-07-30T22:58:40.697321,A9E56C,N737DW,33.294673,-117.477928,,,309,,4747,-33.8,1172,22.7
2026-07-30T22:58:40.697321,AAF831,ASA291,33.066971,-117.681042,,,309,,7270,-49.5,202,35.4
2026-07-30T22:58:40.697321,A3615F,FFT1326,32.962326,-117.532013,,,309,,4701,-49.5,206,16.9
2026-07-30T22:58:40.697321,A66CE0,,33.495732,-117.078776,,,93,,,-49.5,30,27.0
2026-07-30T22:58:40.697321,A5AFF2,AAL1221,33.737291,-116.429729,,,92,,,-49.5,46,1.6
2026-07-30T22:58:40.697321,A89545,,32.847427,-117.373975,,,,,,-49.5,2,11.8
2026-07-30T22:58:45.744088,0D0D8D,VOI7740,33.463936,-116.974855,,,314,,7246,-32.6,1851,0.4
2026-07-30T22:58:45.744088,A9E56C,N737DW,33.294673,-117.477928,,,309,,4747,-49.5,1173,27.7
2026-07-30T22:58:45.744088,AAF831,ASA291,33.066971,-117.681042,,,309,,7270,-49.5,202,40.5
2026-07-30T22:58:45.744088,A3615F,FFT1326,32.962326,-117.532013,,,309,,4701,-49.5,206,21.9
2026-07-30T22:58:45.744088,A66CE0,,33.495732,-117.078776,,,93,,,-49.5,30,32.1
2026-07-30T22:58:45.744088,A5AFF2,AAL1221,33.736919,-116.418743,,,92,,,-49.5,69,2.4
2026-07-30T22:58:45.744088,A89545,,32.847427,-117.373975,,,,,,-49.5,5,16.9
2026-07-30T22:58:50.800390,0D0D8D,VOI7740,33.468384,-116.98017,,,314,,7246,-49.5,1877,2.4
2026-07-30T22:58:50.800390,A9E56C,N737DW,33.294673,-117.477928,,,309,,4747,-49.5,1173,32.8
2026-07-30T22:58:50.800390,AAF831,ASA291,33.066971,-117.681042,,,309,,7270,-33.5,204,45.6
2026-07-30T22:58:50.800390,A3615F,FFT1326,32.962326,-117.532013,,,309,,4701,-49.5,206,27.0
2026-07-30T22:58:50.800390,A66CE0,,33.495732,-117.078776,,,93,,,-49.5,30,37.2
2026-07-30T22:58:50.800390,A5AFF2,AAL1221,33.736313,-116.402613,,,92,,,-49.5,82,1.4
2026-07-30T22:58:50.800390,A89545,,32.847427,-117.373975,,,,,,-49.5,5,21.9
2026-07-30T22:58:55.878783,0D0D8D,VOI7740,33.468384,-116.98017,,,314,,7246,-49.5,1878,7.5
2026-07-30T22:58:55.878783,A9E56C,N737DW,33.294673,-117.477928,,,309,,4747,-49.5,1173,37.8
2026-07-30T22:58:55.878783,AAF831,ASA291,33.066971,-117.681042,,,309,,7270,-33.5,204,50.6
2026-07-30T22:58:55.878783,A3615F,FFT1326,32.962326,-117.532013,,,309,,4701,-49.5,206,32.0
2026-07-30T22:58:55.878783,A66CE0,,33.495732,-117.078776,,,93,,,-35.8,31,42.2
2026-07-30T22:58:55.878783,A5AFF2,AAL1221,33.736313,-116.402613,,,92,,,-49.5,82,6.4
2026-07-30T22:58:55.878783,A89545,,32.847427,-117.373975,,,,,,-35.5,7,27.0
2026-07-30T22:59:00.941339,0D0D8D,VOI7740,33.468384,-116.98017,,,314,,7246,-49.5,1878,12.6
2026-07-30T22:59:00.941339,A9E56C,N737DW,33.294673,-117.477928,,,309,,4747,-49.5,1173,42.9
2026-07-30T22:59:00.941339,AAF831,ASA291,33.066971,-117.681042,,,309,,7270,-33.5,204,55.7
2026-07-30T22:59:00.941339,A3615F,FFT1326,32.962326,-117.532013,,,309,,4701,-49.5,206,37.1
2026-07-30T22:59:00.941339,A66CE0,,33.495732,-117.078776,,,93,,,-35.8,31,47.3
2026-07-30T22:59:00.941339,A5AFF2,AAL1221,33.736313,-116.402613,,,92,,,-49.5,82,11.5
2026-07-30T22:59:00.941339,A89545,,32.847427,-117.373975,,,310,,,-33.8,8,32.1
2026-07-30T22:59:06.015681,0D0D8D,VOI7740,33.468384,-116.98017,,,314,,7246,-49.5,1878,17.6
2026-07-30T22:59:06.015681,A9E56C,N737DW,33.294673,-117.477928,,,309,,4747,-49.5,1173,48.0
2026-07-30T22:59:06.015681,AAF831,ASA291,33.066971,-117.681042,,,309,,7270,-33.5,204,60.8
2026-07-30T22:59:06.015681,A3615F,FFT1326,33.009121,-117.598665,,,309,,4701,-33.6,219,1.2
2026-07-30T22:59:06.015681,A66CE0,,33.495732,-117.078776,,,93,,,-35.8,31,52.3
2026-07-30T22:59:06.015681,A5AFF2,AAL1221,33.736313,-116.402613,,,92,,,-49.5,82,16.6
2026-07-30T22:59:06.015681,A89545,,32.847427,-117.373975,,,310,,,-33.8,8,37.1
2026-07-30T22:59:11.060916,0D0D8D,VOI7740,33.468384,-116.98017,,,314,,7246,-35.0,1879,22.7
2026-07-30T22:59:11.060916,A9E56C,N737DW,33.294673,-117.477928,,,309,,4747,-49.5,1173,53.1
2026-07-30T22:59:11.060916,AAF831,ASA291,33.066971,-117.681042,,,309,,7270,-33.5,204,65.8
2026-07-30T22:59:11.060916,A3615F,FFT1326,33.016337,-117.608923,,,309,,4701,-30.0,232,0.2
2026-07-30T22:59:11.060916,A66CE0,,33.495732,-117.078776,,,93,,,-35.8,31,57.4
2026-07-30T22:59:11.060916,A5AFF2,AAL1221,33.736313,-116.402613,,,92,,,-49.5,82,21.7
2026-07-30T22:59:11.060916,A89545,,32.847427,-117.373975,,,310,,,-49.5,10,42.2
2026-07-30T22:59:16.140436,0D0D8D,VOI7740,33.468384,-116.98017,,,314,,7246,-35.0,1879,27.7
2026-07-30T22:59:16.140436,A9E56C,N737DW,33.294673,-117.477928,,,309,,4747,-49.5,1173,58.1
2026-07-30T22:59:16.140436,AAF831,ASA291,33.066971,-117.681042,,,309,,7270,-33.5,204,70.9
2026-07-30T22:59:16.140436,A3615F,FFT1326,33.019782,-117.613799,,,309,,4701,-49.5,242,2.3
2026-07-30T22:59:16.140436,A66CE0,,33.495732,-117.078776,,,93,,,-35.8,31,62.5
2026-07-30T22:59:16.140436,A5AFF2,AAL1221,33.736313,-116.402613,,,92,,,-49.5,82,26.7
2026-07-30T22:59:16.140436,A89545,,32.847427,-117.373975,,,310,,,-35.7,11,47.2
2026-07-30T22:59:21.203878,0D0D8D,VOI7740,33.468384,-116.98017,,,314,,7246,-35.0,1879,32.8
2026-07-30T22:59:21.203878,A9E56C,N737DW,33.294673,-117.477928,,,309,,4747,-49.5,1173,63.2
2026-07-30T22:59:21.203878,AAF831,ASA291,33.066971,-117.681042,,,309,,7270,-33.5,204,76.0
2026-07-30T22:59:21.203878,A3615F,FFT1326,33.023413,-117.618956,,,309,,4701,-49.5,245,4.4
2026-07-30T22:59:21.203878,A66CE0,,33.495732,-117.078776,,,93,,,-35.8,31,67.5
2026-07-30T22:59:21.203878,A5AFF2,AAL1221,33.736313,-116.402613,,,92,,,-49.5,82,31.8
2026-07-30T22:59:21.203878,A89545,,32.847427,-117.373975,,,310,,,-35.7,11,52.3
2026-07-30T22:59:26.243748,0D0D8D,VOI7740,33.468384,-116.98017,,,314,,7246,-35.0,1879,37.8
2026-07-30T22:59:26.243748,A9E56C,N737DW,33.294673,-117.477928,,,309,,4747,-49.5,1173,68.2
2026-07-30T22:59:26.243748,AAF831,ASA291,33.066971,-117.681042,,,309,,7270,-33.5,204,81.0
2026-07-30T22:59:26.243748,A3615F,FFT1326,33.033049,-117.632577,,,309,,4701,-49.5,250,1.5
2026-07-30T22:59:26.243748,A66CE0,,33.495732,-117.078776,,,93,,,-35.8,31,72.6
2026-07-30T22:59:26.243748,A5AFF2,AAL1221,33.736313,-116.402613,,,92,,,-49.5,82,36.8
2026-07-30T22:59:26.243748,A89545,,32.847427,-117.373975,,,310,,,-35.7,11,57.3
2026-07-30T22:59:31.294435,0D0D8D,VOI7740,33.468384,-116.98017,,,314,,7246,-35.0,1879,42.9
2026-07-30T22:59:31.294435,A9E56C,N737DW,33.294673,-117.477928,,,309,,4747,-49.5,1173,73.3
2026-07-30T22:59:31.294435,AAF831,ASA291,33.066971,-117.681042,,,309,,7270,-33.5,204,86.1
2026-07-30T22:59:31.294435,A3615F,FFT1326,33.040192,-117.642755,,,309,,4701,-49.5,269,0.7
2026-07-30T22:59:31.294435,A66CE0,,33.495732,-117.078776,,,93,,,-35.8,31,77.6
2026-07-30T22:59:31.294435,A5AFF2,AAL1221,33.736313,-116.402613,,,92,,,-49.5,82,41.9
2026-07-30T22:59:31.294435,A89545,,32.847427,-117.373975,,,310,,,-35.7,11,62.4
2026-07-30T22:59:36.382108,0D0D8D,VOI7740,33.468384,-116.98017,,,314,,7246,-33.3,1880,48.0
2026-07-30T22:59:36.382108,A9E56C,N737DW,33.294673,-117.477928,,,309,,4747,-49.5,1173,78.4
2026-07-30T22:59:36.382108,AAF831,ASA291,33.066971,-117.681042,,,309,,7270,-33.5,204,91.1
2026-07-30T22:59:36.382108,A3615F,FFT1326,33.041521,-117.644684,,,309,,4701,-49.5,273,4.6
2026-07-30T22:59:36.382108,A66CE0,,33.495732,-117.078776,,,93,,,-35.8,31,82.7
2026-07-30T22:59:36.382108,A5AFF2,AAL1221,33.736313,-116.402613,,,92,,,-49.5,82,47.0
2026-07-30T22:59:36.382108,A89545,,32.847427,-117.373975,,,310,,,-35.7,11,67.5
2026-07-30T22:59:41.425751,0D0D8D,VOI7740,33.468384,-116.98017,,,314,,7246,-49.5,1881,53.0
2026-07-30T22:59:41.425751,AAF831,ASA291,33.066971,-117.681042,,,309,,7270,-33.5,204,96.2
2026-07-30T22:59:41.425751,A3615F,FFT1326,33.048935,-117.655225,,,309,,4701,-31.9,280,3.6
2026-07-30T22:59:41.425751,A66CE0,,33.473992,-116.858433,,,96,,,-32.9,43,0.8
2026-07-30T22:59:41.425751,A5AFF2,AAL1221,33.736313,-116.402613,,,92,,,-49.5,82,52.0
2026-07-30T22:59:41.425751,A89545,,32.847427,-117.373975,,,310,,,-35.7,11,72.5
2026-07-30T22:59:46.479284,0D0D8D,VOI7740,33.468384,-116.98017,,,314,,7246,-36.4,1883,58.1
2026-07-30T22:59:46.479284,AAF831,ASA291,33.066971,-117.681042,,,309,,7270,-33.5,204,101.2
2026-07-30T22:59:46.479284,A3615F,FFT1326,33.058606,-117.668899,,,309,,4701,-31.9,303,0.8
2026-07-30T22:59:46.479284,A66CE0,DAL910,33.472641,-116.844434,,,96,,1354,-29.9,68,0.4
2026-07-30T22:59:46.479284,A5AFF2,AAL1221,33.736313,-116.402613,,,92,,,-49.5,82,57.1
2026-07-30T22:59:46.479284,A89545,,32.847427,-117.373975,,,310,,,-49.5,14,77.6
2026-07-30T22:59:51.529284,0D0D8D,VOI7740,33.555496,-117.085839,,,314,,7246,-49.5,1893,3.1
2026-07-30T22:59:51.529284,A3615F,FFT1326,33.061066,-117.672418,,,309,,4701,-34.5,315,3.8
2026-07-30T22:59:51.529284,A66CE0,DAL910,33.471313,-116.831305,,,96,,1354,-30.1,104,0.3
2026-07-30T22:59:51.529284,A89545,,32.847427,-117.373975,,,310,,,-32.7,20,82.6
2026-07-30T22:59:56.579374,0D0D8D,VOI7740,33.555496,-117.085839,,,314,,7246,-49.5,1893,8.1
2026-07-30T22:59:56.579374,A3615F,FFT1326,33.061066,-117.672418,,,309,,4701,-34.5,315,8.9
2026-07-30T22:59:56.579374,A66CE0,DAL910,33.469986,-116.817682,,,96,,1354,-29.5,156,0.0
2026-07-30T22:59:56.579374,A89545,,32.847427,-117.373975,,,310,,,-32.7,20,87.7
2026-07-30T23:00:01.632762,0D0D8D,VOI7740,33.555496,-117.085839,,,314,,7246,-49.5,1893,13.2
2026-07-30T23:00:01.632762,A3615F,FFT1326,33.061066,-117.672418,,,309,,4701,-34.5,315,14.0
2026-07-30T23:00:01.632762,A66CE0,DAL910,33.468658,-116.804553,,,96,,1354,-31.6,191,0.0
2026-07-30T23:00:01.632762,A89545,,32.847427,-117.373975,,,310,,,-49.5,22,92.8
2026-07-30T23:00:06.711455,0D0D8D,VOI7740,33.555496,-117.085839,,,314,,7246,-49.5,1893,18.3
2026-07-30T23:00:06.711455,A3615F,FFT1326,33.061066,-117.672418,,,309,,4701,-34.5,315,19.0
2026-07-30T23:00:06.711455,A66CE0,DAL910,33.467468,-116.792413,,,96,,1354,-33.2,211,0.4
2026-07-30T23:00:06.711455,A89545,,32.847427,-117.373975,,,310,,,-49.5,22,97.8
2026-07-30T23:00:11.811897,0D0D8D,VOI7740,33.555496,-117.085839,,,314,,7246,-49.5,1893,23.3
2026-07-30T23:00:11.811897,A3615F,FFT1326,33.061066,-117.672418,,,309,,4701,-34.5,315,24.1
2026-07-30T23:00:11.811897,A66CE0,DAL910,33.467468,-116.792413,,,96,,1354,-49.5,214,5.5
2026-07-30T23:00:11.811897,A89545,,32.847427,-117.373975,,,310,,,-49.5,22,102.9
2026-07-30T23:00:16.860921,0D0D8D,VOI7740,33.555496,-117.085839,,,314,,7246,-49.5,1893,28.4
2026-07-30T23:00:16.860921,A3615F,FFT1326,33.061066,-117.672418,,,309,,4701,-34.5,315,29.2
2026-07-30T23:00:16.860921,A66CE0,DAL910,33.467468,-116.792413,,,96,,1354,-49.5,214,10.5
2026-07-30T23:00:16.860921,A89545,,32.938385,-117.501471,,,310,,,-49.5,25,4.6
2026-07-30T23:00:21.929173,0D0D8D,VOI7740,33.555496,-117.085839,,,314,,7246,-49.5,1893,33.5
2026-07-30T23:00:21.929173,A3615F,FFT1326,33.061066,-117.672418,,,309,,4701,-34.5,315,34.2
2026-07-30T23:00:21.929173,A66CE0,DAL910,33.463531,-116.753302,,,96,,1354,-49.5,218,0.4
2026-07-30T23:00:21.929173,A89545,,32.938385,-117.501471,,,310,,,-49.5,26,9.7
2026-07-30T23:00:27.002701,0D0D8D,VOI7740,33.555496,-117.085839,,,314,,7246,-49.5,1893,38.5
2026-07-30T23:00:27.002701,A3615F,FFT1326,33.109581,-117.7416,,,309,,4701,-49.5,318,0.1
2026-07-30T23:00:27.002701,A66CE0,DAL910,33.462479,-116.74248,,,96,,1354,-32.0,232,1.3
2026-07-30T23:00:27.002701,A89545,,32.95,-117.517781,,,310,,,-34.1,28,2.2
2026-07-30T23:00:32.052439,0D0D8D,VOI7740,33.555496,-117.085839,,,314,,7246,-49.5,1893,43.6
2026-07-30T23:00:32.052439,A3615F,FFT1326,33.114349,-117.748444,,,309,,4701,-32.2,328,1.3
2026-07-30T23:00:32.052439,A66CE0,DAL910,33.460968,-116.727319,,,96,,1354,-49.5,249,0.5
2026-07-30T23:00:32.052439,A89545,,32.95,-117.517781,,,310,,,-34.1,28,7.3
2026-07-30T23:00:32.052439,AAF831,,33.229825,-117.904713,,,314,,,-49.5,9,0.7
2026-07-30T23:00:37.139062,0D0D8D,VOI7740,33.555496,-117.085839,,,314,,7246,-49.5,1893,48.7
2026-07-30T23:00:37.139062,A3615F,FFT1326,33.114349,-117.748444,,,309,,4701,-49.5,329,6.4
2026-07-30T23:00:37.139062,A66CE0,DAL910,33.460724,-116.72486,,,96,,1354,-33.1,252,4.6
2026-07-30T23:00:37.139062,A89545,,32.95,-117.517781,,,310,,,-34.1,28,12.4
2026-07-30T23:00:37.139062,AAF831,,33.233829,-117.909533,,,314,,,-49.5,17,2.6
2026-07-30T23:00:42.210134,0D0D8D,VOI7740,33.555496,-117.085839,,,314,,7246,-49.5,1893,53.7
2026-07-30T23:00:42.210134,A3615F,FFT1326,33.114349,-117.748444,,,309,,4701,-49.5,329,11.5
2026-07-30T23:00:42.210134,A66CE0,DAL910,33.460724,-116.72486,,,96,,1354,-33.1,252,9.7
2026-07-30T23:00:42.210134,A89545,,32.95,-117.517781,,,310,,,-34.1,28,17.4
2026-07-30T23:00:42.210134,AAF831,,33.241091,-117.918166,,,314,,,-49.5,26,1.8
2026-07-30T23:00:47.275361,0D0D8D,VOI7740,33.555496,-117.085839,,,314,,7246,-49.5,1893,58.8
2026-07-30T23:00:47.275361,A3615F,FFT1326,33.114349,-117.748444,,,309,,4701,-34.7,331,16.5
2026-07-30T23:00:47.275361,A66CE0,DAL910,33.457093,-116.68893,,,96,,1354,-31.6,260,0.8
2026-07-30T23:00:47.275361,A89545,,32.95,-117.517781,,,310,,,-34.1,28,22.5
2026-07-30T23:00:47.275361,AAF831,,33.241091,-117.918166,,,314,,,-49.5,26,6.9
2026-07-30T23:00:52.345898,A3615F,FFT1326,33.1397,-117.784592,,,309,,4701,-32.4,340,1.1
2026-07-30T23:00:52.345898,A66CE0,DAL910,33.456528,-116.683649,,,96,,1354,-49.5,266,3.9
2026-07-30T23:00:52.345898,A89545,,32.95,-117.517781,,,310,,,-34.1,28,27.6
2026-07-30T23:00:52.345898,AAF831,,33.241091,-117.918166,,,314,,,-49.5,26,11.9
2026-07-30T23:00:52.345898,A9B273,ASA255,32.849819,-117.252708,,,72,,,-34.0,23,3.2
2026-07-30T23:00:57.391816,A3615F,FFT1326,33.144653,-117.791675,,,309,,4701,-34.8,343,2.3
2026-07-30T23:00:57.391816,A66CE0,DAL910,33.455154,-116.670135,,,96,,1354,-49.5,274,3.7
2026-07-30T23:00:57.391816,A89545,,32.95,-117.517781,,,310,,,-34.1,28,32.6
2026-07-30T23:00:57.391816,AAF831,,33.241091,-117.918166,,,314,,,-49.5,26,17.0
2026-07-30T23:00:57.391816,A9B273,ASA255,32.849819,-117.252708,,,72,,,-49.5,30,8.2
2026-07-30T23:01:02.480641,A3615F,FFT1326,33.144653,-117.791675,,,309,,4701,-49.5,345,7.4
2026-07-30T23:01:02.480641,A66CE0,DAL910,33.455154,-116.670135,,,96,,1354,-49.5,274,8.8
2026-07-30T23:01:02.480641,A89545,,32.95,-117.517781,,,310,,,-34.1,28,37.7
2026-07-30T23:01:02.480641,AAF831,,33.241091,-117.918166,,,314,,,-49.5,26,22.1
2026-07-30T23:01:02.480641,A9B273,ASA255,32.854385,-117.23324,,,72,,,-34.1,35,0.1
2026-07-30T23:01:07.550207,A3615F,FFT1326,33.144653,-117.791675,,,309,,4701,-49.5,345,12.4
2026-07-30T23:01:07.550207,A66CE0,DAL910,33.455154,-116.670135,,,96,,1354,-49.5,274,13.9
2026-07-30T23:01:07.550207,A89545,,32.95,-117.517781,,,310,,,-34.1,28,42.8
2026-07-30T23:01:07.550207,AAF831,,33.241091,-117.918166,,,314,,,-49.5,26,27.2
2026-07-30T23:01:07.550207,A9B273,ASA255,32.855033,-117.230343,,,75,,,-32.4,60,3.3
2026-07-30T23:01:12.629248,A3615F,FFT1326,33.144653,-117.791675,,,309,,4701,-49.5,345,17.5
2026-07-30T23:01:12.629248,A66CE0,DAL910,33.455154,-116.670135,,,96,,1354,-49.5,274,18.9
2026-07-30T23:01:12.629248,A89545,,32.95,-117.517781,,,310,,,-34.1,28,47.9
2026-07-30T23:01:12.629248,AAF831,,33.278961,-117.963391,,,314,,,-33.8,28,2.1
2026-07-30T23:01:12.629248,A9B273,ASA255,32.855033,-117.230343,,,76,,,-33.1,68,8.3
2026-07-30T23:01:17.708330,A3615F,FFT1326,33.144653,-117.791675,,,309,,4701,-49.5,345,22.5
2026-07-30T23:01:17.708330,A66CE0,DAL910,33.455154,-116.670135,,,96,,1354,-49.5,274,24.0
2026-07-30T23:01:17.708330,A89545,,32.95,-117.517781,,,310,,,-33.6,31,52.9
2026-07-30T23:01:17.708330,AAF831,,33.278961,-117.963391,,,314,,,-49.5,29,7.2
2026-07-30T23:01:17.708330,A9B273,ASA255,32.859083,-117.210556,,,76,,,-31.1,71,0.4
2026-07-30T23:01:22.772263,A3615F,FFT1326,33.144653,-117.791675,,,309,,4701,-35.8,347,27.6
2026-07-30T23:01:22.772263,A66CE0,DAL910,33.455154,-116.670135,,,96,,1354,-49.5,274,29.1
2026-07-30T23:01:22.772263,A89545,,33.006454,-117.597052,,,310,,,-34.5,35,0.8
2026-07-30T23:01:22.772263,AAF831,,33.293555,-117.980832,,,314,,,-35.4,31,0.7
2026-07-30T23:01:22.772263,A9B273,ASA255,32.860619,-117.202933,,,76,,6716,-49.5,125,0.4
2026-07-30T23:01:27.837901,A3615F,FFT1326,33.183273,-117.846642,,,311,,4701,-49.5,354,2.0
2026-07-30T23:01:27.837901,A66CE0,DAL910,33.455154,-116.670135,,,96,,1354,-49.5,274,34.1
2026-07-30T23:01:27.837901,A89545,,33.007399,-117.598329,,,310,,,-34.6,39,5.0
2026-07-30T23:01:27.837901,AAF831,,33.294812,-117.982346,,,314,,,-33.5,36,4.8
2026-07-30T23:01:27.837901,A9B273,ASA255,32.862109,-117.195254,,,77,,6716,-31.5,147,0.5
2026-07-30T23:01:32.891159,A3615F,FFT1326,33.18837,-117.853363,,,313,,4701,-49.5,357,3.2
2026-07-30T23:01:32.891159,A66CE0,DAL910,33.455154,-116.670135,,,96,,1354,-49.5,274,39.2
2026-07-30T23:01:32.891159,A89545,,33.016525,-117.611224,,,310,,,-49.5,49,1.0
2026-07-30T23:01:32.891159,AAF831,,33.301283,-117.990025,,,314,,,-49.5,37,4.7
2026-07-30T23:01:32.891159,A9B273,ASA255,32.863358,-117.188855,,,77,,6716,-49.5,210,1.4
2026-07-30T23:01:37.953465,A3615F,FFT1326,33.198395,-117.865503,,,316,,4701,-32.4,368,1.1
2026-07-30T23:01:37.953465,A66CE0,DAL910,33.443527,-116.555768,,,97,,1354,-32.3,280,0.2
2026-07-30T23:01:37.953465,A89545,QXE2312,33.020852,-117.617275,,,310,,,-34.3,63,1.8
2026-07-30T23:01:37.953465,AAF831,,33.301283,-117.990025,,,314,,,-36.2,39,9.8
2026-07-30T23:01:37.953465,A9B273,ASA255,32.865234,-117.179352,,,76,,6716,-49.5,257,0.3
2026-07-30T23:01:43.026383,A3615F,FFT1326,33.207294,-117.875117,,,318,,4701,-49.5,397,0.2
2026-07-30T23:01:43.026383,A66CE0,DAL910,33.442243,-116.543473,,,97,,1354,-33.2,303,0.4
2026-07-30T23:01:43.026383,A89545,QXE2312,33.020852,-117.617275,,,310,,,-49.5,66,6.8
2026-07-30T23:01:43.026383,AAF831,,33.301283,-117.990025,,,314,,,-34.7,40,14.8
2026-07-30T23:01:43.026383,A9B273,ASA255,32.866764,-117.17188,,,76,,6716,-27.5,327,0.4
2026-07-30T23:01:48.062928,A3615F,FFT1326,33.208923,-117.876709,,,320,,4701,-34.4,407,4.3
2026-07-30T23:01:48.062928,A66CE0,DAL910,33.441971,-116.540717,,,97,,1354,-49.5,309,4.4
2026-07-30T23:01:48.062928,A89545,QXE2312,33.032822,-117.634186,,,310,,,-31.6,72,0.0
2026-07-30T23:01:48.062928,AAF831,,33.301283,-117.990025,,,314,,,-34.7,40,19.9
2026-07-30T23:01:48.062928,A9B273,ASA255,32.868301,-117.164593,,,75,,6716,-23.9,412,0.8
2026-07-30T23:01:53.124065,A3615F,FFT1326,33.222565,-117.889948,,,321,,4701,-31.3,424,0.7
2026-07-30T23:01:53.124065,A66CE0,DAL910,33.441971,-116.540717,,,97,,1354,-49.5,309,9.5
2026-07-30T23:01:53.124065,A89545,QXE2312,33.037766,-117.641107,,,310,,,-32.9,87,0.4
2026-07-30T23:01:53.124065,AAF831,,33.301283,-117.990025,,,314,,,-34.7,40,25.0
2026-07-30T23:01:53.124065,A9B273,ASA255,32.869949,-117.156775,,,75,,6716,-33.0,467,0.9
2026-07-30T23:01:58.216003,A3615F,FFT1326,33.230337,-117.89737,,,321,,4701,-34.2,443,0.8
2026-07-30T23:01:58.216003,A66CE0,DAL910,33.441971,-116.540717,,,97,,1354,-49.5,310,14.6
2026-07-30T23:01:58.216003,A89545,QXE2312,33.038868,-117.642723,,,309,,4717,-49.5,98,4.4
2026-07-30T23:01:58.216003,AAF831,,33.301283,-117.990025,,,314,,,-34.7,40,30.0
2026-07-30T23:01:58.216003,A9B273,ASA255,32.871964,-117.147986,,,74,,6716,-49.5,614,0.3
2026-07-30T23:02:03.286748,A3615F,FFT1326,33.230337,-117.89737,,,321,,4701,-35.8,447,5.8
2026-07-30T23:02:03.286748,A66CE0,DAL910,33.441971,-116.540717,,,97,,1354,-36.4,311,19.6
2026-07-30T23:02:03.286748,A89545,QXE2312,33.038868,-117.642723,,,309,,4717,-49.5,98,9.4
2026-07-30T23:02:03.286748,AAF831,,33.301283,-117.990025,,,314,,,-34.7,40,35.1
2026-07-30T23:02:03.286748,A9B273,ASA255,32.87384,-117.140186,,,73,,6716,-49.5,678,0.2
2026-07-30T23:02:08.323523,A3615F,FFT1326,33.245281,-117.911776,,,321,,4701,-49.5,453,1.5
2026-07-30T23:02:08.323523,A66CE0,DAL910,33.435912,-116.481647,,,97,,1354,-49.5,313,2.0
2026-07-30T23:02:08.323523,A89545,QXE2312,33.038868,-117.642723,,,309,,4717,-33.2,100,14.5
2026-07-30T23:02:08.323523,AAF831,,33.301283,-117.990025,,,314,,,-34.7,40,40.1
2026-07-30T23:02:08.323523,A9B273,ASA255,32.875749,-117.132643,,,73,,6716,-49.5,750,0.3
2026-07-30T23:02:13.398128,A3615F,FFT1326,33.248679,-117.915083,,,321,,4701,-49.5,454,4.4
2026-07-30T23:02:13.398128,A66CE0,DAL910,33.435912,-116.481647,,,97,,1354,-49.5,313,7.1
2026-07-30T23:02:13.398128,A89545,QXE2312,33.038868,-117.642723,,,309,,4717,-49.5,102,19.5
2026-07-30T23:02:13.398128,AAF831,,33.301283,-117.990025,,,314,,,-34.7,40,45.2
2026-07-30T23:02:13.398128,A9B273,ASA255,32.877777,-117.124475,,,73,,6716,-49.5,833,0.0
2026-07-30T23:02:18.437898,A3615F,FFT1326,33.262877,-117.928816,,,321,,4701,-35.0,456,0.4
2026-07-30T23:02:18.437898,A66CE0,DAL910,33.435912,-116.481647,,,97,,1354,-49.5,313,12.2
2026-07-30T23:02:18.437898,A89545,QXE2312,33.061958,-117.675345,,,310,,4717,-34.7,108,2.3
2026-07-30T23:02:18.437898,AAF831,,33.301283,-117.990025,,,314,,,-34.7,40,50.3
2026-07-30T23:02:18.437898,A9B273,ASA255,32.879562,-117.117499,,,73,,6716,-49.5,901,0.5
2026-07-30T23:02:23.516942,A3615F,FFT1326,33.262877,-117.928816,,,321,,4701,-35.0,456,5.5
2026-07-30T23:02:23.516942,A66CE0,DAL910,33.435912,-116.481647,,,97,,1354,-49.5,313,17.2
2026-07-30T23:02:23.516942,A89545,QXE2312,33.061958,-117.675345,,,310,,4717,-34.7,108,7.4
2026-07-30T23:02:23.516942,AAF831,,33.301283,-117.990025,,,314,,,-34.7,40,55.3
2026-07-30T23:02:23.516942,A9B273,ASA255,32.881668,-117.109314,,,73,,6716,-49.5,989,0.1
2026-07-30T23:02:28.598458,A3615F,FFT1326,33.262877,-117.928816,,,321,,4701,-35.0,456,10.5
2026-07-30T23:02:28.598458,A66CE0,DAL910,33.435912,-116.481647,,,97,,1354,-49.5,313,22.3
2026-07-30T23:02:28.598458,A89545,QXE2312,33.061958,-117.675345,,,310,,4717,-34.7,108,12.4
2026-07-30T23:02:28.598458,AAF831,,33.301283,-117.990025,,,314,,,-34.7,40,60.4
2026-07-30T23:02:28.598458,A9B273,ASA255,32.883663,-117.101478,,,72,,6716,-49.5,1057,0.0
2026-07-30T23:02:33.647806,A3615F,FFT1326,33.283174,-117.948546,,,321,,4701,-49.5,457,2.7
2026-07-30T23:02:33.647806,A66CE0,DAL910,33.435912,-116.481647,,,97,,1354,-49.5,313,27.3
2026-07-30T23:02:33.647806,A89545,QXE2312,33.061958,-117.675345,,,310,,4717,-34.7,108,17.5
2026-07-30T23:02:33.647806,AAF831,,33.301283,-117.990025,,,314,,,-34.7,40,65.4
2026-07-30T23:02:33.647806,A9B273,ASA255,32.885665,-117.09363,,,72,,6716,-49.5,1133,0.0
2026-07-30T23:02:38.685490,A3615F,FFT1326,33.294022,-117.959161,,,320,,4701,-49.5,462,0.9
2026-07-30T23:02:38.685490,A66CE0,DAL910,33.435912,-116.481647,,,97,,1354,-49.5,313,32.4
2026-07-30T23:02:38.685490,A89545,QXE2312,33.061958,-117.675345,,,310,,4717,-34.7,108,22.5
2026-07-30T23:02:38.685490,AAF831,,33.301283,-117.990025,,,314,,,-34.7,40,70.5
2026-07-30T23:02:38.685490,A9B273,ASA255,32.887527,-117.086462,,,73,,6716,-49.5,1202,0.4
2026-07-30T23:02:43.723247,A3615F,FFT1326,33.301004,-117.965979,,,320,,4701,-33.6,472,1.5
2026-07-30T23:02:43.723247,A66CE0,DAL910,33.435912,-116.481647,,,97,,1354,-49.5,313,37.4
2026-07-30T23:02:43.723247,A89545,QXE2312,33.061958,-117.675345,,,310,,4717,-34.7,108,27.6
2026-07-30T23:02:43.723247,A9B273,ASA255,32.889668,-117.078272,,,72,,6716,-49.5,1285,0.3
2026-07-30T23:02:48.802564,A3615F,FFT1326,33.301004,-117.965979,,,320,,4701,-33.6,472,6.6
2026-07-30T23:02:48.802564,A66CE0,DAL910,33.435912,-116.481647,,,97,,1354,-49.5,313,42.5
2026-07-30T23:02:48.802564,A89545,QXE2312,33.061958,-117.675345,,,310,,4717,-34.7,108,32.6
2026-07-30T23:02:48.802564,A9B273,ASA255,32.891716,-117.070256,,,73,,6716,-49.5,1357,0.2
2026-07-30T23:02:53.854989,A3615F,FFT1326,33.313751,-117.978497,,,320,,4701,-33.5,476,3.6
2026-07-30T23:02:53.854989,A66CE0,DAL910,33.435912,-116.481647,,,97,,1354,-49.5,313,47.6
2026-07-30T23:02:53.854989,A89545,QXE2312,33.061958,-117.675345,,,310,,4717,-34.7,108,37.7
2026-07-30T23:02:53.854989,A9B273,ASA255,32.893718,-117.062577,,,73,,6716,-16.9,1431,0.3
2026-07-30T23:02:58.906578,A3615F,FFT1326,33.313751,-117.978497,,,320,,4701,-33.5,476,8.7
2026-07-30T23:02:58.906578,A66CE0,DAL910,33.435912,-116.481647,,,97,,1354,-49.5,313,52.6
2026-07-30T23:02:58.906578,A89545,QXE2312,33.061958,-117.675345,,,310,,4717,-34.7,108,42.7
2026-07-30T23:02:58.906578,A9B273,ASA255,32.895766,-117.054337,,,73,,6716,-49.5,1522,0.2
2026-07-30T23:03:03.958657,A3615F,FFT1326,33.313751,-117.978497,,,320,,4701,-33.5,476,13.7
2026-07-30T23:03:03.958657,A66CE0,DAL910,33.435912,-116.481647,,,97,,1354,-49.5,313,57.7
2026-07-30T23:03:03.958657,A89545,QXE2312,33.108883,-117.7416,,,310,,4717,-49.5,109,3.0
2026-07-30T23:03:03.958657,A9B273,ASA255,32.897827,-117.046198,,,73,,6716,-20.8,1608,0.0
2026-07-30T23:03:09.011334,A3615F,FFT1326,33.313751,-117.978497,,,320,,4701,-33.5,476,18.8
2026-07-30T23:03:09.011334,A89545,QXE2312,33.116226,-117.751959,,,310,,4717,-35.5,111,1.0
2026-07-30T23:03:09.011334,A9B273,ASA255,32.899796,-117.038397,,,73,,6716,-49.5,1673,0.3
2026-07-30T23:03:14.088353,A3615F,FFT1326,33.313751,-117.978497,,,320,,4701,-33.5,476,23.9
2026-07-30T23:03:14.088353,A89545,QXE2312,33.118286,-117.754926,,,310,,4717,-33.9,112,4.1
2026-07-30T23:03:14.088353,A9B273,ASA255,32.901725,-117.030515,,,73,,6716,-49.5,1745,0.4
2026-07-30T23:03:19.167714,A3615F,FFT1326,33.313751,-117.978497,,,320,,4701,-33.5,476,29.0
2026-07-30T23:03:19.167714,A89545,QXE2312,33.118286,-117.754926,,,310,,4717,-33.9,112,9.2
2026-07-30T23:03:19.167714,A9B273,ASA255,32.90368,-117.0225,,,73,,6716,-49.5,1810,0.5
2026-07-30T23:03:24.248277,A3615F,FFT1326,33.313751,-117.978497,,,320,,4701,-33.5,476,34.1
2026-07-30T23:03:24.248277,A89545,QXE2312,33.118286,-117.754926,,,310,,4717,-33.9,112,14.3
2026-07-30T23:03:24.248277,A9B273,ASA255,32.905792,-117.013788,,,73,,6716,-20.2,1887,0.1
2026-07-30T23:03:29.325291,A3615F,FFT1326,33.313751,-117.978497,,,320,,4701,-33.5,476,39.1
2026-07-30T23:03:29.325291,A89545,QXE2312,33.118286,-117.754926,,,310,,4717,-33.9,112,19.4
2026-07-30T23:03:29.325291,A9B273,ASA255,32.907578,-117.006482,,,73,,6716,-27.0,1952,0.6
2026-07-30T23:03:34.404081,A3615F,FFT1326,33.313751,-117.978497,,,320,,4701,-33.5,476,44.2
2026-07-30T23:03:34.404081,A89545,QXE2312,33.118286,-117.754926,,,310,,4717,-33.9,112,24.4
2026-07-30T23:03:34.404081,A9B273,ASA255,32.909732,-116.997724,,,73,,6716,-49.5,2018,0.2
2026-07-30T23:03:39.483459,A3615F,FFT1326,33.313751,-117.978497,,,320,,4701,-33.5,476,49.3
2026-07-30T23:03:39.483459,A89545,QXE2312,33.118286,-117.754926,,,310,,4717,-33.9,112,29.5
2026-07-30T23:03:39.483459,A9B273,ASA255,32.911789,-116.989343,,,73,,6716,-49.5,2086,0.1
2026-07-30T23:03:44.562595,A3615F,FFT1326,33.313751,-117.978497,,,320,,4701,-33.5,476,54.3
2026-07-30T23:03:44.562595,A89545,QXE2312,33.118286,-117.754926,,,310,,4717,-33.9,112,34.6
2026-07-30T23:03:44.562595,A9B273,ASA255,32.913895,-116.980719,,,73,,6716,-14.5,2156,0.0
2026-07-30T23:03:44.562595,A5287C,,32.916389,-117.465988,,,309,,2005,-35.0,19,2.2
2026-07-30T23:03:49.613665,A3615F,FFT1326,33.313751,-117.978497,,,320,,4701,-33.5,476,59.4
2026-07-30T23:03:49.613665,A89545,QXE2312,33.118286,-117.754926,,,310,,4717,-33.9,112,39.6
2026-07-30T23:03:49.613665,A9B273,ASA255,32.915771,-116.972919,,,73,,6716,-49.5,2226,0.3
2026-07-30T23:03:49.613665,A5287C,,32.916389,-117.465988,,,309,,2005,-35.0,19,7.3
2026-07-30T23:03:54.666103,A89545,QXE2312,33.118286,-117.754926,,,310,,4717,-33.9,112,44.7
2026-07-30T23:03:54.666103,A9B273,ASA255,32.917694,-116.965009,,,73,,6716,-49.5,2281,0.7
2026-07-30T23:03:54.666103,A5287C,,32.916389,-117.465988,,,309,,2005,-33.1,20,12.3
2026-07-30T23:03:59.728183,A89545,QXE2312,33.118286,-117.754926,,,310,,4717,-33.9,112,49.7
2026-07-30T23:03:59.728183,A9B273,ASA255,32.920067,-116.955404,,,73,,6716,-22.2,2339,0.1
2026-07-30T23:03:59.728183,A5287C,,32.916389,-117.465988,,,309,,2005,-49.5,21,17.4
2026-07-30T23:04:04.770141,A89545,QXE2312,33.118286,-117.754926,,,310,,4717,-33.9,112,54.8
2026-07-30T23:04:04.770141,A9B273,ASA255,32.922089,-116.947101,,,73,,6716,-23.7,2411,0.3
2026-07-30T23:04:04.770141,A5287C,,32.916389,-117.465988,,,309,,2005,-49.5,21,22.5
2026-07-30T23:04:09.848759,A89545,QXE2312,33.118286,-117.754926,,,310,,4717,-33.9,112,59.9
2026-07-30T23:04:09.848759,A9B273,ASA255,32.924286,-116.937927,,,73,,6716,-49.5,2465,0.1
2026-07-30T23:04:09.848759,A5287C,,32.916389,-117.465988,,,309,,2005,-49.5,21,27.5
2026-07-30T23:04:14.898991,A9B273,ASA255,32.926254,-116.929907,,,73,,6716,-49.5,2525,0.5
2026-07-30T23:04:14.898991,A5287C,,32.916389,-117.465988,,,309,,2005,-49.5,21,32.5
2026-07-30T23:04:19.940426,A9B273,ASA255,32.928493,-116.920708,,,73,,6716,-22.4,2580,0.3
2026-07-30T23:04:19.940426,A5287C,,32.916389,-117.465988,,,309,,2005,-49.5,21,37.6
2026-07-30T23:04:25.004883,A9B273,ASA255,32.930774,-116.911347,,,73,,6716,-49.5,2626,0.0
2026-07-30T23:04:25.004883,A5287C,,32.951629,-117.5161,,,309,,2005,-33.6,23,3.2
2026-07-30T23:04:30.044716,A9B273,ASA255,32.932663,-116.90365,,,73,,6716,-49.5,2673,0.8
2026-07-30T23:04:30.044716,A5287C,,32.951629,-117.5161,,,309,,2005,-33.6,23,8.3
2026-07-30T23:04:35.134592,A9B273,ASA255,32.934814,-116.894751,,,73,,6716,-29.7,2723,0.9
2026-07-30T23:04:35.134592,A5287C,,32.951629,-117.5161,,,309,,2005,-33.6,23,13.4
2026-07-30T23:04:40.213422,A9B273,ASA255,32.937286,-116.884644,,,73,,6716,-26.1,2756,0.2
2026-07-30T23:04:40.213422,A5287C,,32.951629,-117.5161,,,309,,2005,-33.6,23,18.5
2026-07-30T23:04:45.263662,A9B273,ASA255,32.939572,-116.875473,,,73,,6716,-49.5,2813,0.1
2026-07-30T23:04:45.263662,A5287C,,32.951629,-117.5161,,,309,,2005,-33.6,23,23.5
2026-07-30T23:04:50.300117,A9B273,ASA255,32.939991,-116.87368,,,73,,6716,-33.0,2828,4.1
2026-07-30T23:04:50.300117,A5287C,,32.951629,-117.5161,,,309,,2005,-33.6,23,28.6
2026-07-30T23:04:55.341505,A9B273,ASA255,32.939991,-116.87368,,,73,,6716,-49.5,2829,9.2
2026-07-30T23:04:55.341505,A5287C,,32.951629,-117.5161,,,309,,2005,-33.6,23,33.6
2026-07-30T23:05:00.391782,A9B273,ASA255,32.939991,-116.87368,,,73,,6716,-49.5,2829,14.2
2026-07-30T23:05:00.391782,A5287C,,32.951629,-117.5161,,,309,,2005,-33.6,23,38.6
2026-07-30T23:05:05.430272,A9B273,ASA255,32.939991,-116.87368,,,73,,6716,-49.5,2829,19.3
2026-07-30T23:05:05.430272,A5287C,,32.951629,-117.5161,,,309,,2005,-33.6,23,43.7
2026-07-30T23:05:10.503469,A9B273,ASA255,32.950605,-116.830519,,,73,,6716,-49.5,2838,0.4
2026-07-30T23:05:10.503469,A5287C,,32.951629,-117.5161,,,309,,2005,-33.6,23,48.8
2026-07-30T23:05:15.547817,A9B273,ASA255,32.950605,-116.830519,,,73,,6716,-49.5,2838,5.4
2026-07-30T23:05:15.547817,A5287C,,32.951629,-117.5161,,,309,,2005,-33.6,23,53.8
2026-07-30T23:05:20.627056,A9B273,ASA255,32.950605,-116.830519,,,73,,6716,-49.5,2842,10.5
2026-07-30T23:05:20.627056,A5287C,,32.951629,-117.5161,,,309,,2005,-33.6,23,58.9
2026-07-30T23:05:25.706090,A9B273,ASA255,32.950605,-116.830519,,,73,,6716,-49.5,2842,15.6
2026-07-30T23:05:25.706090,ACCB50,,32.844699,-117.378995,,,310,,,-33.7,3,2.3
2026-07-30T23:05:25.706090,AC90A7,,33.515854,-117.300751,,,101,,,-49.5,5,2.5
2026-07-30T23:05:30.784985,A9B273,ASA255,32.950605,-116.830519,,,73,,6716,-49.5,2842,20.7
2026-07-30T23:05:30.784985,ACCB50,,32.848888,-117.384712,,,310,,1035,-49.5,5,2.7
2026-07-30T23:05:30.784985,AC90A7,,33.515854,-117.300751,,,101,,,-49.5,5,7.6
2026-07-30T23:05:35.864438,A9B273,ASA255,32.950605,-116.830519,,,73,,6716,-49.5,2842,25.7
2026-07-30T23:05:35.864438,ACCB50,,32.855438,-117.393695,,,310,,1035,-31.4,15,0.4
2026-07-30T23:05:35.864438,AC90A7,,33.515854,-117.300751,,,101,,,-49.5,5,12.6
2026-07-30T23:05:40.917874,A9B273,ASA255,32.950605,-116.830519,,,73,,6716,-49.5,2842,30.9
2026-07-30T23:05:40.917874,ACCB50,,32.857361,-117.396315,,,310,,1035,-33.8,20,3.5
2026-07-30T23:05:40.917874,AC90A7,,33.515854,-117.300751,,,101,,,-49.5,5,17.8
2026-07-30T23:05:46.098626,A9B273,ASA255,32.950605,-116.830519,,,73,,6716,-35.3,2843,35.9
2026-07-30T23:05:46.098626,ACCB50,,32.864716,-117.406517,,,310,,1035,-32.9,35,0.2
2026-07-30T23:05:46.098626,AC90A7,,33.515854,-117.300751,,,101,,,-49.5,5,22.8
2026-07-30T23:05:46.098626,A5287C,,33.035477,-117.635284,,,309,,,-49.5,2,0.3
2026-07-30T23:05:51.142651,A9B273,ASA255,32.950605,-116.830519,,,73,,6716,-35.3,2843,41.0
2026-07-30T23:05:51.142651,ACCB50,,32.867798,-117.410779,,,310,,1035,-49.5,61,1.9
2026-07-30T23:05:51.142651,AC90A7,,33.515854,-117.300751,,,101,,,-49.5,5,27.9
2026-07-30T23:05:51.142651,A5287C,,33.037537,-117.638251,,,309,,,-32.9,4,3.5
2026-07-30T23:05:56.216981,A9B273,ASA255,32.970428,-116.748578,,,73,,6716,-33.8,2844,1.3
2026-07-30T23:05:56.216981,ACCB50,,32.867798,-117.410779,,,310,,1035,-36.2,63,7.0
2026-07-30T23:05:56.216981,AC90A7,AAL3035,33.515854,-117.300751,,,95,,,-34.8,11,33.0
2026-07-30T23:05:56.216981,A5287C,,33.037537,-117.638251,,,309,,,-32.9,4,8.6
2026-07-30T23:06:01.290879,A9B273,ASA255,32.97281,-116.738817,,,73,,6716,-33.8,2855,1.0
2026-07-30T23:06:01.290879,ACCB50,,32.867798,-117.410779,,,310,,1035,-36.2,63,12.0
2026-07-30T23:06:01.290879,AC90A7,AAL3035,33.504868,-117.212915,,,93,,1357,-34.3,39,0.7
2026-07-30T23:06:01.290879,A5287C,,33.037537,-117.638251,,,309,,,-32.9,4,13.7
2026-07-30T23:06:06.337890,A9B273,ASA255,32.975372,-116.728143,,,73,,6716,-49.5,2870,0.4
2026-07-30T23:06:06.337890,ACCB50,,32.882034,-117.430444,,,310,,1035,-49.5,89,1.5
2026-07-30T23:06:06.337890,AC90A7,AAL3035,33.504776,-117.210773,,,93,,1357,-34.0,44,4.9
2026-07-30T23:06:06.337890,A5287C,,33.037537,-117.638251,,,309,,,-32.9,4,18.7
2026-07-30T23:06:11.391529,A9B273,ASA255,32.975372,-116.728143,,,73,,6716,-49.5,2874,5.4
2026-07-30T23:06:11.391529,ACCB50,,32.882034,-117.430444,,,310,,1035,-35.5,92,6.5
2026-07-30T23:06:11.391529,AC90A7,AAL3035,33.504776,-117.210773,,,93,,1357,-49.5,45,9.9
2026-07-30T23:06:11.391529,A5287C,,33.037537,-117.638251,,,309,,,-32.9,4,23.8
2026-07-30T23:06:16.432962,A9B273,ASA255,32.975372,-116.728143,,,73,,6716,-49.5,2874,10.5
2026-07-30T23:06:16.432962,ACCB50,,32.882034,-117.430444,,,310,,1035,-35.5,92,11.6
2026-07-30T23:06:16.432962,AC90A7,AAL3035,33.504776,-117.210773,,,93,,1357,-34.1,48,15.0
2026-07-30T23:06:16.432962,A5287C,,33.037537,-117.638251,,,309,,,-32.9,4,28.8
2026-07-30T23:06:21.504889,A9B273,ASA255,32.975372,-116.728143,,,73,,6716,-49.5,2874,15.6
2026-07-30T23:06:21.504889,ACCB50,,32.882034,-117.430444,,,310,,1035,-35.5,92,16.7
2026-07-30T23:06:21.504889,AC90A7,AAL3035,33.504776,-117.210773,,,93,,1357,-34.1,48,20.0
2026-07-30T23:06:21.504889,A5287C,,33.037537,-117.638251,,,309,,,-32.9,4,33.9
2026-07-30T23:06:26.575289,A9B273,ASA255,32.975372,-116.728143,,,73,,6716,-36.8,2875,20.6
2026-07-30T23:06:26.575289,ACCB50,,32.882034,-117.430444,,,310,,1035,-35.5,92,21.7
2026-07-30T23:06:26.575289,AC90A7,AAL3035,33.504776,-117.210773,,,93,,1357,-34.1,48,25.1
2026-07-30T23:06:26.575289,A5287C,,33.037537,-117.638251,,,309,,,-32.9,4,38.9
2026-07-30T23:06:26.575289,A1863B,,33.729284,-117.26675,,,90,,,-49.5,2,7.9
2026-07-30T23:06:31.613405,A9B273,ASA255,32.975372,-116.728143,,,73,,6716,-34.3,2876,25.7
2026-07-30T23:06:31.613405,ACCB50,,32.882034,-117.430444,,,310,,1035,-35.5,92,26.8
2026-07-30T23:06:31.613405,AC90A7,AAL3035,33.504776,-117.210773,,,93,,1357,-34.1,48,30.2
2026-07-30T23:06:31.613405,A5287C,,33.037537,-117.638251,,,309,,,-32.9,4,44.0
2026-07-30T23:06:31.613405,A1863B,,33.729284,-117.26675,,,90,,,-49.5,2,13.0
2026-07-30T23:06:36.702918,A9B273,ASA255,32.975372,-116.728143,,,73,,6716,-34.3,2876,30.7
2026-07-30T23:06:36.702918,ACCB50,,32.913437,-117.473566,,,310,,1035,-31.1,100,1.0
2026-07-30T23:06:36.702918,AC90A7,AAL3035,33.504776,-117.210773,,,93,,1357,-34.1,48,35.2
2026-07-30T23:06:36.702918,A5287C,,33.037537,-117.638251,,,309,,,-32.9,4,49.1
2026-07-30T23:06:36.702918,A1863B,,33.729284,-117.26675,,,90,,,-49.5,2,18.1
2026-07-30T23:06:41.761399,A9B273,ASA255,32.975372,-116.728143,,,73,,6716,-49.5,2878,35.8
2026-07-30T23:06:41.761399,ACCB50,,32.913437,-117.473566,,,310,,1035,-31.1,100,6.1
2026-07-30T23:06:41.761399,AC90A7,AAL3035,33.504776,-117.210773,,,93,,1357,-34.1,48,40.3
2026-07-30T23:06:41.761399,A5287C,,33.037537,-117.638251,,,309,,,-32.9,4,54.2
2026-07-30T23:06:41.761399,A1863B,,33.729284,-117.26675,,,90,,,-49.5,2,23.1
2026-07-30T23:06:46.837480,A9B273,ASA255,32.975372,-116.728143,,,73,,6716,-49.5,2886,40.9
2026-07-30T23:06:46.837480,ACCB50,,32.913437,-117.473566,,,310,,1035,-31.1,100,11.2
2026-07-30T23:06:46.837480,AC90A7,AAL3035,33.504776,-117.210773,,,93,,1357,-34.1,48,45.4
2026-07-30T23:06:46.837480,A5287C,,33.037537,-117.638251,,,309,,,-32.9,4,59.2
2026-07-30T23:06:46.837480,A1863B,,33.729284,-117.26675,,,90,,,-49.5,2,28.2
2026-07-30T23:06:51.885196,A9B273,ASA255,32.975372,-116.728143,,,73,,6716,-31.9,2892,46.0
2026-07-30T23:06:51.885196,ACCB50,,32.913437,-117.473566,,,310,,1035,-32.5,103,16.3
2026-07-30T23:06:51.885196,AC90A7,AAL3035,33.504776,-117.210773,,,93,,1357,-34.1,48,50.4
2026-07-30T23:06:51.885196,A1863B,,33.729284,-117.26675,,,90,,,-49.5,2,33.3
2026-07-30T23:06:56.964279,A9B273,ASA255,32.975372,-116.728143,,,74,,6716,-49.5,2894,51.0
2026-07-30T23:06:56.964279,ACCB50,,32.913437,-117.473566,,,310,,1035,-32.5,103,21.3
2026-07-30T23:06:56.964279,AC90A7,AAL3035,33.504776,-117.210773,,,93,,1357,-34.1,48,55.5
2026-07-30T23:06:56.964279,A1863B,,33.729284,-117.26675,,,90,,,-49.5,2,38.3
2026-07-30T23:07:02.026931,A9B273,ASA255,33.000687,-116.624323,,,72,,6716,-49.5,2905,0.8
2026-07-30T23:07:02.026931,ACCB50,,32.937477,-117.506515,,,310,,1035,-49.5,105,4.3
2026-07-30T23:07:02.026931,AC90A7,AAL3035,33.504776,-117.210773,,,93,,1357,-34.1,48,60.6
2026-07-30T23:07:02.026931,A1863B,,33.729284,-117.26675,,,90,,,-49.5,2,43.4
2026-07-30T23:07:07.108272,A9B273,ASA255,33.003814,-116.615053,,,64,,6716,-49.5,2929,0.8
2026-07-30T23:07:07.108272,ACCB50,,32.937477,-117.506515,,,310,,1035,-49.5,105,9.4
2026-07-30T23:07:07.108272,AC90A7,AAL3035,33.504776,-117.210773,,,93,,1357,-34.1,48,65.6
2026-07-30T23:07:07.108272,A1863B,,33.729284,-117.26675,,,90,,,-49.5,2,48.5
2026-07-30T23:07:12.174922,A9B273,ASA255,33.007553,-116.606799,,,58,,6716,-28.5,2967,1.1
2026-07-30T23:07:12.174922,ACCB50,,32.949581,-117.523162,,,310,,1035,-33.1,111,3.5
2026-07-30T23:07:12.174922,AC90A7,AAL3035,33.504776,-117.210773,,,93,,1357,-34.1,48,70.7
2026-07-30T23:07:12.174922,A1863B,,33.729284,-117.26675,,,90,,,-49.5,2,53.5
2026-07-30T23:07:17.226977,A9B273,ASA255,33.013171,-116.59734,,,51,,6716,-28.9,3007,0.3
2026-07-30T23:07:17.226977,ACCB50,,32.949581,-117.523162,,,310,,1035,-33.1,111,8.5
2026-07-30T23:07:17.226977,A1863B,,33.729284,-117.26675,,,90,,,-49.5,2,58.6
2026-07-30T23:07:22.289956,A9B273,ASA255,33.018951,-116.589771,,,45,,6716,-49.5,3057,0.2
2026-07-30T23:07:22.289956,ACCB50,,32.949581,-117.523162,,,310,,1035,-33.1,111,13.6
2026-07-30T23:07:22.289956,A1863B,,33.729284,-117.26675,,,90,,,-49.5,2,63.7
2026-07-30T23:07:27.361114,A9B273,ASA255,33.025085,-116.583289,,,39,,6716,-49.5,3109,0.4
2026-07-30T23:07:27.361114,ACCB50,,32.949581,-117.523162,,,310,,1035,-33.1,111,18.7
2026-07-30T23:07:32.444439,A9B273,ASA255,33.031769,-116.577576,,,33,,6716,-29.8,3143,0.5
2026-07-30T23:07:32.444439,ACCB50,,32.949581,-117.523162,,,310,,1035,-33.1,111,23.7
2026-07-30T23:07:37.487121,A9B273,ASA255,33.03923,-116.572577,,,27,,6716,-49.5,3182,0.5
2026-07-30T23:07:37.487121,ACCB50,,32.949581,-117.523162,,,310,,1035,-33.1,111,28.8
2026-07-30T23:07:42.566649,A9B273,ASA255,33.044547,-116.56965,,,25,,6716,-32.2,3196,2.2
2026-07-30T23:07:42.566649,ACCB50,,32.949581,-117.523162,,,310,,1035,-33.1,111,33.9
2026-07-30T23:07:47.645885,A9B273,ASA255,33.052414,-116.565601,,,23,,6716,-49.5,3217,2.1
2026-07-30T23:07:47.645885,ACCB50,,32.949581,-117.523162,,,310,,1035,-33.1,111,38.9
2026-07-30T23:07:52.698397,A9B273,ASA255,33.052414,-116.565601,,,23,,6716,-49.5,3217,7.2
2026-07-30T23:07:52.698397,ACCB50,,32.949581,-117.523162,,,310,,1035,-33.1,111,44.0
2026-07-30T23:07:57.737229,A9B273,ASA255,33.052414,-116.565601,,,23,,6716,-49.5,3217,12.2
2026-07-30T23:07:57.737229,ACCB50,,32.949581,-117.523162,,,310,,1035,-33.1,111,49.0
2026-07-30T23:08:02.807146,A9B273,ASA255,33.052414,-116.565601,,,23,,6716,-49.5,3217,17.3
2026-07-30T23:08:02.807146,ACCB50,,32.949581,-117.523162,,,310,,1035,-33.1,111,54.1
2026-07-30T23:08:07.852209,A9B273,ASA255,33.052414,-116.565601,,,23,,6716,-34.2,3219,22.3
2026-07-30T23:08:07.852209,ACCB50,,32.949581,-117.523162,,,310,,1035,-33.1,111,59.1
2026-07-30T23:08:12.914827,A9B273,ASA255,33.052414,-116.565601,,,23,,6716,-34.4,3223,27.4
2026-07-30T23:08:12.914827,ACCB50,,33.02092,-117.621826,,,310,,1035,-49.5,118,1.3
2026-07-30T23:08:17.989220,A9B273,ASA255,33.098877,-116.540881,,,24,,6716,-49.5,3233,2.7
2026-07-30T23:08:17.989220,ACCB50,,33.02092,-117.621826,,,310,,1035,-33.3,119,6.4
2026-07-30T23:08:23.035121,A9B273,ASA255,33.098877,-116.540881,,,24,,6716,-32.0,3236,7.7
2026-07-30T23:08:23.035121,ACCB50,,33.02092,-117.621826,,,310,,1035,-32.5,120,11.4
2026-07-30T23:08:28.085564,A9B273,ASA255,33.098877,-116.540881,,,24,,6716,-32.0,3236,12.8
2026-07-30T23:08:28.085564,ACCB50,,33.02092,-117.621826,,,310,,1035,-32.5,120,16.5
2026-07-30T23:08:33.138062,A9B273,ASA255,33.098877,-116.540881,,,24,,6716,-32.0,3236,17.8
2026-07-30T23:08:33.138062,ACCB50,,33.02092,-117.621826,,,310,,1035,-32.5,120,21.6
2026-07-30T23:08:38.217575,A9B273,ASA255,33.098877,-116.540881,,,24,,6716,-32.0,3236,22.9
2026-07-30T23:08:38.217575,ACCB50,,33.02092,-117.621826,,,310,,1035,-32.5,120,26.6
2026-07-30T23:08:43.281423,A9B273,ASA255,33.098877,-116.540881,,,24,,6716,-32.0,3236,28.0
2026-07-30T23:08:43.281423,ACCB50,,33.02092,-117.621826,,,310,,1035,-32.5,120,31.7
2026-07-30T23:08:48.320120,A9B273,ASA255,33.098877,-116.540881,,,24,,6716,-32.0,3236,33.0
2026-07-30T23:08:48.320120,ACCB50,,33.02092,-117.621826,,,310,,1035,-32.5,120,36.7
2026-07-30T23:08:48.320120,AC90A7,,33.501938,-116.805212,,,90,,,-49.5,42,0.0
2026-07-30T23:08:53.400721,A9B273,ASA255,33.098877,-116.540881,,,24,,6716,-32.0,3236,38.1
2026-07-30T23:08:53.400721,ACCB50,,33.064362,-117.682251,,,310,,1035,-49.5,122,4.8
2026-07-30T23:08:53.400721,AC90A7,,33.50183,-116.79274,,,90,,,-33.7,59,0.0
2026-07-30T23:08:58.478418,A9B273,ASA255,33.098877,-116.540881,,,24,,6716,-32.0,3236,43.2
2026-07-30T23:08:58.478418,ACCB50,,33.064362,-117.682251,,,310,,1035,-49.5,122,9.9
2026-07-30T23:08:58.478418,AC90A7,,33.50183,-116.79274,,,90,,,-33.2,71,5.2
2026-07-30T23:09:03.557362,A9B273,ASA255,33.098877,-116.540881,,,24,,6716,-32.0,3236,48.2
2026-07-30T23:09:03.557362,ACCB50,,33.064362,-117.682251,,,310,,1035,-49.5,122,15.0
2026-07-30T23:09:03.557362,AC90A7,,33.50183,-116.79274,,,90,,,-33.2,71,10.2
2026-07-30T23:09:08.612208,A9B273,ASA255,33.098877,-116.540881,,,24,,6716,-32.0,3236,53.3
2026-07-30T23:09:08.612208,ACCB50,,33.064362,-117.682251,,,310,,1035,-49.5,122,20.0
2026-07-30T23:09:08.612208,AC90A7,,33.50183,-116.79274,,,90,,,-33.2,71,15.3
2026-07-30T23:09:13.660704,A9B273,ASA255,33.098877,-116.540881,,,24,,6716,-49.5,3237,58.4
2026-07-30T23:09:13.660704,ACCB50,,33.064362,-117.682251,,,310,,1035,-49.5,122,25.1
2026-07-30T23:09:13.660704,AC90A7,,33.50183,-116.79274,,,90,,,-33.2,71,20.3
2026-07-30T23:09:13.660704,A183D3,,32.931146,-117.543846,,,,,,-49.5,2,4.5
2026-07-30T23:09:18.739641,A9B273,ASA255,33.098877,-116.540881,,,24,,6716,-49.5,3237,63.4
2026-07-30T23:09:18.739641,ACCB50,,33.064362,-117.682251,,,310,,1035,-49.5,122,30.2
2026-07-30T23:09:18.739641,AC90A7,,33.50183,-116.79274,,,90,,,-33.2,71,25.4
2026-07-30T23:09:18.739641,A183D3,,32.931146,-117.543846,,,,,,-49.5,2,9.6
2026-07-30T23:09:23.819095,A9B273,ASA255,33.098877,-116.540881,,,24,,6716,-49.5,3237,68.5
2026-07-30T23:09:23.819095,ACCB50,,33.064362,-117.682251,,,310,,1035,-49.5,122,35.2
2026-07-30T23:09:23.819095,AC90A7,,33.50183,-116.79274,,,90,,,-33.2,71,30.5
2026-07-30T23:09:23.819095,A183D3,,32.931146,-117.543846,,,314,,,-49.5,5,14.6
2026-07-30T23:09:28.869439,A9B273,ASA255,33.098877,-116.540881,,,24,,6716,-49.5,3237,73.5
2026-07-30T23:09:28.869439,ACCB50,,33.064362,-117.682251,,,310,,1035,-49.5,122,40.2
2026-07-30T23:09:28.869439,AC90A7,,33.50183,-116.79274,,,90,,,-33.2,71,35.5
2026-07-30T23:09:28.869439,A183D3,,32.931146,-117.543846,,,314,,,-49.5,5,19.7
2026-07-30T23:09:33.910986,A9B273,ASA255,33.098877,-116.540881,,,24,,6716,-49.5,3237,78.6
2026-07-30T23:09:33.910986,ACCB50,,33.064362,-117.682251,,,310,,1035,-49.5,122,45.3
2026-07-30T23:09:33.910986,AC90A7,,33.50183,-116.79274,,,90,,,-33.2,71,40.6
2026-07-30T23:09:33.910986,A183D3,,32.931146,-117.543846,,,314,,,-49.5,5,24.7
2026-07-30T23:09:38.974459,A9B273,ASA255,33.098877,-116.540881,,,24,,6716,-49.5,3237,83.7
2026-07-30T23:09:38.974459,ACCB50,,33.064362,-117.682251,,,310,,1035,-49.5,122,50.4
2026-07-30T23:09:38.974459,AC90A7,,33.50183,-116.79274,,,90,,,-33.2,71,45.6
2026-07-30T23:09:38.974459,A183D3,,32.931146,-117.543846,,,314,,,-49.5,5,29.8
2026-07-30T23:09:44.025706,A9B273,ASA255,33.098877,-116.540881,,,24,,6716,-49.5,3237,88.7
2026-07-30T23:09:44.025706,ACCB50,,33.064362,-117.682251,,,310,,1035,-49.5,122,55.5
2026-07-30T23:09:44.025706,AC90A7,,33.50183,-116.79274,,,90,,,-33.2,71,50.7
2026-07-30T23:09:44.025706,A183D3,,32.931146,-117.543846,,,314,,,-49.5,5,34.9
2026-07-30T23:09:49.130607,A9B273,ASA255,33.098877,-116.540881,,,24,,6716,-49.5,3237,93.8
2026-07-30T23:09:49.130607,ACCB50,,33.064362,-117.682251,,,310,,1035,-49.5,122,60.5
2026-07-30T23:09:49.130607,AC90A7,,33.50183,-116.79274,,,90,,,-33.2,71,55.8
2026-07-30T23:09:49.130607,A183D3,,32.931146,-117.543846,,,314,,,-49.5,5,39.9
2026-07-30T23:09:54.183010,A9B273,ASA255,33.098877,-116.540881,,,24,,6716,-49.5,3237,98.9
2026-07-30T23:09:54.183010,AC90A7,,33.50183,-116.79274,,,90,,,-49.5,73,60.9
2026-07-30T23:09:54.183010,A183D3,,32.931146,-117.543846,,,314,,,-49.5,5,45.0
2026-07-30T23:09:59.262531,A9B273,ASA255,33.098877,-116.540881,,,24,,6716,-49.5,3237,104.0
2026-07-30T23:09:59.262531,AC90A7,,33.50048,-116.633494,,,90,,,-49.5,74,2.0
2026-07-30T23:09:59.262531,A183D3,,32.931146,-117.543846,,,314,,,-49.5,5,50.1
2026-07-30T23:09:59.262531,ABC478,,33.163742,-117.511688,,,138,,6034,-49.5,21,2.0
2026-07-30T23:10:04.382708,A9B273,ASA255,33.098877,-116.540881,,,24,,6716,-49.5,3237,109.1
2026-07-30T23:10:04.382708,AC90A7,,33.50048,-116.633494,,,90,,,-49.5,74,7.1
2026-07-30T23:10:04.382708,A183D3,,32.931146,-117.543846,,,314,,,-49.5,5,55.2
2026-07-30T23:10:04.382708,ABC478,,33.163742,-117.511688,,,138,,6034,-49.5,21,7.1
2026-07-30T23:10:09.420766,A9B273,ASA255,33.098877,-116.540881,,,24,,6716,-49.5,3237,114.1
2026-07-30T23:10:09.420766,AC90A7,,33.50048,-116.633494,,,90,,,-49.5,74,12.2
2026-07-30T23:10:09.420766,A183D3,,32.931146,-117.543846,,,314,,,-49.5,5,60.2
2026-07-30T23:10:09.420766,ABC478,,33.163742,-117.511688,,,138,,6034,-49.5,21,12.2
2026-07-30T23:10:14.483059,AC90A7,,33.50048,-116.633494,,,90,,,-49.5,74,17.2
2026-07-30T23:10:14.483059,A183D3,,32.931146,-117.543846,,,314,,,-49.5,5,65.3
2026-07-30T23:10:14.483059,ABC478,,33.163742,-117.511688,,,138,,6034,-49.5,21,17.2
2026-07-30T23:10:19.524467,AC90A7,,33.50048,-116.633494,,,90,,,-49.5,74,22.3
2026-07-30T23:10:19.524467,A183D3,,32.931146,-117.543846,,,314,,,-49.5,5,70.4
2026-07-30T23:10:19.524467,ABC478,,33.13385,-117.481421,,,142,,6034,-28.2,40,0.2
2026-07-30T23:10:24.603462,AC90A7,,33.50048,-116.633494,,,90,,,-49.5,74,27.4
2026-07-30T23:10:24.603462,ABC478,SWA713,33.130995,-117.478937,,,144,,6034,-49.5,74,3.2
2026-07-30T23:10:29.682562,AC90A7,,33.50048,-116.633494,,,90,,,-49.5,74,32.5
2026-07-30T23:10:29.682562,ABC478,SWA713,33.130995,-117.478937,,,144,,6034,-49.5,74,8.3
2026-07-30T23:10:34.761075,AC90A7,,33.50048,-116.633494,,,90,,,-49.5,74,37.5
2026-07-30T23:10:34.761075,ABC478,SWA713,33.130995,-117.478937,,,144,,6034,-30.6,76,13.4
2026-07-30T23:10:39.811955,AC90A7,,33.50048,-116.633494,,,90,,,-49.5,74,42.6
2026-07-30T23:10:39.811955,ABC478,SWA713,33.107529,-117.459448,,,144,,6034,-49.5,85,2.1
2026-07-30T23:10:44.864011,AC90A7,,33.50048,-116.633494,,,90,,,-49.5,74,47.6
2026-07-30T23:10:44.864011,ABC478,SWA713,33.100891,-117.453845,,,144,,6034,-49.5,97,2.4
2026-07-30T23:10:49.917394,AC90A7,,33.50048,-116.633494,,,90,,,-49.5,74,52.6
2026-07-30T23:10:49.917394,ABC478,SWA713,33.094079,-117.448108,,,144,,6034,-31.0,115,2.7
2026-07-30T23:10:54.953366,AC90A7,,33.50048,-116.633494,,,90,,,-49.5,74,57.7
2026-07-30T23:10:54.953366,ABC478,SWA713,33.094079,-117.448108,,,144,,6034,-49.5,118,7.7
2026-07-30T23:11:00.018123,ABC478,SWA713,33.094079,-117.448108,,,144,,6034,-49.5,118,12.8
2026-07-30T23:11:05.064206,ABC478,SWA713,33.070011,-117.427985,,,144,,6034,-29.9,132,0.8
2026-07-30T23:11:10.120267,ABC478,SWA713,33.064984,-117.423781,,,144,,6034,-49.5,145,2.3
2026-07-30T23:11:15.174435,ABC478,SWA713,33.064984,-117.423781,,,144,,6034,-49.5,145,7.3
2026-07-30T23:11:20.253552,ABC478,SWA713,33.064984,-117.423781,,,144,,6034,-49.5,145,12.4
2026-07-30T23:11:25.332660,ABC478,SWA713,33.042389,-117.404846,,,144,,6034,-32.1,159,1.3
2026-07-30T23:11:25.332660,A24508,,32.672424,-117.157104,,,90,,,-49.5,5,3.5
2026-07-30T23:11:30.411703,ABC478,SWA713,33.042389,-117.404846,,,144,,6034,-32.1,159,6.3
2026-07-30T23:11:30.411703,A24508,,32.672424,-117.157104,,,90,,,-49.5,5,8.6
2026-07-30T23:11:35.462111,ABC478,SWA713,33.042389,-117.404846,,,144,,6034,-30.0,160,11.4
2026-07-30T23:11:35.462111,A24508,,32.672424,-117.157104,,,90,,,-49.5,5,13.6
2026-07-30T23:11:40.514696,ABC478,SWA713,33.021378,-117.387103,,,144,,6034,-49.5,170,0.8
2026-07-30T23:11:40.514696,A24508,,32.672424,-117.157104,,,90,,,-49.5,5,18.7
2026-07-30T23:11:45.564096,ABC478,SWA713,33.019921,-117.385889,,,144,,6034,-49.5,173,4.7
2026-07-30T23:11:45.564096,A24508,,32.672424,-117.157104,,,90,,,-49.5,5,23.7
2026-07-30T23:11:45.564096,AA7F2A,,33.089447,-117.585242,,,136,,,-31.7,11,2.7
2026-07-30T23:11:50.618022,ABC478,SWA713,33.019921,-117.385889,,,144,,6034,-28.9,180,9.8
2026-07-30T23:11:50.618022,A24508,,32.672424,-117.157104,,,90,,,-49.5,6,28.8
2026-07-30T23:11:50.618022,AA7F2A,,33.089447,-117.585242,,,136,,,-31.7,11,7.8
2026-07-30T23:11:55.671801,ABC478,SWA713,33.019921,-117.385889,,,144,,6034,-28.9,180,14.8
2026-07-30T23:11:55.671801,A24508,,32.672104,-117.104535,,,90,,,-29.1,43,2.0
2026-07-30T23:11:55.671801,AA7F2A,,33.089447,-117.585242,,,136,,,-31.7,11,12.8
2026-07-30T23:12:00.709893,ABC478,SWA713,33.019921,-117.385889,,,144,,6034,-28.9,180,19.9
2026-07-30T23:12:00.709893,A24508,,32.672104,-117.104535,,,90,,,-49.5,46,7.0
2026-07-30T23:12:00.709893,AA7F2A,,33.089447,-117.585242,,,136,,,-31.7,11,17.9
2026-07-30T23:12:05.784347,ABC478,SWA713,32.988785,-117.359473,,,144,,6034,-27.0,208,0.3
2026-07-30T23:12:05.784347,A24508,,32.672104,-117.104535,,,90,,,-49.5,46,12.1
2026-07-30T23:12:05.784347,AA7F2A,,33.089447,-117.585242,,,136,,,-31.7,11,22.9
2026-07-30T23:12:10.825101,ABC478,SWA713,32.98526,-117.356506,,,144,,6034,-27.1,224,2.5
2026-07-30T23:12:10.825101,A24508,,32.672104,-117.104535,,,90,,,-49.5,46,17.2
2026-07-30T23:12:10.825101,AA7F2A,,33.089447,-117.585242,,,136,,,-31.7,11,28.0
2026-07-30T23:12:15.905512,ABC478,SWA713,32.978027,-117.350409,,,144,,6034,-27.9,240,1.6
2026-07-30T23:12:15.905512,A24508,,32.672104,-117.104535,,,90,,,-49.5,46,22.3
2026-07-30T23:12:15.905512,AA7F2A,,33.089447,-117.585242,,,136,,,-31.7,11,33.1
2026-07-30T23:12:20.983343,ABC478,SWA713,32.971848,-117.34519,,,144,,6034,-49.5,249,1.4
2026-07-30T23:12:20.983343,A24508,,32.672104,-117.104535,,,90,,,-49.5,50,27.3
2026-07-30T23:12:20.983343,AA7F2A,,33.089447,-117.585242,,,136,,,-30.0,12,38.2
2026-07-30T23:12:26.062289,ABC478,SWA713,32.966904,-117.341016,,,144,,6034,-27.2,263,2.4
2026-07-30T23:12:26.062289,A24508,,32.672104,-117.104535,,,90,,,-29.5,52,32.4
2026-07-30T23:12:26.062289,AA7F2A,,33.089447,-117.585242,,,136,,,-28.1,16,43.2
2026-07-30T23:12:31.141405,ABC478,SWA713,32.960055,-117.335274,,,144,,6034,-49.5,266,1.6
2026-07-30T23:12:31.141405,A24508,,32.672104,-117.104535,,,90,,,-29.5,52,37.5
2026-07-30T23:12:31.141405,AA7F2A,,33.026047,-117.513885,,,136,,,-49.5,26,4.6
2026-07-30T23:12:36.220259,ABC478,SWA713,32.954361,-117.330524,,,144,,6034,-29.3,299,1.7
2026-07-30T23:12:36.220259,A24508,,32.672104,-117.104535,,,90,,,-29.5,52,42.6
2026-07-30T23:12:36.220259,AA7F2A,,33.026047,-117.513885,,,136,,,-49.5,26,9.6
2026-07-30T23:12:41.299372,ABC478,SWA713,32.947486,-117.324792,,,145,,6034,-29.5,307,0.8
2026-07-30T23:12:41.299372,A24508,,32.672104,-117.104535,,,90,,,-28.1,56,47.6
2026-07-30T23:12:41.299372,AA7F2A,,33.026047,-117.513885,,,136,,,-49.5,26,14.7
2026-07-30T23:12:46.379069,ABC478,SWA713,32.947486,-117.324792,,,145,,6034,-49.5,310,5.8
2026-07-30T23:12:46.379069,A24508,,32.671646,-117.011041,,,90,,,-49.5,109,0.9
2026-07-30T23:12:46.379069,AA7F2A,,33.026047,-117.513885,,,136,,,-31.5,27,19.8
2026-07-30T23:12:51.442243,ABC478,SWA713,32.935615,-117.314926,,,144,,6034,-49.5,329,0.4
2026-07-30T23:12:51.442243,A24508,,32.671646,-117.011041,,,90,,,-49.5,109,6.0
2026-07-30T23:12:51.442243,AA7F2A,,33.026047,-117.513885,,,136,,,-31.5,27,24.8
2026-07-30T23:12:56.496241,ABC478,SWA713,32.931239,-117.311227,,,144,,6034,-27.9,348,1.4
2026-07-30T23:12:56.496241,A24508,,32.671646,-117.011041,,,90,,,-49.5,109,11.1
2026-07-30T23:12:56.496241,AA7F2A,,33.026047,-117.513885,,,137,,,-28.3,28,29.9
2026-07-30T23:13:01.560653,ABC478,SWA713,32.925979,-117.306855,,,144,,6034,-49.5,357,1.7
2026-07-30T23:13:01.560653,A24508,,32.671646,-117.011041,,,90,,,-49.5,109,16.1
2026-07-30T23:13:01.560653,AA7F2A,,32.97464,-117.457196,,,137,,7201,-49.5,78,0.1
2026-07-30T23:13:06.639590,ABC478,SWA713,32.919388,-117.3013,,,144,,6034,-49.5,409,0.6
2026-07-30T23:13:06.639590,A24508,,32.671385,-116.970314,,,90,,,-49.5,134,0.5
2026-07-30T23:13:06.639590,AA7F2A,,32.967224,-117.449066,,,137,,7201,-49.5,90,0.2
2026-07-30T23:13:11.718753,ABC478,SWA713,32.913689,-117.296597,,,144,,6034,-25.0,423,0.4
2026-07-30T23:13:11.718753,A24508,UAL1457,32.671338,-116.960393,,,90,,2041,-26.4,180,0.6
2026-07-30T23:13:11.718753,AA7F2A,,32.967224,-117.449066,,,137,,7201,-29.5,92,5.2
2026-07-30T23:13:16.772183,ABC478,SWA713,32.908103,-117.291889,,,144,,6034,-49.5,454,0.1
2026-07-30T23:13:16.772183,A24508,UAL1457,32.67128,-116.952374,,,90,,2041,-31.9,211,1.7
2026-07-30T23:13:16.772183,AA7F2A,,32.952209,-117.432587,,,137,,7201,-49.5,109,0.2
2026-07-30T23:13:21.860669,ABC478,SWA713,32.902842,-117.287517,,,145,,6034,-26.9,488,0.3
2026-07-30T23:13:21.860669,A24508,UAL1457,32.671198,-116.93971,,,90,,2041,-32.8,215,0.7
2026-07-30T23:13:21.860669,AA7F2A,UAL1266,32.944739,-117.424397,,,137,,7201,-49.5,133,0.3
2026-07-30T23:13:26.940832,ABC478,SWA713,32.899612,-117.284875,,,145,,6034,-49.5,494,2.3
2026-07-30T23:13:26.940832,A24508,UAL1457,32.671198,-116.93971,,,90,,2041,-49.5,221,5.8
2026-07-30T23:13:26.940832,AA7F2A,UAL1266,32.937424,-117.416382,,,137,,7201,-28.0,155,0.4
2026-07-30T23:13:32.014610,ABC478,SWA713,32.899612,-117.284875,,,145,,6034,-32.0,495,7.4
2026-07-30T23:13:32.014610,A24508,UAL1457,32.671198,-116.93971,,,90,,2041,-49.5,221,10.9
2026-07-30T23:13:32.014610,AA7F2A,UAL1266,32.930191,-117.408417,,,137,,7201,-49.5,201,0.6
2026-07-30T23:13:37.067329,ABC478,SWA713,32.890134,-117.277035,,,145,,6034,-49.5,501,3.5
2026-07-30T23:13:37.067329,A24508,UAL1457,32.670959,-116.906396,,,90,,2041,-49.5,234,0.0
2026-07-30T23:13:37.067329,AA7F2A,UAL1266,32.92749,-117.405396,,,137,,7201,-49.5,209,3.9
2026-07-30T23:13:42.139298,ABC478,SWA713,32.882034,-117.270365,,,145,,6034,-49.5,550,0.9
2026-07-30T23:13:42.139298,A24508,UAL1457,32.670959,-116.906396,,,90,,2041,-30.7,240,5.1
2026-07-30T23:13:42.139298,AA7F2A,UAL1266,32.916901,-117.393737,,,137,,7201,-49.5,217,1.8
2026-07-30T23:13:47.201070,ABC478,SWA713,32.882034,-117.270365,,,145,,6034,-30.8,552,6.0
2026-07-30T23:13:47.201070,A24508,UAL1457,32.670959,-116.906396,,,90,,2041,-30.7,240,10.2
2026-07-30T23:13:47.201070,AA7F2A,UAL1266,32.906891,-117.382654,,,136,,7201,-29.5,227,0.1
2026-07-30T23:13:52.279602,ABC478,SWA713,32.875626,-117.2651,,,145,,6034,-49.5,553,5.0
2026-07-30T23:13:52.279602,A24508,UAL1457,32.670959,-116.906396,,,90,,2041,-30.7,240,15.2
2026-07-30T23:13:52.279602,AA7F2A,UAL1266,32.899537,-117.37451,,,136,,7201,-49.5,257,0.3
2026-07-30T23:13:57.320587,ABC478,SWA713,32.869354,-117.259937,,,144,,6034,-49.5,566,4.1
2026-07-30T23:13:57.320587,A24508,UAL1457,32.670959,-116.906396,,,90,,2041,-30.7,240,20.3
2026-07-30T23:13:57.320587,AA7F2A,UAL1266,32.89801,-117.372821,,,136,,7201,-49.5,274,4.3
2026-07-30T23:13:57.320587,A42E13,,32.664276,-117.016699,,,,,,-31.7,7,6.4
2026-07-30T23:14:02.399923,ABC478,SWA713,32.869354,-117.259937,,,144,,6034,-49.5,566,9.2
2026-07-30T23:14:02.399923,A24508,UAL1457,32.670959,-116.906396,,,90,,2041,-30.7,240,25.3
2026-07-30T23:14:02.399923,AA7F2A,UAL1266,32.887573,-117.36123,,,136,,7201,-28.9,296,2.4
2026-07-30T23:14:02.399923,A42E13,,32.664276,-117.016699,,,,,,-31.7,7,11.5
2026-07-30T23:14:07.452530,ABC478,SWA713,32.855072,-117.248016,,,144,,6034,-49.5,574,0.6
2026-07-30T23:14:07.452530,A24508,UAL1457,32.670959,-116.906396,,,90,,2041,-30.7,240,30.4
2026-07-30T23:14:07.452530,AA7F2A,UAL1266,32.878555,-117.351233,,,136,,7201,-30.9,319,1.4
2026-07-30T23:14:07.452530,A42E13,,32.664276,-117.016699,,,,,,-31.7,7,16.5
2026-07-30T23:14:12.503023,ABC478,SWA713,32.855072,-117.248016,,,144,,6034,-30.6,575,5.7
2026-07-30T23:14:12.503023,A24508,UAL1457,32.670959,-116.906396,,,90,,2041,-30.7,240,35.5
2026-07-30T23:14:12.503023,AA7F2A,UAL1266,32.868999,-117.340711,,,136,,7201,-49.5,326,0.1
2026-07-30T23:14:12.503023,A42E13,,32.664276,-117.016699,,,,,,-31.7,7,21.6
2026-07-30T23:14:17.581915,ABC478,SWA713,32.855072,-117.248016,,,132,,6034,-49.5,578,10.7
2026-07-30T23:14:17.581915,A24508,UAL1457,32.670959,-116.906396,,,90,,2041,-30.7,240,40.6
2026-07-30T23:14:17.581915,AA7F2A,UAL1266,32.86169,-117.332583,,,137,,7201,-49.5,353,0.4
2026-07-30T23:14:17.581915,A42E13,,32.664276,-117.016699,,,,,,-31.7,7,26.7
2026-07-30T23:14:17.581915,ADA16B,,33.146264,-117.047387,,,169,,0224,-32.4,15,2.5
2026-07-30T23:14:22.661248,ABC478,SWA713,32.855072,-117.248016,,,132,,6034,-49.5,578,15.8
2026-07-30T23:14:22.661248,A24508,UAL1457,32.670959,-116.906396,,,90,,2041,-30.7,240,45.6
2026-07-30T23:14:22.661248,AA7F2A,UAL1266,32.855759,-117.326074,,,137,,7201,-49.5,374,1.5
2026-07-30T23:14:22.661248,A42E13,,32.664642,-116.963361,,,,,,-49.5,21,0.0
2026-07-30T23:14:22.661248,ADA16B,,33.143097,-117.046637,,,168,,0224,-28.8,40,1.7
2026-07-30T23:14:27.720790,ABC478,SWA713,32.855072,-117.248016,,,132,,6034,-49.5,578,20.9
2026-07-30T23:14:27.720790,A24508,UAL1457,32.670959,-116.906396,,,90,,2041,-49.5,241,50.7
2026-07-30T23:14:27.720790,AA7F2A,UAL1266,32.84697,-117.316351,,,137,,7201,-49.5,402,0.7
2026-07-30T23:14:27.720790,A42E13,,32.664681,-116.955404,,,89,,,-49.5,54,0.3
2026-07-30T23:14:27.720790,ADA16B,,33.139709,-117.045868,,,169,,0224,-29.3,48,0.3
2026-07-30T23:14:32.764866,ABC478,SWA713,32.834335,-117.219067,,,121,,6034,-49.5,582,0.5
2026-07-30T23:14:32.764866,A24508,UAL1457,32.670959,-116.906396,,,90,,2041,-49.5,242,55.7
2026-07-30T23:14:32.764866,AA7F2A,UAL1266,32.839417,-117.308002,,,137,,7201,-30.1,431,0.7
2026-07-30T23:14:32.764866,A42E13,DAL819,32.664734,-116.948859,,,89,,1323,-49.5,85,1.3
2026-07-30T23:14:32.764866,ADA16B,N978AP,33.137,-117.045201,,,168,,0224,-49.5,94,0.3
2026-07-30T23:14:37.844360,ABC478,SWA713,32.833649,-117.217694,,,121,,6034,-31.3,587,4.5
2026-07-30T23:14:37.844360,A24508,UAL1457,32.670959,-116.906396,,,90,,2041,-32.2,244,60.8
2026-07-30T23:14:37.844360,AA7F2A,UAL1266,32.834702,-117.302838,,,137,,7201,-49.5,445,2.6
2026-07-30T23:14:37.844360,A42E13,DAL819,32.664734,-116.948859,,,89,,1323,-49.5,85,6.3
2026-07-30T23:14:37.844360,ADA16B,N978AP,33.134262,-117.04455,,,168,,0224,-49.5,142,0.3
2026-07-30T23:14:37.844360,ABB271,,32.649124,-117.158423,,,88,,,-30.7,4,3.3
2026-07-30T23:14:42.894266,ABC478,SWA713,32.833649,-117.217694,,,121,,6034,-31.3,587,9.6
2026-07-30T23:14:42.894266,A24508,UAL1457,32.670959,-116.906396,,,90,,2041,-32.2,244,65.8
2026-07-30T23:14:42.894266,AA7F2A,UAL1266,32.8255,-117.292676,,,137,,7201,-29.7,463,1.4
2026-07-30T23:14:42.894266,A42E13,DAL819,32.664871,-116.933038,,,89,,1323,-32.0,95,1.3
2026-07-30T23:14:42.894266,A1F595,,32.866241,-117.201489,,,75,,,-49.5,18,0.7
2026-07-30T23:14:42.894266,ADA16B,N978AP,33.131647,-117.043968,,,168,,0224,-25.0,188,0.4
2026-07-30T23:14:42.894266,ABB271,,32.649124,-117.158423,,,88,,,-30.7,4,8.3
2026-07-30T23:14:47.947227,ABC478,SWA713,32.833649,-117.217694,,,121,,6034,-31.3,587,14.7
2026-07-30T23:14:47.947227,A24508,UAL1457,32.670959,-116.906396,,,90,,2041,-32.2,244,70.9
2026-07-30T23:14:47.947227,AA7F2A,UAL1266,32.81714,-117.283537,,,137,,7201,-29.8,476,0.8
2026-07-30T23:14:47.947227,A42E13,DAL819,32.664867,-116.929788,,,89,,1323,-49.5,106,4.4
2026-07-30T23:14:47.947227,A1F595,,32.866608,-117.199896,,,74,,,-29.2,36,4.7
2026-07-30T23:14:47.947227,ADA16B,N978AP,33.1289,-117.043295,,,168,,0224,-49.5,229,0.4
2026-07-30T23:14:47.947227,ABB271,,32.649124,-117.158423,,,88,,,-30.7,4,13.4
2026-07-30T23:14:53.026185,ABC478,SWA713,32.822845,-117.191052,,,121,,6034,-49.5,590,0.0
2026-07-30T23:14:53.026185,A24508,UAL1457,32.670959,-116.906396,,,90,,2041,-32.2,244,76.0
2026-07-30T23:14:53.026185,AA7F2A,UAL1266,32.809891,-117.275537,,,137,,7201,-26.2,516,0.9
2026-07-30T23:14:53.026185,A42E13,DAL819,32.664867,-116.929788,,,89,,1323,-49.5,106,9.5
2026-07-30T23:14:53.026185,A1F595,,32.869744,-117.18707,,,73,,,-29.0,52,1.4
2026-07-30T23:14:53.026185,ADA16B,N978AP,33.126114,-117.042627,,,168,,0224,-28.9,267,0.0
2026-07-30T23:14:53.026185,ABB271,,32.649124,-117.158423,,,88,,,-30.7,4,18.5
2026-07-30T23:14:58.104620,ABC478,SWA713,32.820957,-117.185333,,,111,,6034,-30.4,627,1.0
2026-07-30T23:14:58.104620,A24508,UAL1457,32.670959,-116.906396,,,90,,2041,-32.2,244,81.0
2026-07-30T23:14:58.104620,AA7F2A,UAL1266,32.808528,-117.274008,,,137,,7201,-49.5,522,5.0
2026-07-30T23:14:58.104620,A42E13,DAL819,32.664867,-116.929788,,,89,,1323,-49.5,106,14.5
2026-07-30T23:14:58.104620,A1F595,,32.871185,-117.18111,,,74,,,-29.0,68,2.5
2026-07-30T23:14:58.104620,ADA16B,N978AP,33.124012,-117.042118,,,168,,0224,-49.5,277,1.1
2026-07-30T23:14:58.104620,ABB271,,32.649124,-117.158423,,,88,,,-30.7,4,23.5
2026-07-30T23:15:03.167328,ABC478,SWA713,32.819095,-117.179671,,,111,,6034,-49.5,637,2.0
2026-07-30T23:15:03.167328,A24508,UAL1457,32.670959,-116.906396,,,90,,2041,-49.5,245,86.1
2026-07-30T23:15:03.167328,AA7F2A,UAL1266,32.798286,-117.262741,,,137,,7201,-31.0,535,2.8
2026-07-30T23:15:03.167328,A42E13,DAL819,32.665009,-116.903595,,,89,,1323,-29.6,116,3.3
2026-07-30T23:15:03.167328,A1F595,SWA257,32.873795,-117.170288,,,73,,7360,-49.5,101,0.5
2026-07-30T23:15:03.167328,ADA16B,N978AP,33.124012,-117.042118,,,168,,0224,-49.5,277,6.2
2026-07-30T23:15:03.167328,ABB271,,32.650635,-117.101953,,,88,,,-49.5,25,0.1
2026-07-30T23:15:08.208071,ABC478,SWA713,32.819095,-117.179671,,,111,,6034,-49.5,637,7.0
2026-07-30T23:15:08.208071,A24508,UAL1457,32.66915,-116.71051,,,90,,2041,-30.6,252,3.7
2026-07-30T23:15:08.208071,AA7F2A,UAL1266,32.787765,-117.251138,,,137,,7201,-49.5,550,0.5
2026-07-30T23:15:08.208071,A42E13,DAL819,32.665009,-116.903595,,,89,,1323,-49.5,117,8.4
2026-07-30T23:15:08.208071,A1F595,SWA257,32.875626,-117.162762,,,74,,7360,-23.2,160,0.7
2026-07-30T23:15:08.208071,ADA16B,N978AP,33.124012,-117.042118,,,168,,0224,-49.5,277,11.2
2026-07-30T23:15:08.208071,ABB271,,32.650635,-117.101953,,,88,,,-29.8,28,5.2
2026-07-30T23:15:13.261805,ABC478,SWA713,32.819095,-117.179671,,,111,,6034,-49.5,637,12.1
2026-07-30T23:15:13.261805,A24508,UAL1457,32.66915,-116.71051,,,90,,2041,-30.6,252,8.7
2026-07-30T23:15:13.261805,AA7F2A,UAL1266,32.781738,-117.244501,,,137,,7201,-49.5,570,1.3
2026-07-30T23:15:13.261805,A42E13,DAL819,32.665009,-116.903595,,,89,,1323,-49.5,121,13.4
2026-07-30T23:15:13.261805,A1F595,SWA257,32.876773,-117.157923,,,74,,7360,-29.9,191,2.6
2026-07-30T23:15:13.261805,ADA16B,N978AP,33.124012,-117.042118,,,168,,0224,-49.5,277,16.3
2026-07-30T23:15:13.261805,ABB271,,32.650635,-117.101953,,,88,,,-29.8,28,10.2
2026-07-30T23:15:18.313438,ABC478,SWA713,32.811414,-117.156353,,,111,,6034,-28.2,648,0.0
2026-07-30T23:15:18.313438,A24508,UAL1457,32.66915,-116.71051,,,90,,2041,-30.6,252,13.8
2026-07-30T23:15:18.313438,AA7F2A,UAL1266,32.774079,-117.23606,,,137,,7201,-29.5,584,1.0
2026-07-30T23:15:18.313438,A42E13,DAL819,32.665009,-116.903595,,,89,,1323,-30.5,124,18.5
2026-07-30T23:15:18.313438,A1F595,SWA257,32.879288,-117.147546,,,74,,7360,-49.5,217,0.9
2026-07-30T23:15:18.313438,ADA16B,N978AP,33.124012,-117.042118,,,168,,0224,-49.5,277,21.3
2026-07-30T23:15:18.313438,ABB271,,32.650635,-117.101953,,,88,,,-29.8,28,15.3
2026-07-30T23:15:23.376334,ABC478,SWA713,32.809158,-117.149579,,,111,,6034,-49.5,706,0.0
2026-07-30T23:15:23.376334,A24508,UAL1457,32.66915,-116.71051,,,90,,2041,-30.6,252,18.8
2026-07-30T23:15:23.376334,AA7F2A,UAL1266,32.766861,-117.228131,,,137,,7201,-49.5,630,1.0
2026-07-30T23:15:23.376334,A42E13,DAL819,32.665237,-116.872009,,,89,,1323,-31.7,127,5.0
2026-07-30T23:15:23.376334,A1F595,SWA257,32.881382,-117.138809,,,74,,7360,-18.7,296,0.4
2026-07-30T23:15:23.376334,ADA16B,N978AP,33.110275,-117.038892,,,168,,0224,-49.5,297,0.6
2026-07-30T23:15:23.376334,ABB271,,32.650635,-117.101953,,,88,,,-29.8,28,20.4
2026-07-30T23:15:28.415268,ABC478,SWA713,32.807271,-117.14391,,,111,,6034,-49.5,761,0.9
2026-07-30T23:15:28.415268,A24508,UAL1457,32.66915,-116.71051,,,90,,2041,-30.6,252,23.9
2026-07-30T23:15:28.415268,AA7F2A,UAL1266,32.758251,-117.218684,,,137,,7201,-49.5,662,0.0
2026-07-30T23:15:28.415268,A42E13,DAL819,32.665237,-116.872009,,,89,,1323,-31.7,127,10.0
2026-07-30T23:15:28.415268,A1F595,SWA257,32.883362,-117.130627,,,74,,7360,-49.5,369,0.2
2026-07-30T23:15:28.415268,ADA16B,N978AP,33.107391,-117.038177,,,168,,0224,-28.2,339,0.2
2026-07-30T23:15:28.415268,ABB271,,32.650635,-117.101953,,,88,,,-29.8,28,25.4
2026-07-30T23:15:33.470044,ABC478,SWA713,32.805502,-117.138473,,,111,,6034,-30.2,792,2.0
2026-07-30T23:15:33.470044,A24508,UAL1457,32.66915,-116.71051,,,90,,2041,-30.6,252,28.9
2026-07-30T23:15:33.470044,AA7F2A,UAL1266,32.752396,-117.212201,,,137,,7201,-28.2,692,0.9
2026-07-30T23:15:33.470044,A42E13,DAL819,32.665237,-116.872009,,,89,,1323,-31.7,127,15.1
2026-07-30T23:15:33.470044,A1F595,SWA257,32.884323,-117.126563,,,74,,7360,-29.2,400,2.7
2026-07-30T23:15:33.470044,ADA16B,N978AP,33.105377,-117.037738,,,168,,0224,-49.5,370,1.5
2026-07-30T23:15:33.470044,ABB271,,32.650635,-117.101953,,,88,,,-29.8,28,30.5
2026-07-30T23:15:38.518678,ABC478,SWA713,32.803665,-117.13277,,,111,,6034,-31.9,795,2.8
2026-07-30T23:15:38.518678,A24508,UAL1457,32.66915,-116.71051,,,90,,2041,-30.6,252,34.0
2026-07-30T23:15:38.518678,AA7F2A,UAL1266,32.752396,-117.212201,,,137,,7201,-49.5,694,6.0
2026-07-30T23:15:38.518678,A42E13,DAL819,32.665237,-116.872009,,,89,,1323,-31.7,127,20.1
2026-07-30T23:15:38.518678,A1F595,SWA257,32.886828,-117.115827,,,74,,7360,-49.5,462,1.0
2026-07-30T23:15:38.518678,ADA16B,N978AP,33.102081,-117.036914,,,168,,0224,-49.5,377,0.4
2026-07-30T23:15:38.518678,ABB271,,32.650635,-117.101953,,,88,,,-29.8,28,35.5
2026-07-30T23:15:43.597586,ABC478,SWA713,32.800598,-117.123322,,,111,,6034,-32.6,799,0.9
2026-07-30T23:15:43.597586,A24508,UAL1457,32.66915,-116.71051,,,90,,2041,-30.6,252,39.0
2026-07-30T23:15:43.597586,AA7F2A,UAL1266,32.737163,-117.195478,,,137,,7201,-29.1,700,0.2
2026-07-30T23:15:43.597586,A42E13,DAL819,32.665237,-116.872009,,,89,,1323,-31.7,127,25.2
2026-07-30T23:15:43.597586,A1F595,SWA257,32.88858,-117.108435,,,74,,7360,-49.5,541,1.3
2026-07-30T23:15:43.597586,ADA16B,N978AP,33.100388,-117.03653,,,168,,0224,-32.9,391,2.2
2026-07-30T23:15:43.597586,ABB271,,32.650635,-117.101953,,,88,,,-30.0,32,40.6
2026-07-30T23:15:48.654460,ABC478,SWA713,32.800598,-117.123322,,,111,,6034,-31.2,800,5.9
2026-07-30T23:15:48.654460,A24508,UAL1457,32.66915,-116.71051,,,90,,2041,-30.6,252,44.1
2026-07-30T23:15:48.654460,AA7F2A,UAL1266,32.737163,-117.195478,,,137,,7201,-29.1,700,5.3
2026-07-30T23:15:48.654460,A42E13,DAL819,32.665237,-116.872009,,,89,,1323,-31.7,127,30.2
2026-07-30T23:15:48.654460,A1F595,SWA257,32.890878,-117.098731,,,74,,7360,-49.5,593,0.3
2026-07-30T23:15:48.654460,ADA16B,N978AP,33.096725,-117.035651,,,168,,0224,-29.3,403,0.5
2026-07-30T23:15:48.654460,ABB271,SWA3480,32.653015,-117.00813,,,88,,1045,-49.5,74,0.7
2026-07-30T23:15:53.701373,ABC478,SWA713,32.795792,-117.108545,,,111,,6034,-30.3,835,0.0
2026-07-30T23:15:53.701373,A24508,UAL1457,32.66915,-116.71051,,,90,,2041,-30.6,252,49.2
2026-07-30T23:15:53.701373,AA7F2A,UAL1266,32.723477,-117.180456,,,137,,7201,-30.4,715,0.4
2026-07-30T23:15:53.701373,A42E13,DAL819,32.665237,-116.872009,,,89,,1323,-31.7,127,35.3
2026-07-30T23:15:53.701373,A1F595,SWA257,32.892694,-117.090884,,,74,,7360,-49.5,677,0.5
2026-07-30T23:15:53.701373,ADA16B,N978AP,33.094032,-117.034943,,,168,,0224,-49.5,457,0.5
2026-07-30T23:15:53.701373,ABB271,SWA3480,32.65309,-117.004507,,,88,,1045,-31.0,88,4.1
2026-07-30T23:15:58.779958,ABC478,SWA713,32.795792,-117.108545,,,111,,6034,-30.3,835,5.1
2026-07-30T23:15:58.779958,A24508,UAL1457,32.66915,-116.71051,,,90,,2041,-30.6,252,54.2
2026-07-30T23:15:58.779958,AA7F2A,UAL1266,32.721909,-117.178693,,,137,,7201,-32.7,723,4.3
2026-07-30T23:15:58.779958,A42E13,DAL819,32.665237,-116.872009,,,89,,1323,-31.7,127,40.4
2026-07-30T23:15:58.779958,A1F595,SWA257,32.894669,-117.082343,,,74,,7360,-49.5,745,0.4
2026-07-30T23:15:58.779958,ADA16B,N978AP,33.091278,-117.034332,,,168,,0224,-25.7,512,0.4
2026-07-30T23:15:58.779958,ABB271,SWA3480,32.65309,-117.004507,,,88,,1045,-31.0,88,9.2
2026-07-30T23:16:03.843389,ABC478,SWA713,32.795792,-117.108545,,,111,,6034,-30.3,835,10.2
2026-07-30T23:16:03.843389,A24508,UAL1457,32.66915,-116.71051,,,90,,2041,-30.6,252,59.3
2026-07-30T23:16:03.843389,AA7F2A,UAL1266,32.709366,-117.164905,,,137,,7201,-49.5,765,0.2
2026-07-30T23:16:03.843389,A42E13,DAL819,32.665237,-116.872009,,,89,,1323,-31.7,127,45.4
2026-07-30T23:16:03.843389,A1F595,SWA257,32.896651,-117.073732,,,74,,7360,-17.9,808,0.4
2026-07-30T23:16:03.843389,ADA16B,N978AP,33.088539,-117.03371,,,168,,0224,-49.5,557,0.3
2026-07-30T23:16:03.843389,ABB271,SWA3480,32.65309,-117.004507,,,88,,1045,-49.5,89,14.2
2026-07-30T23:16:08.883418,ABC478,SWA713,32.795792,-117.108545,,,111,,6034,-30.3,835,15.3
2026-07-30T23:16:08.883418,AA7F2A,UAL1266,32.702575,-117.157474,,,137,,7201,-49.5,817,0.3
2026-07-30T23:16:08.883418,A42E13,DAL819,32.665237,-116.872009,,,89,,1323,-31.7,127,50.5
2026-07-30T23:16:08.883418,A1F595,SWA257,32.898466,-117.065884,,,74,,7360,-24.2,860,0.8
2026-07-30T23:16:08.883418,ADA16B,N978AP,33.085739,-117.033014,,,168,,0224,-49.5,613,0.0
2026-07-30T23:16:08.883418,ABB271,SWA3480,32.654022,-116.967316,,,88,,1045,-49.5,101,1.9
2026-07-30T23:16:13.962843,ABC478,SWA713,32.795792,-117.108545,,,111,,6034,-30.3,835,20.3
2026-07-30T23:16:13.962843,AA7F2A,UAL1266,32.695964,-117.150244,,,137,,7201,-49.5,850,0.5
2026-07-30T23:16:13.962843,A42E13,DAL819,32.665237,-116.872009,,,89,,1323,-31.7,127,55.6
2026-07-30T23:16:13.962843,A1F595,SWA257,32.900757,-117.05603,,,74,,7360,-26.2,931,0.3
2026-07-30T23:16:13.962843,ADA16B,N978AP,33.083038,-117.03241,,,168,,0224,-49.5,645,0.2
2026-07-30T23:16:13.962843,ABB271,SWA3480,32.654388,-116.952649,,,88,,1045,-28.2,143,0.1
2026-07-30T23:16:19.041576,ABC478,SWA713,32.795792,-117.108545,,,111,,6034,-29.4,836,25.4
2026-07-30T23:16:19.041576,AA7F2A,UAL1266,32.690414,-117.144086,,,137,,7201,-49.5,881,1.5
2026-07-30T23:16:19.041576,A1F595,SWA257,32.902725,-117.047516,,,74,,7360,-27.2,995,0.5
2026-07-30T23:16:19.041576,ADA16B,N978AP,33.080383,-117.03175,,,169,,0224,-49.5,689,0.2
2026-07-30T23:16:19.041576,ABB271,SWA3480,32.654579,-116.94453,,,88,,1045,-49.5,177,1.4
2026-07-30T23:16:24.106213,ABC478,SWA713,32.782598,-117.068799,,,111,,6034,-49.5,841,1.0
2026-07-30T23:16:24.106213,AA7F2A,UAL1266,32.685059,-117.138263,,,137,,7201,-29.9,896,2.7
2026-07-30T23:16:24.106213,A1F595,SWA257,32.904844,-117.03825,,,74,,7360,-49.5,1065,0.5
2026-07-30T23:16:24.106213,ADA16B,N978AP,33.077682,-117.031146,,,169,,0224,-49.5,753,0.3
2026-07-30T23:16:24.106213,ABB271,SWA3480,32.654579,-116.94453,,,88,,1045,-49.5,177,6.5
2026-07-30T23:16:24.106213,A2FB32,SWA948,32.86647,-117.400562,,,310,,,-31.5,16,0.8
2026-07-30T23:16:29.179767,ABC478,SWA713,32.782598,-117.068799,,,111,,6034,-49.5,841,6.1
2026-07-30T23:16:29.179767,AA7F2A,UAL1266,32.685059,-117.138263,,,137,,7201,-29.9,896,7.7
2026-07-30T23:16:29.179767,A1F595,SWA257,32.907303,-117.027905,,,74,,7360,-49.5,1105,0.0
2026-07-30T23:16:29.179767,ADA16B,N978AP,33.075039,-117.030571,,,169,,0224,-21.4,804,0.3
2026-07-30T23:16:29.179767,ABB271,SWA3480,32.654579,-116.94453,,,88,,1045,-49.5,178,11.6
2026-07-30T23:16:29.179767,A2FB32,SWA948,32.86647,-117.400562,,,310,,,-49.5,18,5.9
2026-07-30T23:16:34.264061,ABC478,SWA713,32.782598,-117.068799,,,111,,6034,-49.5,841,11.2
2026-07-30T23:16:34.264061,AA7F2A,UAL1266,32.685059,-117.138263,,,137,,7201,-49.5,897,12.8
2026-07-30T23:16:34.264061,A1F595,SWA257,32.909409,-117.018732,,,74,,7360,-49.5,1182,0.2
2026-07-30T23:16:34.264061,ADA16B,N978AP,33.07251,-117.029828,,,158,,0224,-25.8,856,0.3
2026-07-30T23:16:34.264061,ABB271,SWA3480,32.654579,-116.94453,,,88,,1045,-49.5,178,16.6
2026-07-30T23:16:34.264061,A2FB32,SWA948,32.86647,-117.400562,,,310,,,-49.5,18,11.0
2026-07-30T23:16:39.333606,ABC478,SWA713,32.782598,-117.068799,,,111,,6034,-49.5,841,16.2
2026-07-30T23:16:39.333606,AA7F2A,UAL1266,32.661255,-117.110962,,,134,,7201,-49.5,917,0.2
2026-07-30T23:16:39.333606,A1F595,SWA257,32.911641,-117.009159,,,74,,7360,-27.1,1239,0.3
2026-07-30T23:16:39.333606,ADA16B,N978AP,33.070291,-117.028161,,,138,,0224,-49.5,913,0.3
2026-07-30T23:16:39.333606,ABB271,SWA3480,32.654579,-116.94453,,,88,,1045,-49.5,178,21.7
2026-07-30T23:16:39.333606,A2FB32,SWA948,32.86647,-117.400562,,,310,,,-49.5,18,16.0
2026-07-30T23:16:39.333606,A416BE,,33.085327,-117.512792,,,,,,-49.5,2,0.7
2026-07-30T23:16:44.382101,ABC478,SWA713,32.782598,-117.068799,,,111,,6034,-49.5,841,21.3
2026-07-30T23:16:44.382101,AA7F2A,UAL1266,32.654663,-117.102448,,,131,,7201,-49.5,966,0.0
2026-07-30T23:16:44.382101,A1F595,SWA257,32.913922,-116.99935,,,74,,7360,-18.6,1300,0.2
2026-07-30T23:16:44.382101,ADA16B,N978AP,33.068619,-117.025543,,,119,,0224,-49.5,978,0.0
2026-07-30T23:16:44.382101,ABB271,SWA3480,32.655807,-116.89184,,,88,,1045,-31.9,180,2.0
2026-07-30T23:16:44.382101,A2FB32,SWA948,32.86647,-117.400562,,,310,,,-49.5,18,21.1
2026-07-30T23:16:44.382101,A416BE,UAL594,33.080625,-117.506402,,,131,,,-30.3,31,0.8
2026-07-30T23:16:49.460923,ABC478,SWA713,32.782598,-117.068799,,,111,,6034,-49.5,841,26.4
2026-07-30T23:16:49.460923,AA7F2A,UAL1266,32.648807,-117.094751,,,131,,7201,-28.5,1028,0.5
2026-07-30T23:16:49.460923,A1F595,SWA257,32.916275,-116.989233,,,74,,7360,-49.5,1361,0.1
2026-07-30T23:16:49.460923,ADA16B,N978AP,33.06752,-117.022522,,,108,,0224,-49.5,1022,0.0
2026-07-30T23:16:49.460923,ABB271,SWA3480,32.655807,-116.89184,,,88,,1045,-49.5,181,7.1
2026-07-30T23:16:49.460923,A2FB32,SWA948,32.86647,-117.400562,,,310,,,-49.5,18,26.2
2026-07-30T23:16:49.460923,A416BE,UAL594,33.076808,-117.50119,,,131,,4743,-49.5,70,1.8
2026-07-30T23:16:54.539863,ABC478,SWA713,32.782598,-117.068799,,,111,,6034,-49.5,841,31.5
2026-07-30T23:16:54.539863,AA7F2A,UAL1266,32.643036,-117.087177,,,131,,7201,-49.5,1074,0.8
2026-07-30T23:16:54.539863,A1F595,SWA257,32.918518,-116.979565,,,74,,7360,-49.5,1442,0.2
2026-07-30T23:16:54.539863,ADA16B,N978AP,33.066833,-117.019556,,,103,,0224,-49.5,1050,0.5
2026-07-30T23:16:54.539863,ABB271,SWA3480,32.655807,-116.89184,,,88,,1045,-33.7,187,12.1
2026-07-30T23:16:54.539863,A2FB32,SWA948,32.86647,-117.400562,,,310,,,-49.5,18,31.2
2026-07-30T23:16:54.539863,A416BE,UAL594,33.076808,-117.50119,,,131,,4743,-49.5,70,6.9
2026-07-30T23:16:59.593039,ABC478,SWA713,32.782598,-117.068799,,,111,,6034,-49.5,841,36.5
2026-07-30T23:16:59.593039,AA7F2A,UAL1266,32.635679,-117.077487,,,132,,7201,-29.5,1104,0.0
2026-07-30T23:16:59.593039,A1F595,SWA257,32.920807,-116.969843,,,74,,7360,-30.4,1475,0.2
2026-07-30T23:16:59.593039,ADA16B,N978AP,33.066376,-117.01593,,,96,,0224,-49.5,1106,0.2
2026-07-30T23:16:59.593039,ABB271,SWA3480,32.656631,-116.857947,,,88,,1045,-49.5,202,0.7
2026-07-30T23:16:59.593039,A2FB32,SWA948,32.86647,-117.400562,,,310,,,-49.5,18,36.3
2026-07-30T23:16:59.593039,A416BE,UAL594,33.076808,-117.50119,,,131,,4743,-49.5,70,11.9
2026-07-30T23:17:04.630139,ABC478,SWA713,32.782598,-117.068799,,,111,,6034,-49.5,841,41.6
2026-07-30T23:17:04.630139,AA7F2A,UAL1266,32.631866,-117.07251,,,132,,7201,-49.5,1133,2.1
2026-07-30T23:17:04.630139,A1F595,SWA257,32.92305,-116.96012,,,74,,7360,-49.5,1517,0.3
2026-07-30T23:17:04.630139,ADA16B,N978AP,33.066147,-117.012524,,,92,,0224,-49.5,1154,0.3
2026-07-30T23:17:04.630139,ABB271,SWA3480,32.656674,-116.856303,,,88,,1045,-49.5,205,4.9
2026-07-30T23:17:04.630139,A2FB32,SWA948,32.86647,-117.400562,,,310,,,-49.5,18,41.3
2026-07-30T23:17:04.630139,A416BE,UAL594,33.076808,-117.50119,,,131,,4743,-49.5,70,17.0
2026-07-30T23:17:09.701411,ABC478,SWA713,32.782598,-117.068799,,,111,,6034,-49.5,841,46.6
2026-07-30T23:17:09.701411,AA7F2A,UAL1266,32.626927,-117.066052,,,132,,7201,-31.1,1140,3.2
2026-07-30T23:17:09.701411,A1F595,SWA257,32.924955,-116.952041,,,74,,7360,-28.3,1552,1.3
2026-07-30T23:17:09.701411,ADA16B,N978AP,33.066055,-117.008991,,,89,,0224,-27.6,1211,0.0
2026-07-30T23:17:09.701411,ABB271,SWA3480,32.656674,-116.856303,,,88,,1045,-49.5,205,10.0
2026-07-30T23:17:09.701411,A2FB32,SWA948,32.86647,-117.400562,,,310,,,-49.5,18,46.4
2026-07-30T23:17:09.701411,A416BE,UAL594,33.076808,-117.50119,,,131,,4743,-49.5,70,22.0
2026-07-30T23:17:14.746585,ABC478,SWA713,32.782598,-117.068799,,,111,,6034,-49.5,841,51.7
2026-07-30T23:17:14.746585,AA7F2A,UAL1266,32.616593,-117.052544,,,132,,7201,-49.5,1154,0.0
2026-07-30T23:17:14.746585,A1F595,SWA257,32.927748,-116.93999,,,74,,7360,-49.5,1569,0.3
2026-07-30T23:17:14.746585,ADA16B,N978AP,33.066148,-117.006188,,,87,,0224,-49.5,1246,0.8
2026-07-30T23:17:14.746585,ABB271,SWA3480,32.656674,-116.856303,,,88,,1045,-49.5,205,15.0
2026-07-30T23:17:14.746585,A2FB32,SWA948,32.86647,-117.400562,,,310,,,-49.5,18,51.4
2026-07-30T23:17:14.746585,A416BE,UAL594,33.076808,-117.50119,,,131,,4743,-31.6,72,27.1
2026-07-30T23:17:19.811215,ABC478,SWA713,32.782598,-117.068799,,,111,,6034,-49.5,841,56.7
2026-07-30T23:17:19.811215,AA7F2A,UAL1266,32.615196,-117.050694,,,132,,7201,-31.5,1160,4.0
2026-07-30T23:17:19.811215,A1F595,SWA257,32.930099,-116.929907,,,74,,7360,-49.5,1614,0.3
2026-07-30T23:17:19.811215,ADA16B,N978AP,33.066334,-117.002601,,,86,,0224,-49.5,1278,0.3
2026-07-30T23:17:19.811215,ABB271,SWA3480,32.656674,-116.856303,,,88,,1045,-49.5,205,20.1
2026-07-30T23:17:19.811215,A2FB32,SWA948,32.86647,-117.400562,,,310,,,-49.5,18,56.5
2026-07-30T23:17:19.811215,A416BE,UAL594,33.076808,-117.50119,,,131,,4743,-31.6,72,32.2
2026-07-30T23:17:24.850236,AA7F2A,UAL1266,32.605042,-117.037408,,,132,,7201,-49.5,1165,1.1
2026-07-30T23:17:24.850236,A1F595,SWA257,32.932496,-116.919699,,,74,,7360,-49.5,1658,0.2
2026-07-30T23:17:24.850236,ADA16B,N978AP,33.066473,-116.999238,,,87,,0224,-49.5,1329,0.2
2026-07-30T23:17:24.850236,ABB271,SWA3480,32.656674,-116.856303,,,88,,1045,-49.5,205,25.2
2026-07-30T23:17:24.850236,A2FB32,SWA948,32.86647,-117.400562,,,310,,,-49.5,18,61.6
2026-07-30T23:17:24.850236,A416BE,UAL594,33.046646,-117.460107,,,131,,4743,-33.7,79,4.5
2026-07-30T23:17:29.928770,AA7F2A,UAL1266,32.597351,-117.027356,,,132,,7201,-49.5,1190,0.0
2026-07-30T23:17:29.928770,A1F595,SWA257,32.933474,-116.915495,,,74,,7360,-32.9,1671,3.1
2026-07-30T23:17:29.928770,ADA16B,N978AP,33.066376,-116.996155,,,99,,0224,-30.4,1379,0.3
2026-07-30T23:17:29.928770,ABB271,SWA3480,32.656674,-116.856303,,,88,,1045,-49.5,205,30.2
2026-07-30T23:17:29.928770,A416BE,UAL594,33.046646,-117.460107,,,131,,4743,-33.7,79,9.5
2026-07-30T23:17:35.008199,AA7F2A,UAL1266,32.592153,-117.020482,,,131,,7201,-30.5,1207,1.0
2026-07-30T23:17:35.008199,A1F595,SWA257,32.937105,-116.899968,,,74,,7360,-30.4,1688,0.4
2026-07-30T23:17:35.008199,ADA16B,N978AP,33.065589,-116.99324,,,115,,0224,-29.1,1419,0.5
2026-07-30T23:17:35.008199,ABB271,SWA3480,32.656674,-116.856303,,,88,,1045,-49.5,205,35.3
2026-07-30T23:17:35.008199,A416BE,UAL594,33.046646,-117.460107,,,131,,4743,-33.7,79,14.6
2026-07-30T23:17:35.008199,A42E13,,32.666078,-116.611241,,,,,,-49.5,17,0.5
2026-07-30T23:17:40.072762,AA7F2A,UAL1266,32.585635,-117.011962,,,131,,7201,-49.5,1225,0.9
2026-07-30T23:17:40.072762,A1F595,SWA257,32.938065,-116.895795,,,74,,7360,-32.2,1707,3.4
2026-07-30T23:17:40.072762,ADA16B,N978AP,33.064133,-116.990552,,,126,,0224,-29.4,1459,0.5
2026-07-30T23:17:40.072762,ABB271,SWA3480,32.656674,-116.856303,,,88,,1045,-49.5,205,40.4
2026-07-30T23:17:40.072762,A416BE,UAL594,33.046646,-117.460107,,,131,,4743,-33.7,79,19.7
2026-07-30T23:17:40.072762,A42E13,,32.666078,-116.611241,,,,,,-49.5,17,5.6
2026-07-30T23:17:45.146835,AA7F2A,UAL1266,32.57959,-117.003955,,,131,,7201,-31.3,1236,1.2
2026-07-30T23:17:45.146835,A1F595,SWA257,32.94104,-116.882831,,,74,,7360,-30.8,1720,2.1
2026-07-30T23:17:45.146835,ADA16B,N978AP,33.063126,-116.989069,,,131,,0224,-28.5,1488,2.6
2026-07-30T23:17:45.146835,ABB271,SWA3480,32.656674,-116.856303,,,88,,1045,-49.5,205,45.4
2026-07-30T23:17:45.146835,A416BE,UAL594,33.046646,-117.460107,,,131,,4743,-33.7,79,24.7
2026-07-30T23:17:45.146835,A42E13,,32.666078,-116.611241,,,,,,-49.5,17,10.6
2026-07-30T23:17:50.190558,AA7F2A,UAL1266,32.57959,-117.003955,,,131,,7201,-49.5,1238,6.2
2026-07-30T23:17:50.190558,A1F595,SWA257,32.94104,-116.882831,,,74,,7360,-49.5,1721,7.2
2026-07-30T23:17:50.190558,ADA16B,N978AP,33.060375,-116.985449,,,131,,0224,-49.5,1521,0.1
2026-07-30T23:17:50.190558,ABB271,SWA3480,32.656674,-116.856303,,,88,,1045,-49.5,205,50.5
2026-07-30T23:17:50.190558,A416BE,UAL594,33.020279,-117.423962,,,130,,4743,-32.5,91,0.6
2026-07-30T23:17:50.190558,A42E13,,32.666078,-116.611241,,,,,,-49.5,17,15.7
2026-07-30T23:17:55.269353,AA7F2A,UAL1266,32.57959,-117.003955,,,131,,7201,-49.5,1238,11.3
2026-07-30T23:17:55.269353,A1F595,SWA257,32.94104,-116.882831,,,74,,7360,-49.5,1722,12.3
2026-07-30T23:17:55.269353,ADA16B,N978AP,33.058548,-116.982971,,,131,,0224,-30.5,1579,0.0
2026-07-30T23:17:55.269353,ABB271,SWA3480,32.656674,-116.856303,,,88,,1045,-49.5,205,55.6
2026-07-30T23:17:55.269353,A416BE,UAL594,33.018356,-117.421381,,,130,,4743,-49.5,101,3.6
2026-07-30T23:17:55.269353,A42E13,,32.666078,-116.611241,,,,,,-49.5,17,20.8
2026-07-30T23:18:00.348813,AA7F2A,UAL1266,32.57959,-117.003955,,,131,,7201,-33.2,1239,16.4
2026-07-30T23:18:00.348813,A1F595,SWA257,32.94104,-116.882831,,,74,,7360,-49.5,1722,17.3
2026-07-30T23:18:00.348813,ADA16B,N978AP,33.056854,-116.980664,,,130,,0224,-29.1,1624,0.3
2026-07-30T23:18:00.348813,ABB271,SWA3480,32.656674,-116.856303,,,88,,1045,-49.5,205,60.6
2026-07-30T23:18:00.348813,A416BE,UAL594,33.018356,-117.421381,,,130,,4743,-33.1,103,8.6
2026-07-30T23:18:00.348813,A42E13,,32.666078,-116.611241,,,,,,-49.5,17,25.8
2026-07-30T23:18:05.413026,AA7F2A,UAL1266,32.57959,-117.003955,,,132,,7201,-49.5,1249,21.5
2026-07-30T23:18:05.413026,A1F595,SWA257,32.94104,-116.882831,,,74,,7360,-49.5,1722,22.4
2026-07-30T23:18:05.413026,ADA16B,N978AP,33.055068,-116.978218,,,130,,0224,-49.5,1670,0.3
2026-07-30T23:18:05.413026,A416BE,UAL594,33.018356,-117.421381,,,130,,4743,-31.7,104,13.7
2026-07-30T23:18:05.413026,A42E13,,32.666078,-116.611241,,,,,,-49.5,17,30.9
2026-07-30T23:18:10.490369,AA7F2A,UAL1266,32.54723,-116.961514,,,131,,7201,-49.5,1269,1.2
2026-07-30T23:18:10.490369,A1F595,SWA257,32.94104,-116.882831,,,74,,7360,-49.5,1722,27.5
2026-07-30T23:18:10.490369,ADA16B,N978AP,33.054416,-116.977209,,,129,,0224,-32.9,1687,3.4
2026-07-30T23:18:10.490369,A416BE,UAL594,33.018356,-117.421381,,,130,,4743,-31.7,104,18.8
2026-07-30T23:18:10.490369,A42E13,,32.666078,-116.611241,,,,,,-49.5,17,36.0
2026-07-30T23:18:15.531356,AA7F2A,UAL1266,32.541737,-116.954339,,,131,,7201,-33.4,1283,2.0
2026-07-30T23:18:15.531356,A1F595,SWA257,32.94104,-116.882831,,,74,,7360,-49.5,1722,32.5
2026-07-30T23:18:15.531356,ADA16B,N978AP,33.051682,-116.973523,,,133,,0224,-31.5,1699,0.5
2026-07-30T23:18:15.531356,A416BE,UAL594,33.018356,-117.421381,,,130,,4743,-49.5,105,23.8
2026-07-30T23:18:15.531356,A42E13,,32.666078,-116.611241,,,,,,-49.5,17,41.0
2026-07-30T23:18:20.582869,AA7F2A,UAL1266,32.541737,-116.954339,,,131,,7201,-32.1,1284,7.0
2026-07-30T23:18:20.582869,A1F595,SWA257,32.94104,-116.882831,,,74,,7360,-49.5,1722,37.5
2026-07-30T23:18:20.582869,ADA16B,N978AP,33.051498,-116.973303,,,133,,0224,-49.5,1701,5.0
2026-07-30T23:18:20.582869,A416BE,UAL594,33.018356,-117.421381,,,130,,4743,-49.5,105,28.8
2026-07-30T23:18:20.582869,A42E13,,32.666078,-116.611241,,,,,,-49.5,17,46.0
2026-07-30T23:18:25.625445,AA7F2A,UAL1266,32.541737,-116.954339,,,131,,7201,-32.1,1284,12.1
2026-07-30T23:18:25.625445,A1F595,SWA257,32.94104,-116.882831,,,74,,7360,-49.5,1722,42.6
2026-07-30T23:18:25.625445,ADA16B,N978AP,33.051498,-116.973303,,,133,,0224,-49.5,1701,10.0
2026-07-30T23:18:25.625445,A416BE,UAL594,32.987869,-117.379358,,,130,,4743,-29.6,131,0.1
2026-07-30T23:18:25.625445,A42E13,,32.666078,-116.611241,,,,,,-49.5,17,51.1
2026-07-30T23:18:30.685522,AA7F2A,UAL1266,32.541737,-116.954339,,,131,,7201,-32.1,1284,17.1
2026-07-30T23:18:30.685522,A1F595,SWA257,32.94104,-116.882831,,,74,,7360,-49.5,1722,47.7
2026-07-30T23:18:30.685522,ADA16B,N978AP,33.051498,-116.973303,,,133,,0224,-49.5,1701,15.1
2026-07-30T23:18:30.685522,A416BE,UAL594,32.987869,-117.379358,,,130,,4743,-49.5,137,5.2
2026-07-30T23:18:30.685522,A42E13,,32.666078,-116.611241,,,,,,-49.5,17,56.2
2026-07-30T23:18:30.685522,ABB271,,32.660751,-116.677057,,,88,,1045,-49.5,22,0.7
2026-07-30T23:18:35.737901,AA7F2A,UAL1266,32.519066,-116.924856,,,132,,7201,-32.2,1295,4.8
2026-07-30T23:18:35.737901,A1F595,SWA257,32.965688,-116.776652,,,74,,7360,-49.5,1726,1.1
2026-07-30T23:18:35.737901,ADA16B,N978AP,33.051498,-116.973303,,,133,,0224,-49.5,1701,20.2
2026-07-30T23:18:35.737901,A416BE,UAL594,32.979355,-117.367603,,,130,,4743,-30.9,151,0.7
2026-07-30T23:18:35.737901,ABB271,,32.660817,-116.674973,,,88,,1045,-49.5,33,4.8
2026-07-30T23:18:40.817019,AA7F2A,UAL1266,32.507217,-116.909857,,,132,,7201,-49.5,1301,1.0
2026-07-30T23:18:40.817019,A1F595,SWA257,32.965688,-116.776652,,,74,,7360,-30.5,1728,6.2
2026-07-30T23:18:40.817019,ADA16B,N978AP,33.042732,-116.96527,,,133,,0224,-49.5,1702,3.5
2026-07-30T23:18:40.817019,A416BE,UAL594,32.974823,-117.36134,,,130,,4743,-32.8,187,0.9
2026-07-30T23:18:40.817019,ABB271,,32.660817,-116.674973,,,88,,1045,-49.5,33,9.9
2026-07-30T23:18:45.895943,AA7F2A,UAL1266,32.499893,-116.900574,,,132,,7201,-29.4,1312,0.5
2026-07-30T23:18:45.895943,A1F595,SWA257,32.965688,-116.776652,,,74,,7360,-30.5,1728,11.3
2026-07-30T23:18:45.895943,ADA16B,N978AP,33.039276,-116.963031,,,153,,0224,-32.6,1711,0.7
2026-07-30T23:18:45.895943,A416BE,UAL594,32.974823,-117.36134,,,130,,4743,-31.6,191,5.9
2026-07-30T23:18:45.895943,ABB271,,32.660817,-116.674973,,,88,,1045,-49.5,33,15.0
2026-07-30T23:18:50.947912,AA7F2A,UAL1266,32.494675,-116.893982,,,132,,7201,-49.5,1334,1.7
2026-07-30T23:18:50.947912,A1F595,SWA257,32.973183,-116.744254,,,74,,7360,-49.5,1733,0.8
2026-07-30T23:18:50.947912,ADA16B,N978AP,33.039276,-116.963031,,,153,,0224,-31.7,1716,5.8
2026-07-30T23:18:50.947912,A416BE,UAL594,32.965759,-117.348706,,,130,,4743,-28.6,212,0.7
2026-07-30T23:18:50.947912,ABB271,,32.660817,-116.674973,,,88,,1045,-49.5,33,20.0
2026-07-30T23:18:50.947912,A717B6,,33.529861,-117.399023,,,93,,,-31.0,8,2.1
2026-07-30T23:18:50.947912,780C5D,,32.971879,-116.276662,,,300,,,-32.9,15,1.5
2026-07-30T23:18:55.999232,AA7F2A,UAL1266,32.486343,-116.88338,,,132,,7201,-30.6,1356,0.4
2026-07-30T23:18:55.999232,A1F595,SWA257,32.974136,-116.740173,,,74,,7360,-49.5,1741,3.9
2026-07-30T23:18:55.999232,ADA16B,N978AP,33.036118,-116.961273,,,153,,0224,-49.5,1721,3.8
2026-07-30T23:18:55.999232,A416BE,UAL594,32.965759,-117.348706,,,130,,4743,-49.5,217,5.7
2026-07-30T23:18:55.999232,ABB271,,32.660817,-116.674973,,,88,,1045,-49.5,33,25.1
2026-07-30T23:18:55.999232,A717B6,,33.529449,-117.388092,,,93,,,-49.5,13,2.8
2026-07-30T23:18:55.999232,780C5D,,32.97416,-116.281203,,,300,,,-31.3,16,4.5
2026-07-30T23:18:55.999232,A2FB32,,33.019223,-117.615313,,,,,,-49.5,2,1.4
2026-07-30T23:19:01.063382,AA7F2A,UAL1266,32.479477,-116.874701,,,132,,7201,-49.5,1369,0.5
2026-07-30T23:19:01.063382,A1F595,SWA257,32.974136,-116.740173,,,74,,7360,-49.5,1741,9.0
2026-07-30T23:19:01.063382,ADA16B,N978AP,33.036118,-116.961273,,,153,,0224,-49.5,1721,8.9
2026-07-30T23:19:01.063382,A416BE,UAL594,32.958565,-117.338749,,,130,,4743,-31.4,231,2.9
2026-07-30T23:19:01.063382,ABB271,,32.660817,-116.674973,,,88,,1045,-49.5,33,30.1
2026-07-30T23:19:01.063382,A717B6,,33.529296,-117.369466,,,93,,,-49.5,17,0.6
2026-07-30T23:19:01.063382,780C5D,,32.97416,-116.281203,,,300,,,-31.3,16,9.6
2026-07-30T23:19:01.063382,A2FB32,,33.019223,-117.615313,,,,,,-49.5,2,6.4
2026-07-30T23:19:06.143198,AA7F2A,UAL1266,32.479477,-116.874701,,,132,,7201,-32.9,1375,5.6
2026-07-30T23:19:06.143198,A1F595,SWA257,32.974136,-116.740173,,,74,,7360,-49.5,1741,14.1
2026-07-30T23:19:06.143198,ADA16B,N978AP,33.036118,-116.961273,,,153,,0224,-49.5,1721,14.0
2026-07-30T23:19:06.143198,A416BE,UAL594,32.951443,-117.328828,,,130,,4743,-49.5,257,0.0
2026-07-30T23:19:06.143198,ABB271,,32.660817,-116.674973,,,88,,1045,-49.5,34,35.2
2026-07-30T23:19:06.143198,A717B6,,33.529296,-117.361674,,,90,,,-49.5,29,2.7
2026-07-30T23:19:06.143198,780C5D,,32.988144,-116.30929,,,300,,,-30.7,24,2.7
2026-07-30T23:19:06.143198,A2FB32,,33.019223,-117.615313,,,,,,-49.5,2,11.5
2026-07-30T23:19:11.216723,AA7F2A,UAL1266,32.479477,-116.874701,,,132,,7201,-49.5,1377,10.6
2026-07-30T23:19:11.216723,A1F595,SWA257,32.974136,-116.740173,,,74,,7360,-49.5,1741,19.2
2026-07-30T23:19:11.216723,ADA16B,N978AP,33.036118,-116.961273,,,153,,0224,-49.5,1721,19.1
2026-07-30T23:19:11.216723,A416BE,UAL594,32.948227,-117.324426,,,130,,4743,-49.5,269,1.4
2026-07-30T23:19:11.216723,ABB271,,32.660817,-116.674973,,,88,,1045,-49.5,34,40.3
2026-07-30T23:19:11.216723,A717B6,,33.529296,-117.361674,,,90,,,-49.5,29,7.8
2026-07-30T23:19:11.216723,780C5D,,32.995972,-116.325,,,300,,,-31.6,36,1.1
2026-07-30T23:19:11.216723,A2FB32,,33.019223,-117.615313,,,,,,-49.5,2,16.6
2026-07-30T23:19:16.260358,AA7F2A,UAL1266,32.479477,-116.874701,,,132,,7201,-49.5,1377,15.7
2026-07-30T23:19:16.260358,A1F595,SWA257,32.974136,-116.740173,,,74,,7360,-49.5,1741,24.2
2026-07-30T23:19:16.260358,ADA16B,N978AP,33.036118,-116.961273,,,153,,1200,-34.2,1723,24.1
2026-07-30T23:19:16.260358,A416BE,UAL594,32.944693,-117.319523,,,130,,4743,-49.5,282,2.5
2026-07-30T23:19:16.260358,ABB271,,32.660817,-116.674973,,,88,,1045,-49.5,34,45.3
2026-07-30T23:19:16.260358,A717B6,,33.529296,-117.361674,,,90,,,-49.5,29,12.8
2026-07-30T23:19:16.260358,780C5D,,33.003021,-116.339117,,,300,,6715,-31.1,55,0.1
2026-07-30T23:19:16.260358,A2FB32,,33.019223,-117.615313,,,,,,-49.5,2,21.6
2026-07-30T23:19:21.325164,AA7F2A,UAL1266,32.479477,-116.874701,,,132,,7201,-49.5,1377,20.7
2026-07-30T23:19:21.325164,A1F595,SWA257,32.974136,-116.740173,,,74,,7360,-49.5,1741,29.3
2026-07-30T23:19:21.325164,ADA16B,N978AP,33.0233,-116.954517,,,157,,1200,-49.5,1745,0.3
2026-07-30T23:19:21.325164,A416BE,UAL594,32.939484,-117.312341,,,130,,4743,-31.3,303,1.7
2026-07-30T23:19:21.325164,ABB271,,32.660817,-116.674973,,,88,,1045,-49.5,34,50.4
2026-07-30T23:19:21.325164,A717B6,,33.529296,-117.361674,,,90,,,-49.5,29,17.8
2026-07-30T23:19:21.325164,780C5D,,33.008606,-116.350378,,,300,,6715,-30.9,76,0.4
2026-07-30T23:19:21.325164,A2FB32,,33.019223,-117.615313,,,,,,-49.5,2,26.7
2026-07-30T23:19:26.364191,AA7F2A,UAL1266,32.479477,-116.874701,,,132,,7201,-49.5,1377,25.8
2026-07-30T23:19:26.364191,A1F595,SWA257,32.990593,-116.669031,,,74,,7360,-49.5,1749,0.7
2026-07-30T23:19:26.364191,ADA16B,N978AP,33.021011,-116.953363,,,157,,1200,-33.6,1767,0.4
2026-07-30T23:19:26.364191,A416BE,UAL594,32.93454,-117.305475,,,130,,4743,-49.5,361,1.1
2026-07-30T23:19:26.364191,ABB271,,32.660817,-116.674973,,,88,,1045,-49.5,34,55.5
2026-07-30T23:19:26.364191,A717B6,,33.529063,-117.30579,,,90,,,-49.5,34,1.4
2026-07-30T23:19:26.364191,780C5D,CAO1010,33.014328,-116.361914,,,300,,6715,-49.5,106,0.5
2026-07-30T23:19:26.364191,A2FB32,,33.019223,-117.615313,,,,,,-49.5,2,31.8
2026-07-30T23:19:31.444024,AA7F2A,UAL1266,32.479477,-116.874701,,,132,,7201,-49.5,1377,30.9
2026-07-30T23:19:31.444024,A1F595,SWA257,32.992401,-116.661017,,,74,,7360,-49.5,1769,2.0
2026-07-30T23:19:31.444024,ADA16B,N978AP,33.019037,-116.952378,,,157,,1200,-49.5,1797,1.1
2026-07-30T23:19:31.444024,A416BE,UAL594,32.93454,-117.305475,,,130,,4743,-49.5,369,6.2
2026-07-30T23:19:31.444024,ABB271,,32.660817,-116.674973,,,88,,1045,-49.5,34,60.5
2026-07-30T23:19:31.444024,A717B6,,33.529063,-117.30579,,,90,,,-33.3,35,6.4
2026-07-30T23:19:31.444024,780C5D,CAO1010,33.019089,-116.371362,,,300,,6715,-49.5,153,1.5
2026-07-30T23:19:31.444024,A2FB32,,33.019223,-117.615313,,,,,,-49.5,2,36.8
2026-07-30T23:19:36.504827,AA7F2A,UAL1266,32.479477,-116.874701,,,132,,7201,-49.5,1377,35.9
2026-07-30T23:19:36.504827,A1F595,SWA257,32.992401,-116.661017,,,74,,7360,-49.5,1770,7.0
2026-07-30T23:19:36.504827,ADA16B,N978AP,33.016251,-116.951056,,,157,,1200,-30.2,1827,0.1
2026-07-30T23:19:36.504827,A416BE,UAL594,32.924908,-117.292169,,,130,,4743,-23.9,408,0.2
2026-07-30T23:19:36.504827,ABB271,,32.660817,-116.674973,,,88,,1045,-49.5,34,65.6
2026-07-30T23:19:36.504827,A717B6,,33.529063,-117.30579,,,90,,,-33.3,35,11.5
2026-07-30T23:19:36.504827,780C5D,CAO1010,33.025554,-116.38462,,,299,,6715,-28.5,195,0.9
2026-07-30T23:19:36.504827,A2FB32,,33.019223,-117.615313,,,,,,-49.5,2,41.9
2026-07-30T23:19:41.547041,AA7F2A,UAL1266,32.479477,-116.874701,,,132,,7201,-49.5,1377,41.0
2026-07-30T23:19:41.547041,A1F595,SWA257,32.997757,-116.638495,,,73,,7360,-33.0,1775,1.5
2026-07-30T23:19:41.547041,ADA16B,N978AP,33.013962,-116.949902,,,156,,1200,-49.5,1877,0.1
2026-07-30T23:19:41.547041,A416BE,UAL594,32.920346,-117.285891,,,130,,4743,-23.8,444,0.0
2026-07-30T23:19:41.547041,ABB271,,32.660817,-116.674973,,,88,,1045,-49.5,34,70.6
2026-07-30T23:19:41.547041,A717B6,,33.529063,-117.30579,,,90,,,-33.3,35,16.5
2026-07-30T23:19:41.547041,780C5D,CAO1010,33.031047,-116.396335,,,299,,6715,-27.7,236,0.9
2026-07-30T23:19:41.547041,A2FB32,,33.019223,-117.615313,,,,,,-49.5,2,46.9
2026-07-30T23:19:46.599323,AA7F2A,UAL1266,32.479477,-116.874701,,,132,,7201,-49.5,1377,46.0
2026-07-30T23:19:46.599323,A1F595,SWA257,33.000276,-116.629794,,,67,,7360,-49.5,1790,2.4
2026-07-30T23:19:46.599323,ADA16B,N978AP,33.011902,-116.948804,,,156,,1200,-32.3,1911,0.6
2026-07-30T23:19:46.599323,A416BE,UAL594,32.915955,-117.279822,,,130,,4743,-30.0,495,0.1
2026-07-30T23:19:46.599323,ABB271,,32.660817,-116.674973,,,88,,1045,-49.5,34,75.7
2026-07-30T23:19:46.599323,A717B6,,33.529063,-117.30579,,,90,,,-33.3,35,21.6
2026-07-30T23:19:46.599323,780C5D,CAO1010,33.037239,-116.409788,,,298,,6715,-49.5,289,0.2
2026-07-30T23:19:46.599323,A2FB32,,33.019223,-117.615313,,,,,,-49.5,2,52.0
2026-07-30T23:19:51.650195,AA7F2A,UAL1266,32.479477,-116.874701,,,132,,7201,-49.5,1377,51.1
2026-07-30T23:19:51.650195,A1F595,SWA257,33.000276,-116.629794,,,63,,7360,-49.5,1797,7.5
2026-07-30T23:19:51.650195,ADA16B,N978AP,33.009613,-116.947595,,,155,,1200,-33.1,1935,0.6
2026-07-30T23:19:51.650195,A416BE,UAL594,32.911743,-117.274054,,,130,,4743,-49.5,534,0.4
2026-07-30T23:19:51.650195,ABB271,,32.660817,-116.674973,,,88,,1045,-49.5,34,80.7
2026-07-30T23:19:51.650195,A717B6,,33.529063,-117.30579,,,90,,,-33.3,35,26.6
2026-07-30T23:19:51.650195,780C5D,CAO1010,33.042173,-116.420886,,,297,,6715,-49.5,334,0.6
2026-07-30T23:19:51.650195,A2FB32,,33.019223,-117.615313,,,,,,-49.5,2,57.0
2026-07-30T23:19:56.702701,AA7F2A,UAL1266,32.479477,-116.874701,,,132,,7201,-49.5,1377,56.1
2026-07-30T23:19:56.702701,A1F595,SWA257,33.000276,-116.629794,,,55,,7360,-49.5,1813,12.6
2026-07-30T23:19:56.702701,ADA16B,N978AP,33.009613,-116.947595,,,155,,1200,-33.1,1935,5.7
2026-07-30T23:19:56.702701,A416BE,UAL594,32.908382,-117.269468,,,130,,4743,-49.5,546,1.7
2026-07-30T23:19:56.702701,ABB271,,32.660817,-116.674973,,,88,,1045,-49.5,34,85.8
2026-07-30T23:19:56.702701,A717B6,,33.528458,-117.223841,,,90,,,-27.7,48,0.2
2026-07-30T23:19:56.702701,780C5D,CAO1010,33.046097,-116.429865,,,297,,6715,-31.4,371,1.8
2026-07-30T23:19:56.702701,A27737,,32.823441,-117.338983,,,,,,-49.5,2,1.9
2026-07-30T23:20:01.790151,AA7F2A,UAL1266,32.479477,-116.874701,,,132,,7201,-49.5,1377,61.2
2026-07-30T23:20:01.790151,A1F595,SWA257,33.017268,-116.596499,,,49,,7360,-28.7,1836,0.3
2026-07-30T23:20:01.790151,ADA16B,N978AP,33.009613,-116.947595,,,155,,1200,-33.1,1935,10.8
2026-07-30T23:20:01.790151,A416BE,UAL594,32.903046,-117.262134,,,130,,4743,-49.5,562,0.6
2026-07-30T23:20:01.790151,ABB271,,32.660817,-116.674973,,,88,,1045,-49.5,34,90.9
2026-07-30T23:20:01.790151,A717B6,SWA1672,33.528318,-117.210108,,,90,,7304,-31.1,95,0.0
2026-07-30T23:20:01.790151,780C5D,CAO1010,33.052414,-116.444806,,,296,,6715,-31.7,415,0.6
2026-07-30T23:20:01.790151,A46E40,,32.67865,-117.156226,,,90,,,-31.2,20,4.1
2026-07-30T23:20:01.790151,A27737,,32.823441,-117.338983,,,,,,-49.5,2,7.0
2026-07-30T23:20:06.865205,AA7F2A,UAL1266,32.479477,-116.874701,,,132,,7201,-49.5,1377,66.3
2026-07-30T23:20:06.865205,A1F595,SWA257,33.023483,-116.588672,,,44,,7360,-49.5,1870,0.6
2026-07-30T23:20:06.865205,ADA16B,N978AP,33.009613,-116.947595,,,155,,1200,-33.1,1935,15.8
2026-07-30T23:20:06.865205,A416BE,UAL594,32.898422,-117.255762,,,130,,4743,-49.5,590,0.4
2026-07-30T23:20:06.865205,A717B6,SWA1672,33.528225,-117.199906,,,90,,7304,-49.5,126,1.1
2026-07-30T23:20:06.865205,780C5D,CAO1010,33.057175,-116.456287,,,295,,6715,-49.5,438,0.8
2026-07-30T23:20:06.865205,A46E40,,32.67865,-117.156226,,,90,,,-31.2,20,9.2
2026-07-30T23:20:06.865205,A27737,,32.823441,-117.338983,,,,,,-49.5,2,12.1
2026-07-30T23:20:11.911486,A1F595,SWA257,33.030807,-116.581036,,,38,,7360,-49.5,1901,0.6
2026-07-30T23:20:11.911486,ADA16B,N978AP,33.009613,-116.947595,,,155,,1200,-33.1,1935,20.9
2026-07-30T23:20:11.911486,A416BE,UAL594,32.897095,-117.253949,,,130,,4743,-33.4,611,4.0
2026-07-30T23:20:11.911486,A717B6,SWA1672,33.528225,-117.199906,,,90,,7304,-31.9,128,6.2
2026-07-30T23:20:11.911486,780C5D,CAO1010,33.062073,-116.468427,,,295,,6715,-49.5,485,0.7
2026-07-30T23:20:11.911486,A46E40,,32.67865,-117.156226,,,90,,,-31.2,20,14.2
2026-07-30T23:20:11.911486,A27737,,32.823441,-117.338983,,,,,,-33.2,3,17.1
2026-07-30T23:20:16.991107,A1F595,SWA257,33.038402,-116.574414,,,33,,7360,-49.5,1933,0.8
2026-07-30T23:20:16.991107,ADA16B,N978AP,33.009613,-116.947595,,,155,,1200,-33.1,1935,25.9
2026-07-30T23:20:16.991107,A416BE,UAL594,32.892471,-117.247632,,,130,,4743,-49.5,622,3.7
2026-07-30T23:20:16.991107,A717B6,SWA1672,33.527985,-117.171552,,,90,,7304,-49.5,138,0.3
2026-07-30T23:20:16.991107,780C5D,CAO1010,33.066696,-116.480182,,,294,,6715,-27.6,532,0.9
2026-07-30T23:20:16.991107,A46E40,,32.67865,-117.156226,,,90,,,-31.2,20,19.3
2026-07-30T23:20:16.991107,A27737,,32.823441,-117.338983,,,,,,-31.6,4,22.2
2026-07-30T23:20:22.050113,A1F595,SWA257,33.04492,-116.569762,,,29,,7360,-49.5,1953,1.9
2026-07-30T23:20:22.050113,ADA16B,N978AP,33.009613,-116.947595,,,155,,1200,-33.1,1935,31.0
2026-07-30T23:20:22.050113,A416BE,UAL594,32.887154,-117.24032,,,130,,4743,-49.5,638,2.7
2026-07-30T23:20:22.050113,A717B6,SWA1672,33.527985,-117.171552,,,90,,7304,-32.3,144,5.4
2026-07-30T23:20:22.050113,780C5D,CAO1010,33.071503,-116.492816,,,294,,6715,-29.0,583,0.6
2026-07-30T23:20:22.050113,A46E40,,32.67865,-117.156226,,,90,,,-31.2,20,24.4
2026-07-30T23:20:22.050113,A27737,,32.846878,-117.371997,,,,,,-31.7,7,0.0
2026-07-30T23:20:27.093550,A1F595,SWA257,33.056511,-116.563036,,,25,,7360,-49.5,1957,0.3
2026-07-30T23:20:27.093550,ADA16B,N978AP,33.009613,-116.947595,,,155,,1200,-33.1,1935,36.1
2026-07-30T23:20:27.093550,A416BE,UAL594,32.88089,-117.231702,,,130,,4743,-30.9,648,0.6
2026-07-30T23:20:27.093550,A717B6,SWA1672,33.527985,-117.171552,,,90,,7304,-32.3,144,10.5
2026-07-30T23:20:27.093550,780C5D,CAO1010,33.075989,-116.504846,,,294,,6715,-49.5,626,0.7
2026-07-30T23:20:27.093550,A46E40,DAL764,32.677762,-117.11067,,,91,,,-49.5,41,1.1
2026-07-30T23:20:27.093550,A27737,,32.851356,-117.378322,,,310,,,-49.5,14,0.0
2026-07-30T23:20:32.173177,A1F595,SWA257,33.056511,-116.563036,,,25,,7360,-49.5,1958,5.4
2026-07-30T23:20:32.173177,ADA16B,N978AP,33.009613,-116.947595,,,155,,1200,-33.1,1935,41.2
2026-07-30T23:20:32.173177,A416BE,UAL594,32.88089,-117.231702,,,130,,4743,-49.5,654,5.7
2026-07-30T23:20:32.173177,A717B6,SWA1672,33.527985,-117.171552,,,90,,7304,-32.3,144,15.5
2026-07-30T23:20:32.173177,780C5D,CAO1010,33.080566,-116.516876,,,294,,6715,-24.7,672,0.7
2026-07-30T23:20:32.173177,A46E40,DAL764,32.677623,-117.105626,,,91,,2064,-29.7,68,3.1
2026-07-30T23:20:32.173177,A27737,,32.851356,-117.378322,,,310,,,-31.2,16,5.2
2026-07-30T23:20:37.251836,A1F595,SWA257,33.056511,-116.563036,,,25,,7360,-49.5,1958,10.5
2026-07-30T23:20:37.251836,ADA16B,N978AP,33.009613,-116.947595,,,155,,1200,-33.1,1935,46.2
2026-07-30T23:20:37.251836,A416BE,UAL594,32.872118,-117.219805,,,131,,4743,-49.5,662,0.8
2026-07-30T23:20:37.251836,A717B6,SWA1672,33.527985,-117.171552,,,90,,7304,-32.3,144,20.6
2026-07-30T23:20:37.251836,780C5D,CAO1010,33.085001,-116.528731,,,294,,6715,-26.8,708,0.8
2026-07-30T23:20:37.251836,A46E40,DAL764,32.677623,-117.105626,,,91,,2064,-29.7,68,8.2
2026-07-30T23:20:37.251836,A27737,,32.859223,-117.38942,,,309,,,-49.5,30,1.4
2026-07-30T23:20:42.330934,A1F595,SWA257,33.056511,-116.563036,,,25,,7360,-49.5,1958,15.5
2026-07-30T23:20:42.330934,ADA16B,N978AP,33.009613,-116.947595,,,155,,1200,-33.1,1935,51.3
2026-07-30T23:20:42.330934,A416BE,UAL594,32.872118,-117.219805,,,131,,4743,-29.0,664,5.8
2026-07-30T23:20:42.330934,A717B6,SWA1672,33.527985,-117.171552,,,90,,7304,-32.3,144,25.7
2026-07-30T23:20:42.330934,780C5D,CAO1010,33.08975,-116.541343,,,294,,6715,-31.5,719,0.6
2026-07-30T23:20:42.330934,A46E40,DAL764,32.677623,-117.105626,,,91,,2064,-29.7,68,13.2
2026-07-30T23:20:42.330934,A27737,,32.859223,-117.38942,,,309,,,-49.5,37,6.4
2026-07-30T23:20:47.380899,A1F595,SWA257,33.088679,-116.5465,,,25,,7360,-34.2,1959,2.5
2026-07-30T23:20:47.380899,ADA16B,N978AP,33.009613,-116.947595,,,155,,1200,-33.1,1935,56.3
2026-07-30T23:20:47.380899,A416BE,UAL594,32.872118,-117.219805,,,131,,4743,-49.5,666,10.9
2026-07-30T23:20:47.380899,A717B6,SWA1672,33.527985,-117.171552,,,90,,7304,-32.3,144,30.7
2026-07-30T23:20:47.380899,780C5D,CAO1010,33.08975,-116.541343,,,294,,6715,-31.5,719,5.6
2026-07-30T23:20:47.380899,A46E40,DAL764,32.677623,-117.105626,,,91,,2064,-49.5,73,18.3
2026-07-30T23:20:47.380899,A27737,,32.86821,-117.4021,,,309,,,-31.9,51,1.6
2026-07-30T23:20:52.434514,A1F595,SWA257,33.088679,-116.5465,,,25,,7360,-34.2,1959,7.6
2026-07-30T23:20:52.434514,A416BE,UAL594,32.872118,-117.219805,,,131,,4743,-31.6,667,15.9
2026-07-30T23:20:52.434514,A717B6,SWA1672,33.527985,-117.171552,,,90,,7304,-32.3,144,35.8
2026-07-30T23:20:52.434514,780C5D,CAO1010,33.08975,-116.541343,,,294,,6715,-31.5,719,10.7
2026-07-30T23:20:52.434514,A46E40,DAL764,32.677623,-117.105626,,,91,,2064,-49.5,73,23.3
2026-07-30T23:20:52.434514,A27737,,32.870087,-117.404791,,,309,,,-31.0,56,4.6
2026-07-30T23:20:57.488810,A1F595,SWA257,33.088679,-116.5465,,,25,,7360,-34.2,1959,12.7
2026-07-30T23:20:57.488810,A416BE,UAL594,32.872118,-117.219805,,,131,,4743,-31.6,667,21.0
2026-07-30T23:20:57.488810,A717B6,SWA1672,33.527985,-117.171552,,,90,,7304,-32.3,144,40.9
2026-07-30T23:20:57.488810,780C5D,CAO1010,33.08975,-116.541343,,,294,,6715,-49.5,729,15.8
2026-07-30T23:20:57.488810,A46E40,DAL764,32.676692,-117.061232,,,91,,2064,-31.7,83,1.5
2026-07-30T23:20:57.488810,A27737,,32.870087,-117.404791,,,309,,,-31.0,56,9.7
2026-07-30T23:21:02.575421,A1F595,SWA257,33.088679,-116.5465,,,25,,7360,-34.2,1959,17.7
2026-07-30T23:21:02.575421,A416BE,UAL594,32.872118,-117.219805,,,131,,4743,-30.6,668,26.1
2026-07-30T23:21:02.575421,A717B6,SWA1672,33.527985,-117.171552,,,90,,7304,-49.5,145,45.9
2026-07-30T23:21:02.575421,780C5D,CAO1010,33.107905,-116.589773,,,293,,6715,-30.1,747,0.5
2026-07-30T23:21:02.575421,A46E40,DAL764,32.676505,-117.050974,,,91,,2064,-32.0,95,0.3
2026-07-30T23:21:02.575421,A27737,,32.884361,-117.42479,,,310,,,-49.5,74,0.4
2026-07-30T23:21:07.616369,A1F595,SWA257,33.088679,-116.5465,,,25,,7360,-34.2,1959,22.8
2026-07-30T23:21:07.616369,A416BE,UAL594,32.872118,-117.219805,,,131,,4743,-30.6,668,31.2
2026-07-30T23:21:07.616369,A717B6,SWA1672,33.527985,-117.171552,,,90,,7304,-49.5,145,51.0
2026-07-30T23:21:07.616369,780C5D,CAO1010,33.112095,-116.600983,,,293,,6715,-49.5,790,0.9
2026-07-30T23:21:07.616369,A46E40,DAL764,32.676505,-117.050974,,,91,,2064,-31.2,104,5.4
2026-07-30T23:21:07.616369,A27737,,32.884361,-117.42479,,,310,,,-31.7,75,5.4
2026-07-30T23:21:12.695471,A1F595,SWA257,33.088679,-116.5465,,,25,,7360,-34.2,1959,27.9
2026-07-30T23:21:12.695471,A416BE,UAL594,32.841431,-117.175616,,,119,,4743,-32.4,695,0.0
2026-07-30T23:21:12.695471,A717B6,SWA1672,33.527985,-117.171552,,,90,,7304,-49.5,145,56.0
2026-07-30T23:21:12.695471,780C5D,CAO1010,33.116455,-116.613336,,,292,,6715,-28.1,848,0.9
2026-07-30T23:21:12.695471,A46E40,DAL764,32.676505,-117.050974,,,91,,2064,-49.5,106,10.4
2026-07-30T23:21:12.695471,A27737,,32.884361,-117.42479,,,310,,,-31.7,75,10.5
2026-07-30T23:21:17.749543,A1F595,SWA257,33.088679,-116.5465,,,25,,7360,-34.2,1959,32.9
2026-07-30T23:21:17.749543,A416BE,UAL594,32.841431,-117.175616,,,119,,4743,-49.5,698,5.0
2026-07-30T23:21:17.749543,A717B6,SWA1672,33.527985,-117.171552,,,90,,7304,-49.5,145,61.1
2026-07-30T23:21:17.749543,780C5D,CAO1010,33.120438,-116.625531,,,291,,6715,-30.4,876,0.9
2026-07-30T23:21:17.749543,A46E40,DAL764,32.676086,-117.026367,,,91,,2064,-49.5,129,0.6
2026-07-30T23:21:17.749543,A27737,,32.884361,-117.42479,,,310,,,-30.7,76,15.5
2026-07-30T23:21:22.799091,A1F595,SWA257,33.088679,-116.5465,,,25,,7360,-34.2,1959,38.0
2026-07-30T23:21:22.799091,A416BE,UAL594,32.841431,-117.175616,,,119,,4743,-49.5,698,10.1
2026-07-30T23:21:22.799091,A717B6,SWA1672,33.527985,-117.171552,,,90,,7304,-49.5,145,66.1
2026-07-30T23:21:22.799091,780C5D,CAO1010,33.120438,-116.625531,,,291,,6715,-31.3,884,6.0
2026-07-30T23:21:22.799091,A46E40,DAL764,32.6759,-117.017118,,,91,,2064,-49.5,166,0.0
2026-07-30T23:21:22.799091,A27737,,32.884361,-117.42479,,,310,,,-30.7,76,20.6
2026-07-30T23:21:22.799091,A12AC9,UAL427,32.65741,-117.174847,,,88,,,-30.1,24,0.3
2026-07-30T23:21:27.852712,A1F595,SWA257,33.088679,-116.5465,,,25,,7360,-34.2,1959,43.0
2026-07-30T23:21:27.852712,A416BE,UAL594,32.841431,-117.175616,,,119,,4743,-49.5,698,15.1
2026-07-30T23:21:27.852712,A717B6,SWA1672,33.527985,-117.171552,,,90,,7304,-49.5,145,71.2
2026-07-30T23:21:27.852712,780C5D,CAO1010,33.128036,-116.651514,,,288,,6715,-26.9,924,0.6
2026-07-30T23:21:27.852712,A46E40,DAL764,32.675812,-117.010437,,,91,,2064,-49.5,205,1.0
2026-07-30T23:21:27.852712,A27737,,32.884361,-117.42479,,,310,,,-30.7,76,25.6
2026-07-30T23:21:27.852712,A12AC9,UAL427,32.65741,-117.174847,,,88,,,-31.6,28,5.4
2026-07-30T23:21:32.902623,A1F595,SWA257,33.088679,-116.5465,,,25,,7360,-34.2,1959,48.1
2026-07-30T23:21:32.902623,A416BE,UAL594,32.831385,-117.146376,,,111,,4743,-49.5,750,0.0
2026-07-30T23:21:32.902623,A717B6,SWA1672,33.527985,-117.171552,,,90,,7304,-49.5,145,76.3
2026-07-30T23:21:32.902623,780C5D,CAO1010,33.131228,-116.664043,,,286,,6715,-49.5,974,0.6
2026-07-30T23:21:32.902623,A46E40,DAL764,32.675812,-117.010437,,,91,,2064,-49.5,209,6.1
2026-07-30T23:21:32.902623,A27737,,32.884361,-117.42479,,,310,,,-49.5,81,30.7
2026-07-30T23:21:32.902623,A12AC9,UAL427,32.657605,-117.158708,,,89,,1374,-49.5,45,0.9
2026-07-30T23:21:37.981667,A1F595,SWA257,33.088679,-116.5465,,,25,,7360,-34.2,1959,53.1
2026-07-30T23:21:37.981667,A416BE,UAL594,32.828979,-117.139087,,,111,,4743,-27.3,795,0.2
2026-07-30T23:21:37.981667,A717B6,SWA1672,33.527985,-117.171552,,,90,,7304,-49.5,145,81.3
2026-07-30T23:21:37.981667,780C5D,CAO1010,33.134067,-116.676206,,,285,,6715,-29.3,1012,0.9
2026-07-30T23:21:37.981667,A46E40,DAL764,32.675812,-117.010437,,,91,,2064,-49.5,209,11.1
2026-07-30T23:21:37.981667,A27737,,32.916321,-117.469556,,,310,,4650,-31.6,87,5.0
2026-07-30T23:21:37.981667,A12AC9,UAL427,32.657605,-117.158708,,,89,,1374,-29.6,48,6.0
2026-07-30T23:21:43.036173,A1F595,SWA257,33.088679,-116.5465,,,25,,7360,-34.2,1959,58.2
2026-07-30T23:21:43.036173,A416BE,UAL594,32.828476,-117.137494,,,111,,4743,-28.6,824,4.1
2026-07-30T23:21:43.036173,A717B6,SWA1672,33.527985,-117.171552,,,90,,7304,-49.5,145,86.4
2026-07-30T23:21:43.036173,780C5D,CAO1010,33.134674,-116.678925,,,285,,6715,-31.1,1015,4.8
2026-07-30T23:21:43.036173,A46E40,DAL764,32.675812,-117.010437,,,91,,2064,-49.5,209,16.2
2026-07-30T23:21:43.036173,A27737,,32.924927,-117.481641,,,310,,4650,-30.8,92,2.1
2026-07-30T23:21:43.036173,A12AC9,UAL427,32.657605,-117.158708,,,89,,1374,-49.5,49,11.0
2026-07-30T23:21:48.085260,A416BE,UAL594,32.824356,-117.125024,,,111,,4743,-31.7,835,0.5
2026-07-30T23:21:48.085260,A717B6,SWA1672,33.527985,-117.171552,,,90,,7304,-49.5,145,91.4
2026-07-30T23:21:48.085260,780C5D,CAO1010,33.134674,-116.678925,,,285,,6715,-31.1,1015,9.9
2026-07-30T23:21:48.085260,A46E40,DAL764,32.675262,-116.976105,,,91,,2064,-49.5,213,0.3
2026-07-30T23:21:48.085260,A27737,,32.924927,-117.481641,,,310,,4650,-30.8,92,7.1
2026-07-30T23:21:48.085260,A12AC9,UAL427,32.657605,-117.158708,,,89,,1374,-49.5,50,16.1
2026-07-30T23:21:53.149181,A416BE,UAL594,32.824356,-117.125024,,,111,,4743,-49.5,837,5.6
2026-07-30T23:21:53.149181,A717B6,SWA1672,33.527985,-117.171552,,,90,,7304,-49.5,145,96.5
2026-07-30T23:21:53.149181,780C5D,CAO1010,33.134674,-116.678925,,,285,,6715,-32.3,1019,15.0
2026-07-30T23:21:53.149181,A46E40,DAL764,32.675125,-116.967755,,,91,,2064,-27.3,243,0.3
2026-07-30T23:21:53.149181,A27737,SWA3510,32.924927,-117.481641,,,310,,4650,-49.5,94,12.2
2026-07-30T23:21:53.149181,A12AC9,UAL427,32.657931,-117.126702,,,89,,1374,-33.9,51,2.7
2026-07-30T23:21:58.218771,A416BE,UAL594,32.81987,-117.111401,,,111,,4743,-49.5,877,1.3
2026-07-30T23:21:58.218771,A717B6,SWA1672,33.527985,-117.171552,,,90,,7304,-49.5,145,101.6
2026-07-30T23:21:58.218771,780C5D,CAO1010,33.134674,-116.678925,,,285,,6715,-32.3,1019,20.0
2026-07-30T23:21:58.218771,A46E40,DAL764,32.675016,-116.959721,,,91,,2064,-49.5,298,0.5
2026-07-30T23:21:58.218771,A27737,SWA3510,32.924927,-117.481641,,,310,,4650,-49.5,94,17.2
2026-07-30T23:21:58.218771,A12AC9,UAL427,32.658051,-117.113873,,,89,,1374,-49.5,53,0.6
2026-07-30T23:22:03.267414,A416BE,UAL594,32.81987,-117.111401,,,111,,4743,-49.5,877,6.4
2026-07-30T23:22:03.267414,780C5D,CAO1010,33.145386,-116.740997,,,279,,6715,-30.0,1027,1.0
2026-07-30T23:22:03.267414,A46E40,DAL764,32.674896,-116.953033,,,91,,2064,-49.5,329,1.6
2026-07-30T23:22:03.267414,A27737,SWA3510,32.924927,-117.481641,,,310,,4650,-49.5,94,22.3
2026-07-30T23:22:03.267414,A12AC9,UAL427,32.658188,-117.105029,,,89,,1374,-49.5,81,0.7
2026-07-30T23:22:08.346865,A416BE,UAL594,32.81987,-117.111401,,,111,,4743,-49.5,877,11.4
2026-07-30T23:22:08.346865,780C5D,CAO1010,33.147446,-116.754785,,,280,,6715,-49.5,1069,0.7
2026-07-30T23:22:08.346865,A46E40,DAL764,32.674783,-116.945819,,,91,,2064,-33.0,335,2.3
2026-07-30T23:22:08.346865,A27737,SWA3510,32.924927,-117.481641,,,310,,4650,-31.3,96,27.4
2026-07-30T23:22:08.346865,A12AC9,UAL427,32.658234,-117.097778,,,89,,1374,-32.1,95,1.8
2026-07-30T23:22:13.425751,A416BE,UAL594,32.81987,-117.111401,,,111,,4743,-49.5,877,16.5
2026-07-30T23:22:13.425751,780C5D,CAO1010,33.149277,-116.76709,,,280,,6715,-49.5,1118,1.0
2026-07-30T23:22:13.425751,A46E40,DAL764,32.674713,-116.940948,,,91,,2064,-49.5,342,4.4
2026-07-30T23:22:13.425751,A27737,SWA3510,32.924927,-117.481641,,,310,,4650,-31.3,96,32.4
2026-07-30T23:22:13.425751,A12AC9,UAL427,32.658234,-117.097778,,,89,,1374,-32.1,95,6.9
2026-07-30T23:22:18.488969,A416BE,UAL594,32.81987,-117.111401,,,111,,4743,-49.5,877,21.6
2026-07-30T23:22:18.488969,780C5D,CAO1010,33.150925,-116.777966,,,280,,6715,-29.6,1124,1.9
2026-07-30T23:22:18.488969,A46E40,DAL764,32.674713,-116.940948,,,91,,2064,-32.8,343,9.5
2026-07-30T23:22:18.488969,A27737,SWA3510,32.924927,-117.481641,,,310,,4650,-31.3,96,37.5
2026-07-30T23:22:18.488969,A12AC9,UAL427,32.658234,-117.097778,,,89,,1374,-32.1,95,12.0
2026-07-30T23:22:23.562907,A416BE,UAL594,32.81987,-117.111401,,,111,,4743,-49.5,877,26.6
2026-07-30T23:22:23.562907,780C5D,CAO1010,33.153259,-116.793512,,,280,,6715,-49.5,1165,0.8
2026-07-30T23:22:23.562907,A46E40,DAL764,32.674713,-116.940948,,,91,,2064,-32.8,343,14.5
2026-07-30T23:22:23.562907,A27737,SWA3510,32.924927,-117.481641,,,310,,4650,-31.3,96,42.6
2026-07-30T23:22:23.562907,A12AC9,UAL427,32.658234,-117.097778,,,89,,1374,-32.1,95,17.0
2026-07-30T23:22:28.598586,A416BE,UAL594,32.81987,-117.111401,,,111,,4743,-49.5,877,31.7
2026-07-30T23:22:28.598586,780C5D,CAO1010,33.155182,-116.806586,,,280,,6715,-23.6,1215,0.8
2026-07-30T23:22:28.598586,A46E40,DAL764,32.674164,-116.908484,,,91,,2064,-49.5,346,0.1
2026-07-30T23:22:28.598586,A27737,SWA3510,32.924927,-117.481641,,,310,,4650,-31.3,96,47.6
2026-07-30T23:22:28.598586,A12AC9,UAL427,32.658234,-117.097778,,,89,,1374,-49.5,97,22.1
2026-07-30T23:22:33.659160,A416BE,UAL594,32.81987,-117.111401,,,111,,4743,-49.5,877,36.7
2026-07-30T23:22:33.659160,780C5D,CAO1010,33.157013,-116.819165,,,279,,6715,-49.5,1265,0.9
2026-07-30T23:22:33.659160,A46E40,DAL764,32.674038,-116.900585,,,91,,2064,-49.5,361,0.4
2026-07-30T23:22:33.659160,A27737,SWA3510,32.924927,-117.481641,,,310,,4650,-31.3,96,52.7
2026-07-30T23:22:33.659160,A12AC9,UAL427,32.658234,-117.097778,,,89,,1374,-49.5,98,27.1
2026-07-30T23:22:38.710964,A416BE,UAL594,32.799171,-117.051647,,,117,,4743,-49.5,882,0.5
2026-07-30T23:22:38.710964,780C5D,CAO1010,33.159027,-116.832788,,,279,,6715,-27.2,1304,0.6
2026-07-30T23:22:38.710964,A46E40,DAL764,32.674038,-116.900585,,,91,,2064,-49.5,362,5.5
2026-07-30T23:22:38.710964,A27737,SWA3510,32.924927,-117.481641,,,310,,4650,-31.3,96,57.8
2026-07-30T23:22:38.710964,A12AC9,UAL427,32.658234,-117.097778,,,89,,1374,-32.2,100,32.2
2026-07-30T23:22:43.789860,A416BE,UAL594,32.799171,-117.051647,,,117,,4743,-49.5,882,5.5
2026-07-30T23:22:43.789860,780C5D,CAO1010,33.160812,-116.845203,,,279,,6715,-28.0,1351,0.8
2026-07-30T23:22:43.789860,A46E40,DAL764,32.674038,-116.900585,,,91,,2064,-49.5,362,10.6
2026-07-30T23:22:43.789860,A27737,SWA3510,32.924927,-117.481641,,,310,,4650,-31.3,96,62.8
2026-07-30T23:22:43.789860,A12AC9,UAL427,32.658234,-117.097778,,,89,,1374,-32.2,100,37.3
2026-07-30T23:22:48.869013,A416BE,UAL594,32.799171,-117.051647,,,117,,4743,-49.5,882,10.6
2026-07-30T23:22:48.869013,780C5D,CAO1010,33.162231,-116.85531,,,279,,6715,-30.9,1375,1.8
2026-07-30T23:22:48.869013,A46E40,DAL764,32.674038,-116.900585,,,91,,2064,-49.5,370,15.6
2026-07-30T23:22:48.869013,A27737,SWA3510,32.924927,-117.481641,,,310,,4650,-31.3,96,67.9
2026-07-30T23:22:48.869013,A12AC9,UAL427,32.659378,-117.018457,,,89,,1374,-29.4,108,0.6
2026-07-30T23:22:48.869013,A717B6,,33.523942,-116.777942,,,90,,7304,-49.5,26,0.4
2026-07-30T23:22:53.919272,A416BE,UAL594,32.799171,-117.051647,,,117,,4743,-49.5,882,15.6
2026-07-30T23:22:53.919272,780C5D,CAO1010,33.164373,-116.870148,,,279,,6715,-24.4,1396,1.0
2026-07-30T23:22:53.919272,A46E40,DAL764,32.674038,-116.900585,,,91,,2064,-49.5,373,20.7
2026-07-30T23:22:53.919272,A27737,SWA3510,32.924927,-117.481641,,,310,,4650,-31.3,96,72.9
2026-07-30T23:22:53.919272,A12AC9,UAL427,32.659514,-117.008823,,,89,,1374,-28.8,140,0.8
2026-07-30T23:22:53.919272,A717B6,SWA1672,33.523756,-116.763985,,,90,,7304,-28.2,76,0.2
2026-07-30T23:22:58.972360,A416BE,UAL594,32.799171,-117.051647,,,117,,4743,-49.5,882,20.7
2026-07-30T23:22:58.972360,780C5D,CAO1010,33.166168,-116.882446,,,279,,6715,-49.5,1450,1.1
2026-07-30T23:22:58.972360,A46E40,DAL764,32.674038,-116.900585,,,91,,2064,-49.5,374,25.8
2026-07-30T23:22:58.972360,A27737,SWA3510,32.924927,-117.481641,,,310,,4650,-31.3,96,78.0
2026-07-30T23:22:58.972360,A12AC9,UAL427,32.659561,-117.006757,,,89,,1374,-32.1,143,4.9
2026-07-30T23:22:58.972360,A717B6,SWA1672,33.523727,-116.761157,,,90,,7304,-30.1,92,4.2
2026-07-30T23:23:04.051282,A416BE,UAL594,32.799171,-117.051647,,,117,,4743,-49.5,882,25.8
2026-07-30T23:23:04.051282,780C5D,CAO1010,33.167213,-116.889767,,,279,,6715,-28.8,1460,3.1
2026-07-30T23:23:04.051282,A46E40,DAL764,32.674038,-116.900585,,,91,,2064,-49.5,374,30.8
2026-07-30T23:23:04.051282,A27737,SWA3510,32.924927,-117.481641,,,310,,4650,-31.3,96,83.1
2026-07-30T23:23:04.051282,A12AC9,UAL427,32.659561,-117.006757,,,89,,1374,-32.1,143,10.0
2026-07-30T23:23:04.051282,A717B6,SWA1672,33.523727,-116.761157,,,90,,7304,-49.5,93,9.3
2026-07-30T23:23:09.130669,A416BE,UAL594,32.799171,-117.051647,,,117,,4743,-49.5,882,30.9
2026-07-30T23:23:09.130669,780C5D,CAO1010,33.167213,-116.889767,,,279,,6715,-27.8,1468,8.2
2026-07-30T23:23:09.130669,A46E40,DAL764,32.674038,-116.900585,,,91,,2064,-49.5,374,35.9
2026-07-30T23:23:09.130669,A12AC9,UAL427,32.659561,-117.006757,,,89,,1374,-32.1,143,15.1
2026-07-30T23:23:09.130669,A717B6,SWA1672,33.523384,-116.732315,,,90,,7304,-32.6,99,3.3
2026-07-30T23:23:14.209544,A416BE,UAL594,32.799171,-117.051647,,,117,,4743,-49.5,882,36.0
2026-07-30T23:23:14.209544,780C5D,CAO1010,33.171775,-116.920764,,,279,,6715,-49.5,1518,0.6
2026-07-30T23:23:14.209544,A46E40,DAL764,32.674038,-116.900585,,,91,,2064,-49.5,374,41.0
2026-07-30T23:23:14.209544,A12AC9,UAL427,32.659561,-117.006757,,,89,,1374,-30.6,144,20.1
2026-07-30T23:23:14.209544,A717B6,SWA1672,33.523384,-116.732315,,,90,,7304,-32.6,99,8.4
2026-07-30T23:23:19.288806,A416BE,UAL594,32.799171,-117.051647,,,117,,4743,-49.5,882,41.0
2026-07-30T23:23:19.288806,780C5D,CAO1010,33.173538,-116.932819,,,279,,6715,-49.5,1566,0.8
2026-07-30T23:23:19.288806,A46E40,DAL764,32.674038,-116.900585,,,91,,2064,-49.5,374,46.0
2026-07-30T23:23:19.288806,A12AC9,UAL427,32.660352,-116.95731,,,89,,1374,-49.5,186,0.3
2026-07-30T23:23:19.288806,A717B6,SWA1672,33.523384,-116.732315,,,90,,7304,-32.6,99,13.4
2026-07-30T23:23:24.341350,A416BE,UAL594,32.799171,-117.051647,,,117,,4743,-49.5,882,46.0
2026-07-30T23:23:24.341350,780C5D,CAO1010,33.175359,-116.945651,,,279,,6715,-49.5,1613,0.4
2026-07-30T23:23:24.341350,A46E40,DAL764,32.674038,-116.900585,,,91,,2064,-49.5,374,51.1
2026-07-30T23:23:24.341350,A12AC9,UAL427,32.660431,-116.948969,,,89,,1374,-30.0,220,1.2
2026-07-30T23:23:24.341350,A717B6,SWA1672,33.523384,-116.732315,,,90,,7304,-32.6,99,18.5
2026-07-30T23:23:29.382677,A416BE,UAL594,32.799171,-117.051647,,,117,,4743,-49.5,882,51.1
2026-07-30T23:23:29.382677,780C5D,CAO1010,33.177017,-116.956934,,,279,,6715,-49.5,1654,0.8
2026-07-30T23:23:29.382677,A46E40,DAL764,32.672562,-116.807849,,,91,,2064,-49.5,378,1.2
2026-07-30T23:23:29.382677,A12AC9,UAL427,32.660431,-116.948969,,,89,,1374,-30.0,220,6.3
2026-07-30T23:23:29.382677,A717B6,SWA1672,33.523384,-116.732315,,,90,,7304,-29.8,116,23.5
2026-07-30T23:23:34.450307,A416BE,UAL594,32.799171,-117.051647,,,117,,4743,-49.5,882,56.2
2026-07-30T23:23:34.450307,780C5D,CAO1010,33.17894,-116.969952,,,279,,6715,-21.8,1708,0.4
2026-07-30T23:23:34.450307,A46E40,DAL764,32.672409,-116.797504,,,91,,2064,-30.3,395,0.3
2026-07-30T23:23:34.450307,A12AC9,UAL427,32.660431,-116.948969,,,89,,1374,-30.0,220,11.4
2026-07-30T23:23:34.450307,A717B6,SWA1672,33.522406,-116.660904,,,90,,7304,-29.7,148,1.3
2026-07-30T23:23:34.450307,A1A2E0,SWA2396,33.52478,-117.368427,,,,,,-33.0,3,1.4
2026-07-30T23:23:39.496375,780C5D,CAO1010,33.18062,-116.981637,,,279,,6715,-28.5,1743,0.6
2026-07-30T23:23:39.496375,A46E40,DAL764,32.672223,-116.788928,,,91,,2064,-49.5,425,0.3
2026-07-30T23:23:39.496375,A12AC9,UAL427,32.660431,-116.948969,,,89,,1374,-30.0,220,16.4
2026-07-30T23:23:39.496375,A717B6,SWA1672,33.522354,-116.656018,,,90,,7304,-29.7,152,4.5
2026-07-30T23:23:39.496375,A1A2E0,SWA2396,33.52478,-117.368427,,,,,,-33.0,3,6.4
2026-07-30T23:23:44.575025,780C5D,CAO1010,33.182327,-116.993408,,,279,,6715,-49.5,1794,0.7
2026-07-30T23:23:44.575025,A46E40,DAL764,32.672104,-116.780548,,,91,,2064,-49.5,442,0.5
2026-07-30T23:23:44.575025,A12AC9,UAL427,32.660431,-116.948969,,,89,,1374,-30.0,220,21.5
2026-07-30T23:23:44.575025,A717B6,SWA1672,33.522354,-116.656018,,,90,,7304,-29.7,152,9.6
2026-07-30T23:23:44.575025,A1A2E0,SWA2396,33.52478,-117.368427,,,,,,-33.0,3,11.5
2026-07-30T23:23:49.626486,780C5D,CAO1010,33.184064,-117.005628,,,279,,6715,-22.5,1828,0.6
2026-07-30T23:23:49.626486,A46E40,DAL764,32.67199,-116.773513,,,91,,2064,-49.5,461,1.6
2026-07-30T23:23:49.626486,A12AC9,UAL427,32.660431,-116.948969,,,89,,1374,-49.5,221,26.5
2026-07-30T23:23:49.626486,ACFBFD,,32.961312,-117.531178,,,309,,,-49.5,29,3.6
2026-07-30T23:23:49.626486,A717B6,SWA1672,33.522354,-116.656018,,,90,,7304,-29.7,152,14.6
2026-07-30T23:23:49.626486,A1A2E0,SWA2396,33.52478,-117.368427,,,,,,-33.0,3,16.5
2026-07-30T23:23:54.677583,780C5D,CAO1010,33.185787,-117.017903,,,279,,6715,-23.0,1860,0.4
2026-07-30T23:23:54.677583,A46E40,DAL764,32.67199,-116.773513,,,91,,2064,-32.7,467,6.6
2026-07-30T23:23:54.677583,A12AC9,UAL427,32.660431,-116.948969,,,89,,1374,-49.5,221,31.6
2026-07-30T23:23:54.677583,ACFBFD,,32.961312,-117.531178,,,309,,,-49.5,29,8.7
2026-07-30T23:23:54.677583,A717B6,SWA1672,33.522354,-116.656018,,,90,,7304,-29.7,152,19.7
2026-07-30T23:23:54.677583,A1A2E0,SWA2396,33.52478,-117.368427,,,,,,-33.0,3,21.6
2026-07-30T23:23:59.757067,780C5D,CAO1010,33.187454,-117.029883,,,279,,6715,-49.5,1914,0.3
2026-07-30T23:23:59.757067,A46E40,DAL764,32.67199,-116.773513,,,91,,2064,-32.7,467,11.7
2026-07-30T23:23:59.757067,A12AC9,UAL427,32.660431,-116.948969,,,89,,1374,-49.5,221,36.6
2026-07-30T23:23:59.757067,ACFBFD,,32.961312,-117.531178,,,309,,,-49.5,29,13.7
2026-07-30T23:23:59.757067,A717B6,SWA1672,33.522354,-116.656018,,,90,,7304,-29.7,152,24.7
2026-07-30T23:23:59.757067,A1A2E0,SWA2396,33.52478,-117.368427,,,,,,-33.0,3,26.7
2026-07-30T23:24:04.810161,780C5D,CAO1010,33.188999,-117.040661,,,279,,6715,-25.8,1955,0.7
2026-07-30T23:24:04.810161,A46E40,DAL764,32.67199,-116.773513,,,91,,2064,-32.7,467,16.7
2026-07-30T23:24:04.810161,A12AC9,UAL427,32.660431,-116.948969,,,89,,1374,-49.5,221,41.7
2026-07-30T23:24:04.810161,ACFBFD,,32.961312,-117.531178,,,309,,,-49.5,29,18.8
2026-07-30T23:24:04.810161,A717B6,SWA1672,33.522354,-116.656018,,,90,,7304,-29.7,152,29.8
2026-07-30T23:24:04.810161,A1A2E0,SWA2396,33.51329,-117.290479,,,,,,-31.3,4,0.4
2026-07-30T23:24:09.860428,780C5D,CAO1010,33.190338,-117.049768,,,279,,6715,-24.9,1995,1.9
2026-07-30T23:24:09.860428,A46E40,DAL764,32.67199,-116.773513,,,91,,2064,-32.7,467,21.8
2026-07-30T23:24:09.860428,A12AC9,UAL427,32.660431,-116.948969,,,89,,1374,-49.5,222,46.8
2026-07-30T23:24:09.860428,ACFBFD,,32.961312,-117.531178,,,309,,,-49.5,29,23.8
2026-07-30T23:24:09.860428,A717B6,SWA1672,33.522354,-116.656018,,,90,,7304,-29.7,152,34.9
2026-07-30T23:24:09.860428,A1A2E0,SWA2396,33.512584,-117.285667,,,99,,,-33.0,7,3.5
2026-07-30T23:24:14.938909,780C5D,CAO1010,33.192677,-117.065324,,,280,,6715,-24.1,2039,0.2
2026-07-30T23:24:14.938909,A46E40,DAL764,32.671188,-116.728418,,,91,,2064,-49.5,478,1.6
2026-07-30T23:24:14.938909,A12AC9,UAL427,32.660431,-116.948969,,,89,,1374,-35.1,223,51.9
2026-07-30T23:24:14.938909,ACFBFD,,32.961312,-117.531178,,,309,,,-49.5,29,28.9
2026-07-30T23:24:14.938909,A717B6,SWA1672,33.522354,-116.656018,,,90,,7304,-29.7,152,40.0
2026-07-30T23:24:14.938909,A1A2E0,SWA2396,33.512584,-117.285667,,,99,,,-33.0,7,8.6
2026-07-30T23:24:20.017999,780C5D,CAO1010,33.194399,-117.076478,,,280,,6715,-49.5,2081,0.3
2026-07-30T23:24:20.017999,A46E40,DAL764,32.671051,-116.71908,,,91,,2064,-49.5,517,1.6
2026-07-30T23:24:20.017999,A12AC9,UAL427,32.660431,-116.948969,,,89,,1374,-35.1,223,56.9
2026-07-30T23:24:20.017999,ACFBFD,,32.961312,-117.531178,,,309,,,-49.5,29,34.0
2026-07-30T23:24:20.017999,A717B6,SWA1672,33.522354,-116.656018,,,90,,7304,-29.7,152,45.0
2026-07-30T23:24:20.017999,A1A2E0,SWA2396,33.512584,-117.285667,,,99,,,-33.0,7,13.7
2026-07-30T23:24:25.081592,780C5D,CAO1010,33.19606,-117.087506,,,280,,6715,-26.8,2131,0.5
2026-07-30T23:24:25.081592,A46E40,DAL764,32.670868,-116.707214,,,91,,2064,-27.5,556,0.3
2026-07-30T23:24:25.081592,A12AC9,UAL427,32.660431,-116.948969,,,89,,1374,-35.1,223,62.0
2026-07-30T23:24:25.081592,ACFBFD,,32.961312,-117.531178,,,309,,,-49.5,29,39.0
2026-07-30T23:24:25.081592,A717B6,SWA1672,33.522354,-116.656018,,,90,,7304,-29.7,152,50.1
2026-07-30T23:24:25.081592,A1A2E0,SWA2396,33.512584,-117.285667,,,99,,,-33.0,7,18.7
2026-07-30T23:24:30.154093,780C5D,CAO1010,33.197751,-117.098731,,,280,,6715,-49.5,2161,0.6
2026-07-30T23:24:30.154093,A46E40,DAL764,32.670733,-116.697618,,,91,,2064,-49.5,585,0.1
2026-07-30T23:24:30.154093,A12AC9,UAL427,32.660431,-116.948969,,,89,,1374,-35.1,223,67.0
2026-07-30T23:24:30.154093,ACFBFD,,32.961312,-117.531178,,,309,,,-49.5,29,44.1
2026-07-30T23:24:30.154093,A717B6,SWA1672,33.522354,-116.656018,,,90,,7304,-29.7,152,55.1
2026-07-30T23:24:30.154093,A1A2E0,SWA2396,33.512584,-117.285667,,,99,,,-33.0,7,23.8
2026-07-30T23:24:35.200904,780C5D,CAO1010,33.199427,-117.110446,,,279,,6715,-49.5,2210,0.4
2026-07-30T23:24:35.200904,A46E40,DAL764,32.670593,-116.690107,,,91,,2064,-32.1,599,1.2
2026-07-30T23:24:35.200904,A12AC9,UAL427,32.660431,-116.948969,,,89,,1374,-35.1,223,72.1
2026-07-30T23:24:35.200904,ACFBFD,,32.961312,-117.531178,,,309,,,-49.5,29,49.1
2026-07-30T23:24:35.200904,A717B6,SWA1672,33.522354,-116.656018,,,90,,7304,-29.7,152,60.2
2026-07-30T23:24:35.200904,A1A2E0,SWA2396,33.504822,-117.214014,,,93,,,-49.5,25,0.1
2026-07-30T23:24:35.200904,AD50C9,,32.669083,-117.183911,,,90,,,-29.4,8,1.8
2026-07-30T23:24:40.264295,780C5D,CAO1010,33.200637,-117.11919,,,279,,6715,-30.3,2239,1.5
2026-07-30T23:24:40.264295,A46E40,DAL764,32.670547,-116.68652,,,91,,2064,-31.2,604,4.4
2026-07-30T23:24:40.264295,A12AC9,UAL427,32.660431,-116.948969,,,89,,1374,-35.1,223,77.2
2026-07-30T23:24:40.264295,ACFBFD,,32.961312,-117.531178,,,309,,,-49.5,29,54.2
2026-07-30T23:24:40.264295,A1A2E0,SWA2396,33.504181,-117.201105,,,93,,,-32.3,51,0.0
2026-07-30T23:24:40.264295,AD50C9,AAL2468,32.669057,-117.176644,,,90,,,-49.5,29,2.7
2026-07-30T23:24:45.338227,780C5D,CAO1010,33.202515,-117.132605,,,279,,6715,-49.5,2281,0.6
2026-07-30T23:24:45.338227,A46E40,DAL764,32.670547,-116.68652,,,91,,2064,-33.7,607,9.5
2026-07-30T23:24:45.338227,A12AC9,UAL427,32.660431,-116.948969,,,89,,1374,-35.1,223,82.2
2026-07-30T23:24:45.338227,ACFBFD,,32.961312,-117.531178,,,309,,,-49.5,29,59.3
2026-07-30T23:24:45.338227,A1A2E0,SWA2396,33.504181,-117.201105,,,93,,,-49.5,54,5.1
2026-07-30T23:24:45.338227,AD50C9,AAL2468,32.668991,-117.16441,,,90,,,-49.5,37,0.7
2026-07-30T23:24:50.382712,780C5D,CAO1010,33.203477,-117.139369,,,279,,6715,-49.5,2302,2.6
2026-07-30T23:24:50.382712,A46E40,DAL764,32.670547,-116.68652,,,91,,2064,-49.5,609,14.5
2026-07-30T23:24:50.382712,A12AC9,UAL427,32.660431,-116.948969,,,89,,1374,-35.1,223,87.3
2026-07-30T23:24:50.382712,A1A2E0,SWA2396,33.502109,-117.178326,,,93,,,-32.1,59,1.0
2026-07-30T23:24:50.382712,AD50C9,AAL2468,32.668964,-117.155737,,,90,,1350,-31.0,71,0.9
2026-07-30T23:24:55.446951,780C5D,CAO1010,33.205582,-117.154028,,,279,,6715,-23.6,2339,1.0
2026-07-30T23:24:55.446951,A46E40,DAL764,32.670547,-116.68652,,,91,,2064,-49.5,609,19.6
2026-07-30T23:24:55.446951,A12AC9,UAL427,32.660431,-116.948969,,,89,,1374,-35.1,223,92.4
2026-07-30T23:24:55.446951,A1A2E0,SWA2396,33.501801,-117.175507,,,93,,,-49.5,65,5.0
2026-07-30T23:24:55.446951,AD50C9,AAL2468,32.668991,-117.153699,,,90,,1350,-32.5,83,4.8
2026-07-30T23:25:00.513451,780C5D,CAO1010,33.20723,-117.165619,,,279,,6715,-49.5,2373,0.8
2026-07-30T23:25:00.513451,A46E40,DAL764,32.670547,-116.68652,,,91,,2064,-49.5,617,24.7
2026-07-30T23:25:00.513451,A12AC9,UAL427,32.660431,-116.948969,,,89,,1374,-35.1,223,97.4
2026-07-30T23:25:00.513451,A1A2E0,SWA2396,33.501801,-117.175507,,,93,,,-30.9,68,10.0
2026-07-30T23:25:00.513451,AD50C9,AAL2468,32.668917,-117.140547,,,90,,1350,-32.7,87,2.7
2026-07-30T23:25:05.565703,780C5D,CAO1010,33.20883,-117.176981,,,279,,6715,-49.5,2394,0.7
2026-07-30T23:25:05.565703,A46E40,DAL764,32.670547,-116.68652,,,91,,2064,-49.5,618,29.7
2026-07-30T23:25:05.565703,A12AC9,UAL427,32.660431,-116.948969,,,89,,1374,-35.1,223,102.5
2026-07-30T23:25:05.565703,A1A2E0,SWA2396,33.501801,-117.175507,,,93,,,-30.9,68,15.1
2026-07-30T23:25:05.565703,AD50C9,AAL2468,32.668854,-117.127222,,,90,,1350,-49.5,93,0.5
2026-07-30T23:25:05.565703,A27737,,33.156921,-117.80744,,,322,,,-49.5,6,5.0
2026-07-30T23:25:10.614755,780C5D,CAO1010,33.210366,-117.187631,,,279,,6715,-49.5,2438,0.8
2026-07-30T23:25:10.614755,A46E40,DAL764,32.670547,-116.68652,,,91,,2064,-33.9,619,34.8
2026-07-30T23:25:10.614755,A12AC9,UAL427,32.660431,-116.948969,,,89,,1374,-35.1,223,107.5
2026-07-30T23:25:10.614755,A1A2E0,SWA2396,33.501801,-117.175507,,,93,,,-30.9,68,20.1
2026-07-30T23:25:10.614755,AD50C9,AAL2468,32.668871,-117.1253,,,90,,1350,-31.7,95,4.5
2026-07-30T23:25:10.614755,A27737,,33.156921,-117.80744,,,322,,,-49.5,6,10.0
2026-07-30T23:25:15.668908,780C5D,CAO1010,33.210709,-117.190173,,,279,,6715,-31.4,2447,4.7
2026-07-30T23:25:15.668908,A46E40,DAL764,32.670547,-116.68652,,,91,,2064,-32.1,620,39.8
2026-07-30T23:25:15.668908,A1A2E0,SWA2396,33.501801,-117.175507,,,93,,,-30.9,68,25.2
2026-07-30T23:25:15.668908,AD50C9,AAL2468,32.668808,-117.10838,,,90,,1350,-49.5,125,0.7
2026-07-30T23:25:15.668908,A27737,,33.156921,-117.80744,,,322,,,-49.5,6,15.1
2026-07-30T23:25:20.748026,780C5D,CAO1010,33.213593,-117.210114,,,279,,6715,-49.5,2474,0.6
2026-07-30T23:25:20.748026,A46E40,DAL764,32.670547,-116.68652,,,91,,2064,-32.1,620,44.9
2026-07-30T23:25:20.748026,A1A2E0,SWA2396,33.501801,-117.175507,,,93,,,-30.9,68,30.3
2026-07-30T23:25:20.748026,AD50C9,AAL2468,32.668762,-117.098877,,,90,,1350,-27.7,160,0.8
2026-07-30T23:25:20.748026,A27737,,33.156921,-117.80744,,,322,,,-49.5,6,20.2
2026-07-30T23:25:25.826944,780C5D,CAO1010,33.215022,-117.220366,,,279,,6715,-49.5,2509,0.9
2026-07-30T23:25:25.826944,A46E40,DAL764,32.670547,-116.68652,,,91,,2064,-32.1,620,50.0
2026-07-30T23:25:25.826944,A1A2E0,SWA2396,33.501801,-117.175507,,,93,,,-49.5,69,35.4
2026-07-30T23:25:25.826944,AD50C9,AAL2468,32.668716,-117.096954,,,90,,1350,-49.5,166,4.9
2026-07-30T23:25:25.826944,A27737,,33.156921,-117.80744,,,322,,,-49.5,6,25.3
2026-07-30T23:25:30.906880,780C5D,CAO1010,33.216522,-117.230878,,,279,,6715,-24.5,2544,1.1
2026-07-30T23:25:30.906880,A46E40,DAL764,32.670547,-116.68652,,,91,,2064,-32.1,620,55.0
2026-07-30T23:25:30.906880,A1A2E0,SWA2396,33.501801,-117.175507,,,93,,,-49.5,70,40.4
2026-07-30T23:25:30.906880,AD50C9,AAL2468,32.668716,-117.096954,,,90,,1350,-49.5,166,9.9
2026-07-30T23:25:30.906880,A27737,,33.156921,-117.80744,,,322,,,-49.5,6,30.3
2026-07-30T23:25:35.957235,780C5D,CAO1010,33.218141,-117.241946,,,279,,6715,-49.5,2562,0.9
2026-07-30T23:25:35.957235,A46E40,DAL764,32.670547,-116.68652,,,91,,2064,-32.1,620,60.1
2026-07-30T23:25:35.957235,A1A2E0,SWA2396,33.501801,-117.175507,,,93,,,-49.5,70,45.4
2026-07-30T23:25:35.957235,AD50C9,AAL2468,32.668716,-117.096954,,,90,,1350,-32.0,167,15.0
2026-07-30T23:25:35.957235,A27737,,33.156921,-117.80744,,,322,,,-49.5,6,35.3
2026-07-30T23:25:40.995274,780C5D,CAO1010,33.219681,-117.252576,,,279,,6715,-49.5,2601,1.0
2026-07-30T23:25:40.995274,A46E40,DAL764,32.670547,-116.68652,,,91,,2064,-32.1,620,65.1
2026-07-30T23:25:40.995274,A1A2E0,SWA2396,33.501801,-117.175507,,,93,,,-49.5,70,50.5
2026-07-30T23:25:40.995274,AD50C9,AAL2468,32.668716,-117.096954,,,90,,1350,-29.6,180,20.0
2026-07-30T23:25:40.995274,A27737,,33.156921,-117.80744,,,322,,,-49.5,6,40.4
2026-07-30T23:25:46.034696,780C5D,CAO1010,33.220596,-117.259222,,,279,,6715,-49.5,2630,3.0
2026-07-30T23:25:46.034696,A46E40,DAL764,32.670547,-116.68652,,,91,,2064,-32.1,620,70.2
2026-07-30T23:25:46.034696,A1A2E0,SWA2396,33.501801,-117.175507,,,93,,,-49.5,70,55.6
2026-07-30T23:25:46.034696,AD50C9,AAL2468,32.668579,-117.05647,,,90,,1350,-30.8,192,4.5
2026-07-30T23:25:46.034696,A27737,,33.156921,-117.80744,,,322,,,-49.5,6,45.5
2026-07-30T23:25:51.112962,780C5D,CAO1010,33.222796,-117.274569,,,279,,6715,-29.6,2648,0.7
2026-07-30T23:25:51.112962,A46E40,DAL764,32.670547,-116.68652,,,91,,2064,-32.1,620,75.3
2026-07-30T23:25:51.112962,A1A2E0,SWA2396,33.501801,-117.175507,,,93,,,-49.5,70,60.6
2026-07-30T23:25:51.112962,AD50C9,AAL2468,32.668533,-117.041638,,,90,,1350,-30.7,216,2.1
2026-07-30T23:25:51.112962,A27737,,33.156921,-117.80744,,,322,,,-49.5,6,50.5
2026-07-30T23:25:56.165173,780C5D,CAO1010,33.222796,-117.274569,,,279,,6715,-49.5,2650,5.7
2026-07-30T23:25:56.165173,A46E40,DAL764,32.670547,-116.68652,,,91,,2064,-32.1,620,80.3
2026-07-30T23:25:56.165173,A1A2E0,SWA2396,33.501801,-117.175507,,,93,,,-49.5,70,65.7
2026-07-30T23:25:56.165173,AD50C9,AAL2468,32.668533,-117.029828,,,90,,1350,-49.5,242,1.2
2026-07-30T23:25:56.165173,A27737,,33.156921,-117.80744,,,322,,,-49.5,6,55.6
2026-07-30T23:26:01.201836,780C5D,CAO1010,33.225729,-117.29514,,,279,,6715,-27.3,2660,1.0
2026-07-30T23:26:01.201836,A46E40,DAL764,32.670547,-116.68652,,,91,,2064,-32.1,620,85.3
2026-07-30T23:26:01.201836,A1A2E0,SWA2396,33.501801,-117.175507,,,93,,,-49.5,70,70.7
2026-07-30T23:26:01.201836,AD50C9,AAL2468,32.668488,-117.017249,,,90,,1350,-49.5,282,0.0
2026-07-30T23:26:01.201836,A27737,,33.156921,-117.80744,,,322,,,-49.5,6,60.6
2026-07-30T23:26:06.240263,780C5D,CAO1010,33.226868,-117.303168,,,279,,6715,-49.5,2702,2.2
2026-07-30T23:26:06.240263,A46E40,DAL764,32.670547,-116.68652,,,91,,2064,-32.1,620,90.4
2026-07-30T23:26:06.240263,A1A2E0,SWA2396,33.501801,-117.175507,,,93,,,-49.5,70,75.7
2026-07-30T23:26:06.240263,AD50C9,AAL2468,32.668498,-117.009047,,,90,,1350,-29.3,324,1.1
2026-07-30T23:26:11.304972,780C5D,CAO1010,33.22773,-117.309489,,,279,,6715,-49.5,2706,4.2
2026-07-30T23:26:11.304972,A46E40,DAL764,32.670547,-116.68652,,,91,,2064,-32.1,620,95.5
2026-07-30T23:26:11.304972,A1A2E0,SWA2396,33.501801,-117.175507,,,93,,,-49.5,70,80.8
2026-07-30T23:26:11.304972,AD50C9,AAL2468,32.668498,-117.009047,,,90,,1350,-49.5,329,6.2
2026-07-30T23:26:16.380902,780C5D,CAO1010,33.22773,-117.309489,,,279,,6715,-49.5,2709,9.3
2026-07-30T23:26:16.380902,A1A2E0,SWA2396,33.47731,-116.962537,,,97,,6750,-49.5,86,0.3
2026-07-30T23:26:16.380902,AD50C9,AAL2468,32.668498,-117.009047,,,90,,1350,-49.5,329,11.2
2026-07-30T23:26:16.380902,ACFBFD,,33.115446,-117.750007,,,,,,-49.5,2,0.9
2026-07-30T23:26:21.423537,780C5D,CAO1010,33.231079,-117.333215,,,279,,6715,-49.5,2717,3.0
2026-07-30T23:26:21.423537,A1A2E0,SWA2396,33.477064,-116.960169,,,97,,6750,-49.5,90,4.4
2026-07-30T23:26:21.423537,AD50C9,AAL2468,32.668405,-116.975864,,,90,,1350,-30.1,332,0.5
2026-07-30T23:26:21.423537,ACFBFD,,33.116657,-117.751689,,,,,,-31.4,4,4.9
2026-07-30T23:26:26.501725,780C5D,CAO1010,33.231079,-117.333215,,,279,,6715,-49.5,2717,8.1
2026-07-30T23:26:26.501725,A1A2E0,SWA2396,33.477064,-116.960169,,,97,,6750,-30.6,92,9.5
2026-07-30T23:26:26.501725,AD50C9,AAL2468,32.668405,-116.966279,,,90,,1350,-25.9,363,1.1
2026-07-30T23:26:26.501725,ACFBFD,,33.116657,-117.751689,,,,,,-31.4,4,10.0
2026-07-30T23:26:31.581118,780C5D,CAO1010,33.231079,-117.333215,,,279,,6715,-49.5,2718,13.1
2026-07-30T23:26:31.581118,A1A2E0,SWA2396,33.473007,-116.924744,,,97,,6750,-49.5,117,0.3
2026-07-30T23:26:31.581118,AD50C9,AAL2468,32.66835,-116.954901,,,90,,1350,-26.6,428,0.9
2026-07-30T23:26:31.581118,ACFBFD,,33.116657,-117.751689,,,,,,-31.4,4,15.0
2026-07-30T23:26:36.642165,780C5D,CAO1010,33.231079,-117.333215,,,279,,6715,-49.5,2718,18.2
2026-07-30T23:26:36.642165,A1A2E0,SWA2396,33.473007,-116.924744,,,97,,6750,-32.2,120,5.4
2026-07-30T23:26:36.642165,AD50C9,AAL2468,32.66835,-116.950397,,,90,,1350,-49.5,450,3.9
2026-07-30T23:26:36.642165,ACFBFD,,33.116657,-117.751689,,,,,,-31.4,4,20.1
2026-07-30T23:26:36.642165,A690A8,DAL1202,33.008148,-116.570325,,,222,,6023,-49.5,34,0.4
2026-07-30T23:26:41.723914,780C5D,CAO1010,33.231079,-117.333215,,,279,,6715,-32.3,2720,23.3
2026-07-30T23:26:41.723914,A1A2E0,SWA2396,33.473007,-116.924744,,,97,,6750,-32.2,120,10.5
2026-07-30T23:26:41.723914,AD50C9,AAL2468,32.668266,-116.93119,,,90,,1350,-49.5,474,0.2
2026-07-30T23:26:41.723914,ACFBFD,,33.116657,-117.751689,,,,,,-31.4,4,25.2
2026-07-30T23:26:41.723914,A690A8,DAL1202,33.005905,-116.572797,,,222,,6023,-32.4,40,3.4
2026-07-30T23:26:46.763409,780C5D,CAO1010,33.231079,-117.333215,,,279,,6715,-32.3,2720,28.3
2026-07-30T23:26:46.763409,A1A2E0,SWA2396,33.473007,-116.924744,,,97,,6750,-32.2,120,15.5
2026-07-30T23:26:46.763409,AD50C9,AAL2468,32.668266,-116.93119,,,90,,1350,-49.5,485,5.3
2026-07-30T23:26:46.763409,ACFBFD,,33.116657,-117.751689,,,,,,-31.4,4,30.2
2026-07-30T23:26:46.763409,A690A8,DAL1202,33.000549,-116.578674,,,222,,6023,-49.5,45,3.3
2026-07-30T23:26:51.843804,780C5D,CAO1010,33.231079,-117.333215,,,279,,6715,-49.5,2722,33.4
2026-07-30T23:26:51.843804,A1A2E0,SWA2396,33.473007,-116.924744,,,97,,6750,-32.2,120,20.7
2026-07-30T23:26:51.843804,AD50C9,AAL2468,32.668266,-116.93119,,,90,,1350,-49.5,485,10.4
2026-07-30T23:26:51.843804,ACFBFD,,33.116657,-117.751689,,,,,,-49.5,5,35.4
2026-07-30T23:26:51.843804,A690A8,DAL1202,33.000549,-116.578674,,,222,,6023,-49.5,45,8.4
2026-07-30T23:26:56.977267,780C5D,CAO1010,33.243465,-117.41201,,,280,,6715,-29.5,2744,0.0
2026-07-30T23:26:56.977267,A1A2E0,SWA2396,33.466776,-116.870541,,,97,,6750,-49.5,122,4.0
2026-07-30T23:26:56.977267,AD50C9,AAL2468,32.668126,-116.898399,,,90,,1350,-32.2,516,0.8
2026-07-30T23:26:56.977267,ACFBFD,,33.116657,-117.751689,,,,,,-49.5,5,40.4
2026-07-30T23:26:56.977267,A690A8,DAL1202,33.000549,-116.578674,,,222,,6023,-49.5,45,13.5
2026-07-30T23:27:02.040523,780C5D,CAO1010,33.24407,-117.415933,,,280,,6715,-49.5,2757,3.2
2026-07-30T23:27:02.040523,A1A2E0,SWA2396,33.466776,-116.870541,,,97,,6750,-49.5,122,9.0
2026-07-30T23:27:02.040523,AD50C9,AAL2468,32.668126,-116.898399,,,90,,1350,-49.5,522,5.8
2026-07-30T23:27:02.040523,ACFBFD,,33.116657,-117.751689,,,,,,-49.5,5,45.5
2026-07-30T23:27:02.040523,A690A8,DAL1202,33.000549,-116.578674,,,222,,6023,-49.5,45,18.6
2026-07-30T23:27:07.079288,780C5D,CAO1010,33.24407,-117.415933,,,280,,6715,-49.5,2757,8.3
2026-07-30T23:27:07.079288,A1A2E0,SWA2396,33.466776,-116.870541,,,97,,6750,-49.5,122,14.1
2026-07-30T23:27:07.079288,AD50C9,AAL2468,32.668033,-116.87581,,,90,,1350,-33.2,527,1.0
2026-07-30T23:27:07.079288,ACFBFD,,33.116657,-117.751689,,,,,,-49.5,5,50.5
2026-07-30T23:27:07.079288,A690A8,DAL1202,33.000549,-116.578674,,,222,,6023,-49.5,45,23.6
2026-07-30T23:27:12.141621,780C5D,CAO1010,33.24407,-117.415933,,,280,,6715,-49.5,2757,13.3
2026-07-30T23:27:12.141621,A1A2E0,SWA2396,33.466776,-116.870541,,,97,,6750,-49.5,122,19.1
2026-07-30T23:27:12.141621,AD50C9,AAL2468,32.668033,-116.87581,,,90,,1350,-49.5,529,6.1
2026-07-30T23:27:12.141621,ACFBFD,,33.116657,-117.751689,,,,,,-49.5,5,55.6
2026-07-30T23:27:12.141621,A690A8,DAL1202,33.000549,-116.578674,,,222,,6023,-49.5,45,28.7
2026-07-30T23:27:17.183078,780C5D,CAO1010,33.24407,-117.415933,,,280,,6715,-49.5,2757,18.4
2026-07-30T23:27:17.183078,A1A2E0,SWA2396,33.466776,-116.870541,,,97,,6750,-49.5,122,24.2
2026-07-30T23:27:17.183078,AD50C9,AAL2468,32.668033,-116.87581,,,90,,1350,-49.5,529,11.1
2026-07-30T23:27:17.183078,ACFBFD,,33.116657,-117.751689,,,,,,-49.5,5,60.7
2026-07-30T23:27:17.183078,A690A8,DAL1202,33.000549,-116.578674,,,222,,6023,-49.5,45,33.7
2026-07-30T23:27:22.262804,780C5D,CAO1010,33.24407,-117.415933,,,280,,6715,-49.5,2758,23.5
2026-07-30T23:27:22.262804,A1A2E0,SWA2396,33.466776,-116.870541,,,97,,6750,-49.5,122,29.3
2026-07-30T23:27:22.262804,AD50C9,AAL2468,32.668033,-116.87581,,,90,,1350,-49.5,529,16.2
2026-07-30T23:27:22.262804,ACFBFD,,33.116657,-117.751689,,,,,,-49.5,5,65.7
2026-07-30T23:27:22.262804,A690A8,DAL1202,33.000549,-116.578674,,,222,,6023,-49.5,45,38.8
2026-07-30T23:27:27.340760,780C5D,CAO1010,33.24407,-117.415933,,,280,,6715,-49.5,2758,28.5
2026-07-30T23:27:27.340760,A1A2E0,SWA2396,33.457993,-116.793842,,,97,,6750,-34.7,123,3.5
2026-07-30T23:27:27.340760,AD50C9,AAL2468,32.668033,-116.87581,,,90,,1350,-49.5,529,21.2
2026-07-30T23:27:27.340760,ACFBFD,,33.116657,-117.751689,,,,,,-49.5,5,70.8
2026-07-30T23:27:27.340760,A690A8,DAL1202,33.000549,-116.578674,,,222,,6023,-49.5,45,43.9
2026-07-30T23:27:32.404846,780C5D,CAO1010,33.24407,-117.415933,,,280,,6715,-31.1,2764,33.6
2026-07-30T23:27:32.404846,A1A2E0,SWA2396,33.457993,-116.793842,,,97,,6750,-34.7,123,8.6
2026-07-30T23:27:32.404846,AD50C9,AAL2468,32.668033,-116.87581,,,90,,1350,-49.5,529,26.3
2026-07-30T23:27:32.404846,ACFBFD,,33.116657,-117.751689,,,,,,-49.5,5,75.9
2026-07-30T23:27:32.404846,A690A8,DAL1202,33.000549,-116.578674,,,222,,6023,-49.5,45,48.9
2026-07-30T23:27:37.444100,780C5D,CAO1010,33.25622,-117.492894,,,280,,6715,-32.3,2779,0.7
2026-07-30T23:27:37.444100,A1A2E0,SWA2396,33.457993,-116.793842,,,97,,6750,-34.7,123,13.6
2026-07-30T23:27:37.444100,AD50C9,AAL2468,32.668033,-116.87581,,,90,,1350,-49.5,530,31.4
2026-07-30T23:27:37.444100,ACFBFD,,33.116657,-117.751689,,,,,,-49.5,5,80.9
2026-07-30T23:27:37.444100,A690A8,DAL1202,33.000549,-116.578674,,,222,,6023,-49.5,45,54.0
2026-07-30T23:27:42.523281,780C5D,CAO1010,33.257245,-117.498891,,,281,,6715,-33.2,2795,2.8
2026-07-30T23:27:42.523281,A1A2E0,SWA2396,33.45314,-116.751379,,,97,,6750,-49.5,134,1.6
2026-07-30T23:27:42.523281,AD50C9,AAL2468,32.667664,-116.792688,,,90,,1350,-49.5,553,0.4
2026-07-30T23:27:42.523281,ACFBFD,,33.116657,-117.751689,,,,,,-49.5,5,86.0
2026-07-30T23:27:42.523281,A690A8,DAL1202,33.000549,-116.578674,,,222,,6023,-49.5,45,59.0
2026-07-30T23:27:42.523281,AB3982,,32.649133,-117.164425,,,87,,,-32.5,7,1.9
2026-07-30T23:27:47.576116,780C5D,CAO1010,33.260596,-117.514026,,,284,,6715,-49.5,2801,0.4
2026-07-30T23:27:47.576116,A1A2E0,SWA2396,33.45314,-116.751379,,,97,,6750,-34.2,135,6.7
2026-07-30T23:27:47.576116,AD50C9,AAL2468,32.667618,-116.784393,,,90,,1350,-49.5,574,2.0
2026-07-30T23:27:47.576116,ACFBFD,,33.116657,-117.751689,,,,,,-49.5,5,91.0
2026-07-30T23:27:47.576116,AB3982,,32.649353,-117.159247,,,87,,,-33.0,19,4.0
2026-07-30T23:27:52.661350,780C5D,CAO1010,33.260596,-117.514026,,,284,,6715,-49.5,2801,5.5
2026-07-30T23:27:52.661350,A1A2E0,SWA2396,33.45314,-116.751379,,,97,,6750,-34.2,135,11.7
2026-07-30T23:27:52.661350,AD50C9,AAL2468,32.667567,-116.772112,,,90,,1350,-49.5,598,1.8
2026-07-30T23:27:52.661350,AB3982,,32.649353,-117.159247,,,87,,,-33.0,19,9.1
2026-07-30T23:27:57.706336,780C5D,CAO1010,33.260596,-117.514026,,,284,,6715,-49.5,2801,10.5
2026-07-30T23:27:57.706336,A1A2E0,SWA2396,33.448883,-116.71441,,,97,,6750,-49.5,153,1.8
2026-07-30T23:27:57.706336,AD50C9,AAL2468,32.667572,-116.765332,,,90,,1350,-31.8,604,3.9
2026-07-30T23:27:57.706336,AB3982,,32.649353,-117.159247,,,87,,,-33.0,19,14.1
2026-07-30T23:28:02.757847,780C5D,CAO1010,33.260596,-117.514026,,,284,,6715,-49.5,2801,15.5
2026-07-30T23:28:02.757847,A1A2E0,SWA2396,33.448288,-116.709302,,,97,,6750,-49.5,157,4.8
2026-07-30T23:28:02.757847,AD50C9,AAL2468,32.667572,-116.765332,,,90,,1350,-31.8,604,8.9
2026-07-30T23:28:02.757847,AB3982,,32.649353,-117.159247,,,87,,,-33.0,19,19.1
2026-07-30T23:28:07.816696,780C5D,CAO1010,33.260596,-117.514026,,,284,,6715,-49.5,2801,20.6
2026-07-30T23:28:07.816696,A1A2E0,SWA2396,33.448288,-116.709302,,,97,,6750,-49.5,157,9.9
2026-07-30T23:28:07.816696,AD50C9,AAL2468,32.667572,-116.765332,,,90,,1350,-31.8,604,14.0
2026-07-30T23:28:07.816696,AB3982,,32.649353,-117.159247,,,87,,,-33.0,19,24.2
2026-07-30T23:28:12.888375,780C5D,CAO1010,33.260596,-117.514026,,,284,,6715,-49.5,2802,25.7
2026-07-30T23:28:12.888375,A1A2E0,SWA2396,33.444291,-116.674693,,,97,,6750,-49.5,193,0.9
2026-07-30T23:28:12.888375,AD50C9,AAL2468,32.667435,-116.722815,,,90,,1350,-49.5,621,0.9
2026-07-30T23:28:12.888375,AB3982,,32.650902,-117.10854,,,88,,,-32.3,31,0.8
2026-07-30T23:28:17.937259,780C5D,CAO1010,33.260596,-117.514026,,,284,,6715,-49.5,2802,30.7
2026-07-30T23:28:17.937259,A1A2E0,SWA2396,33.442841,-116.66217,,,97,,6750,-49.5,250,0.9
2026-07-30T23:28:17.937259,AD50C9,AAL2468,32.667381,-116.709557,,,90,,1350,-49.5,657,0.2
2026-07-30T23:28:17.937259,AB3982,,32.651088,-117.099068,,,88,,,-30.2,48,0.8
2026-07-30T23:28:22.991558,780C5D,CAO1010,33.260596,-117.514026,,,284,,6715,-49.5,2802,35.8
2026-07-30T23:28:22.991558,A1A2E0,SWA2396,33.441605,-116.651953,,,97,,6750,-49.5,286,1.7
2026-07-30T23:28:22.991558,AD50C9,AAL2468,32.667343,-116.698206,,,90,,1350,-32.0,691,0.5
2026-07-30T23:28:22.991558,AB3982,,32.651088,-117.099068,,,88,,,-30.2,48,5.8
2026-07-30T23:28:28.056621,780C5D,CAO1010,33.260596,-117.514026,,,284,,6715,-49.5,2802,40.8
2026-07-30T23:28:28.056621,A1A2E0,SWA2396,33.441033,-116.64689,,,97,,6750,-49.5,297,4.7
2026-07-30T23:28:28.056621,AD50C9,AAL2468,32.667288,-116.691284,,,90,,1350,-49.5,713,2.5
2026-07-30T23:28:28.056621,AB3982,,32.651088,-117.099068,,,88,,,-30.2,48,10.9
2026-07-30T23:28:33.095040,780C5D,CAO1010,33.260596,-117.514026,,,284,,6715,-49.5,2802,45.9
2026-07-30T23:28:33.095040,A1A2E0,SWA2396,33.441033,-116.64689,,,97,,6750,-33.3,299,9.8
2026-07-30T23:28:33.095040,AD50C9,AAL2468,32.667195,-116.675421,,,90,,1350,-49.5,725,0.9
2026-07-30T23:28:33.095040,AB3982,,32.651088,-117.099068,,,88,,,-30.2,48,15.9
2026-07-30T23:28:38.156179,780C5D,CAO1010,33.260596,-117.514026,,,284,,6715,-49.5,2802,50.9
2026-07-30T23:28:38.156179,A1A2E0,SWA2396,33.43689,-116.611798,,,97,,6750,-28.2,332,0.5
2026-07-30T23:28:38.156179,AD50C9,AAL2468,32.667195,-116.675421,,,90,,1350,-33.9,727,6.0
2026-07-30T23:28:38.156179,AB3982,,32.651088,-117.099068,,,88,,,-30.2,48,21.0
2026-07-30T23:28:43.198014,780C5D,CAO1010,33.260596,-117.514026,,,284,,6715,-49.5,2802,56.0
2026-07-30T23:28:43.198014,A1A2E0,SWA2396,33.435791,-116.602185,,,98,,6750,-27.7,376,1.6
2026-07-30T23:28:43.198014,AD50C9,AAL2468,32.667195,-116.675421,,,90,,1350,-33.9,727,11.0
2026-07-30T23:28:43.198014,AB3982,,32.651088,-117.099068,,,88,,,-30.2,48,26.0
2026-07-30T23:28:43.198014,AC2BC6,,33.013504,-116.580212,,,221,,,-49.5,5,0.9
2026-07-30T23:28:48.262659,780C5D,CAO1010,33.260596,-117.514026,,,284,,6715,-49.5,2802,61.0
2026-07-30T23:28:48.262659,A1A2E0,SWA2396,33.43515,-116.597076,,,98,,6750,-33.6,399,4.6
2026-07-30T23:28:48.262659,AD50C9,AAL2468,32.667195,-116.675421,,,90,,1350,-31.3,732,16.1
2026-07-30T23:28:48.262659,AB3982,,32.651088,-117.099068,,,88,,,-49.5,49,31.1
2026-07-30T23:28:48.262659,AC2BC6,,33.011076,-116.582766,,,221,,,-49.5,14,4.0
2026-07-30T23:28:53.327011,780C5D,CAO1010,33.260596,-117.514026,,,284,,6715,-49.5,2802,66.1
2026-07-30T23:28:53.327011,A1A2E0,SWA2396,33.43515,-116.597076,,,98,,6750,-33.6,399,9.7
2026-07-30T23:28:53.327011,AD50C9,AAL2468,32.667195,-116.675421,,,90,,1350,-49.5,734,21.2
2026-07-30T23:28:53.327011,AB3982,,32.651088,-117.099068,,,88,,,-34.0,51,36.2
2026-07-30T23:28:53.327011,AC2BC6,,33.001161,-116.593136,,,221,,,-49.5,17,1.3
2026-07-30T23:28:58.381225,780C5D,CAO1010,33.260596,-117.514026,,,284,,6715,-49.5,2802,71.2
2026-07-30T23:28:58.381225,A1A2E0,SWA2396,33.43515,-116.597076,,,98,,6750,-33.6,399,14.7
2026-07-30T23:28:58.381225,AD50C9,AAL2468,32.666916,-116.615669,,,90,,1350,-49.5,754,0.8
2026-07-30T23:28:58.381225,AB3982,,32.651088,-117.099068,,,88,,,-49.5,53,41.2
2026-07-30T23:28:58.381225,AC2BC6,,33.001161,-116.593136,,,221,,,-49.5,17,6.3
2026-07-30T23:29:03.444898,780C5D,CAO1010,33.260596,-117.514026,,,284,,6715,-49.5,2802,76.2
2026-07-30T23:29:03.444898,A1A2E0,SWA2396,33.43515,-116.597076,,,98,,6750,-33.6,399,19.8
2026-07-30T23:29:03.444898,AD50C9,AAL2468,32.666916,-116.615669,,,90,,1350,-32.1,760,5.9
2026-07-30T23:29:03.444898,AB3982,,32.65309,-117.009944,,,88,,,-49.5,74,0.4
2026-07-30T23:29:03.444898,AC2BC6,,33.001161,-116.593136,,,221,,,-49.5,17,11.4
2026-07-30T23:29:08.521492,780C5D,CAO1010,33.260596,-117.514026,,,284,,6715,-49.5,2802,81.3
2026-07-30T23:29:08.521492,A1A2E0,SWA2396,33.43515,-116.597076,,,98,,6750,-33.6,399,24.9
2026-07-30T23:29:08.521492,AD50C9,AAL2468,32.666916,-116.615669,,,90,,1350,-32.1,760,11.0
2026-07-30T23:29:08.521492,AB3982,,32.653152,-117.006757,,,88,,,-49.5,85,4.0
2026-07-30T23:29:08.521492,AC2BC6,,33.001161,-116.593136,,,221,,,-49.5,17,16.5
2026-07-30T23:29:13.604643,A1A2E0,SWA2396,33.43515,-116.597076,,,98,,6750,-33.6,399,30.0
2026-07-30T23:29:13.604643,AD50C9,AAL2468,32.666916,-116.615669,,,90,,1350,-32.1,760,16.1
2026-07-30T23:29:13.604643,AB3982,,32.653152,-117.006757,,,88,,,-49.5,85,9.1
2026-07-30T23:29:13.604643,AC2BC6,,33.001161,-116.593136,,,221,,,-49.5,17,21.6
2026-07-30T23:29:18.680971,A1A2E0,SWA2396,33.43515,-116.597076,,,98,,6750,-33.6,399,35.1
2026-07-30T23:29:18.680971,AD50C9,AAL2468,32.666916,-116.615669,,,90,,1350,-32.1,760,21.1
2026-07-30T23:29:18.680971,AB3982,,32.653152,-117.006757,,,88,,,-49.5,85,14.1
2026-07-30T23:29:18.680971,AC2BC6,,33.001161,-116.593136,,,221,,,-49.5,17,26.7
2026-07-30T23:29:23.749182,A1A2E0,SWA2396,33.43515,-116.597076,,,98,,6750,-33.6,399,40.1
2026-07-30T23:29:23.749182,AD50C9,AAL2468,32.666916,-116.615669,,,90,,1350,-32.1,760,26.2
2026-07-30T23:29:23.749182,AB3982,,32.653152,-117.006757,,,88,,,-49.5,86,19.2
2026-07-30T23:29:23.749182,AC2BC6,,33.001161,-116.593136,,,221,,,-49.5,17,31.7
2026-07-30T23:29:28.800214,A1A2E0,SWA2396,33.43515,-116.597076,,,98,,6750,-33.6,399,45.2
2026-07-30T23:29:28.800214,AD50C9,AAL2468,32.666916,-116.615669,,,90,,1350,-32.1,760,31.3
2026-07-30T23:29:28.800214,AB3982,,32.653974,-116.958599,,,88,,6722,-28.3,120,0.2
2026-07-30T23:29:28.800214,AC2BC6,,33.001161,-116.593136,,,221,,,-49.5,17,36.8
2026-07-30T23:29:33.879655,A1A2E0,SWA2396,33.43515,-116.597076,,,98,,6750,-33.6,399,50.3
2026-07-30T23:29:33.879655,AD50C9,AAL2468,32.666916,-116.615669,,,90,,1350,-32.1,760,36.4
2026-07-30T23:29:33.879655,AB3982,,32.65416,-116.949683,,,88,,6722,-30.8,167,1.0
2026-07-30T23:29:33.879655,AC2BC6,,33.001161,-116.593136,,,221,,,-49.5,17,41.9
2026-07-30T23:29:38.960230,A1A2E0,SWA2396,33.43515,-116.597076,,,98,,6750,-33.6,399,55.4
2026-07-30T23:29:38.960230,AD50C9,AAL2468,32.666916,-116.615669,,,90,,1350,-32.1,760,41.5
2026-07-30T23:29:38.960230,AB3982,,32.654207,-116.947221,,,88,,6722,-32.1,176,4.8
2026-07-30T23:29:38.960230,AC2BC6,,33.001161,-116.593136,,,221,,,-49.5,17,47.0
2026-07-30T23:29:38.960230,AC4FFB,,32.84833,-117.372605,,,309,,1067,-31.8,8,1.1
2026-07-30T23:29:44.064900,A1A2E0,SWA2396,33.43515,-116.597076,,,98,,6750,-33.6,399,60.4
2026-07-30T23:29:44.064900,AD50C9,AAL2468,32.666916,-116.615669,,,90,,1350,-32.1,760,46.5
2026-07-30T23:29:44.064900,AB3982,,32.654207,-116.947221,,,88,,6722,-32.1,176,9.9
2026-07-30T23:29:44.064900,AC2BC6,,33.001161,-116.593136,,,221,,,-49.5,17,52.0
2026-07-30T23:29:44.064900,AC4FFB,,32.853497,-117.379948,,,309,,1067,-49.5,13,0.3
2026-07-30T23:29:49.116151,AD50C9,AAL2468,32.666916,-116.615669,,,90,,1350,-32.1,760,51.6
2026-07-30T23:29:49.116151,AB3982,,32.654207,-116.947221,,,88,,6722,-49.5,178,15.0
2026-07-30T23:29:49.116151,AC2BC6,,33.001161,-116.593136,,,221,,,-49.5,17,57.1
2026-07-30T23:29:49.116151,AC4FFB,,32.858139,-117.386554,,,309,,1067,-32.5,16,0.0
2026-07-30T23:29:54.194902,AD50C9,AAL2468,32.666916,-116.615669,,,90,,1350,-32.1,760,56.7
2026-07-30T23:29:54.194902,AB3982,,32.654207,-116.947221,,,88,,6722,-49.5,178,20.1
2026-07-30T23:29:54.194902,AC4FFB,SWA2593,32.862579,-117.392871,,,309,,1067,-49.5,34,0.0
2026-07-30T23:29:59.274051,AD50C9,AAL2468,32.666916,-116.615669,,,90,,1350,-32.1,760,61.7
2026-07-30T23:29:59.274051,AB3982,,32.654207,-116.947221,,,88,,6722,-49.5,181,25.1
2026-07-30T23:29:59.274051,AC4FFB,SWA2593,32.866104,-117.39787,,,309,,1067,-34.0,43,1.1
2026-07-30T23:30:04.327506,AB3982,,32.654207,-116.947221,,,88,,6722,-34.8,183,30.1
2026-07-30T23:30:04.327506,AC4FFB,SWA2593,32.870768,-117.404499,,,309,,1067,-49.5,62,0.9
2026-07-30T23:30:09.364015,AB3982,,32.654207,-116.947221,,,88,,6722,-33.1,184,35.3
2026-07-30T23:30:09.364015,AC4FFB,SWA2593,32.870768,-117.404499,,,309,,1067,-49.5,62,6.0
2026-07-30T23:30:14.468568,AB3982,,32.654207,-116.947221,,,88,,6722,-33.1,184,40.3
2026-07-30T23:30:14.468568,AC4FFB,SWA2593,32.870768,-117.404499,,,309,,1067,-49.5,62,11.0
2026-07-30T23:30:14.468568,A1AFEC,MXY353,33.504593,-117.218408,,,98,,,-49.5,10,0.3
2026-07-30T23:30:19.522155,AB3982,,32.654207,-116.947221,,,88,,6722,-33.1,184,45.4
2026-07-30T23:30:19.522155,AC4FFB,SWA2593,32.884221,-117.423501,,,310,,1067,-49.5,82,1.0
2026-07-30T23:30:19.522155,A1AFEC,MXY353,33.503552,-117.20994,,,98,,2017,-35.0,23,1.6
2026-07-30T23:30:24.592753,AB3982,,32.654207,-116.947221,,,88,,6722,-33.1,184,50.4
2026-07-30T23:30:24.592753,AC4FFB,SWA2593,32.885199,-117.424902,,,310,,1067,-34.1,83,5.0
2026-07-30T23:30:24.592753,A1AFEC,MXY353,33.503552,-117.20994,,,98,,2017,-33.5,24,6.6
2026-07-30T23:30:29.638928,AB3982,,32.654207,-116.947221,,,88,,6722,-33.1,184,55.5
2026-07-30T23:30:29.638928,AC4FFB,SWA2593,32.885199,-117.424902,,,310,,1067,-34.1,83,10.0
2026-07-30T23:30:29.638928,A1AFEC,MXY353,33.501411,-117.190321,,,98,,2017,-33.8,27,2.7
2026-07-30T23:30:34.718514,AB3982,,32.654207,-116.947221,,,88,,6722,-33.1,184,60.6
2026-07-30T23:30:34.718514,AC4FFB,SWA2593,32.885199,-117.424902,,,310,,1067,-34.1,83,15.1
2026-07-30T23:30:34.718514,A1AFEC,MXY353,33.501411,-117.190321,,,97,,2017,-49.5,30,7.7
2026-07-30T23:30:39.798443,AB3982,,32.654207,-116.947221,,,88,,6722,-33.1,184,65.6
2026-07-30T23:30:39.798443,AC4FFB,SWA2593,32.885199,-117.424902,,,310,,1067,-34.1,83,20.1
2026-07-30T23:30:39.798443,A1AFEC,MXY353,33.501411,-117.190321,,,97,,2017,-49.5,30,12.8
2026-07-30T23:30:44.848649,AB3982,,32.654207,-116.947221,,,88,,6722,-33.1,184,70.7
2026-07-30T23:30:44.848649,AC4FFB,SWA2593,32.885199,-117.424902,,,310,,1067,-34.1,83,25.2
2026-07-30T23:30:44.848649,A1AFEC,MXY353,33.501411,-117.190321,,,97,,2017,-49.5,30,17.8
2026-07-30T23:30:49.891898,AB3982,,32.654207,-116.947221,,,88,,6722,-33.1,184,75.7
2026-07-30T23:30:49.891898,AC4FFB,SWA2593,32.885199,-117.424902,,,310,,1067,-34.1,83,30.3
2026-07-30T23:30:49.891898,A1AFEC,MXY353,33.501411,-117.190321,,,97,,2017,-49.5,30,22.9
2026-07-30T23:30:54.958214,AB3982,,32.654207,-116.947221,,,88,,6722,-33.1,184,80.8
2026-07-30T23:30:54.958214,AC4FFB,SWA2593,32.885199,-117.424902,,,310,,1067,-31.8,84,35.3
2026-07-30T23:30:54.958214,A1AFEC,MXY353,33.501411,-117.190321,,,97,,2017,-49.5,30,28.0
2026-07-30T23:31:00.004172,AB3982,,32.654207,-116.947221,,,88,,6722,-33.1,184,85.9
2026-07-30T23:31:00.004172,AC4FFB,SWA2593,32.885199,-117.424902,,,310,,1067,-31.8,84,40.4
2026-07-30T23:31:00.004172,A1AFEC,MXY353,33.501411,-117.190321,,,97,,2017,-49.5,30,33.0
2026-07-30T23:31:05.082963,AB3982,,32.654207,-116.947221,,,88,,6722,-33.1,184,90.9
2026-07-30T23:31:05.082963,AC4FFB,SWA2593,32.885199,-117.424902,,,310,,1067,-31.8,84,45.4
2026-07-30T23:31:05.082963,A1AFEC,MXY353,33.501411,-117.190321,,,97,,2017,-49.5,30,38.1
2026-07-30T23:31:10.136068,AC4FFB,SWA2593,32.885199,-117.424902,,,310,,1067,-49.5,86,50.5
2026-07-30T23:31:10.136068,A1AFEC,MXY353,33.501411,-117.190321,,,97,,2017,-49.5,30,43.1
2026-07-30T23:31:10.136068,ACFDF4,SWA644,32.857864,-117.391608,,,310,,2033,-49.5,10,3.0
2026-07-30T23:31:15.186977,AC4FFB,SWA2593,32.934677,-117.494659,,,310,,1067,-32.8,91,2.6
2026-07-30T23:31:15.186977,A1AFEC,MXY353,33.501411,-117.190321,,,97,,2017,-49.5,30,48.2
2026-07-30T23:31:15.186977,ACFDF4,SWA644,32.857864,-117.391608,,,310,,2033,-49.5,10,8.1
2026-07-30T23:31:20.250011,AC4FFB,SWA2593,32.939805,-117.501806,,,310,,1067,-49.5,97,2.4
2026-07-30T23:31:20.250011,A1AFEC,MXY353,33.501411,-117.190321,,,97,,2017,-49.5,30,53.2
2026-07-30T23:31:20.250011,ACFDF4,SWA644,32.865414,-117.402088,,,310,,2033,-49.5,18,4.5
2026-07-30T23:31:25.328951,AC4FFB,SWA2593,32.939805,-117.501806,,,310,,1067,-49.5,97,7.5
2026-07-30T23:31:25.328951,A1AFEC,MXY353,33.501411,-117.190321,,,97,,2017,-49.5,30,58.3
2026-07-30T23:31:25.328951,ACFDF4,SWA644,32.865414,-117.402088,,,310,,2033,-49.5,18,9.6
2026-07-30T23:31:30.395736,AC4FFB,SWA2593,32.950882,-117.517456,,,310,,1067,-49.5,109,1.3
2026-07-30T23:31:30.395736,A1AFEC,MXY353,33.501411,-117.190321,,,97,,2017,-49.5,30,63.4
2026-07-30T23:31:30.395736,ACFDF4,SWA644,32.865414,-117.402088,,,310,,2033,-49.5,18,14.7
2026-07-30T23:31:35.448151,AC4FFB,SWA2593,32.950882,-117.517456,,,309,,1067,-32.9,111,6.4
2026-07-30T23:31:35.448151,ACFDF4,SWA644,32.865414,-117.402088,,,310,,2033,-49.5,18,19.7
2026-07-30T23:31:40.527181,AC4FFB,SWA2593,32.950882,-117.517456,,,309,,1067,-32.9,111,11.4
2026-07-30T23:31:40.527181,ACFDF4,SWA644,32.865414,-117.402088,,,310,,2033,-49.5,18,24.8
2026-07-30T23:31:45.577809,AC4FFB,SWA2593,32.950882,-117.517456,,,309,,1067,-32.9,111,16.5
2026-07-30T23:31:45.577809,ACFDF4,SWA644,32.865414,-117.402088,,,310,,2033,-49.5,18,29.9
2026-07-30T23:31:50.631171,AC4FFB,SWA2593,32.950882,-117.517456,,,309,,1067,-32.9,111,21.5
2026-07-30T23:31:50.631171,ACFDF4,SWA644,32.865414,-117.402088,,,310,,2033,-49.5,18,34.9
2026-07-30T23:31:55.709334,AC4FFB,SWA2593,32.950882,-117.517456,,,309,,1067,-32.9,111,26.6
2026-07-30T23:31:55.709334,ACFDF4,SWA644,32.865414,-117.402088,,,310,,2033,-49.5,18,40.0
2026-07-30T23:32:00.760136,AC4FFB,SWA2593,32.950882,-117.517456,,,309,,1067,-32.9,111,31.6
2026-07-30T23:32:00.760136,ACFDF4,SWA644,32.865414,-117.402088,,,310,,2033,-49.5,18,45.0
2026-07-30T23:32:05.813438,AC4FFB,SWA2593,32.950882,-117.517456,,,309,,1067,-32.9,111,36.7
2026-07-30T23:32:05.813438,ACFDF4,SWA644,32.865414,-117.402088,,,310,,2033,-49.5,18,50.1
2026-07-30T23:32:10.892401,AC4FFB,SWA2593,32.950882,-117.517456,,,309,,1067,-32.9,111,41.8
2026-07-30T23:32:10.892401,ACFDF4,SWA644,32.91448,-117.470529,,,310,,2033,-30.7,20,0.4
2026-07-30T23:32:15.971666,AC4FFB,SWA2593,32.950882,-117.517456,,,309,,1067,-32.9,111,46.8
2026-07-30T23:32:15.971666,ACFDF4,SWA644,32.915497,-117.471918,,,310,,2033,-32.3,23,4.4
2026-07-30T23:32:21.021942,AC4FFB,SWA2593,32.950882,-117.517456,,,309,,1067,-32.9,111,51.9
2026-07-30T23:32:21.021942,ACFDF4,SWA644,32.915497,-117.471918,,,310,,2033,-32.3,23,9.4
2026-07-30T23:32:26.074274,AC4FFB,SWA2593,32.950882,-117.517456,,,309,,1067,-32.9,111,57.0
2026-07-30T23:32:26.074274,ACFDF4,SWA644,32.915497,-117.471918,,,310,,2033,-49.5,25,14.5
2026-07-30T23:32:31.128006,AC4FFB,SWA2593,32.950882,-117.517456,,,309,,1067,-32.9,111,62.0
2026-07-30T23:32:31.128006,ACFDF4,SWA644,32.915497,-117.471918,,,310,,2033,-49.5,25,19.5
2026-07-30T23:32:36.177847,ACFDF4,SWA644,32.915497,-117.471918,,,310,,2033,-31.5,27,24.6
2026-07-30T23:32:41.256483,ACFDF4,SWA644,32.915497,-117.471918,,,310,,2033,-31.5,27,29.7
2026-07-30T23:32:46.335337,ACFDF4,SWA644,32.949554,-117.519324,,,310,,2033,-49.5,33,1.7
2026-07-30T23:32:51.414100,ACFDF4,SWA644,32.949554,-117.519324,,,310,,2033,-49.5,33,6.7
2026-07-30T23:32:56.464639,ACFDF4,SWA644,32.949554,-117.519324,,,310,,2033,-49.5,33,11.8
2026-07-30T23:33:01.517936,ACFDF4,SWA644,32.949554,-117.519324,,,310,,2033,-49.5,33,16.8
2026-07-30T23:33:06.582173,ACFDF4,SWA644,32.949554,-117.519324,,,310,,2033,-49.5,33,21.9
2026-07-30T23:33:06.582173,A1AFEC,,33.466736,-116.83949,,,96,,,-49.5,14,1.7
2026-07-30T23:33:11.647750,ACFDF4,SWA644,32.949554,-117.519324,,,310,,2033,-49.5,33,27.0
2026-07-30T23:33:11.647750,A1AFEC,,33.465317,-116.825372,,,96,,2017,-26.3,48,0.6
2026-07-30T23:33:16.700620,ACFDF4,SWA644,32.949554,-117.519324,,,310,,2033,-49.5,33,32.0
2026-07-30T23:33:16.700620,A1AFEC,MXY353,33.464218,-116.814496,,,96,,2017,-29.1,80,0.8
2026-07-30T23:33:21.764302,ACFDF4,SWA644,32.949554,-117.519324,,,310,,2033,-49.5,33,37.1
2026-07-30T23:33:21.764302,A1AFEC,MXY353,33.464218,-116.814496,,,96,,2017,-49.5,86,5.9
2026-07-30T23:33:26.843869,ACFDF4,SWA644,32.949554,-117.519324,,,310,,2033,-49.5,33,42.1
2026-07-30T23:33:26.843869,A1AFEC,MXY353,33.464218,-116.814496,,,96,,2017,-32.1,87,11.0
2026-07-30T23:33:31.922003,ACFDF4,SWA644,32.949554,-117.519324,,,310,,2033,-49.5,33,47.2
2026-07-30T23:33:31.922003,A1AFEC,MXY353,33.464218,-116.814496,,,96,,2017,-32.1,87,16.1
2026-07-30T23:33:36.993870,ACFDF4,SWA644,32.949554,-117.519324,,,310,,2033,-49.5,33,52.3
2026-07-30T23:33:36.993870,A1AFEC,MXY353,33.464218,-116.814496,,,96,,2017,-32.1,87,21.1
2026-07-30T23:33:42.045005,ACFDF4,SWA644,32.949554,-117.519324,,,310,,2033,-49.5,33,57.3
2026-07-30T23:33:42.045005,A1AFEC,MXY353,33.464218,-116.814496,,,96,,2017,-32.1,87,26.2
2026-07-30T23:33:47.115936,A1AFEC,MXY353,33.464218,-116.814496,,,96,,2017,-32.1,87,31.3
2026-07-30T23:33:52.198999,A1AFEC,MXY353,33.464218,-116.814496,,,96,,2017,-31.0,88,36.3
2026-07-30T23:33:57.248888,A1AFEC,MXY353,33.464218,-116.814496,,,96,,2017,-31.0,88,41.3
2026-07-30T23:33:57.248888,AC4FFB,,33.115173,-117.71933,,,,,,-49.5,2,0.2
2026-07-30T23:34:02.287454,A1AFEC,MXY353,33.464218,-116.814496,,,96,,2017,-31.0,88,46.4
2026-07-30T23:34:02.287454,AC4FFB,,33.115173,-117.71933,,,,,,-49.5,2,5.3
2026-07-30T23:34:07.361291,A1AFEC,MXY353,33.464218,-116.814496,,,96,,2017,-31.0,88,51.5
2026-07-30T23:34:07.361291,AC4FFB,,33.115173,-117.71933,,,,,,-49.5,2,10.4
2026-07-30T23:34:12.405649,A1AFEC,MXY353,33.464218,-116.814496,,,96,,2017,-31.0,88,56.6
2026-07-30T23:34:12.405649,AC4FFB,,33.115173,-117.71933,,,,,,-49.5,2,15.4
2026-07-30T23:34:17.484255,A1AFEC,MXY353,33.464218,-116.814496,,,96,,2017,-31.0,88,61.6
2026-07-30T23:34:17.484255,AC4FFB,,33.115173,-117.71933,,,,,,-49.5,2,20.5
2026-07-30T23:34:22.547300,A1AFEC,MXY353,33.464218,-116.814496,,,96,,2017,-31.0,88,66.7
2026-07-30T23:34:22.547300,AC4FFB,,33.115173,-117.71933,,,,,,-49.5,2,25.5
2026-07-30T23:34:27.625076,A1AFEC,MXY353,33.464218,-116.814496,,,96,,2017,-31.0,88,71.8
2026-07-30T23:34:27.625076,AC4FFB,,33.115173,-117.71933,,,,,,-49.5,2,30.6
2026-07-30T23:34:32.667194,A1AFEC,MXY353,33.464218,-116.814496,,,96,,2017,-31.0,88,76.8
2026-07-30T23:34:32.667194,AC4FFB,,33.115173,-117.71933,,,,,,-49.5,2,35.7
2026-07-30T23:34:37.729134,A1AFEC,MXY353,33.464218,-116.814496,,,96,,2017,-31.0,88,81.9
2026-07-30T23:34:37.729134,AC4FFB,,33.115173,-117.71933,,,,,,-49.5,2,40.7
2026-07-30T23:34:42.772216,A1AFEC,MXY353,33.464218,-116.814496,,,96,,2017,-31.0,88,86.9
2026-07-30T23:34:42.772216,AC4FFB,,33.115173,-117.71933,,,,,,-49.5,2,45.8
2026-07-30T23:34:47.853470,A1AFEC,MXY353,33.464218,-116.814496,,,96,,2017,-31.0,88,92.0
2026-07-30T23:34:47.853470,AC4FFB,,33.115173,-117.71933,,,,,,-49.5,2,50.9
2026-07-30T23:34:52.928531,AC4FFB,,33.115173,-117.71933,,,,,,-49.5,2,55.9
2026-07-30T23:35:33.396323,A6598E,,33.20883,-117.716096,,,138,,,-49.5,13,0.9
2026-07-30T23:35:38.448757,A6598E,,33.207458,-117.714606,,,138,,,-49.5,21,5.0
2026-07-30T23:35:43.500049,A6598E,,33.207458,-117.714606,,,138,,,-49.5,26,10.0
2026-07-30T23:35:48.550599,A6598E,,33.207458,-117.714606,,,138,,,-49.5,26,15.1
2026-07-30T23:35:53.603983,A6598E,,33.207458,-117.714606,,,138,,,-49.5,26,20.1
2026-07-30T23:35:58.667096,A6598E,,33.207458,-117.714606,,,138,,,-49.5,26,25.2
2026-07-30T23:36:03.741828,A6598E,,33.207458,-117.714606,,,138,,,-31.7,28,30.3
2026-07-30T23:36:08.787614,A6598E,VOI5653,33.158554,-117.662902,,,138,,,-31.4,55,0.1
2026-07-30T23:36:13.838714,A6598E,VOI5653,33.158554,-117.662902,,,138,,,-30.0,56,5.1
2026-07-30T23:36:18.875157,A6598E,VOI5653,33.158554,-117.662902,,,138,,,-30.0,56,10.2
2026-07-30T23:36:23.950366,A6598E,VOI5653,33.158554,-117.662902,,,138,,,-49.5,57,15.3
2026-07-30T23:36:28.993828,A6598E,VOI5653,33.158554,-117.662902,,,138,,,-49.5,57,20.3
2026-07-30T23:36:34.058289,A6598E,VOI5653,33.158554,-117.662902,,,138,,,-49.5,57,25.4
2026-07-30T23:36:39.127019,A6598E,VOI5653,33.158554,-117.662902,,,138,,,-49.5,57,30.5
2026-07-30T23:36:44.175442,A6598E,VOI5653,33.158554,-117.662902,,,138,,,-49.5,57,35.5
2026-07-30T23:36:49.254292,A6598E,VOI5653,33.158554,-117.662902,,,138,,,-49.5,57,40.6
2026-07-30T23:36:54.333394,A6598E,VOI5653,33.158554,-117.662902,,,138,,,-49.5,62,45.6
2026-07-30T23:36:59.387154,A6598E,VOI5653,33.158554,-117.662902,,,138,,,-49.5,62,50.7
2026-07-30T23:37:04.437092,A6598E,VOI5653,33.158554,-117.662902,,,138,,,-49.5,62,55.7
2026-07-30T23:37:09.499357,A6598E,VOI5653,33.158554,-117.662902,,,138,,,-49.5,62,60.8
2026-07-30T23:37:14.578693,A6598E,VOI5653,33.158554,-117.662902,,,138,,,-49.5,62,65.9
2026-07-30T23:37:19.652230,A6598E,VOI5653,33.158554,-117.662902,,,138,,,-49.5,62,71.0
2026-07-30T23:37:24.697563,A6598E,VOI5653,33.055573,-117.547998,,,136,,,-29.2,76,0.9
2026-07-30T23:37:29.747447,A6598E,VOI5653,33.054199,-117.54646,,,136,,,-49.5,82,5.0
2026-07-30T23:37:34.785044,A6598E,VOI5653,33.041656,-117.532562,,,136,,,-33.1,83,1.0
2026-07-30T23:37:39.862153,A6598E,VOI5653,33.033701,-117.523723,,,136,,7216,-49.5,90,0.4
2026-07-30T23:37:44.907176,A6598E,VOI5653,33.026858,-117.5161,,,136,,7216,-49.5,126,0.5
2026-07-30T23:37:49.983947,A6598E,VOI5653,33.019688,-117.50814,,,136,,7216,-29.3,156,0.5
2026-07-30T23:37:55.065358,A6598E,VOI5653,33.019688,-117.50814,,,136,,7216,-30.1,160,5.5
2026-07-30T23:38:00.128158,A6598E,VOI5653,33.005211,-117.492053,,,136,,7216,-49.5,165,0.3
2026-07-30T23:38:05.206190,A6598E,VOI5653,33.005211,-117.492053,,,136,,7216,-49.5,165,5.4
2026-07-30T23:38:10.275034,A6598E,VOI5653,33.005211,-117.492053,,,136,,7216,-49.5,165,10.4
2026-07-30T23:38:15.313176,A6598E,VOI5653,33.005211,-117.492053,,,136,,7216,-49.5,165,15.5
2026-07-30T23:38:20.380522,A6598E,VOI5653,32.978117,-117.462065,,,136,,7216,-49.5,182,1.2
2026-07-30T23:38:25.427438,A6598E,VOI5653,32.971135,-117.45433,,,136,,7216,-29.0,204,1.4
2026-07-30T23:38:30.486724,A6598E,VOI5653,32.971135,-117.45433,,,137,,7216,-49.5,205,6.4
2026-07-30T23:38:35.531768,A6598E,VOI5653,32.956005,-117.43757,,,136,,7216,-49.5,238,0.7
2026-07-30T23:38:40.612031,A6598E,VOI5653,32.948138,-117.428826,,,136,,7216,-49.5,250,0.0
2026-07-30T23:38:45.663762,A6598E,VOI5653,32.943762,-117.424005,,,137,,7216,-26.4,280,2.1
2026-07-30T23:38:50.794148,A6598E,VOI5653,32.934312,-117.413579,,,136,,7216,-30.1,287,0.4
2026-07-30T23:38:55.847131,A6598E,VOI5653,32.92826,-117.406853,,,137,,7216,-49.5,326,1.3
2026-07-30T23:39:00.901785,A6598E,VOI5653,32.919342,-117.397046,,,137,,7216,-49.5,353,0.0
2026-07-30T23:39:05.950478,A6598E,VOI5653,32.912106,-117.389028,,,137,,7216,-49.5,366,0.0
2026-07-30T23:39:11.029110,A6598E,VOI5653,32.905449,-117.381629,,,137,,7216,-49.5,402,0.3
2026-07-30T23:39:16.093440,A6598E,VOI5653,32.898056,-117.37348,,,137,,7216,-49.5,429,0.2
2026-07-30T23:39:21.168013,A6598E,VOI5653,32.892746,-117.367657,,,137,,7216,-49.5,461,1.6
2026-07-30T23:39:26.214022,A6598E,VOI5653,32.884232,-117.358154,,,137,,7216,-24.3,487,0.7
2026-07-30T23:39:31.290728,A6598E,VOI5653,32.877378,-117.350632,,,137,,7216,-49.5,522,1.0
2026-07-30T23:39:36.369894,A6598E,VOI5653,32.86908,-117.341455,,,137,,7216,-27.0,543,0.2
2026-07-30T23:39:41.426598,A6598E,VOI5653,32.86235,-117.333984,,,137,,7216,-49.5,585,0.5
2026-07-30T23:39:46.473444,A6598E,VOI5653,32.855313,-117.326193,,,137,,7216,-25.0,631,0.8
2026-07-30T23:39:51.543870,A6598E,VOI5653,32.848343,-117.318549,,,136,,7216,-24.4,672,1.0
2026-07-30T23:39:56.616086,A6598E,VOI5653,32.839828,-117.3091,,,137,,7216,-49.5,702,0.0
2026-07-30T23:40:01.656180,A6598E,VOI5653,32.835481,-117.304276,,,136,,7216,-49.5,729,2.2
2026-07-30T23:40:06.734973,A6598E,VOI5653,32.826776,-117.294691,,,136,,7216,-49.5,733,1.2
2026-07-30T23:40:11.783697,A6598E,VOI5653,32.822159,-117.289545,,,136,,7216,-30.6,747,3.1
2026-07-30T23:40:16.827599,A6598E,VOI5653,32.810532,-117.276691,,,136,,7216,-29.5,771,0.1
2026-07-30T23:40:21.893459,A6598E,VOI5653,32.80471,-117.270309,,,136,,7216,-30.5,783,1.3
2026-07-30T23:40:26.997199,A6598E,VOI5653,32.796145,-117.26078,,,137,,7216,-32.2,823,0.4
2026-07-30T23:40:32.089768,A6598E,VOI5653,32.790573,-117.254663,,,137,,7216,-49.5,842,1.7
2026-07-30T23:40:37.154258,A6598E,VOI5653,32.781189,-117.244391,,,137,,7216,-22.7,895,0.4
2026-07-30T23:40:42.234028,A6598E,VOI5653,32.774498,-117.236957,,,137,,7216,-49.5,938,0.8
2026-07-30T23:40:47.328211,A6598E,VOI5653,32.766118,-117.227765,,,137,,7216,-24.8,980,0.1
2026-07-30T23:40:52.376307,A6598E,VOI5653,32.759262,-117.220221,,,137,,7216,-49.5,1037,0.7
2026-07-30T23:40:57.447762,A6598E,VOI5653,32.751361,-117.211565,,,137,,7216,-49.5,1062,0.3
2026-07-30T23:41:02.494749,A6598E,VOI5653,32.744202,-117.203687,,,137,,7216,-49.5,1093,0.4
2026-07-30T23:41:07.547856,A6598E,VOI5653,32.741166,-117.200355,,,137,,7216,-49.5,1102,3.3
2026-07-30T23:41:12.597682,A6598E,VOI5653,32.72937,-117.187372,,,137,,7216,-49.5,1114,0.3
2026-07-30T23:41:17.661190,A6598E,VOI5653,32.722778,-117.180121,,,137,,7216,-49.5,1153,0.8
2026-07-30T23:41:22.702628,A6598E,VOI5653,32.715144,-117.171712,,,137,,7216,-49.5,1165,0.7
2026-07-30T23:41:27.780968,A6598E,VOI5653,32.707788,-117.16364,,,137,,7216,-30.4,1200,0.8
2026-07-30T23:41:32.844374,A6598E,VOI5653,32.701737,-117.157026,,,137,,7216,-30.1,1228,1.8
2026-07-30T23:41:37.883676,A6598E,VOI5653,32.692932,-117.147272,,,137,,7216,-24.7,1272,0.8
2026-07-30T23:41:42.934595,A6598E,VOI5653,32.685676,-117.139369,,,137,,7216,-27.4,1311,0.9
2026-07-30T23:41:47.974041,A6598E,VOI5653,32.681396,-117.134637,,,136,,7216,-32.6,1335,3.0
2026-07-30T23:41:53.048538,A6598E,VOI5653,32.681396,-117.134637,,,136,,7216,-30.7,1336,8.1
2026-07-30T23:41:58.090671,A6598E,VOI5653,32.666683,-117.117733,,,136,,7216,-49.5,1345,3.0
2026-07-30T23:42:03.143150,A6598E,VOI5653,32.666683,-117.117733,,,136,,7216,-49.5,1346,8.0
2026-07-30T23:42:08.211451,A6598E,VOI5653,32.666683,-117.117733,,,136,,7216,-33.0,1347,13.1
2026-07-30T23:42:08.211451,AE040B,,33.031606,-116.755465,,,229,,4777,-30.0,20,0.4
2026-07-30T23:42:13.248460,A6598E,VOI5653,32.666683,-117.117733,,,136,,7216,-33.0,1347,18.1
2026-07-30T23:42:13.248460,AE040B,,33.027742,-116.76079,,,229,,4777,-49.5,38,0.2
2026-07-30T23:42:18.297990,A6598E,VOI5653,32.666683,-117.117733,,,136,,7216,-33.0,1347,23.2
2026-07-30T23:42:18.297990,AE040B,,33.027742,-116.76079,,,229,,4777,-49.5,49,5.3
2026-07-30T23:42:23.376327,A6598E,VOI5653,32.666683,-117.117733,,,136,,7216,-33.0,1347,28.3
2026-07-30T23:42:23.376327,AE040B,RAIDR47,33.022934,-116.767529,,,229,,4777,-49.5,65,3.6
2026-07-30T23:42:28.455587,A6598E,VOI5653,32.621062,-117.058934,,,136,,7216,-49.5,1354,0.0
2026-07-30T23:42:28.455587,AE040B,RAIDR47,33.016891,-116.775934,,,229,,4777,-49.5,82,0.0
2026-07-30T23:42:33.534415,A6598E,VOI5653,32.616825,-117.053441,,,132,,7216,-49.5,1382,2.1
2026-07-30T23:42:33.534415,AE040B,RAIDR47,33.013683,-116.780464,,,229,,4777,-49.5,121,0.5
2026-07-30T23:42:38.613765,A6598E,VOI5653,32.608399,-117.042342,,,132,,7216,-32.5,1395,1.0
2026-07-30T23:42:38.613765,AE040B,RAIDR47,33.010844,-116.784332,,,229,,4777,-49.5,149,1.5
2026-07-30T23:42:43.677705,A6598E,VOI5653,32.603093,-117.035392,,,132,,7216,-29.9,1424,2.1
2026-07-30T23:42:43.677705,AE040B,RAIDR47,33.008606,-116.787469,,,229,,4777,-49.5,162,3.3
2026-07-30T23:42:48.751716,A6598E,VOI5653,32.603093,-117.035392,,,132,,7216,-34.4,1427,7.2
2026-07-30T23:42:48.751716,AE040B,RAIDR47,33.003525,-116.794501,,,229,,4777,-49.5,181,0.9
2026-07-30T23:42:53.795735,A6598E,VOI5653,32.592041,-117.020929,,,132,,7216,-31.2,1436,4.1
2026-07-30T23:42:53.795735,AE040B,RAIDR47,33.003525,-116.794501,,,229,,4777,-49.5,181,5.9
2026-07-30T23:42:58.855200,A6598E,VOI5653,32.592041,-117.020929,,,132,,7216,-31.2,1436,9.2
2026-07-30T23:42:58.855200,AE040B,RAIDR47,33.003525,-116.794501,,,229,,4777,-49.5,181,11.0
2026-07-30T23:43:03.899439,A6598E,VOI5653,32.592041,-117.020929,,,132,,7216,-31.2,1436,14.2
2026-07-30T23:43:03.899439,AE040B,RAIDR47,33.003525,-116.794501,,,229,,4777,-49.5,182,16.0
2026-07-30T23:43:08.964317,A6598E,VOI5653,32.592041,-117.020929,,,132,,7216,-31.2,1436,19.3
2026-07-30T23:43:08.964317,AE040B,RAIDR47,33.003525,-116.794501,,,229,,4777,-49.5,182,21.1
2026-07-30T23:43:14.038222,A6598E,VOI5653,32.592041,-117.020929,,,132,,7216,-31.2,1436,24.4
2026-07-30T23:43:14.038222,AE040B,RAIDR47,33.003525,-116.794501,,,229,,4777,-49.5,182,26.2
2026-07-30T23:43:19.113012,A6598E,VOI5653,32.592041,-117.020929,,,132,,7216,-31.2,1436,29.5
2026-07-30T23:43:19.113012,AE040B,RAIDR47,33.003525,-116.794501,,,229,,4777,-49.5,182,31.2
2026-07-30T23:43:24.161312,A6598E,VOI5653,32.592041,-117.020929,,,132,,7216,-31.2,1436,34.5
2026-07-30T23:43:24.161312,AE040B,RAIDR47,33.003525,-116.794501,,,229,,6502,-40.7,183,36.3
2026-07-30T23:43:29.239933,A6598E,VOI5653,32.538711,-116.951032,,,132,,7216,-49.5,1453,0.5
2026-07-30T23:43:29.239933,AE040B,RAIDR47,33.003525,-116.794501,,,229,,6502,-40.7,183,41.3
2026-07-30T23:43:34.290251,A6598E,VOI5653,32.531495,-116.941559,,,132,,7216,-49.5,1462,0.2
2026-07-30T23:43:34.290251,AE040B,RAIDR47,33.003525,-116.794501,,,229,,6502,-36.6,184,46.4
2026-07-30T23:43:39.343426,A6598E,VOI5653,32.531495,-116.941559,,,132,,7216,-49.5,1462,5.3
2026-07-30T23:43:39.343426,AE040B,RAIDR47,33.003525,-116.794501,,,229,,6502,-36.6,184,51.5
2026-07-30T23:43:44.421890,A6598E,VOI5653,32.531495,-116.941559,,,132,,7216,-34.2,1463,10.4
2026-07-30T23:43:44.421890,AE040B,RAIDR47,33.003525,-116.794501,,,229,,6502,-36.6,184,56.5
2026-07-30T23:43:49.501055,A6598E,VOI5653,32.510651,-116.914856,,,132,,7216,-33.2,1479,0.4
2026-07-30T23:43:49.501055,AE040B,RAIDR47,33.003525,-116.794501,,,229,,6502,-36.6,184,61.6
2026-07-30T23:43:54.581231,A6598E,VOI5653,32.506916,-116.910114,,,132,,7216,-49.5,1494,2.6
2026-07-30T23:43:54.581231,AE040B,RAIDR47,33.003525,-116.794501,,,229,,6502,-36.6,184,66.7
2026-07-30T23:43:59.659499,A6598E,VOI5653,32.496255,-116.896605,,,132,,7216,-49.5,1538,0.1
2026-07-30T23:43:59.659499,AE040B,RAIDR47,33.003525,-116.794501,,,229,,6502,-36.6,184,71.8
2026-07-30T23:44:04.743777,A6598E,VOI5653,32.489594,-116.888159,,,132,,7216,-49.5,1590,0.3
2026-07-30T23:44:04.743777,AE040B,RAIDR47,33.003525,-116.794501,,,229,,6502,-36.6,184,76.8
2026-07-30T23:44:09.789851,A6598E,VOI5653,32.482498,-116.879205,,,132,,7216,-28.6,1632,0.4
2026-07-30T23:44:09.789851,AE040B,RAIDR47,33.003525,-116.794501,,,229,,6502,-36.6,184,81.9
2026-07-30T23:44:14.853708,A6598E,VOI5653,32.476098,-116.871045,,,132,,7216,-32.5,1671,0.8
2026-07-30T23:44:14.853708,AE040B,RAIDR47,33.003525,-116.794501,,,229,,6502,-36.6,184,86.9
2026-07-30T23:44:19.894445,A6598E,VOI5653,32.468399,-116.861298,,,132,,7216,-49.5,1725,0.4
2026-07-30T23:44:19.894445,AE040B,RAIDR47,33.003525,-116.794501,,,229,,6502,-36.6,184,92.0
2026-07-30T23:44:24.947615,A6598E,VOI5653,32.461304,-116.852289,,,132,,7216,-28.6,1759,0.3
2026-07-30T23:44:24.947615,AE040B,RAIDR47,33.003525,-116.794501,,,229,,6502,-36.6,184,97.1
2026-07-30T23:44:30.023718,A6598E,VOI5653,32.457105,-116.846999,,,132,,7216,-30.8,1784,2.3
2026-07-30T23:44:30.023718,AE040B,RAIDR47,33.003525,-116.794501,,,229,,6502,-36.6,184,102.1
2026-07-30T23:44:35.093373,A6598E,VOI5653,32.44693,-116.833997,,,132,,7216,-31.4,1796,0.1
2026-07-30T23:44:40.182027,A6598E,VOI5653,32.44272,-116.828669,,,132,,7216,-33.8,1811,2.2
2026-07-30T23:44:40.182027,A59D5F,,33.73233,-116.662305,,,96,,,-31.6,8,1.7
2026-07-30T23:44:45.260915,A6598E,VOI5653,32.44272,-116.828669,,,132,,7216,-33.8,1811,7.3
2026-07-30T23:44:45.260915,A59D5F,AAL432P,33.731612,-116.654491,,,96,,,-49.5,17,3.8
2026-07-30T23:44:50.340327,A6598E,VOI5653,32.44272,-116.828669,,,132,,7216,-33.8,1811,12.4
2026-07-30T23:44:50.340327,A59D5F,AAL432P,33.731612,-116.654491,,,96,,,-49.5,17,8.8
2026-07-30T23:44:55.419197,A6598E,VOI5653,32.44272,-116.828669,,,132,,7216,-33.8,1811,17.4
2026-07-30T23:44:55.419197,A59D5F,AAL432P,33.731612,-116.654491,,,96,,,-49.5,17,13.9
2026-07-30T23:44:55.419197,AE040B,RAIDR47,32.938688,-116.89369,,,,,,-30.6,4,4.4
2026-07-30T23:45:00.483014,A6598E,VOI5653,32.44272,-116.828669,,,132,,7216,-33.8,1811,22.5
2026-07-30T23:45:00.483014,A59D5F,AAL432P,33.731612,-116.654491,,,96,,,-49.5,17,19.0
2026-07-30T23:45:00.483014,AE040B,RAIDR47,32.938688,-116.89369,,,,,,-30.6,4,9.4
2026-07-30T23:45:05.557075,A6598E,VOI5653,32.44272,-116.828669,,,132,,7216,-33.8,1811,27.6
2026-07-30T23:45:05.557075,A59D5F,AAL432P,33.731612,-116.654491,,,96,,,-49.5,17,24.0
2026-07-30T23:45:05.557075,AE040B,RAIDR47,32.938688,-116.89369,,,,,,-30.6,4,14.5
2026-07-30T23:45:10.601521,A6598E,VOI5653,32.44272,-116.828669,,,132,,7216,-33.8,1811,32.6
2026-07-30T23:45:10.601521,A59D5F,AAL432P,33.731612,-116.654491,,,96,,,-49.5,17,29.1
2026-07-30T23:45:10.601521,AE040B,RAIDR47,32.938688,-116.89369,,,,,,-30.6,4,19.5
2026-07-30T23:45:15.653029,A6598E,VOI5653,32.44272,-116.828669,,,132,,7216,-33.8,1811,37.7
2026-07-30T23:45:15.653029,A59D5F,AAL432P,33.731612,-116.654491,,,96,,,-49.5,17,34.1
2026-07-30T23:45:15.653029,AE040B,RAIDR47,32.938688,-116.89369,,,,,,-30.6,4,24.6
2026-07-30T23:45:20.704865,A6598E,VOI5653,32.44272,-116.828669,,,132,,7216,-33.8,1811,42.8
2026-07-30T23:45:20.704865,A59D5F,AAL432P,33.731612,-116.654491,,,96,,,-49.5,17,39.2
2026-07-30T23:45:20.704865,AE040B,RAIDR47,32.938688,-116.89369,,,,,,-49.5,6,29.7
2026-07-30T23:45:25.795020,A6598E,VOI5653,32.44272,-116.828669,,,132,,7216,-33.8,1811,47.8
2026-07-30T23:45:25.795020,A59D5F,AAL432P,33.731612,-116.654491,,,96,,,-49.5,17,44.3
2026-07-30T23:45:25.795020,AE040B,RAIDR47,32.938688,-116.89369,,,,,,-49.5,6,34.7
2026-07-30T23:45:30.835434,A6598E,VOI5653,32.44272,-116.828669,,,132,,7216,-33.8,1811,52.8
2026-07-30T23:45:30.835434,A59D5F,AAL432P,33.731612,-116.654491,,,96,,,-49.5,17,49.3
2026-07-30T23:45:30.835434,AE040B,RAIDR47,32.938688,-116.89369,,,,,,-49.5,6,39.8
2026-07-30T23:45:35.887368,A6598E,VOI5653,32.44272,-116.828669,,,132,,7216,-33.8,1811,57.9
2026-07-30T23:45:35.887368,A59D5F,AAL432P,33.731612,-116.654491,,,96,,,-49.5,17,54.4
2026-07-30T23:45:35.887368,AE040B,RAIDR47,32.938688,-116.89369,,,,,,-49.5,6,44.9
2026-07-30T23:45:40.966178,A59D5F,AAL432P,33.717133,-116.501714,,,96,,,-49.5,33,0.0
2026-07-30T23:45:40.966178,AE040B,RAIDR47,32.938688,-116.89369,,,,,,-49.5,6,49.9
2026-07-30T23:45:40.966178,AC9FF2,,32.847119,-117.234827,,,,,,-31.8,4,2.1
2026-07-30T23:45:46.031028,A59D5F,AAL432P,33.716855,-116.499023,,,96,,,-49.5,38,4.0
2026-07-30T23:45:46.031028,AE040B,RAIDR47,32.938688,-116.89369,,,,,,-34.4,7,55.0
2026-07-30T23:45:46.031028,AC9FF2,,32.847119,-117.234827,,,,,,-31.8,4,7.1
2026-07-30T23:45:51.097968,A59D5F,AAL432P,33.716855,-116.499023,,,96,,,-49.5,38,9.1
2026-07-30T23:45:51.097968,AE040B,RAIDR47,32.938688,-116.89369,,,,,,-34.4,7,60.0
2026-07-30T23:45:51.097968,AC9FF2,AAL1543,32.847119,-117.234827,,,,,,-49.5,6,12.2
2026-07-30T23:45:56.148850,A59D5F,AAL432P,33.716855,-116.499023,,,96,,,-49.5,38,14.1
2026-07-30T23:45:56.148850,AE040B,RAIDR47,32.938688,-116.89369,,,,,,-34.4,7,65.1
2026-07-30T23:45:56.148850,AC9FF2,AAL1543,32.845871,-117.211816,,,93,,,-49.5,14,2.6
2026-07-30T23:46:01.213422,A59D5F,AAL432P,33.716855,-116.499023,,,96,,,-49.5,38,19.2
2026-07-30T23:46:01.213422,AE040B,RAIDR47,32.938688,-116.89369,,,,,,-34.4,7,70.2
2026-07-30T23:46:01.213422,AC9FF2,AAL1543,32.845871,-117.211816,,,93,,,-33.8,15,7.7
2026-07-30T23:46:06.288391,A59D5F,AAL432P,33.716855,-116.499023,,,96,,,-49.5,38,24.3
2026-07-30T23:46:06.288391,AE040B,RAIDR47,32.938688,-116.89369,,,,,,-34.4,7,75.2
2026-07-30T23:46:06.288391,AC9FF2,AAL1543,32.844955,-117.193085,,,93,,,-28.2,24,0.9
2026-07-30T23:46:11.370414,A59D5F,AAL432P,33.716855,-116.499023,,,96,,,-49.5,38,29.4
2026-07-30T23:46:11.370414,AE040B,RAIDR47,32.938688,-116.89369,,,,,,-34.4,7,80.3
2026-07-30T23:46:11.370414,AC9FF2,AAL1543,32.844681,-117.186987,,,93,,,-28.8,28,2.1
2026-07-30T23:46:16.443707,A59D5F,AAL432P,33.716855,-116.499023,,,96,,,-49.5,38,34.5
2026-07-30T23:46:16.443707,AE040B,RAIDR47,32.938688,-116.89369,,,,,,-34.4,7,85.4
2026-07-30T23:46:16.443707,AC9FF2,AAL1543,32.844093,-117.175748,,,93,,1307,-29.0,47,0.0
2026-07-30T23:46:21.489399,A59D5F,AAL432P,33.716855,-116.499023,,,96,,,-49.5,38,39.5
2026-07-30T23:46:21.489399,AE040B,RAIDR47,32.938688,-116.89369,,,,,,-34.4,7,90.5
2026-07-30T23:46:21.489399,AC9FF2,AAL1543,32.843814,-117.169582,,,93,,1307,-49.5,73,1.2
2026-07-30T23:46:26.569495,A59D5F,AAL432P,33.716855,-116.499023,,,96,,,-49.5,38,44.6
2026-07-30T23:46:26.569495,AE040B,RAIDR47,32.938688,-116.89369,,,,,,-34.4,7,95.5
2026-07-30T23:46:26.569495,AC9FF2,AAL1543,32.843814,-117.169582,,,93,,1307,-30.3,76,6.3
2026-07-30T23:46:31.619388,A59D5F,AAL432P,33.716855,-116.499023,,,96,,,-49.5,38,49.6
2026-07-30T23:46:31.619388,AE040B,RAIDR47,32.938688,-116.89369,,,,,,-34.4,7,100.6
2026-07-30T23:46:31.619388,AC9FF2,AAL1543,32.843814,-117.169582,,,93,,1307,-30.3,76,11.3
2026-07-30T23:46:36.672325,A59D5F,AAL432P,33.716855,-116.499023,,,96,,,-49.5,38,54.7
2026-07-30T23:46:36.672325,AE040B,RAIDR47,32.938688,-116.89369,,,,,,-34.4,7,105.6
2026-07-30T23:46:36.672325,AC9FF2,AAL1543,32.842557,-117.143966,,,93,,1307,-27.1,92,0.2
2026-07-30T23:46:41.722609,A59D5F,AAL432P,33.716855,-116.499023,,,96,,,-49.5,38,59.7
2026-07-30T23:46:41.722609,AE040B,RAIDR47,32.938688,-116.89369,,,,,,-49.5,9,110.7
2026-07-30T23:46:41.722609,AC9FF2,AAL1543,32.842163,-117.135901,,,93,,1307,-49.5,118,0.2
2026-07-30T23:46:46.775208,AE040B,RAIDR47,32.908755,-116.970371,,,,,,-31.8,11,4.1
2026-07-30T23:46:46.775208,AC9FF2,AAL1543,32.841812,-117.129168,,,93,,1307,-49.5,154,1.0
2026-07-30T23:46:51.837888,AE040B,RAIDR47,32.908755,-116.970371,,,,,,-31.8,11,9.2
2026-07-30T23:46:51.837888,AC9FF2,AAL1543,32.841385,-117.120026,,,93,,1307,-49.5,193,0.4
2026-07-30T23:46:56.878630,AE040B,RAIDR47,32.908755,-116.970371,,,,,,-31.8,11,14.2
2026-07-30T23:46:56.878630,AC9FF2,AAL1543,32.840973,-117.111786,,,93,,1307,-49.5,261,0.4
2026-07-30T23:47:01.958747,AE040B,RAIDR47,32.908755,-116.970371,,,,,,-31.8,11,19.3
2026-07-30T23:47:01.958747,AC9FF2,AAL1543,32.840561,-117.103107,,,93,,1307,-49.5,318,0.0
2026-07-30T23:47:07.008124,AE040B,RAIDR47,32.908755,-116.970371,,,,,,-31.8,11,24.3
2026-07-30T23:47:07.008124,AC9FF2,AAL1543,32.84023,-117.096321,,,93,,1307,-49.5,361,0.9
2026-07-30T23:47:12.061588,AE040B,RAIDR47,32.902863,-116.989069,,,,,,-49.5,13,1.2
2026-07-30T23:47:12.061588,AC9FF2,AAL1543,32.84023,-117.096321,,,93,,1307,-30.9,364,6.0
2026-07-30T23:47:17.140211,AE040B,RAIDR47,32.902863,-116.989069,,,,,,-49.5,13,6.3
2026-07-30T23:47:17.140211,AC9FF2,AAL1543,32.839299,-117.078216,,,93,,1307,-49.5,398,0.0
2026-07-30T23:47:22.198848,AE040B,RAIDR47,32.902863,-116.989069,,,,,,-49.5,13,11.3
2026-07-30T23:47:22.198848,AC9FF2,AAL1543,32.838913,-117.070038,,,93,,1307,-24.4,452,0.0
2026-07-30T23:47:27.275084,AE040B,RAIDR47,32.902863,-116.989069,,,,,,-49.5,13,16.4
2026-07-30T23:47:27.275084,AC9FF2,AAL1543,32.838455,-117.061798,,,93,,1307,-49.5,513,0.0
2026-07-30T23:47:32.322366,AE040B,RAIDR47,32.902863,-116.989069,,,252,,,-30.9,16,21.4
2026-07-30T23:47:32.322366,AC9FF2,AAL1543,32.838042,-117.053721,,,93,,1307,-26.5,556,0.2
2026-07-30T23:47:37.382753,AE040B,RAIDR47,32.902863,-116.989069,,,252,,,-30.9,16,26.5
2026-07-30T23:47:37.382753,AC9FF2,AAL1543,32.837623,-117.045201,,,93,,1307,-20.3,612,0.1
2026-07-30T23:47:42.457852,AE040B,RAIDR47,32.902863,-116.989069,,,252,,,-30.9,16,31.6
2026-07-30T23:47:42.457852,AC9FF2,AAL1543,32.837219,-117.037134,,,93,,1307,-49.5,677,0.3
2026-07-30T23:47:47.504738,AE040B,RAIDR47,32.902863,-116.989069,,,252,,,-30.9,16,36.6
2026-07-30T23:47:47.504738,AC9FF2,AAL1543,32.836761,-117.028674,,,93,,1307,-22.9,740,0.2
2026-07-30T23:47:52.558053,AE040B,RAIDR47,32.902863,-116.989069,,,252,,,-30.9,16,41.7
2026-07-30T23:47:52.558053,AC9FF2,AAL1543,32.836319,-117.020033,,,93,,1307,-49.5,766,0.0
2026-07-30T23:47:57.608226,AE040B,RAIDR47,32.902863,-116.989069,,,252,,,-30.9,16,46.7
2026-07-30T23:47:57.608226,AC9FF2,AAL1543,32.835947,-117.012186,,,93,,1307,-28.2,807,0.3
2026-07-30T23:48:02.672421,AE040B,RAIDR47,32.902863,-116.989069,,,252,,,-30.9,16,51.8
2026-07-30T23:48:02.672421,AC9FF2,AAL1543,32.835528,-117.004338,,,93,,1307,-49.5,849,0.7
2026-07-30T23:48:07.741482,AE040B,RAIDR47,32.902863,-116.989069,,,252,,,-30.9,16,56.9
2026-07-30T23:48:07.741482,AC9FF2,AAL1543,32.835109,-116.995706,,,93,,1307,-29.4,887,0.7
2026-07-30T23:48:12.810102,AE040B,RAIDR47,32.902863,-116.989069,,,252,,,-30.9,16,62.0
2026-07-30T23:48:12.810102,AC9FF2,AAL1543,32.834793,-116.986487,,,91,,1307,-25.6,935,0.4
2026-07-30T23:48:17.878597,AE040B,RAIDR47,32.902863,-116.989069,,,252,,,-30.9,16,67.0
2026-07-30T23:48:17.878597,AC9FF2,AAL1543,32.83469,-116.979003,,,90,,1307,-49.5,962,1.1
2026-07-30T23:48:22.918841,AE040B,RAIDR47,32.902863,-116.989069,,,252,,,-30.9,16,72.0
2026-07-30T23:48:22.918841,AC9FF2,AAL1543,32.834876,-116.968353,,,89,,1307,-49.5,965,0.0
2026-07-30T23:48:27.964728,AE040B,RAIDR47,32.902863,-116.989069,,,252,,,-30.9,16,77.1
2026-07-30T23:48:27.964728,AC9FF2,AAL1543,32.834876,-116.968353,,,87,,1307,-49.5,978,5.1
2026-07-30T23:48:33.025955,AC9FF2,AAL1543,32.835481,-116.950584,,,87,,1307,-31.2,987,0.1
2026-07-30T23:48:38.068587,AC9FF2,AAL1543,32.835807,-116.942008,,,87,,1307,-49.5,1009,0.4
2026-07-30T23:48:43.126582,AC9FF2,AAL1543,32.836226,-116.932647,,,87,,1307,-29.8,1032,0.3
2026-07-30T23:48:48.180672,AC9FF2,AAL1543,32.836533,-116.925073,,,87,,1307,-49.5,1042,1.2
2026-07-30T23:48:53.259694,AC9FF2,AAL1543,32.83699,-116.913647,,,87,,1307,-49.5,1054,0.2
2026-07-30T23:48:58.314164,AC9FF2,AAL1543,32.837357,-116.904749,,,87,,1307,-49.5,1089,0.4
2026-07-30T23:49:03.362975,AC9FF2,AAL1543,32.837716,-116.895372,,,87,,1307,-21.5,1136,0.6
2026-07-30T23:49:08.441979,AC9FF2,AAL1543,32.838088,-116.885339,,,87,,1307,-24.0,1180,0.4
2026-07-30T23:49:13.520743,AC9FF2,AAL1543,32.838507,-116.875249,,,87,,1307,-49.5,1218,0.2
2026-07-30T23:49:18.583130,AC9FF2,AAL1543,32.838821,-116.865912,,,87,,1307,-26.9,1263,0.5
2026-07-30T23:49:23.657984,AC9FF2,AAL1543,32.839252,-116.855126,,,87,,1307,-29.2,1300,0.0
2026-07-30T23:49:28.703279,AC9FF2,AAL1543,32.839252,-116.855126,,,87,,1307,-49.5,1302,5.1
2026-07-30T23:49:33.781782,AC9FF2,AAL1543,32.840103,-116.83559,,,86,,1307,-49.5,1322,0.2
2026-07-30T23:49:38.844458,AC9FF2,AAL1543,32.840369,-116.829398,,,86,,1307,-29.8,1352,2.2
2026-07-30T23:49:43.884929,AC9FF2,AAL1543,32.84079,-116.819495,,,86,,1307,-49.5,1378,2.2
2026-07-30T23:49:48.938501,AC9FF2,AAL1543,32.84079,-116.819495,,,86,,1307,-49.5,1378,7.3
2026-07-30T23:49:53.988650,AC9FF2,AAL1543,32.84079,-116.819495,,,86,,1307,-49.5,1378,12.4
2026-07-30T23:49:59.067069,AC9FF2,AAL1543,32.84079,-116.819495,,,86,,1307,-32.6,1379,17.5
2026-07-30T23:50:04.147940,AC9FF2,AAL1543,32.84079,-116.819495,,,86,,1307,-32.6,1379,22.5
2026-07-30T23:50:09.225738,AC9FF2,AAL1543,32.84079,-116.819495,,,86,,1307,-32.6,1379,27.6
2026-07-30T23:50:14.290778,AC9FF2,AAL1543,32.84079,-116.819495,,,86,,1307,-32.6,1379,32.7
2026-07-30T23:50:19.361082,AC9FF2,AAL1543,32.84079,-116.819495,,,86,,1307,-31.5,1380,37.7
2026-07-30T23:50:24.409289,AC9FF2,AAL1543,32.84079,-116.819495,,,86,,1307,-31.5,1380,42.8
2026-07-30T23:50:29.486912,AC9FF2,AAL1543,32.84079,-116.819495,,,86,,1307,-33.7,1383,47.8
2026-07-30T23:50:34.539530,AC9FF2,AAL1543,32.84079,-116.819495,,,86,,1307,-33.7,1383,52.9
2026-07-30T23:50:39.605325,AC9FF2,AAL1543,32.84079,-116.819495,,,86,,1307,-49.5,1390,58.0
2026-07-30T23:50:44.670278,AC9FF2,AAL1543,32.84079,-116.819495,,,86,,1307,-49.5,1390,63.0
2026-07-30T23:50:49.722159,AC9FF2,AAL1543,32.84079,-116.819495,,,86,,1307,-49.5,1390,68.1
2026-07-30T23:50:54.788174,AC9FF2,AAL1543,32.84079,-116.819495,,,86,,1307,-49.5,1390,73.2
2026-07-30T23:50:59.855470,AC9FF2,AAL1543,32.84079,-116.819495,,,86,,1307,-49.5,1390,78.2
2026-07-30T23:51:04.931828,AC9FF2,AAL1543,32.84079,-116.819495,,,86,,1307,-49.5,1390,83.3
2026-07-30T23:51:09.993977,AC9FF2,AAL1543,32.84079,-116.819495,,,86,,1307,-49.5,1390,88.4
2026-07-30T23:51:15.067229,AC9FF2,AAL1543,32.84079,-116.819495,,,86,,1307,-49.5,1390,93.4
2026-07-30T23:51:20.114073,AC9FF2,AAL1543,32.84079,-116.819495,,,86,,1307,-49.5,1390,98.5
2026-07-30T23:51:25.192104,AC9FF2,AAL1543,32.84079,-116.819495,,,86,,1307,-49.5,1390,103.6
2026-07-30T23:51:30.297015,AC9FF2,AAL1543,32.84079,-116.819495,,,86,,1307,-49.5,1390,108.6
2026-07-30T23:51:35.340836,AC9FF2,AAL1543,32.84079,-116.819495,,,86,,1307,-49.5,1390,113.7
2026-07-30T23:55:28.193068,A2DCE1,,33.165444,-117.513297,,,138,,,-31.3,16,0.2
2026-07-30T23:55:33.233973,A2DCE1,,33.162883,-117.510606,,,138,,6644,-49.5,30,3.2
2026-07-30T23:55:38.300117,A2DCE1,,33.162883,-117.510606,,,138,,6644,-49.5,30,8.3
2026-07-30T23:55:43.347705,A2DCE1,,33.162883,-117.510606,,,138,,6644,-49.5,30,13.3
2026-07-30T23:55:48.402104,A2DCE1,,33.162883,-117.510606,,,138,,6644,-34.6,31,18.4
2026-07-30T23:55:53.485754,A2DCE1,ASA1398,33.136348,-117.483365,,,142,,6644,-31.9,51,1.8
2026-07-30T23:55:58.561652,A2DCE1,ASA1398,33.128714,-117.476695,,,144,,6644,-49.5,82,1.0
2026-07-30T23:56:03.649036,A2DCE1,ASA1398,33.121124,-117.47038,,,144,,6644,-32.9,84,0.4
2026-07-30T23:56:08.725856,A2DCE1,ASA1398,33.114143,-117.464475,,,144,,6644,-49.5,110,0.1
2026-07-30T23:56:13.806957,A2DCE1,ASA1398,33.107626,-117.458982,,,144,,6644,-49.5,141,0.2
2026-07-30T23:56:18.881305,A2DCE1,ASA1398,33.101166,-117.453571,,,144,,6644,-49.5,173,0.3
2026-07-30T23:56:23.926006,A2DCE1,ASA1398,33.094254,-117.447803,,,144,,6644,-31.8,223,0.0
2026-07-30T23:56:29.006876,A2DCE1,ASA1398,33.088865,-117.443287,,,144,,6644,-29.4,256,1.0
2026-07-30T23:56:34.068089,A2DCE1,ASA1398,33.086105,-117.440991,,,144,,6644,-49.5,261,3.9
2026-07-30T23:56:39.108185,A2DCE1,ASA1398,33.086105,-117.440991,,,144,,6644,-49.5,265,8.9
2026-07-30T23:56:44.187435,A2DCE1,ASA1398,33.068893,-117.426654,,,145,,6644,-32.0,300,0.6
2026-07-30T23:56:49.237847,A2DCE1,ASA1398,33.061523,-117.420557,,,145,,6644,-49.5,342,0.0
2026-07-30T23:56:54.290385,A2DCE1,ASA1398,33.060329,-117.419577,,,144,,6644,-49.5,358,4.1
2026-07-30T23:56:59.353659,A2DCE1,ASA1398,33.048784,-117.409936,,,145,,6644,-31.9,360,0.3
2026-07-30T23:57:04.431359,A2DCE1,ASA1398,33.042313,-117.404555,,,144,,6644,-49.5,381,0.1
2026-07-30T23:57:09.472863,A2DCE1,ASA1398,33.040916,-117.403378,,,144,,6644,-49.5,390,4.2
2026-07-30T23:57:14.537530,A2DCE1,ASA1398,33.040916,-117.403378,,,144,,6644,-49.5,394,9.2
2026-07-30T23:57:19.611302,A2DCE1,ASA1398,33.023666,-117.388751,,,144,,6644,-49.5,402,0.3
2026-07-30T23:57:24.654915,A2DCE1,ASA1398,33.018618,-117.384544,,,144,,6644,-29.6,432,1.2
2026-07-30T23:57:29.734235,A2DCE1,ASA1398,33.01149,-117.378534,,,144,,6644,-49.5,437,0.4
2026-07-30T23:57:34.812758,A2DCE1,ASA1398,33.005676,-117.373645,,,144,,6644,-31.7,459,0.5
2026-07-30T23:57:39.892569,A2DCE1,ASA1398,33.005676,-117.373645,,,144,,6644,-31.7,459,5.5
2026-07-30T23:57:44.944940,A2DCE1,ASA1398,33.005676,-117.373645,,,144,,6644,-49.5,465,10.6
2026-07-30T23:57:50.002552,A2DCE1,ASA1398,32.988098,-117.358978,,,144,,6644,-29.2,504,0.5
2026-07-30T23:57:55.074076,A2DCE1,ASA1398,32.981842,-117.353715,,,144,,6644,-30.9,536,0.0
2026-07-30T23:58:00.154179,A2DCE1,ASA1398,32.977295,-117.349969,,,145,,6644,-49.5,558,1.1
2026-07-30T23:58:00.154179,A7D673,,33.548196,-116.651573,,,95,,,-49.5,10,2.6
2026-07-30T23:58:05.209268,A2DCE1,ASA1398,32.971985,-117.34552,,,144,,6644,-33.3,580,1.3
2026-07-30T23:58:05.209268,A7D673,,33.548196,-116.651573,,,95,,,-49.5,10,7.6
2026-07-30T23:58:10.246785,A2DCE1,ASA1398,32.966446,-117.340851,,,144,,6644,-49.5,609,1.2
2026-07-30T23:58:10.246785,A7D673,,33.548196,-116.651573,,,95,,,-49.5,10,12.7
2026-07-30T23:58:15.315387,A2DCE1,ASA1398,32.960055,-117.335498,,,144,,6644,-26.9,631,0.4
2026-07-30T23:58:15.315387,A7D673,,33.548196,-116.651573,,,95,,,-49.5,10,17.7
2026-07-30T23:58:20.363037,A2DCE1,ASA1398,32.954681,-117.331018,,,144,,6644,-49.5,657,0.4
2026-07-30T23:58:20.363037,A7D673,,33.548196,-116.651573,,,95,,,-49.5,10,22.8
2026-07-30T23:58:25.415260,A2DCE1,ASA1398,32.950512,-117.327538,,,144,,6644,-49.5,689,1.5
2026-07-30T23:58:25.415260,A7D673,,33.548196,-116.651573,,,95,,,-49.5,10,27.8
2026-07-30T23:58:30.465533,A2DCE1,ASA1398,32.947393,-117.324904,,,144,,6644,-27.5,704,3.5
2026-07-30T23:58:30.465533,A7D673,,33.548196,-116.651573,,,95,,,-49.5,10,32.9
2026-07-30T23:58:35.543346,A2DCE1,ASA1398,32.940922,-117.319411,,,144,,6644,-31.7,719,2.3
2026-07-30T23:58:35.543346,A7D673,,33.548196,-116.651573,,,95,,,-49.5,10,38.0
2026-07-30T23:58:40.621987,A2DCE1,ASA1398,32.934963,-117.314422,,,144,,6644,-28.4,736,1.5
2026-07-30T23:58:40.621987,A7D673,,33.548196,-116.651573,,,95,,,-49.5,10,43.0
2026-07-30T23:58:45.686371,A2DCE1,ASA1398,32.931381,-117.311407,,,144,,6644,-49.5,761,3.0
2026-07-30T23:58:45.686371,A7D673,,33.548196,-116.651573,,,95,,,-49.5,10,48.1
2026-07-30T23:58:50.760828,A2DCE1,ASA1398,32.92421,-117.305398,,,144,,6644,-28.8,779,0.9
2026-07-30T23:58:50.760828,A7D673,,33.548196,-116.651573,,,95,,,-49.5,10,53.2
2026-07-30T23:58:55.834804,A2DCE1,ASA1398,32.918701,-117.300751,,,144,,6644,-28.3,811,0.3
2026-07-30T23:58:55.834804,A7D673,,33.548196,-116.651573,,,95,,,-49.5,10,58.3
2026-07-30T23:59:00.884564,A2DCE1,ASA1398,32.913712,-117.296631,,,145,,6644,-49.5,818,0.3
2026-07-30T23:59:05.962117,A2DCE1,ASA1398,32.908894,-117.292674,,,145,,6644,-49.5,850,0.4
2026-07-30T23:59:11.041317,A2DCE1,ASA1398,32.904285,-117.288806,,,144,,6644,-29.8,875,0.6
2026-07-30T23:59:16.095386,A2DCE1,ASA1398,32.902144,-117.287068,,,145,,6644,-49.5,889,3.5
2026-07-30T23:59:21.145211,A2DCE1,ASA1398,32.894623,-117.280756,,,145,,6644,-49.5,898,0.7
2026-07-30T23:59:21.145211,A7D673,,33.531006,-116.437225,,,95,,,-32.9,3,2.0
2026-07-30T23:59:26.223703,A2DCE1,ASA1398,32.889575,-117.276642,,,145,,6644,-49.5,910,0.5
2026-07-30T23:59:26.223703,A7D673,DAL477,33.529495,-116.418494,,,95,,,-31.6,12,0.0
2026-07-30T23:59:31.302276,A2DCE1,ASA1398,32.884268,-117.27227,,,145,,6644,-26.8,932,0.1
2026-07-30T23:59:31.302276,A7D673,DAL477,33.529495,-116.418494,,,95,,,-49.5,13,5.1
2026-07-30T23:59:36.352236,A2DCE1,ASA1398,32.881801,-117.270252,,,144,,6644,-31.1,968,2.6
2026-07-30T23:59:36.352236,A7D673,DAL477,33.529495,-116.418494,,,95,,,-49.5,13,10.2
2026-07-30T23:59:41.444242,A2DCE1,ASA1398,32.875423,-117.264871,,,144,,6644,-49.5,974,0.9
2026-07-30T23:59:41.444242,A7D673,DAL477,33.529495,-116.418494,,,95,,,-49.5,13,15.2
2026-07-30T23:59:46.486698,A2DCE1,ASA1398,32.873468,-117.263246,,,144,,6644,-32.8,979,3.8
2026-07-30T23:59:46.486698,A7D673,DAL477,33.529495,-116.418494,,,95,,,-49.5,13,20.3
2026-07-30T23:59:51.564267,A2DCE1,ASA1398,32.866718,-117.257585,,,144,,6644,-30.0,1004,1.7
2026-07-30T23:59:51.564267,A7D673,DAL477,33.529495,-116.418494,,,95,,,-49.5,13,25.3
2026-07-30T23:59:56.617414,A2DCE1,ASA1398,32.860666,-117.25254,,,145,,6644,-49.5,1013,0.3
2026-07-30T23:59:56.617414,A7D673,DAL477,33.529495,-116.418494,,,95,,,-49.5,13,30.4
2026-07-31T00:00:01.667373,A2DCE1,ASA1398,32.859787,-117.251807,,,145,,6644,-49.5,1018,4.4
2026-07-31T00:00:01.667373,A7D673,DAL477,33.529495,-116.418494,,,95,,,-49.5,13,35.5
2026-07-31T00:00:06.746526,A2DCE1,ASA1398,32.851364,-117.244885,,,145,,6644,-31.6,1031,0.4
2026-07-31T00:00:06.746526,A7D673,DAL477,33.529495,-116.418494,,,95,,,-49.5,13,40.5
2026-07-31T00:00:11.799658,A2DCE1,ASA1398,32.846887,-117.241217,,,144,,6644,-32.1,1039,0.5
2026-07-31T00:00:11.799658,A7D673,DAL477,33.529495,-116.418494,,,95,,,-49.5,13,45.6
2026-07-31T00:00:16.849603,A2DCE1,ASA1398,32.842418,-117.237518,,,145,,6644,-49.5,1066,0.5
2026-07-31T00:00:16.849603,A7D673,DAL477,33.529495,-116.418494,,,95,,,-49.5,13,50.6
2026-07-31T00:00:21.902972,A2DCE1,ASA1398,32.837995,-117.233818,,,144,,6644,-49.5,1077,0.5
2026-07-31T00:00:21.902972,A7D673,DAL477,33.529495,-116.418494,,,95,,,-49.5,13,55.7
2026-07-31T00:00:26.941046,A2DCE1,ASA1398,32.837995,-117.233818,,,144,,6644,-49.5,1077,5.6
2026-07-31T00:00:26.941046,A7D673,DAL477,33.529495,-116.418494,,,95,,,-49.5,13,60.7
2026-07-31T00:00:32.002633,A2DCE1,ASA1398,32.837995,-117.233818,,,144,,6644,-49.5,1077,10.7
2026-07-31T00:00:37.057128,A2DCE1,ASA1398,32.824493,-117.222528,,,143,,6644,-29.7,1084,0.0
2026-07-31T00:00:42.121428,A2DCE1,ASA1398,32.823191,-117.221318,,,142,,6644,-49.5,1094,3.6
2026-07-31T00:00:47.187182,A2DCE1,ASA1398,32.823191,-117.221318,,,142,,6644,-49.5,1094,8.7
2026-07-31T00:00:52.239480,A2DCE1,ASA1398,32.823191,-117.221318,,,142,,6644,-49.5,1094,13.7
2026-07-31T00:00:57.318460,A2DCE1,ASA1398,32.823191,-117.221318,,,142,,6644,-34.7,1095,18.8
2026-07-31T00:01:02.397235,A2DCE1,ASA1398,32.823191,-117.221318,,,142,,6644,-34.7,1095,23.9
2026-07-31T00:01:07.476366,A2DCE1,ASA1398,32.807465,-117.192535,,,106,,6644,-30.5,1124,0.1
2026-07-31T00:01:12.555134,A2DCE1,ASA1398,32.806274,-117.187207,,,104,,6644,-49.5,1169,0.6
2026-07-31T00:01:17.605911,A2DCE1,ASA1398,32.805036,-117.181633,,,104,,6644,-49.5,1197,0.8
2026-07-31T00:01:22.686834,A2DCE1,ASA1398,32.803986,-117.17688,,,104,,6644,-49.5,1209,1.7
2026-07-31T00:01:27.737912,A2DCE1,ASA1398,32.803986,-117.17688,,,104,,6644,-49.5,1209,6.8
2026-07-31T00:01:32.817302,A2DCE1,ASA1398,32.803986,-117.17688,,,104,,6644,-49.5,1209,11.8
2026-07-31T00:01:37.872795,A2DCE1,ASA1398,32.799637,-117.157654,,,104,,6644,-27.5,1235,0.3
2026-07-31T00:01:42.920340,A2DCE1,ASA1398,32.798333,-117.151701,,,104,,6644,-29.8,1279,0.2
2026-07-31T00:01:47.998966,A2DCE1,ASA1398,32.796982,-117.145569,,,104,,6644,-26.4,1312,0.0
2026-07-31T00:01:47.998966,AC5700,,33.573074,-117.383255,,,91,,,-49.5,5,1.4
2026-07-31T00:01:53.077893,A2DCE1,ASA1398,32.795726,-117.13965,,,104,,6644,-49.5,1374,0.0
2026-07-31T00:01:53.077893,AC5700,,33.573074,-117.383255,,,91,,,-49.5,5,6.4
2026-07-31T00:01:58.131082,A2DCE1,ASA1398,32.795726,-117.13965,,,104,,6644,-49.5,1377,5.1
2026-07-31T00:01:58.131082,AC5700,,33.573074,-117.383255,,,91,,,-49.5,5,11.5
2026-07-31T00:02:03.181654,A2DCE1,ASA1398,32.793258,-117.128607,,,105,,6644,-29.6,1388,0.6
2026-07-31T00:02:03.181654,AC5700,,33.573074,-117.383255,,,91,,,-49.5,5,16.6
2026-07-31T00:02:08.260455,A2DCE1,ASA1398,32.791862,-117.122554,,,104,,6644,-33.0,1423,0.5
2026-07-31T00:02:08.260455,AC5700,,33.573074,-117.383255,,,91,,,-49.5,5,21.6
2026-07-31T00:02:13.313144,A2DCE1,ASA1398,32.790465,-117.116164,,,104,,6644,-28.8,1452,0.0
2026-07-31T00:02:13.313144,AC5700,,33.573074,-117.383255,,,91,,,-49.5,6,26.7
2026-07-31T00:02:18.364456,A2DCE1,ASA1398,32.789162,-117.110558,,,104,,6644,-29.9,1487,0.2
2026-07-31T00:02:18.364456,AC5700,,33.573074,-117.383255,,,91,,,-49.5,9,31.7
2026-07-31T00:02:23.427440,A2DCE1,ASA1398,32.788239,-117.106403,,,104,,6644,-32.1,1515,1.8
2026-07-31T00:02:23.427440,AC5700,,33.573074,-117.383255,,,91,,,-49.5,10,36.8
2026-07-31T00:02:28.494840,A2DCE1,ASA1398,32.788239,-117.106403,,,104,,6644,-32.1,1515,6.8
2026-07-31T00:02:28.494840,AC5700,,33.573074,-117.383255,,,91,,,-49.5,10,41.9
2026-07-31T00:02:33.547934,A2DCE1,ASA1398,32.788239,-117.106403,,,104,,6644,-32.1,1515,11.9
2026-07-31T00:02:33.547934,AC5700,,33.573074,-117.383255,,,91,,,-49.5,10,46.9
2026-07-31T00:02:38.625940,A2DCE1,ASA1398,32.784622,-117.090363,,,104,,6644,-49.5,1530,2.9
2026-07-31T00:02:38.625940,AC5700,,33.573074,-117.383255,,,91,,,-49.5,10,52.0
2026-07-31T00:02:43.706097,A2DCE1,ASA1398,32.784622,-117.090363,,,104,,6644,-33.9,1531,8.0
2026-07-31T00:02:43.706097,AC5700,,33.573074,-117.383255,,,91,,,-49.5,10,57.1
2026-07-31T00:02:48.783785,A2DCE1,ASA1398,32.78162,-117.07659,,,104,,6644,-49.5,1546,0.8
2026-07-31T00:02:48.783785,AC5700,,33.573074,-117.383255,,,91,,,-49.5,10,62.1
2026-07-31T00:02:53.836075,A2DCE1,ASA1398,32.78064,-117.072125,,,104,,6644,-49.5,1561,1.8
2026-07-31T00:02:53.836075,AC5700,,33.570465,-117.224121,,,91,,,-49.5,42,0.4
2026-07-31T00:02:58.886728,A2DCE1,ASA1398,32.78064,-117.072125,,,104,,6644,-34.0,1567,6.9
2026-07-31T00:02:58.886728,AC5700,SWA1916,33.570419,-117.219357,,,91,,,-49.5,62,3.5
2026-07-31T00:03:03.937920,A2DCE1,ASA1398,32.78064,-117.072125,,,104,,6644,-34.0,1567,11.9
2026-07-31T00:03:03.937920,AC5700,SWA1916,33.57019,-117.207137,,,91,,,-49.5,77,3.4
2026-07-31T00:03:08.977798,A2DCE1,ASA1398,32.78064,-117.072125,,,104,,6644,-34.0,1567,17.0
2026-07-31T00:03:08.977798,AC5700,SWA1916,33.57019,-117.207137,,,91,,,-49.5,81,8.5
2026-07-31T00:03:14.050428,A2DCE1,ASA1398,32.775101,-117.04834,,,106,,6644,-31.1,1572,0.8
2026-07-31T00:03:14.050428,AC5700,SWA1916,33.57019,-117.207137,,,91,,,-49.5,86,13.6
2026-07-31T00:03:14.050428,A8453E,,33.406219,-116.73479,,,,,,-49.5,10,0.4
2026-07-31T00:03:19.094280,A2DCE1,ASA1398,32.77478,-117.047241,,,106,,6644,-49.5,1578,4.8
2026-07-31T00:03:19.094280,AC5700,SWA1916,33.57019,-117.207137,,,91,,,-49.5,86,18.7
2026-07-31T00:03:19.094280,A8453E,,33.406219,-116.73479,,,,,,-49.5,10,5.4
2026-07-31T00:03:24.172273,A2DCE1,ASA1398,32.77478,-117.047241,,,106,,6644,-49.5,1578,9.9
2026-07-31T00:03:24.172273,AC5700,SWA1916,33.57019,-117.207137,,,91,,,-49.5,86,23.7
2026-07-31T00:03:24.172273,A8453E,,33.406219,-116.73479,,,,,,-49.5,10,10.5
2026-07-31T00:03:29.251384,A2DCE1,ASA1398,32.77478,-117.047241,,,106,,6644,-49.5,1578,15.0
2026-07-31T00:03:29.251384,AC5700,SWA1916,33.57019,-117.207137,,,91,,,-49.5,86,28.8
2026-07-31T00:03:29.251384,A8453E,,33.406219,-116.73479,,,,,,-49.5,10,15.6
2026-07-31T00:03:34.330846,A2DCE1,ASA1398,32.77478,-117.047241,,,106,,6644,-49.5,1578,20.0
2026-07-31T00:03:34.330846,AC5700,SWA1916,33.57019,-117.207137,,,91,,,-49.5,86,33.9
2026-07-31T00:03:34.330846,A8453E,,33.406219,-116.73479,,,,,,-49.5,10,20.6
2026-07-31T00:03:39.383388,A2DCE1,ASA1398,32.77478,-117.047241,,,106,,6644,-49.5,1578,25.1
2026-07-31T00:03:39.383388,AC5700,SWA1916,33.57019,-117.207137,,,91,,,-49.5,86,38.9
2026-07-31T00:03:39.383388,A8453E,,33.406219,-116.73479,,,,,,-49.5,10,25.7
2026-07-31T00:03:44.434193,A2DCE1,ASA1398,32.77478,-117.047241,,,106,,6644,-33.5,1579,30.1
2026-07-31T00:03:44.434193,AC5700,SWA1916,33.57019,-117.207137,,,91,,,-49.5,86,44.0
2026-07-31T00:03:44.434193,A8453E,,33.406219,-116.73479,,,124,,,-49.5,14,30.7
2026-07-31T00:03:49.486476,A2DCE1,ASA1398,32.77478,-117.047241,,,106,,6644,-33.5,1579,35.2
2026-07-31T00:03:49.486476,AC5700,SWA1916,33.57019,-117.207137,,,91,,,-49.5,86,49.0
2026-07-31T00:03:49.486476,A8453E,,33.406219,-116.73479,,,124,,,-49.5,14,35.8
2026-07-31T00:03:54.525483,A2DCE1,ASA1398,32.77478,-117.047241,,,106,,6644,-33.5,1579,40.2
2026-07-31T00:03:54.525483,AC5700,SWA1916,33.57019,-117.207137,,,91,,,-49.5,86,54.1
2026-07-31T00:03:54.525483,A8453E,,33.406219,-116.73479,,,124,,,-49.5,14,40.9
2026-07-31T00:03:59.598696,A2DCE1,ASA1398,32.77478,-117.047241,,,106,,6644,-33.5,1579,45.3
2026-07-31T00:03:59.598696,AC5700,SWA1916,33.57019,-117.207137,,,91,,,-49.5,86,59.1
2026-07-31T00:03:59.598696,A8453E,,33.36371,-116.660063,,,124,,,-31.4,39,1.4
2026-07-31T00:04:04.640849,A2DCE1,ASA1398,32.77478,-117.047241,,,106,,6644,-33.5,1579,50.3
2026-07-31T00:04:04.640849,AC5700,SWA1916,33.57019,-117.207137,,,91,,,-49.5,86,64.2
2026-07-31T00:04:04.640849,A8453E,,33.357565,-116.649245,,,124,,,-49.5,85,0.0
2026-07-31T00:04:09.693195,A2DCE1,ASA1398,32.77478,-117.047241,,,106,,6644,-33.5,1579,55.4
2026-07-31T00:04:09.693195,AC5700,SWA1916,33.57019,-117.207137,,,91,,,-49.5,86,69.2
2026-07-31T00:04:09.693195,A8453E,TAI531,33.352661,-116.640637,,,124,,2045,-33.3,127,0.0
2026-07-31T00:04:14.744218,A2DCE1,ASA1398,32.77478,-117.047241,,,106,,6644,-33.5,1579,60.5
2026-07-31T00:04:14.744218,A8453E,TAI531,33.348208,-116.632765,,,124,,2045,-49.5,166,0.4
2026-07-31T00:04:19.797791,A2DCE1,ASA1398,32.77478,-117.047241,,,106,,6644,-33.5,1579,65.5
2026-07-31T00:04:19.797791,A8453E,TAI531,33.344996,-116.62716,,,124,,2045,-31.9,184,2.2
2026-07-31T00:04:24.837133,A2DCE1,ASA1398,32.77478,-117.047241,,,106,,6644,-33.5,1579,70.6
2026-07-31T00:04:24.837133,A8453E,TAI531,33.344996,-116.62716,,,124,,2045,-31.9,184,7.3
2026-07-31T00:04:29.896599,A2DCE1,ASA1398,32.77478,-117.047241,,,106,,6644,-33.5,1579,75.6
2026-07-31T00:04:29.896599,A8453E,TAI531,33.344996,-116.62716,,,124,,2045,-31.9,184,12.4
2026-07-31T00:04:34.950925,A2DCE1,ASA1398,32.77478,-117.047241,,,106,,6644,-33.5,1579,80.7
2026-07-31T00:04:34.950925,A8453E,TAI531,33.328079,-116.597351,,,124,,2045,-49.5,190,0.0
2026-07-31T00:04:40.015347,A2DCE1,ASA1398,32.77478,-117.047241,,,106,,6644,-33.5,1579,85.7
2026-07-31T00:04:40.015347,A8453E,TAI531,33.328079,-116.597351,,,124,,2045,-49.5,190,5.1
2026-07-31T00:04:45.093361,A8453E,TAI531,33.328079,-116.597351,,,124,,2045,-49.5,190,10.2
2026-07-31T00:04:50.166584,A8453E,TAI531,33.328079,-116.597351,,,124,,2045,-49.5,190,15.3
2026-07-31T00:04:55.213638,A8453E,TAI531,33.328079,-116.597351,,,124,,2045,-49.5,190,20.3
2026-07-31T00:05:00.274873,A8453E,TAI531,33.328079,-116.597351,,,124,,2045,-49.5,190,25.4
2026-07-31T00:05:00.274873,AC5700,,33.564514,-116.913533,,,,,,-49.5,2,1.0
2026-07-31T00:05:05.316631,A8453E,TAI531,33.328079,-116.597351,,,124,,2045,-49.5,190,30.5
2026-07-31T00:05:05.316631,AC5700,,33.564514,-116.913533,,,,,,-49.5,2,6.0
2026-07-31T00:05:10.395160,A8453E,TAI531,33.328079,-116.597351,,,124,,2045,-49.5,190,35.5
2026-07-31T00:05:10.395160,AC5700,,33.564514,-116.913533,,,,,,-49.5,2,11.1
2026-07-31T00:05:15.447742,A8453E,TAI531,33.328079,-116.597351,,,124,,2045,-49.5,190,40.6
2026-07-31T00:05:15.447742,AC5700,,33.564514,-116.913533,,,,,,-49.5,2,16.1
2026-07-31T00:05:20.498205,A8453E,TAI531,33.328079,-116.597351,,,124,,2045,-49.5,190,45.6
2026-07-31T00:05:20.498205,AC5700,,33.564514,-116.913533,,,,,,-49.5,2,21.2
2026-07-31T00:05:25.550106,A8453E,TAI531,33.328079,-116.597351,,,124,,2045,-49.5,190,50.7
2026-07-31T00:05:25.550106,AC5700,,33.564514,-116.913533,,,,,,-49.5,2,26.2
2026-07-31T00:05:30.603023,A8453E,TAI531,33.328079,-116.597351,,,124,,2045,-49.5,190,55.7
2026-07-31T00:05:30.603023,AC5700,,33.564514,-116.913533,,,,,,-49.5,2,31.3
2026-07-31T00:05:35.680827,AC5700,,33.564514,-116.913533,,,,,,-49.5,2,36.4
2026-07-31T00:05:40.733784,AC5700,,33.564514,-116.913533,,,,,,-49.5,2,41.4
2026-07-31T00:05:45.784030,AC5700,,33.564514,-116.913533,,,,,,-49.5,2,46.5
2026-07-31T00:05:50.834632,AC5700,,33.564514,-116.913533,,,,,,-49.5,2,51.5
2026-07-31T00:05:55.888295,AC5700,,33.564514,-116.913533,,,,,,-49.5,2,56.6
2026-07-31T00:06:00.946593,AC5700,,33.564514,-116.913533,,,,,,-31.9,4,61.6
2026-07-31T00:06:05.990396,AC5700,SWA1916,33.564514,-116.913533,,,91,,,-49.5,9,66.7
2026-07-31T00:06:11.069560,AC5700,SWA1916,33.560998,-116.735687,,,91,,,-49.5,18,2.1
2026-07-31T00:06:11.069560,A12778,,33.504158,-116.810732,,,97,,,-49.5,10,1.6
2026-07-31T00:06:16.123109,AC5700,SWA1916,33.560998,-116.735687,,,91,,,-49.5,18,7.2
2026-07-31T00:06:16.123109,A12778,,33.502715,-116.798569,,,97,,,-30.6,40,1.8
2026-07-31T00:06:21.173140,AC5700,SWA1916,33.560998,-116.735687,,,91,,,-49.5,18,12.2
2026-07-31T00:06:21.173140,A12778,,33.501039,-116.783771,,,97,,,-49.5,46,1.0
2026-07-31T00:06:26.226067,AC5700,SWA1916,33.560998,-116.735687,,,91,,,-34.1,19,17.3
2026-07-31T00:06:26.226067,A12778,,33.501039,-116.783771,,,97,,,-49.5,46,6.1
2026-07-31T00:06:31.277226,AC5700,SWA1916,33.560998,-116.735687,,,91,,,-34.1,19,22.3
2026-07-31T00:06:31.277226,A12778,,33.501039,-116.783771,,,97,,,-49.5,46,11.1
2026-07-31T00:06:31.277226,0D0E7E,VOI1830,33.019456,-116.143033,,,314,,,-49.5,10,1.4
2026-07-31T00:06:36.339205,AC5700,SWA1916,33.560998,-116.735687,,,91,,,-34.1,19,27.4
2026-07-31T00:06:36.339205,A12778,,33.501039,-116.783771,,,97,,,-49.5,46,16.2
2026-07-31T00:06:36.339205,0D0E7E,VOI1830,33.028627,-116.154019,,,314,,3205,-30.4,36,0.3
2026-07-31T00:06:41.380216,AC5700,SWA1916,33.560998,-116.735687,,,91,,,-34.1,19,32.5
2026-07-31T00:06:41.380216,A12778,,33.501039,-116.783771,,,97,,,-49.5,46,21.3
2026-07-31T00:06:41.380216,0D0E7E,VOI1830,33.035751,-116.162622,,,314,,3205,-30.1,56,0.5
2026-07-31T00:06:46.459198,AC5700,SWA1916,33.560998,-116.735687,,,91,,,-49.5,21,37.6
2026-07-31T00:06:46.459198,A12778,,33.501039,-116.783771,,,97,,,-49.5,46,26.4
2026-07-31T00:06:46.459198,0D0E7E,VOI1830,33.043121,-116.171466,,,314,,3205,-30.0,76,0.6
2026-07-31T00:06:51.537865,AC5700,SWA1916,33.560998,-116.735687,,,91,,,-49.5,25,42.6
2026-07-31T00:06:51.537865,A12778,,33.501039,-116.783771,,,97,,,-49.5,46,31.4
2026-07-31T00:06:51.537865,0D0E7E,VOI1830,33.050739,-116.180588,,,314,,3205,-31.0,95,0.5
2026-07-31T00:06:56.603206,AC5700,SWA1916,33.560998,-116.735687,,,91,,,-49.5,25,47.7
2026-07-31T00:06:56.603206,A12778,,33.501039,-116.783771,,,97,,,-49.5,46,36.5
2026-07-31T00:06:56.603206,0D0E7E,VOI1830,33.058182,-116.189539,,,314,,3205,-49.5,121,0.5
2026-07-31T00:07:01.641343,AC5700,SWA1916,33.560998,-116.735687,,,91,,,-49.5,25,52.7
2026-07-31T00:07:01.641343,A12778,,33.501039,-116.783771,,,97,,,-49.5,46,41.5
2026-07-31T00:07:01.641343,0D0E7E,VOI1830,33.06427,-116.196844,,,314,,3205,-49.5,137,1.4
2026-07-31T00:07:06.690459,AC5700,SWA1916,33.560998,-116.735687,,,91,,,-49.5,25,57.7
2026-07-31T00:07:06.690459,A12778,,33.501039,-116.783771,,,97,,,-49.5,46,46.5
2026-07-31T00:07:06.690459,0D0E7E,VOI1830,33.072968,-116.207281,,,314,,3205,-49.5,145,0.6
2026-07-31T00:07:11.729148,AC5700,SWA1916,33.560998,-116.735687,,,91,,,-49.5,25,62.8
2026-07-31T00:07:11.729148,A12778,,33.501039,-116.783771,,,97,,,-49.5,46,51.6
2026-07-31T00:07:11.729148,0D0E7E,VOI1830,33.0802,-116.215961,,,314,,3205,-49.5,157,0.8
2026-07-31T00:07:16.810313,AC5700,SWA1916,33.560998,-116.735687,,,91,,,-49.5,25,67.9
2026-07-31T00:07:16.810313,A12778,,33.501039,-116.783771,,,97,,,-49.5,46,56.7
2026-07-31T00:07:16.810313,0D0E7E,VOI1830,33.081711,-116.217719,,,314,,3205,-49.5,161,4.8
2026-07-31T00:07:21.883513,AC5700,SWA1916,33.560998,-116.735687,,,91,,,-49.5,25,72.9
2026-07-31T00:07:21.883513,0D0E7E,VOI1830,33.081711,-116.217719,,,314,,3205,-49.5,161,9.9
2026-07-31T00:07:26.929053,AC5700,SWA1916,33.560998,-116.735687,,,91,,,-49.5,25,78.0
2026-07-31T00:07:26.929053,0D0E7E,VOI1830,33.102539,-116.242767,,,314,,3205,-49.5,170,0.8
2026-07-31T00:07:31.976754,AC5700,SWA1916,33.560998,-116.735687,,,91,,,-49.5,25,83.1
2026-07-31T00:07:31.976754,0D0E7E,VOI1830,33.108765,-116.250183,,,314,,3205,-49.5,174,1.7
2026-07-31T00:07:37.031046,AC5700,SWA1916,33.560998,-116.735687,,,91,,,-49.5,25,88.1
2026-07-31T00:07:37.031046,0D0E7E,VOI1830,33.108765,-116.250183,,,314,,3205,-49.5,174,6.8
2026-07-31T00:07:42.109787,AC5700,SWA1916,33.560998,-116.735687,,,91,,,-49.5,25,93.2
2026-07-31T00:07:42.109787,0D0E7E,VOI1830,33.108765,-116.250183,,,314,,3205,-49.5,174,11.8
2026-07-31T00:07:47.169479,AC5700,SWA1916,33.560998,-116.735687,,,91,,,-49.5,25,98.2
2026-07-31T00:07:47.169479,0D0E7E,VOI1830,33.108765,-116.250183,,,314,,3205,-49.5,174,16.9
2026-07-31T00:07:52.216702,0D0E7E,VOI1830,33.108765,-116.250183,,,314,,3205,-49.5,174,21.9
2026-07-31T00:07:57.274126,0D0E7E,VOI1830,33.108765,-116.250183,,,314,,3205,-49.5,174,27.0
2026-07-31T00:08:02.348252,0D0E7E,VOI1830,33.108765,-116.250183,,,314,,3205,-49.5,174,32.0
2026-07-31T00:08:07.396067,0D0E7E,VOI1830,33.108765,-116.250183,,,314,,3205,-49.5,174,37.1
2026-07-31T00:08:07.396067,A12778,,33.469299,-116.512811,,,98,,7223,-49.5,5,0.3
2026-07-31T00:08:12.474583,0D0E7E,VOI1830,33.108765,-116.250183,,,314,,3205,-49.5,174,42.2
2026-07-31T00:08:12.474583,A12778,,33.468685,-116.507768,,,98,,7223,-33.3,23,3.3
2026-07-31T00:08:17.553654,0D0E7E,VOI1830,33.108765,-116.250183,,,314,,3205,-49.5,174,47.3
2026-07-31T00:08:17.553654,A12778,,33.466357,-116.487925,,,98,,7223,-49.5,49,0.6
2026-07-31T00:08:22.632831,0D0E7E,VOI1830,33.108765,-116.250183,,,314,,3205,-49.5,174,52.3
2026-07-31T00:08:22.632831,A12778,,33.465088,-116.477271,,,98,,7223,-49.5,66,1.4
2026-07-31T00:08:22.632831,AC5700,,33.553084,-116.388474,,,91,,7275,-49.5,37,0.7
2026-07-31T00:08:27.696286,0D0E7E,VOI1830,33.108765,-116.250183,,,314,,3205,-49.5,174,57.4
2026-07-31T00:08:27.696286,A12778,,33.465088,-116.477271,,,98,,7223,-49.5,70,6.5
2026-07-31T00:08:27.696286,AC5700,,33.552795,-116.376156,,,91,,7275,-49.5,74,1.1
2026-07-31T00:08:32.736854,A12778,,33.465088,-116.477271,,,98,,7223,-32.5,72,11.5
2026-07-31T00:08:32.736854,AC5700,,33.552479,-116.362324,,,91,,7275,-31.0,100,0.9
2026-07-31T00:08:37.787777,A12778,,33.465088,-116.477271,,,98,,7223,-32.5,72,16.6
2026-07-31T00:08:37.787777,AC5700,SWA1916,33.552383,-116.356874,,,91,,7275,-49.5,118,3.8
2026-07-31T00:08:42.839665,A12778,,33.465088,-116.477271,,,98,,7223,-32.5,72,21.6
2026-07-31T00:08:42.839665,AC5700,SWA1916,33.552383,-116.356874,,,91,,7275,-49.5,121,8.9
2026-07-31T00:08:47.903326,A12778,,33.465088,-116.477271,,,98,,7223,-32.5,72,26.7
2026-07-31T00:08:47.903326,AC5700,SWA1916,33.552383,-116.356874,,,91,,7275,-49.5,122,14.0
2026-07-31T00:08:52.942865,A12778,,33.465088,-116.477271,,,98,,7223,-32.5,72,31.7
2026-07-31T00:08:52.942865,AC5700,SWA1916,33.552383,-116.356874,,,91,,7275,-49.5,122,19.0
2026-07-31T00:08:52.942865,0D0E7E,,33.225822,-116.391122,,,314,,,-34.0,7,3.3
2026-07-31T00:08:57.994650,A12778,,33.465088,-116.477271,,,98,,7223,-32.5,72,36.8
2026-07-31T00:08:57.994650,AC5700,SWA1916,33.552383,-116.356874,,,91,,7275,-49.5,122,24.0
2026-07-31T00:08:57.994650,0D0E7E,,33.225822,-116.391122,,,314,,,-34.0,7,8.4
2026-07-31T00:09:03.037268,A12778,,33.465088,-116.477271,,,98,,7223,-32.5,72,41.8
2026-07-31T00:09:03.037268,AC5700,SWA1916,33.552383,-116.356874,,,91,,7275,-49.5,122,29.1
2026-07-31T00:09:03.037268,0D0E7E,,33.225822,-116.391122,,,314,,,-32.7,8,13.4
2026-07-31T00:09:08.109588,A12778,,33.465088,-116.477271,,,98,,7223,-32.5,72,46.9
2026-07-31T00:09:08.109588,AC5700,SWA1916,33.552383,-116.356874,,,91,,7275,-49.5,122,34.2
2026-07-31T00:09:08.109588,0D0E7E,,33.225822,-116.391122,,,314,,,-49.5,9,18.5
2026-07-31T00:09:13.149801,A12778,,33.465088,-116.477271,,,98,,7223,-32.5,72,52.0
2026-07-31T00:09:13.149801,AC5700,SWA1916,33.552383,-116.356874,,,91,,7275,-49.5,122,39.2
2026-07-31T00:09:13.149801,0D0E7E,,33.225822,-116.391122,,,314,,,-49.5,9,23.6
2026-07-31T00:09:18.229043,A12778,,33.465088,-116.477271,,,98,,7223,-32.5,72,57.0
2026-07-31T00:09:18.229043,AC5700,SWA1916,33.552383,-116.356874,,,91,,7275,-49.5,122,44.3
2026-07-31T00:09:18.229043,0D0E7E,,33.225822,-116.391122,,,314,,,-49.5,9,28.6
2026-07-31T00:09:23.292056,A12778,,33.465088,-116.477271,,,98,,7223,-32.5,72,62.1
2026-07-31T00:09:23.292056,AC5700,SWA1916,33.552383,-116.356874,,,91,,7275,-49.5,122,49.3
2026-07-31T00:09:23.292056,0D0E7E,,33.225822,-116.391122,,,314,,,-49.5,9,33.7
2026-07-31T00:09:28.332639,A12778,,33.465088,-116.477271,,,98,,7223,-32.5,72,67.1
2026-07-31T00:09:28.332639,AC5700,SWA1916,33.552383,-116.356874,,,91,,7275,-49.5,122,54.4
2026-07-31T00:09:28.332639,0D0E7E,,33.225822,-116.391122,,,314,,,-49.5,14,38.7
2026-07-31T00:09:33.383029,AC5700,SWA1916,33.552383,-116.356874,,,91,,7275,-49.5,122,59.4
2026-07-31T00:09:33.383029,0D0E7E,,33.225822,-116.391122,,,314,,,-49.5,14,43.8
2026-07-31T00:09:38.435702,AC5700,SWA1916,33.552383,-116.356874,,,91,,7275,-49.5,122,64.5
2026-07-31T00:09:38.435702,0D0E7E,,33.225822,-116.391122,,,314,,,-49.5,14,48.9
2026-07-31T00:09:43.513907,AC5700,SWA1916,33.552383,-116.356874,,,91,,7275,-49.5,122,69.6
2026-07-31T00:09:43.513907,0D0E7E,,33.225822,-116.391122,,,314,,,-49.5,14,53.9
2026-07-31T00:09:48.566825,0D0E7E,,33.225822,-116.391122,,,314,,,-49.5,14,59.0
2026-07-31T00:09:53.617599,0D0E7E,,33.225822,-116.391122,,,314,,,-49.5,14,64.0
2026-07-31T00:09:58.697470,0D0E7E,,33.225822,-116.391122,,,314,,,-49.5,14,69.1
2026-07-31T00:10:03.775369,0D0E7E,,33.225822,-116.391122,,,314,,,-49.5,14,74.2
2026-07-31T00:10:08.881677,0D0E7E,,33.225822,-116.391122,,,314,,,-49.5,14,79.2
2026-07-31T00:10:13.922850,0D0E7E,,33.225822,-116.391122,,,314,,,-49.5,14,84.3
2026-07-31T00:10:18.983920,0D0E7E,,33.356049,-116.548517,,,314,,,-49.5,22,0.6
2026-07-31T00:10:24.069480,0D0E7E,VOI1830,33.361987,-116.555693,,,314,,,-49.5,46,1.7
2026-07-31T00:10:29.116416,0D0E7E,VOI1830,33.361987,-116.555693,,,314,,,-49.5,46,6.7
2026-07-31T00:10:34.165902,0D0E7E,VOI1830,33.361987,-116.555693,,,314,,,-49.5,46,11.7
2026-07-31T00:10:39.209550,0D0E7E,VOI1830,33.361987,-116.555693,,,314,,,-49.5,46,16.8
2026-07-31T00:10:44.272929,0D0E7E,VOI1830,33.361987,-116.555693,,,314,,,-49.5,46,21.9
2026-07-31T00:10:49.323438,0D0E7E,VOI1830,33.361987,-116.555693,,,314,,,-49.5,46,26.9
2026-07-31T00:10:54.402174,0D0E7E,VOI1830,33.361987,-116.555693,,,314,,,-49.5,46,32.0
2026-07-31T00:10:59.481298,0D0E7E,VOI1830,33.416153,-116.621301,,,314,,,-49.5,57,0.0
2026-07-31T00:11:04.560326,0D0E7E,VOI1830,33.420643,-116.626711,,,314,,3205,-49.5,93,2.0
2026-07-31T00:11:09.639994,0D0E7E,VOI1830,33.425354,-116.632452,,,314,,3205,-32.1,107,3.9
2026-07-31T00:11:14.692170,0D0E7E,VOI1830,33.425354,-116.632452,,,314,,3205,-33.6,111,8.9
2026-07-31T00:11:19.729502,0D0E7E,VOI1830,33.425354,-116.632452,,,314,,3205,-33.6,111,14.0
2026-07-31T00:11:24.767175,0D0E7E,VOI1830,33.425354,-116.632452,,,314,,3205,-32.9,115,19.0
2026-07-31T00:11:29.846006,0D0E7E,VOI1830,33.458769,-116.673067,,,314,,3205,-32.5,135,1.1
2026-07-31T00:11:34.896120,0D0E7E,VOI1830,33.458769,-116.673067,,,314,,3205,-32.5,135,6.1
2026-07-31T00:11:39.949530,0D0E7E,VOI1830,33.458769,-116.673067,,,314,,3205,-32.5,135,11.2
2026-07-31T00:11:44.999938,0D0E7E,VOI1830,33.479252,-116.697954,,,314,,3205,-31.2,152,2.2
2026-07-31T00:11:50.053130,0D0E7E,VOI1830,33.482346,-116.701776,,,314,,3205,-33.6,155,5.1
2026-07-31T00:11:55.131824,0D0E7E,VOI1830,33.482346,-116.701776,,,314,,3205,-33.6,155,10.1
2026-07-31T00:12:00.195851,0D0E7E,VOI1830,33.482346,-116.701776,,,314,,3205,-32.2,160,15.2
2026-07-31T00:12:05.274520,0D0E7E,VOI1830,33.482346,-116.701776,,,314,,3205,-49.5,166,20.3
2026-07-31T00:12:10.345209,0D0E7E,VOI1830,33.482346,-116.701776,,,314,,3205,-34.3,167,25.3
2026-07-31T00:12:15.393967,0D0E7E,VOI1830,33.482346,-116.701776,,,314,,3205,-34.3,167,30.4
2026-07-31T00:12:20.447517,0D0E7E,VOI1830,33.482346,-116.701776,,,314,,3205,-32.7,168,35.4
2026-07-31T00:12:25.496885,0D0E7E,VOI1830,33.539246,-116.77121,,,314,,3205,-33.2,171,1.2
2026-07-31T00:12:30.575645,0D0E7E,VOI1830,33.539246,-116.77121,,,314,,3205,-33.2,171,6.3
2026-07-31T00:12:35.655048,0D0E7E,VOI1830,33.539246,-116.77121,,,314,,3205,-33.2,171,11.3
2026-07-31T00:12:40.709422,0D0E7E,VOI1830,33.539246,-116.77121,,,314,,3205,-33.2,171,16.4
2026-07-31T00:12:40.709422,A4455E,UAL2142,33.135091,-117.481739,,,139,,,-49.5,9,0.2
2026-07-31T00:12:40.709422,A280A4,,33.097663,-117.399622,,,117,,,-33.7,3,2.2
2026-07-31T00:12:45.757864,0D0E7E,VOI1830,33.539246,-116.77121,,,314,,3205,-33.2,171,21.4
2026-07-31T00:12:45.757864,A4455E,UAL2142,33.131973,-117.4784,,,137,,3377,-33.3,23,2.6
2026-07-31T00:12:45.757864,A280A4,,33.097663,-117.399622,,,117,,,-49.5,6,7.2
2026-07-31T00:12:50.808805,0D0E7E,VOI1830,33.539246,-116.77121,,,314,,3205,-33.2,171,26.5
2026-07-31T00:12:50.808805,A4455E,UAL2142,33.131973,-117.4784,,,137,,3377,-31.7,24,7.7
2026-07-31T00:12:50.808805,A280A4,,33.090075,-117.38219,,,117,,,-49.5,10,0.2
2026-07-31T00:12:55.849738,0D0E7E,VOI1830,33.539246,-116.77121,,,314,,3205,-33.2,171,31.6
2026-07-31T00:12:55.849738,A4455E,UAL2142,33.131973,-117.4784,,,137,,3377,-31.7,24,12.7
2026-07-31T00:12:55.849738,A280A4,,33.088167,-117.377705,,,116,,,-31.4,20,2.2
2026-07-31T00:13:00.925606,0D0E7E,VOI1830,33.539246,-116.77121,,,314,,3205,-33.2,171,36.6
2026-07-31T00:13:00.925606,A4455E,UAL2142,33.112656,-117.455219,,,137,,3377,-49.5,29,0.3
2026-07-31T00:13:00.925606,A280A4,,33.088167,-117.377705,,,114,,4661,-33.4,27,7.3
2026-07-31T00:13:06.005777,0D0E7E,VOI1830,33.539246,-116.77121,,,314,,3205,-33.2,171,41.7
2026-07-31T00:13:06.005777,A4455E,UAL2142,33.112656,-117.455219,,,134,,3377,-32.7,32,5.4
2026-07-31T00:13:06.005777,A280A4,,33.088167,-117.377705,,,114,,4661,-32.2,28,12.4
2026-07-31T00:13:11.072805,0D0E7E,VOI1830,33.539246,-116.77121,,,314,,3205,-33.2,171,46.8
2026-07-31T00:13:11.072805,A4455E,UAL2142,33.101532,-117.44176,,,134,,3377,-30.3,75,0.1
2026-07-31T00:13:11.072805,A280A4,,33.088167,-117.377705,,,114,,4661,-32.2,28,17.5
2026-07-31T00:13:16.122177,0D0E7E,VOI1830,33.539246,-116.77121,,,314,,3205,-33.2,171,51.8
2026-07-31T00:13:16.122177,A4455E,UAL2142,33.095901,-117.435059,,,134,,3377,-29.2,116,0.0
2026-07-31T00:13:16.122177,A280A4,,33.076948,-117.346708,,,112,,4661,-32.1,36,1.6
2026-07-31T00:13:21.173367,0D0E7E,VOI1830,33.539246,-116.77121,,,314,,3205,-33.2,171,56.8
2026-07-31T00:13:21.173367,A4455E,UAL2142,33.091053,-117.429274,,,134,,3377,-49.5,157,0.5
2026-07-31T00:13:21.173367,A280A4,,33.076948,-117.346708,,,112,,4661,-31.7,44,6.6
2026-07-31T00:13:26.212414,A4455E,UAL2142,33.085648,-117.422809,,,134,,3377,-49.5,181,0.6
2026-07-31T00:13:26.212414,A280A4,,33.072784,-117.334534,,,112,,4661,-49.5,54,3.5
2026-07-31T00:13:31.276331,A4455E,UAL2142,33.083837,-117.420642,,,134,,3377,-30.8,200,3.8
2026-07-31T00:13:31.276331,A280A4,,33.072784,-117.334534,,,112,,4661,-32.0,56,8.6
2026-07-31T00:13:36.330295,A4455E,UAL2142,33.075027,-117.410229,,,135,,3377,-32.9,203,0.9
2026-07-31T00:13:36.330295,A280A4,,33.072784,-117.334534,,,112,,4661,-32.0,56,13.7
2026-07-31T00:13:36.330295,AD10E9,,33.210506,-117.717161,,,138,,,-49.5,9,2.1
2026-07-31T00:13:41.409084,A4455E,UAL2142,33.075027,-117.410229,,,135,,3377,-31.8,204,5.9
2026-07-31T00:13:41.409084,A280A4,,33.072784,-117.334534,,,112,,4661,-49.5,57,18.7
2026-07-31T00:13:41.409084,AD10E9,,33.203705,-117.709937,,,138,,,-32.1,16,2.2
2026-07-31T00:13:46.461804,A4455E,UAL2142,33.063034,-117.396167,,,135,,3377,-49.5,245,0.0
2026-07-31T00:13:46.461804,A280A4,,33.072784,-117.334534,,,112,,4661,-49.5,57,23.8
2026-07-31T00:13:46.461804,AD10E9,,33.203705,-117.709937,,,138,,,-49.5,17,7.2
2026-07-31T00:13:51.512311,A4455E,UAL2142,33.058228,-117.390564,,,135,,3377,-49.5,290,0.7
2026-07-31T00:13:51.512311,A280A4,,33.060104,-117.297345,,,112,,4661,-49.5,62,3.7
2026-07-31T00:13:51.512311,AD10E9,,33.203705,-117.709937,,,138,,,-49.5,17,12.3
2026-07-31T00:13:56.562552,A4455E,UAL2142,33.055618,-117.387488,,,135,,3377,-49.5,302,3.3
2026-07-31T00:13:56.562552,A280A4,,33.060104,-117.297345,,,112,,4661,-33.6,63,8.7
2026-07-31T00:13:56.562552,AD10E9,,33.203705,-117.709937,,,138,,,-49.5,18,17.3
2026-07-31T00:14:01.615309,A4455E,UAL2142,33.049668,-117.380508,,,135,,3377,-49.5,309,2.8
2026-07-31T00:14:01.615309,A280A4,,33.060104,-117.297345,,,112,,4661,-33.6,63,13.8
2026-07-31T00:14:01.615309,AD10E9,,33.173497,-117.67798,,,138,,,-32.5,39,0.4
2026-07-31T00:14:06.665933,A4455E,UAL2142,33.049668,-117.380508,,,135,,3377,-33.7,315,7.9
2026-07-31T00:14:06.665933,A280A4,,33.060104,-117.297345,,,112,,4661,-33.6,63,18.8
2026-07-31T00:14:06.665933,AD10E9,,33.166607,-117.670693,,,138,,1015,-49.5,58,0.5
2026-07-31T00:14:11.706407,A4455E,UAL2142,33.039597,-117.368646,,,135,,3377,-49.5,321,3.6
2026-07-31T00:14:11.706407,A280A4,,33.060104,-117.297345,,,112,,4661,-33.6,63,23.9
2026-07-31T00:14:11.706407,AD10E9,ASA616,33.16009,-117.663854,,,138,,1015,-49.5,90,0.8
2026-07-31T00:14:11.706407,0D08EB,,33.282394,-117.808978,,,135,,,-49.5,13,1.6
2026-07-31T00:14:16.779281,A4455E,UAL2142,33.039597,-117.368646,,,135,,3377,-49.5,321,8.7
2026-07-31T00:14:16.779281,A280A4,,33.045758,-117.255567,,,112,,4661,-32.2,64,0.2
2026-07-31T00:14:16.779281,AD10E9,ASA616,33.15874,-117.662397,,,138,,1015,-30.9,100,4.9
2026-07-31T00:14:16.779281,0D08EB,,33.273165,-117.798157,,,135,,,-49.5,38,0.5
2026-07-31T00:14:21.823510,A4455E,UAL2142,33.027374,-117.354254,,,135,,3377,-31.3,344,2.1
2026-07-31T00:14:21.823510,A280A4,,33.045758,-117.255567,,,112,,4661,-49.5,65,5.3
2026-07-31T00:14:21.823510,AD10E9,ASA616,33.145147,-117.647767,,,137,,1015,-29.0,124,0.0
2026-07-31T00:14:21.823510,0D08EB,VOI1773,33.265778,-117.789587,,,135,,,-49.5,66,0.7
2026-07-31T00:14:26.901621,A4455E,UAL2142,33.019913,-117.34552,,,135,,3377,-28.3,372,0.1
2026-07-31T00:14:26.901621,A280A4,,33.04073,-117.240881,,,112,,4661,-32.5,91,0.3
2026-07-31T00:14:26.901621,AD10E9,ASA616,33.1424,-117.644797,,,137,,1015,-31.4,132,3.1
2026-07-31T00:14:26.901621,0D08EB,VOI1773,33.259964,-117.782776,,,135,,,-31.0,80,1.9
2026-07-31T00:14:31.980581,A4455E,UAL2142,33.018944,-117.34441,,,135,,3377,-31.4,376,4.2
2026-07-31T00:14:31.980581,A280A4,,33.04073,-117.240881,,,112,,4661,-32.5,91,5.4
2026-07-31T00:14:31.980581,AD10E9,ASA616,33.132751,-117.634021,,,136,,1015,-33.2,143,1.1
2026-07-31T00:14:31.980581,0D08EB,VOI1773,33.259964,-117.782776,,,135,,,-31.0,80,7.0
2026-07-31T00:14:37.059382,A4455E,UAL2142,33.010192,-117.334153,,,135,,3377,-49.5,410,0.9
2026-07-31T00:14:37.059382,A280A4,,33.035749,-117.226419,,,112,,4661,-49.5,106,0.6
2026-07-31T00:14:37.059382,AD10E9,ASA616,33.132751,-117.634021,,,136,,1015,-33.2,143,6.1
2026-07-31T00:14:37.059382,0D08EB,VOI1773,33.259964,-117.782776,,,135,,,-31.0,80,12.0
2026-07-31T00:14:42.109559,A4455E,UAL2142,33.004349,-117.327228,,,135,,3377,-49.5,457,0.2
2026-07-31T00:14:42.109559,A280A4,,33.03479,-117.223682,,,112,,4661,-32.0,108,3.7
2026-07-31T00:14:42.109559,AD10E9,ASA616,33.132751,-117.634021,,,136,,1015,-33.2,143,11.2
2026-07-31T00:14:42.109559,0D08EB,VOI1773,33.259964,-117.782776,,,135,,,-31.0,80,17.1
2026-07-31T00:14:47.199824,A4455E,UAL2142,32.999496,-117.32157,,,135,,3377,-49.5,493,0.6
2026-07-31T00:14:47.199824,A280A4,,33.031082,-117.214728,,,112,,4661,-49.5,109,2.4
2026-07-31T00:14:47.199824,AD10E9,ASA616,33.116455,-117.615674,,,136,,1015,-49.5,150,4.1
2026-07-31T00:14:47.199824,0D08EB,VOI1773,33.226753,-117.744122,,,135,,,-32.7,84,0.0
2026-07-31T00:14:52.241873,A4455E,UAL2142,32.994232,-117.315363,,,135,,3377,-26.9,520,0.5
2026-07-31T00:14:52.241873,A280A4,,33.026642,-117.206982,,,126,,4661,-49.5,117,1.4
2026-07-31T00:14:52.241873,AD10E9,ASA616,33.116455,-117.615674,,,136,,1015,-32.1,152,9.2
2026-07-31T00:14:52.241873,0D08EB,VOI1773,33.226753,-117.744122,,,135,,,-49.5,85,5.1
2026-07-31T00:14:57.320987,A4455E,UAL2142,32.990295,-117.310803,,,135,,3377,-49.5,562,1.6
2026-07-31T00:14:57.320987,A280A4,,33.022202,-117.200579,,,129,,4661,-30.4,136,1.2
2026-07-31T00:14:57.320987,AD10E9,ASA616,33.097687,-117.59447,,,136,,1015,-31.3,171,0.4
2026-07-31T00:14:57.320987,0D08EB,VOI1773,33.226753,-117.744122,,,135,,,-49.5,89,10.2
2026-07-31T00:15:02.379972,A4455E,UAL2142,32.990295,-117.310803,,,135,,3377,-49.5,565,6.6
2026-07-31T00:15:02.379972,A280A4,SKW3746,33.017166,-117.193744,,,131,,4661,-49.5,154,0.5
2026-07-31T00:15:02.379972,AD10E9,ASA616,33.097687,-117.59447,,,136,,1015,-30.1,172,5.4
2026-07-31T00:15:02.379972,0D08EB,VOI1773,33.226753,-117.744122,,,135,,,-49.5,89,15.2
2026-07-31T00:15:07.424758,A4455E,UAL2142,32.980545,-117.299487,,,135,,3377,-49.5,590,1.8
2026-07-31T00:15:07.424758,A280A4,SKW3746,33.012863,-117.188141,,,132,,4661,-29.1,188,0.7
2026-07-31T00:15:07.424758,AD10E9,ASA616,33.085606,-117.580784,,,136,,1015,-32.4,195,1.6
2026-07-31T00:15:07.424758,0D08EB,VOI1773,33.226753,-117.744122,,,135,,,-49.5,89,20.3
2026-07-31T00:15:12.503910,A4455E,UAL2142,32.976488,-117.294747,,,135,,3377,-29.5,616,2.6
2026-07-31T00:15:12.503910,A280A4,SKW3746,33.008469,-117.182418,,,132,,4661,-25.9,203,0.9
2026-07-31T00:15:12.503910,AD10E9,ASA616,33.085606,-117.580784,,,136,,1015,-49.5,198,6.6
2026-07-31T00:15:12.503910,0D08EB,VOI1773,33.226753,-117.744122,,,135,,,-49.5,89,25.4
2026-07-31T00:15:17.582350,A4455E,UAL2142,32.969319,-117.28634,,,135,,3377,-32.1,651,0.1
2026-07-31T00:15:17.582350,A280A4,SKW3746,33.004028,-117.176715,,,132,,4661,-17.8,228,0.8
2026-07-31T00:15:17.582350,AD10E9,ASA616,33.085606,-117.580784,,,136,,1015,-49.5,198,11.7
2026-07-31T00:15:17.582350,0D08EB,VOI1773,33.182109,-117.692105,,,135,,,-31.2,96,0.6
2026-07-31T00:15:22.635369,A4455E,UAL2142,32.965118,-117.281415,,,135,,3377,-49.5,701,0.7
2026-07-31T00:15:22.635369,A280A4,SKW3746,32.999485,-117.170927,,,132,,4661,-49.5,258,0.8
2026-07-31T00:15:22.635369,AD10E9,ASA616,33.085606,-117.580784,,,136,,1015,-49.5,198,16.7
2026-07-31T00:15:22.635369,0D08EB,VOI1773,33.1745,-117.683295,,,135,,,-49.5,106,0.6
2026-07-31T00:15:27.675325,A4455E,UAL2142,32.959717,-117.275043,,,135,,3377,-31.6,719,0.0
2026-07-31T00:15:27.675325,A280A4,SKW3746,32.99469,-117.16485,,,133,,4661,-22.1,287,0.5
2026-07-31T00:15:27.675325,AD10E9,ASA616,33.056092,-117.547657,,,136,,1015,-31.6,203,0.0
2026-07-31T00:15:27.675325,0D08EB,VOI1773,33.1745,-117.683295,,,135,,,-49.5,110,5.7
2026-07-31T00:15:32.743491,A4455E,UAL2142,32.955872,-117.270593,,,135,,3377,-25.0,740,0.9
2026-07-31T00:15:32.743491,A280A4,SKW3746,32.990387,-117.159412,,,133,,4661,-15.2,319,0.8
2026-07-31T00:15:32.743491,AD10E9,ASA616,33.054742,-117.546144,,,136,,1015,-32.5,208,4.2
2026-07-31T00:15:32.743491,0D08EB,VOI1773,33.1745,-117.683295,,,135,,,-31.8,116,10.7
2026-07-31T00:15:37.779480,A4455E,UAL2142,32.950372,-117.264143,,,135,,3377,-26.1,784,0.1
2026-07-31T00:15:37.779480,A280A4,SKW3746,32.985892,-117.153719,,,133,,4661,-49.5,358,0.9
2026-07-31T00:15:37.779480,AD10E9,ASA616,33.054742,-117.546144,,,136,,1015,-32.5,208,9.2
2026-07-31T00:15:37.779480,0D08EB,VOI1773,33.154923,-117.660491,,,135,,,-49.5,133,2.7
2026-07-31T00:15:42.840762,A4455E,UAL2142,32.946671,-117.259772,,,135,,3377,-49.5,818,1.2
2026-07-31T00:15:42.840762,A280A4,SKW3746,32.981323,-117.147986,,,133,,4661,-15.3,395,1.0
2026-07-31T00:15:42.840762,AD10E9,ASA616,33.035477,-117.524707,,,136,,1015,-28.2,228,0.2
2026-07-31T00:15:42.840762,0D08EB,VOI1773,33.154923,-117.660491,,,135,,,-32.8,136,7.8
2026-07-31T00:15:47.892555,A4455E,UAL2142,32.940903,-117.25307,,,135,,3377,-26.0,844,0.0
2026-07-31T00:15:47.892555,A280A4,SKW3746,32.976069,-117.141331,,,133,,4661,-49.5,421,0.2
2026-07-31T00:15:47.892555,AD10E9,ASA616,33.028627,-117.517165,,,136,,1015,-49.5,273,0.3
2026-07-31T00:15:47.892555,0D08EB,VOI1773,33.154923,-117.660491,,,135,,,-32.8,136,12.8
2026-07-31T00:15:52.941300,A4455E,UAL2142,32.936508,-117.247961,,,135,,3377,-24.9,876,0.4
2026-07-31T00:15:52.941300,A280A4,SKW3746,32.972168,-117.13645,,,133,,4661,-49.5,458,0.9
2026-07-31T00:15:52.941300,AD10E9,ASA616,33.021378,-117.509106,,,137,,1015,-28.1,312,0.0
2026-07-31T00:15:52.941300,0D08EB,VOI1773,33.154923,-117.660491,,,135,,,-32.8,136,17.9
2026-07-31T00:15:57.996000,A4455E,UAL2142,32.931931,-117.242688,,,135,,3377,-49.5,917,0.5
2026-07-31T00:15:57.996000,A280A4,SKW3746,32.966766,-117.129639,,,133,,4661,-22.4,500,0.0
2026-07-31T00:15:57.996000,AD10E9,ASA616,33.015701,-117.502844,,,136,,1015,-30.1,324,1.1
2026-07-31T00:15:57.996000,0D08EB,VOI1773,33.154923,-117.660491,,,135,,,-32.8,136,23.0
2026-07-31T00:16:03.074510,A4455E,UAL2142,32.926758,-117.236646,,,135,,3377,-49.5,946,0.0
2026-07-31T00:16:03.074510,A280A4,SKW3746,32.96315,-117.125024,,,133,,4661,-29.9,531,1.1
2026-07-31T00:16:03.074510,AD10E9,ASA616,33.008283,-117.494631,,,137,,1015,-49.5,338,0.8
2026-07-31T00:16:03.074510,0D08EB,VOI1773,33.154923,-117.660491,,,135,,,-32.8,136,28.0
2026-07-31T00:16:08.129319,A4455E,UAL2142,32.922906,-117.232137,,,135,,3377,-31.0,971,0.8
2026-07-31T00:16:08.129319,A280A4,SKW3746,32.957867,-117.118406,,,133,,4661,-20.2,564,0.3
2026-07-31T00:16:08.129319,AD10E9,ASA616,33.008283,-117.494631,,,137,,1015,-32.9,339,5.9
2026-07-31T00:16:08.129319,0D08EB,VOI1773,33.105972,-117.603644,,,135,,,-49.5,138,0.5
2026-07-31T00:16:13.186494,A4455E,UAL2142,32.917925,-117.226307,,,135,,3377,-49.5,1018,0.4
2026-07-31T00:16:13.186494,A280A4,SKW3746,32.953538,-117.112913,,,133,,4661,-49.5,597,0.5
2026-07-31T00:16:13.186494,AD10E9,ASA616,32.993945,-117.478768,,,137,,1015,-33.0,351,0.6
2026-07-31T00:16:13.186494,0D08EB,VOI1773,33.098099,-117.59447,,,135,,3256,-29.4,160,0.3
2026-07-31T00:16:18.232206,A4455E,UAL2142,32.913666,-117.221375,,,135,,3377,-28.9,1040,0.9
2026-07-31T00:16:18.232206,A280A4,SKW3746,32.948929,-117.107083,,,133,,4661,-20.2,624,0.6
2026-07-31T00:16:18.232206,AD10E9,ASA616,32.988638,-117.472939,,,136,,1015,-31.5,359,1.8
2026-07-31T00:16:18.232206,0D08EB,VOI1773,33.092285,-117.587714,,,135,,3256,-49.5,185,1.5
2026-07-31T00:16:23.282594,A4455E,UAL2142,32.909134,-117.216101,,,135,,3377,-49.5,1078,1.0
2026-07-31T00:16:23.282594,A280A4,SKW3746,32.944885,-117.101953,,,133,,4661,-49.5,666,0.9
2026-07-31T00:16:23.282594,AD10E9,ASA616,32.980499,-117.463898,,,137,,1015,-49.5,393,1.1
2026-07-31T00:16:23.282594,0D08EB,VOI1773,33.092285,-117.587714,,,135,,3256,-49.5,189,6.6
2026-07-31T00:16:28.360528,A4455E,UAL2142,32.905217,-117.211509,,,135,,3377,-49.5,1102,1.9
2026-07-31T00:16:28.360528,A280A4,SKW3746,32.941248,-117.097386,,,133,,4661,-49.5,685,1.8
2026-07-31T00:16:28.360528,AD10E9,ASA616,32.972019,-117.454554,,,136,,1015,-49.5,430,0.0
2026-07-31T00:16:28.360528,0D08EB,VOI1773,33.077179,-117.57019,,,135,,3256,-49.5,202,1.6
2026-07-31T00:16:33.439630,A4455E,UAL2142,32.89977,-117.205231,,,135,,3377,-49.5,1129,1.0
2026-07-31T00:16:33.439630,A280A4,SKW3746,32.936174,-117.09094,,,133,,4661,-49.5,710,0.8
2026-07-31T00:16:33.439630,AD10E9,ASA616,32.970762,-117.453152,,,136,,1015,-49.5,434,4.2
2026-07-31T00:16:33.439630,0D08EB,VOI1773,33.077179,-117.57019,,,135,,3256,-49.5,202,6.7
2026-07-31T00:16:38.502019,A4455E,UAL2142,32.894649,-117.199234,,,135,,3377,-32.2,1155,0.5
2026-07-31T00:16:38.502019,A280A4,SKW3746,32.932022,-117.085638,,,132,,4661,-49.5,738,0.9
2026-07-31T00:16:38.502019,AD10E9,ASA616,32.958069,-117.439124,,,137,,1015,-24.7,452,0.3
2026-07-31T00:16:38.502019,0D08EB,VOI1773,33.060562,-117.550854,,,135,,3256,-33.0,223,0.7
2026-07-31T00:16:43.573896,A4455E,UAL2142,32.890366,-117.194245,,,135,,3377,-49.5,1170,0.8
2026-07-31T00:16:43.573896,A280A4,SKW3746,32.927811,-117.08031,,,133,,4661,-49.5,766,0.8
2026-07-31T00:16:43.573896,AD10E9,ASA616,32.952653,-117.433142,,,136,,1015,-31.2,472,1.5
2026-07-31T00:16:43.573896,0D08EB,VOI1773,33.052927,-117.541996,,,135,,3256,-49.5,258,0.7
2026-07-31T00:16:48.622324,A4455E,UAL2142,32.885618,-117.188696,,,135,,3377,-49.5,1193,0.7
2026-07-31T00:16:48.622324,A280A4,SKW3746,32.923465,-117.074797,,,133,,4661,-19.1,795,0.4
2026-07-31T00:16:48.622324,AD10E9,ASA616,32.943808,-117.423332,,,137,,1015,-49.5,517,0.2
2026-07-31T00:16:48.622324,0D08EB,VOI1773,33.045273,-117.533167,,,135,,3256,-31.0,276,0.7
2026-07-31T00:16:53.686710,A4455E,UAL2142,32.881989,-117.18446,,,135,,3377,-49.5,1214,1.8
2026-07-31T00:16:53.686710,A280A4,SKW3746,32.919694,-117.069976,,,133,,4661,-49.5,822,0.8
2026-07-31T00:16:53.686710,AD10E9,ASA616,32.936829,-117.415613,,,137,,1015,-49.5,537,0.4
2026-07-31T00:16:53.686710,0D08EB,VOI1773,33.045273,-117.533167,,,135,,3256,-30.6,280,5.8
2026-07-31T00:16:58.766733,A4455E,UAL2142,32.876541,-117.178088,,,135,,3377,-29.4,1231,0.9
2026-07-31T00:16:58.766733,A280A4,SKW3746,32.916575,-117.066052,,,133,,4661,-49.5,829,1.8
2026-07-31T00:16:58.766733,AD10E9,ASA616,32.929504,-117.407538,,,137,,1015,-23.9,575,0.3
2026-07-31T00:16:58.766733,0D08EB,VOI1773,33.030256,-117.515763,,,135,,3256,-49.5,290,0.9
2026-07-31T00:17:03.838334,A4455E,UAL2142,32.873095,-117.174066,,,135,,3377,-49.5,1262,2.1
2026-07-31T00:17:03.838334,A280A4,SKW3746,32.912013,-117.060223,,,132,,4661,-25.6,864,0.9
2026-07-31T00:17:03.838334,AD10E9,ASA616,32.922115,-117.399342,,,136,,1015,-26.5,624,0.0
2026-07-31T00:17:03.838334,0D08EB,VOI1773,33.028673,-117.513914,,,135,,3256,-49.5,294,4.9
2026-07-31T00:17:08.883911,A4455E,UAL2142,32.866951,-117.166947,,,135,,3377,-49.5,1301,0.4
2026-07-31T00:17:08.883911,A280A4,SKW3746,32.909918,-117.057532,,,132,,4661,-49.5,874,3.2
2026-07-31T00:17:08.883911,AD10E9,ASA616,32.915644,-117.392167,,,136,,1015,-30.1,639,0.5
2026-07-31T00:17:08.883911,0D08EB,VOI1773,33.014288,-117.497266,,,135,,3256,-27.9,320,0.4
2026-07-31T00:17:13.937365,A4455E,UAL2142,32.862249,-117.161454,,,135,,3377,-29.2,1332,0.3
2026-07-31T00:17:13.937365,A280A4,SKW3746,32.904565,-117.050694,,,132,,4661,-49.5,902,0.9
2026-07-31T00:17:13.937365,AD10E9,ASA616,32.908568,-117.384376,,,136,,1015,-32.3,671,0.6
2026-07-31T00:17:13.937365,0D08EB,VOI1773,33.01268,-117.495428,,,135,,3256,-49.5,337,4.4
2026-07-31T00:17:18.987288,A4455E,UAL2142,32.862249,-117.161454,,,135,,3377,-49.5,1333,5.3
2026-07-31T00:17:18.987288,A280A4,SKW3746,32.900329,-117.045201,,,132,,4661,-29.8,931,0.0
2026-07-31T00:17:18.987288,AD10E9,ASA616,32.900701,-117.375632,,,137,,1015,-49.5,710,0.0
2026-07-31T00:17:18.987288,0D08EB,VOI1773,33.002045,-117.483085,,,135,,3256,-33.0,347,2.4
2026-07-31T00:17:24.040522,A4455E,UAL2142,32.856262,-117.154413,,,135,,3377,-31.2,1339,3.6
2026-07-31T00:17:24.040522,A280A4,SKW3746,32.896866,-117.040704,,,132,,4661,-49.5,961,0.1
2026-07-31T00:17:24.040522,AD10E9,ASA616,32.897861,-117.372549,,,137,,1015,-29.5,728,3.0
2026-07-31T00:17:24.040522,0D08EB,VOI1773,32.99295,-117.472577,,,135,,3256,-32.5,355,1.5
2026-07-31T00:17:29.090506,A4455E,UAL2142,32.848795,-117.145759,,,135,,3377,-25.9,1372,0.4
2026-07-31T00:17:29.090506,A280A4,SKW3746,32.893616,-117.036475,,,132,,4661,-28.9,988,0.2
2026-07-31T00:17:29.090506,AD10E9,ASA616,32.886475,-117.359967,,,137,,1015,-49.5,738,0.0
2026-07-31T00:17:29.090506,0D08EB,VOI1773,32.99295,-117.472577,,,135,,3256,-49.5,358,6.5
2026-07-31T00:17:34.155369,A4455E,UAL2142,32.843903,-117.140076,,,135,,3377,-24.3,1415,0.0
2026-07-31T00:17:34.155369,A280A4,SKW3746,32.890411,-117.0323,,,132,,4661,-29.8,1008,0.5
2026-07-31T00:17:34.155369,AD10E9,ASA616,32.87952,-117.352258,,,137,,1015,-49.5,774,0.2
2026-07-31T00:17:34.155369,0D08EB,VOI1773,32.976471,-117.453516,,,135,,3256,-49.5,381,0.7
2026-07-31T00:17:39.227275,A4455E,UAL2142,32.839718,-117.135222,,,135,,3377,-27.4,1471,0.2
2026-07-31T00:17:39.227275,A280A4,SKW3746,32.886932,-117.027795,,,132,,4661,-29.5,1031,0.5
2026-07-31T00:17:39.227275,AD10E9,ASA616,32.872444,-117.344466,,,137,,1015,-49.5,794,0.3
2026-07-31T00:17:39.227275,0D08EB,VOI1773,32.968552,-117.444397,,,135,,3256,-49.5,414,0.6
2026-07-31T00:17:44.309608,A4455E,UAL2142,32.835202,-117.130009,,,135,,3377,-49.5,1501,0.1
2026-07-31T00:17:44.309608,A280A4,SKW3746,32.884361,-117.024461,,,132,,4661,-49.5,1058,1.9
2026-07-31T00:17:44.309608,AD10E9,ASA616,32.865368,-117.336619,,,137,,1015,-25.5,828,0.3
2026-07-31T00:17:44.309608,0D08EB,VOI1773,32.965714,-117.441046,,,135,,3256,-49.5,426,3.8
2026-07-31T00:17:49.378739,A4455E,UAL2142,32.830966,-117.125132,,,135,,3377,-26.2,1536,0.3
2026-07-31T00:17:49.378739,A280A4,SKW3746,32.880358,-117.019305,,,132,,4661,-49.5,1074,0.8
2026-07-31T00:17:49.378739,AD10E9,ASA616,32.858185,-117.328711,,,137,,1015,-26.3,875,0.3
2026-07-31T00:17:49.378739,0D08EB,VOI1773,32.953352,-117.426808,,,135,,3256,-22.2,440,0.7
2026-07-31T00:17:54.462893,A4455E,UAL2142,32.827567,-117.121152,,,135,,3377,-49.5,1561,1.3
2026-07-31T00:17:54.462893,A280A4,SKW3746,32.878281,-117.016644,,,132,,4661,-32.7,1083,2.8
2026-07-31T00:17:54.462893,AD10E9,ASA616,32.851227,-117.321075,,,137,,1015,-49.5,910,0.5
2026-07-31T00:17:54.462893,0D08EB,VOI1773,32.945435,-117.417645,,,135,,3256,-49.5,473,0.5
2026-07-31T00:17:59.510407,A4455E,UAL2142,32.8224,-117.115155,,,135,,3377,-28.0,1587,0.2
2026-07-31T00:17:59.510407,A280A4,SKW3746,32.875004,-117.01241,,,132,,4661,-49.5,1085,2.8
2026-07-31T00:17:59.510407,AD10E9,ASA616,32.843994,-117.313055,,,137,,1015,-49.5,954,0.4
2026-07-31T00:17:59.510407,0D08EB,VOI1773,32.937384,-117.408366,,,135,,3256,-27.0,496,0.3
2026-07-31T00:18:04.560699,A4455E,UAL2142,32.818176,-117.110193,,,135,,3377,-22.4,1619,0.2
2026-07-31T00:18:04.560699,A280A4,SKW3746,32.875004,-117.01241,,,132,,4661,-49.5,1085,7.9
2026-07-31T00:18:04.560699,AD10E9,ASA616,32.836624,-117.304926,,,137,,1015,-21.7,1000,0.3
2026-07-31T00:18:04.560699,0D08EB,VOI1773,32.929459,-117.399243,,,135,,3256,-30.3,523,0.1
2026-07-31T00:18:09.603579,A4455E,UAL2142,32.814056,-117.105414,,,135,,3377,-28.4,1651,0.3
2026-07-31T00:18:09.603579,A280A4,SKW3746,32.875004,-117.01241,,,132,,4661,-49.5,1085,12.9
2026-07-31T00:18:09.603579,AD10E9,ASA616,32.829117,-117.296631,,,137,,1015,-49.5,1018,0.0
2026-07-31T00:18:09.603579,0D08EB,VOI1773,32.921768,-117.390289,,,135,,3256,-26.4,563,0.1
2026-07-31T00:18:14.663760,A4455E,UAL2142,32.813232,-117.10448,,,135,,3377,-49.5,1654,4.4
2026-07-31T00:18:14.663760,A280A4,SKW3746,32.875004,-117.01241,,,132,,4661,-49.5,1085,18.0
2026-07-31T00:18:14.663760,AD10E9,ASA616,32.823191,-117.290095,,,137,,1015,-27.2,1032,1.0
2026-07-31T00:18:14.663760,0D08EB,VOI1773,32.918655,-117.386719,,,135,,3256,-28.5,592,3.1
2026-07-31T00:18:19.751290,A4455E,UAL2142,32.806991,-117.097218,,,135,,3377,-49.5,1661,1.7
2026-07-31T00:18:19.751290,A280A4,SKW3746,32.875004,-117.01241,,,132,,4661,-49.5,1085,23.1
2026-07-31T00:18:19.751290,AD10E9,ASA616,32.818629,-117.285106,,,137,,1015,-49.5,1054,2.9
2026-07-31T00:18:19.751290,0D08EB,VOI1773,32.907166,-117.373425,,,135,,3256,-25.9,620,0.6
2026-07-31T00:18:24.795986,A4455E,UAL2142,32.804803,-117.094695,,,135,,3377,-32.6,1671,4.1
2026-07-31T00:18:24.795986,A280A4,SKW3746,32.875004,-117.01241,,,132,,4661,-49.5,1085,28.1
2026-07-31T00:18:24.795986,AD10E9,ASA616,32.807465,-117.272791,,,137,,1015,-32.7,1075,0.0
2026-07-31T00:18:24.795986,0D08EB,VOI1773,32.900803,-117.36601,,,135,,3256,-49.5,657,1.5
2026-07-31T00:18:29.875357,A4455E,UAL2142,32.798584,-117.087396,,,135,,3377,-32.0,1676,1.3
2026-07-31T00:18:29.875357,A280A4,SKW3746,32.875004,-117.01241,,,132,,4661,-49.5,1085,33.2
2026-07-31T00:18:29.875357,AD10E9,ASA616,32.80336,-117.268291,,,137,,1015,-27.7,1080,2.3
2026-07-31T00:18:29.875357,0D08EB,VOI1773,32.892135,-117.356013,,,135,,3256,-49.5,697,0.9
2026-07-31T00:18:34.953990,A4455E,UAL2142,32.798584,-117.087396,,,135,,3377,-32.0,1676,6.4
2026-07-31T00:18:34.953990,A280A4,SKW3746,32.875004,-117.01241,,,132,,4661,-49.5,1085,38.3
2026-07-31T00:18:34.953990,AD10E9,ASA616,32.793274,-117.257245,,,137,,1015,-49.5,1090,0.3
2026-07-31T00:18:34.953990,0D08EB,VOI1773,32.885651,-117.348541,,,135,,3256,-49.5,726,1.6
2026-07-31T00:18:40.018405,A4455E,UAL2142,32.798584,-117.087396,,,135,,3377,-32.0,1676,11.5
2026-07-31T00:18:40.018405,A280A4,SKW3746,32.875004,-117.01241,,,132,,4661,-49.5,1085,43.3
2026-07-31T00:18:40.018405,AD10E9,ASA616,32.789154,-117.252686,,,137,,1015,-49.5,1105,2.5
2026-07-31T00:18:40.018405,0D08EB,VOI1773,32.876129,-117.337555,,,135,,3256,-24.0,763,0.4
2026-07-31T00:18:45.091254,A4455E,UAL2142,32.798584,-117.087396,,,135,,3377,-49.5,1677,16.5
2026-07-31T00:18:45.091254,A280A4,SKW3746,32.875004,-117.01241,,,132,,4661,-49.5,1085,48.4
2026-07-31T00:18:45.091254,AD10E9,ASA616,32.77892,-117.241441,,,137,,1015,-49.5,1153,0.4
2026-07-31T00:18:45.091254,0D08EB,VOI1773,32.869034,-117.32937,,,135,,3256,-29.7,799,0.9
2026-07-31T00:18:50.136099,A4455E,UAL2142,32.782791,-117.067731,,,128,,3377,-49.5,1682,1.1
2026-07-31T00:18:50.136099,A280A4,SKW3746,32.875004,-117.01241,,,132,,4661,-49.5,1085,53.5
2026-07-31T00:18:50.136099,AD10E9,ASA616,32.771393,-117.233185,,,137,,1015,-25.5,1184,0.1
2026-07-31T00:18:50.136099,0D08EB,VOI1773,32.861225,-117.320364,,,135,,3256,-31.2,835,0.8
2026-07-31T00:18:55.199571,A4455E,UAL2142,32.782791,-117.067731,,,128,,3377,-49.5,1682,6.2
2026-07-31T00:18:55.199571,A280A4,SKW3746,32.875004,-117.01241,,,132,,4661,-49.5,1085,58.5
2026-07-31T00:18:55.199571,AD10E9,ASA616,32.763977,-117.225018,,,137,,1015,-25.0,1239,0.1
2026-07-31T00:18:55.199571,0D08EB,VOI1773,32.85508,-117.313301,,,135,,3256,-49.5,858,1.9
2026-07-31T00:19:00.274240,A4455E,UAL2142,32.782791,-117.067731,,,128,,3377,-49.5,1682,11.3
2026-07-31T00:19:00.274240,AD10E9,ASA616,32.757294,-117.217694,,,137,,1015,-29.3,1267,0.5
2026-07-31T00:19:00.274240,0D08EB,VOI1773,32.844745,-117.301418,,,135,,3256,-26.4,892,0.1
2026-07-31T00:19:05.345469,A4455E,UAL2142,32.782791,-117.067731,,,128,,3377,-49.5,1682,16.3
2026-07-31T00:19:05.345469,AD10E9,ASA616,32.750015,-117.209619,,,137,,1015,-49.5,1290,0.5
2026-07-31T00:19:05.345469,0D08EB,VOI1773,32.836878,-117.292337,,,135,,3256,-49.5,934,0.0
2026-07-31T00:19:10.434817,A4455E,UAL2142,32.773865,-117.043835,,,128,,3377,-49.5,1685,1.4
2026-07-31T00:19:10.434817,AD10E9,ASA616,32.74585,-117.205005,,,137,,1015,-49.5,1309,2.7
2026-07-31T00:19:10.434817,0D08EB,VOI1773,32.83049,-117.28504,,,135,,3256,-49.5,989,0.9
2026-07-31T00:19:15.476655,A4455E,UAL2142,32.773865,-117.043835,,,128,,3377,-49.5,1685,6.4
2026-07-31T00:19:15.476655,AD10E9,ASA616,32.735813,-117.194021,,,137,,1015,-29.1,1323,0.8
2026-07-31T00:19:15.476655,0D08EB,VOI1773,32.822479,-117.275812,,,135,,3256,-21.2,1044,0.7
2026-07-31T00:19:20.555932,A4455E,UAL2142,32.773865,-117.043835,,,128,,3377,-49.5,1685,11.5
2026-07-31T00:19:20.555932,AD10E9,ASA616,32.728504,-117.185949,,,137,,1015,-49.5,1357,0.8
2026-07-31T00:19:20.555932,0D08EB,VOI1773,32.815933,-117.268286,,,135,,3256,-27.2,1099,1.5
2026-07-31T00:19:25.634835,A4455E,UAL2142,32.773865,-117.043835,,,128,,3377,-49.5,1685,16.5
2026-07-31T00:19:25.634835,AD10E9,ASA616,32.721954,-117.178748,,,137,,1015,-30.4,1391,1.3
2026-07-31T00:19:25.634835,0D08EB,VOI1773,32.806732,-117.257739,,,135,,3256,-24.0,1120,0.5
2026-07-31T00:19:25.634835,0D0E15,,33.142502,-117.59881,,,,,,-49.5,6,1.5
2026-07-31T00:19:30.687008,A4455E,UAL2142,32.773865,-117.043835,,,128,,3377,-49.5,1685,21.6
2026-07-31T00:19:30.687008,AD10E9,ASA616,32.713235,-117.169133,,,137,,1015,-27.6,1408,0.3
2026-07-31T00:19:30.687008,0D08EB,VOI1773,32.80215,-117.252484,,,135,,3256,-32.9,1135,2.6
2026-07-31T00:19:30.687008,0D0E15,,33.142502,-117.59881,,,,,,-49.5,6,6.6
2026-07-31T00:19:35.722579,A4455E,UAL2142,32.773865,-117.043835,,,128,,3377,-49.5,1685,26.6
2026-07-31T00:19:35.722579,AD10E9,ASA616,32.705933,-117.161115,,,137,,1015,-27.9,1443,0.3
2026-07-31T00:19:35.722579,0D08EB,VOI1773,32.791626,-117.240326,,,135,,3256,-26.9,1171,0.7
2026-07-31T00:19:35.722579,0D0E15,,33.142502,-117.59881,,,109,,,-34.3,11,11.6
2026-07-31T00:19:40.801318,A4455E,UAL2142,32.773865,-117.043835,,,128,,3377,-49.5,1685,31.7
2026-07-31T00:19:40.801318,AD10E9,ASA616,32.698199,-117.152598,,,137,,1015,-49.5,1474,0.0
2026-07-31T00:19:40.801318,0D08EB,VOI1773,32.783063,-117.230511,,,135,,3256,-27.0,1215,0.2
2026-07-31T00:19:40.801318,0D0E15,,33.142502,-117.59881,,,109,,,-49.5,13,16.7
2026-07-31T00:19:45.841280,A4455E,UAL2142,32.773865,-117.043835,,,128,,3377,-49.5,1685,36.8
2026-07-31T00:19:45.841280,AD10E9,ASA616,32.691681,-117.145479,,,137,,1015,-49.5,1514,0.6
2026-07-31T00:19:45.841280,0D08EB,VOI1773,32.776337,-117.222803,,,135,,3256,-49.5,1285,0.8
2026-07-31T00:19:45.841280,0D0E15,,33.142502,-117.59881,,,109,,,-49.5,14,21.8
2026-07-31T00:19:50.920600,A4455E,UAL2142,32.773865,-117.043835,,,128,,3377,-49.5,1685,41.9
2026-07-31T00:19:50.920600,AD10E9,ASA616,32.684235,-117.137274,,,137,,1015,-25.3,1548,0.5
2026-07-31T00:19:50.920600,0D08EB,VOI1773,32.768725,-117.214032,,,135,,3256,-49.5,1321,1.0
2026-07-31T00:19:50.920600,0D0E15,,33.142502,-117.59881,,,109,,,-49.5,14,26.8
2026-07-31T00:19:56.001038,A4455E,UAL2142,32.773865,-117.043835,,,128,,3377,-49.5,1685,46.9
2026-07-31T00:19:56.001038,AD10E9,ASA616,32.677277,-117.129639,,,137,,1015,-49.5,1578,0.7
2026-07-31T00:19:56.001038,0D08EB,VOI1773,32.765533,-117.210388,,,135,,3256,-49.5,1333,4.0
2026-07-31T00:19:56.001038,0D0E15,,33.121078,-117.526685,,,109,,,-49.5,22,0.0
2026-07-31T00:20:01.079710,A4455E,UAL2142,32.773865,-117.043835,,,128,,3377,-49.5,1685,52.0
2026-07-31T00:20:01.079710,AD10E9,ASA616,32.677277,-117.129639,,,137,,1015,-49.5,1578,5.8
2026-07-31T00:20:01.079710,0D08EB,VOI1773,32.752805,-117.195758,,,135,,3256,-49.5,1369,0.7
2026-07-31T00:20:01.079710,0D0E15,,33.118379,-117.517613,,,109,,,-32.3,31,1.0
2026-07-31T00:20:06.130674,A4455E,UAL2142,32.773865,-117.043835,,,128,,3377,-49.5,1685,57.1
2026-07-31T00:20:06.130674,AD10E9,ASA616,32.663052,-117.113137,,,133,,1015,-49.5,1613,0.9
2026-07-31T00:20:06.130674,0D08EB,VOI1773,32.744984,-117.186734,,,135,,3256,-49.5,1390,0.6
2026-07-31T00:20:06.130674,0D0E15,,33.114841,-117.505786,,,109,,,-30.8,44,1.0
2026-07-31T00:20:11.217638,AD10E9,ASA616,32.655138,-117.102991,,,132,,1015,-49.5,1630,0.0
2026-07-31T00:20:11.217638,0D08EB,VOI1773,32.736923,-117.177484,,,135,,3256,-30.3,1435,0.4
2026-07-31T00:20:11.217638,0D0E15,,33.113491,-117.501246,,,109,,,-49.5,50,4.0
2026-07-31T00:20:16.261221,AD10E9,ASA616,32.649124,-117.095032,,,131,,1015,-49.5,1662,0.5
2026-07-31T00:20:16.261221,0D08EB,VOI1773,32.732117,-117.171936,,,135,,3256,-32.0,1464,2.2
2026-07-31T00:20:16.261221,0D0E15,,33.113491,-117.501246,,,109,,,-49.5,50,9.0
2026-07-31T00:20:21.311682,AD10E9,ASA616,32.642057,-117.085671,,,131,,1015,-49.5,1713,0.3
2026-07-31T00:20:21.311682,0D08EB,VOI1773,32.721634,-117.159906,,,135,,3256,-25.0,1511,0.4
2026-07-31T00:20:21.311682,0D0E15,,33.113491,-117.501246,,,109,,,-33.0,52,14.1
2026-07-31T00:20:26.398216,AD10E9,ASA616,32.635208,-117.076685,,,131,,1015,-49.5,1754,0.2
2026-07-31T00:20:26.398216,0D08EB,VOI1773,32.714166,-117.151365,,,135,,3256,-23.4,1552,0.7
2026-07-31T00:20:26.398216,0D0E15,,33.100983,-117.459064,,,109,,7354,-30.9,75,0.7
2026-07-31T00:20:31.443666,AD10E9,ASA616,32.628571,-117.06795,,,132,,1015,-29.3,1784,0.3
2026-07-31T00:20:31.443666,0D08EB,VOI1773,32.706392,-117.142452,,,135,,3256,-49.5,1601,0.6
2026-07-31T00:20:31.443666,0D0E15,AMX619,33.097549,-117.447418,,,109,,7354,-27.2,108,0.6
2026-07-31T00:20:36.522072,AD10E9,ASA616,32.621574,-117.058766,,,132,,1015,-49.5,1826,0.0
2026-07-31T00:20:36.522072,0D08EB,VOI1773,32.699066,-117.134033,,,135,,3256,-49.5,1649,0.9
2026-07-31T00:20:36.522072,0D0E15,AMX619,33.094162,-117.435992,,,109,,7354,-49.5,138,0.8
2026-07-31T00:20:41.602091,AD10E9,ASA616,32.615341,-117.050647,,,131,,1015,-28.6,1859,0.5
2026-07-31T00:20:41.602091,0D08EB,VOI1773,32.692938,-117.127038,,,135,,3256,-23.4,1700,2.0
2026-07-31T00:20:41.602091,0D0E15,AMX619,33.091425,-117.426864,,,109,,7354,-49.5,153,1.8
2026-07-31T00:20:46.681104,AD10E9,ASA616,32.609005,-117.042286,,,131,,1015,-49.5,1886,0.8
2026-07-31T00:20:46.681104,0D08EB,VOI1773,32.683594,-117.116345,,,135,,3256,-49.5,1750,1.0
2026-07-31T00:20:46.681104,0D0E15,AMX619,33.089401,-117.419952,,,109,,7354,-49.5,166,3.9
2026-07-31T00:20:51.759451,AD10E9,ASA616,32.602249,-117.033453,,,131,,1015,-29.2,1896,0.9
2026-07-31T00:20:51.759451,0D08EB,VOI1773,32.67453,-117.105963,,,135,,3256,-49.5,1790,0.2
2026-07-31T00:20:51.759451,0D0E15,AMX619,33.089401,-117.419952,,,109,,7354,-35.1,167,9.1
2026-07-31T00:20:56.892664,AD10E9,ASA616,32.595505,-117.024574,,,131,,1015,-49.5,1917,0.9
2026-07-31T00:20:56.892664,0D08EB,VOI1773,32.668359,-117.098899,,,135,,3256,-33.6,1823,1.1
2026-07-31T00:20:56.892664,0D0E15,AMX619,33.089401,-117.419952,,,109,,7354,-35.1,167,14.1
2026-07-31T00:21:01.957038,AD10E9,ASA616,32.587591,-117.014204,,,132,,1015,-49.5,1938,0.0
2026-07-31T00:21:01.957038,0D08EB,VOI1773,32.660339,-117.089703,,,135,,3256,-24.1,1864,1.0
2026-07-31T00:21:01.957038,0D0E15,AMX619,33.089401,-117.419952,,,109,,7354,-35.1,167,19.2
2026-07-31T00:21:06.996074,AD10E9,ASA616,32.580701,-117.005179,,,132,,1015,-30.0,1959,0.0
2026-07-31T00:21:06.996074,0D08EB,VOI1773,32.65123,-117.079211,,,135,,3256,-24.8,1920,0.0
2026-07-31T00:21:06.996074,0D0E15,AMX619,33.073084,-117.364701,,,109,,7354,-49.5,190,0.1
2026-07-31T00:21:12.046738,AD10E9,ASA616,32.57515,-116.997858,,,132,,1015,-49.5,1973,0.9
2026-07-31T00:21:12.046738,0D08EB,VOI1773,32.643593,-117.070537,,,135,,3256,-27.8,1975,0.0
2026-07-31T00:21:12.046738,0D0E15,AMX619,33.069855,-117.35387,,,109,,7354,-28.5,227,0.5
2026-07-31T00:21:17.089052,AD10E9,ASA616,32.572368,-116.994249,,,132,,1015,-34.1,1979,3.9
2026-07-31T00:21:17.089052,0D08EB,VOI1773,32.642258,-117.068994,,,135,,3256,-49.5,2001,4.3
2026-07-31T00:21:17.089052,0D0E15,AMX619,33.066467,-117.342279,,,109,,7354,-49.5,253,0.6
2026-07-31T00:21:22.152216,AD10E9,ASA616,32.572368,-116.994249,,,132,,1015,-34.1,1979,8.9
2026-07-31T00:21:22.152216,0D08EB,VOI1773,32.642258,-117.068994,,,135,,3256,-49.5,2006,9.3
2026-07-31T00:21:22.152216,0D0E15,AMX619,33.063029,-117.330677,,,109,,7354,-25.4,284,0.6
2026-07-31T00:21:27.241565,AD10E9,ASA616,32.572368,-116.994249,,,132,,1015,-34.1,1979,14.0
2026-07-31T00:21:27.241565,0D08EB,VOI1773,32.621292,-117.044989,,,135,,3256,-49.5,2050,0.7
2026-07-31T00:21:27.241565,0D0E15,AMX619,33.059692,-117.319537,,,109,,7354,-28.7,312,1.0
2026-07-31T00:21:32.282480,AD10E9,ASA616,32.547183,-116.961346,,,132,,1015,-49.5,1998,0.5
2026-07-31T00:21:32.282480,0D08EB,VOI1773,32.613474,-117.036064,,,135,,3256,-49.5,2101,0.5
2026-07-31T00:21:32.282480,0D0E15,AMX619,33.055766,-117.306294,,,109,,7354,-32.1,315,0.3
2026-07-31T00:21:37.345834,AD10E9,ASA616,32.540526,-116.952658,,,132,,1015,-49.5,2013,0.7
2026-07-31T00:21:37.345834,0D08EB,VOI1773,32.605957,-117.027521,,,136,,3256,-49.5,2142,0.7
2026-07-31T00:21:37.345834,0D0E15,AMX619,33.052415,-117.294916,,,109,,7354,-49.5,349,0.4
2026-07-31T00:21:42.426744,AD10E9,ASA616,32.53775,-116.949023,,,132,,1015,-49.5,2018,3.6
2026-07-31T00:21:42.426744,0D08EB,VOI1773,32.59845,-117.019006,,,136,,3256,-21.4,2184,0.8
2026-07-31T00:21:42.426744,0D0E15,AMX619,33.050366,-117.288133,,,109,,7354,-30.0,364,2.6
2026-07-31T00:21:47.464672,AD10E9,ASA616,32.526747,-116.934721,,,132,,1015,-30.7,2024,0.6
2026-07-31T00:21:47.464672,0D08EB,VOI1773,32.590714,-117.010107,,,136,,3256,-24.6,2228,0.8
2026-07-31T00:21:47.464672,0D0E15,AMX619,33.045385,-117.271317,,,109,,7354,-49.5,382,0.4
2026-07-31T00:21:52.529324,AD10E9,ASA616,32.521317,-116.92771,,,132,,1015,-49.5,2034,1.8
2026-07-31T00:21:52.529324,0D08EB,VOI1773,32.583075,-117.001424,,,136,,3256,-49.5,2249,0.8
2026-07-31T00:21:52.529324,0D0E15,AMX619,33.04208,-117.260107,,,109,,7354,-49.5,425,0.7
2026-07-31T00:21:57.568151,AD10E9,ASA616,32.514457,-116.91897,,,132,,1015,-29.3,2047,1.9
2026-07-31T00:21:57.568151,0D08EB,VOI1773,32.575394,-116.992736,,,136,,3256,-28.3,2263,0.8
2026-07-31T00:21:57.568151,0D0E15,AMX619,33.038544,-117.248126,,,109,,7354,-23.7,464,0.8
2026-07-31T00:22:02.646772,AD10E9,ASA616,32.507521,-116.910114,,,132,,1015,-32.5,2059,2.0
2026-07-31T00:22:02.646772,0D08EB,VOI1773,32.575394,-116.992736,,,136,,3256,-49.5,2266,5.9
2026-07-31T00:22:02.646772,0D0E15,AMX619,33.034492,-117.234491,,,109,,7354,-49.5,489,0.0
2026-07-31T00:22:07.700846,AD10E9,ASA616,32.497791,-116.897726,,,132,,1015,-49.5,2082,0.0
2026-07-31T00:22:07.700846,0D08EB,VOI1773,32.575394,-116.992736,,,136,,3256,-49.5,2266,11.0
2026-07-31T00:22:07.700846,0D0E15,AMX619,33.031001,-117.222776,,,109,,7354,-20.1,515,0.0
2026-07-31T00:22:07.700846,A445EF,,33.483675,-116.508384,,,97,,,-33.2,8,3.3
2026-07-31T00:22:12.805013,AD10E9,ASA616,32.490921,-116.888983,,,132,,1015,-49.5,2106,0.2
2026-07-31T00:22:12.805013,0D08EB,VOI1773,32.575394,-116.992736,,,136,,3256,-34.1,2267,16.0
2026-07-31T00:22:12.805013,0D0E15,AMX619,33.028114,-117.213079,,,109,,7354,-28.1,543,1.0
2026-07-31T00:22:12.805013,A445EF,,33.481979,-116.492212,,,97,,,-49.5,29,2.1
2026-07-31T00:22:17.859181,AD10E9,ASA616,32.485107,-116.881622,,,132,,1015,-29.2,2132,1.0
2026-07-31T00:22:17.859181,0D08EB,VOI1773,32.544205,-116.956989,,,136,,3256,-32.1,2272,0.5
2026-07-31T00:22:17.859181,0D0E15,AMX619,33.023878,-117.198953,,,109,,7354,-17.6,579,0.1
2026-07-31T00:22:17.859181,A445EF,UAL1075,33.480743,-116.480676,,,97,,,-32.5,36,2.6
2026-07-31T00:22:22.941567,AD10E9,ASA616,32.478561,-116.873328,,,132,,1015,-31.0,2155,1.4
2026-07-31T00:22:22.941567,0D08EB,VOI1773,32.536469,-116.94765,,,133,,3256,-29.4,2299,0.3
2026-07-31T00:22:22.941567,0D0E15,AMX619,33.020573,-117.187855,,,109,,7354,-49.5,614,0.5
2026-07-31T00:22:22.941567,A445EF,UAL1075,33.480743,-116.480676,,,97,,,-32.5,36,7.7
2026-07-31T00:22:27.987063,AD10E9,ASA616,32.46972,-116.862133,,,132,,1015,-49.5,2182,0.1
2026-07-31T00:22:27.987063,0D08EB,VOI1773,32.529214,-116.938533,,,132,,3256,-49.5,2342,0.3
2026-07-31T00:22:27.987063,0D0E15,AMX619,33.017035,-117.176028,,,109,,7354,-21.8,644,0.6
2026-07-31T00:22:27.987063,A445EF,UAL1075,33.480743,-116.480676,,,97,,,-32.5,36,12.7
2026-07-31T00:22:33.038872,AD10E9,ASA616,32.463156,-116.853837,,,132,,1015,-49.5,2202,0.5
2026-07-31T00:22:33.038872,0D08EB,VOI1773,32.522511,-116.929957,,,132,,3256,-30.7,2379,0.7
2026-07-31T00:22:33.038872,0D0E15,AMX619,33.014282,-117.166772,,,109,,7354,-49.5,674,1.6
2026-07-31T00:22:33.038872,A445EF,UAL1075,33.480743,-116.480676,,,97,,,-32.5,36,17.8
2026-07-31T00:22:38.091022,AD10E9,ASA616,32.459013,-116.848568,,,132,,1015,-49.5,2206,2.5
2026-07-31T00:22:38.091022,0D08EB,VOI1773,32.516924,-116.922838,,,132,,3256,-34.8,2399,1.9
2026-07-31T00:22:38.091022,0D0E15,AMX619,33.009933,-117.152106,,,109,,7354,-49.5,706,0.5
2026-07-31T00:22:38.091022,A445EF,UAL1075,33.480743,-116.480676,,,97,,,-32.5,36,22.8
2026-07-31T00:22:43.140761,AD10E9,ASA616,32.459013,-116.848568,,,132,,1015,-35.5,2207,7.6
2026-07-31T00:22:43.140761,0D08EB,VOI1773,32.516924,-116.922838,,,132,,3256,-33.9,2404,6.9
2026-07-31T00:22:43.140761,0D0E15,AMX619,33.006188,-117.139482,,,109,,7354,-25.5,752,0.3
2026-07-31T00:22:43.140761,A445EF,UAL1075,33.480743,-116.480676,,,97,,,-32.5,36,27.9
2026-07-31T00:22:48.195030,AD10E9,ASA616,32.459013,-116.848568,,,132,,1015,-34.1,2208,12.7
2026-07-31T00:22:48.195030,0D08EB,VOI1773,32.501221,-116.902771,,,132,,3256,-49.5,2430,1.0
2026-07-31T00:22:48.195030,0D0E15,AMX619,33.00265,-117.127598,,,109,,7354,-49.5,793,0.4
2026-07-31T00:22:48.195030,A445EF,UAL1075,33.480743,-116.480676,,,97,,,-32.5,36,33.0
2026-07-31T00:22:48.195030,A6E8AE,,33.233459,-117.741797,,,,,7230,-35.5,3,0.3
2026-07-31T00:22:53.273769,AD10E9,ASA616,32.459013,-116.848568,,,132,,1015,-34.1,2208,17.7
2026-07-31T00:22:53.273769,0D08EB,VOI1773,32.493881,-116.893354,,,132,,3256,-49.5,2470,0.9
2026-07-31T00:22:53.273769,0D0E15,AMX619,32.999084,-117.115686,,,109,,7354,-49.5,849,0.4
2026-07-31T00:22:53.273769,A445EF,UAL1075,33.480743,-116.480676,,,97,,,-32.5,36,38.0
2026-07-31T00:22:53.273769,A6E8AE,,33.233459,-117.741797,,,,,7230,-49.5,6,5.3
2026-07-31T00:22:58.352728,AD10E9,ASA616,32.459013,-116.848568,,,132,,1015,-34.1,2208,22.8
2026-07-31T00:22:58.352728,0D08EB,VOI1773,32.485519,-116.882721,,,132,,3256,-23.1,2516,0.1
2026-07-31T00:22:58.352728,0D0E15,AMX619,32.995422,-117.103326,,,109,,7354,-49.5,893,0.3
2026-07-31T00:22:58.352728,A445EF,UAL1075,33.480743,-116.480676,,,97,,,-32.5,36,43.1
2026-07-31T00:22:58.352728,A6E8AE,,33.233459,-117.741797,,,,,7230,-49.5,6,10.4
2026-07-31T00:23:03.431170,AD10E9,ASA616,32.459013,-116.848568,,,132,,1015,-34.1,2208,27.9
2026-07-31T00:23:03.431170,0D08EB,VOI1773,32.478104,-116.873328,,,132,,3256,-49.5,2554,0.0
2026-07-31T00:23:03.431170,0D0E15,AMX619,32.99185,-117.091388,,,109,,7354,-49.5,925,0.4
2026-07-31T00:23:03.431170,A445EF,UAL1075,33.480743,-116.480676,,,97,,,-32.5,36,48.2
2026-07-31T00:23:03.431170,A6E8AE,,33.233459,-117.741797,,,,,7230,-49.5,6,15.5
2026-07-31T00:23:08.510920,AD10E9,ASA616,32.459013,-116.848568,,,132,,1015,-34.1,2208,33.0
2026-07-31T00:23:08.510920,0D08EB,VOI1773,32.470884,-116.864151,,,132,,3256,-26.1,2599,0.0
2026-07-31T00:23:08.510920,0D0E15,AMX619,32.98819,-117.079211,,,109,,7354,-49.5,954,0.4
2026-07-31T00:23:08.510920,A445EF,UAL1075,33.480743,-116.480676,,,97,,,-32.5,36,53.3
2026-07-31T00:23:08.510920,A6E8AE,,33.233459,-117.741797,,,,,7230,-34.4,7,20.6
2026-07-31T00:23:13.589158,AD10E9,ASA616,32.459013,-116.848568,,,132,,1015,-34.1,2208,38.0
2026-07-31T00:23:13.589158,0D08EB,VOI1773,32.463638,-116.854926,,,132,,3256,-49.5,2649,0.0
2026-07-31T00:23:13.589158,0D0E15,AMX619,32.984573,-117.067017,,,109,,7354,-49.5,986,0.3
2026-07-31T00:23:13.589158,A445EF,UAL1075,33.480743,-116.480676,,,97,,,-32.5,36,58.3
2026-07-31T00:23:13.589158,A6E8AE,,33.233459,-117.741797,,,,,7230,-34.4,7,25.6
2026-07-31T00:23:18.639198,AD10E9,ASA616,32.459013,-116.848568,,,132,,1015,-34.1,2208,43.1
2026-07-31T00:23:18.639198,0D08EB,VOI1773,32.456732,-116.846158,,,132,,3256,-30.8,2687,0.3
2026-07-31T00:23:18.639198,0D0E15,AMX619,32.98114,-117.055536,,,109,,7354,-49.5,1010,0.6
2026-07-31T00:23:18.639198,A6E8AE,,33.233459,-117.741797,,,,,7230,-34.4,7,30.7
2026-07-31T00:23:23.692950,AD10E9,ASA616,32.459013,-116.848568,,,132,,1015,-34.1,2208,48.1
2026-07-31T00:23:23.692950,0D08EB,VOI1773,32.450912,-116.838776,,,132,,3256,-49.5,2698,1.2
2026-07-31T00:23:23.692950,0D0E15,AMX619,32.977419,-117.043071,,,109,,7354,-18.0,1047,0.4
2026-07-31T00:23:23.692950,A6E8AE,,33.233459,-117.741797,,,,,7230,-34.4,7,35.8
2026-07-31T00:23:28.771864,AD10E9,ASA616,32.459013,-116.848568,,,132,,1015,-34.1,2208,53.2
2026-07-31T00:23:28.771864,0D08EB,VOI1773,32.447934,-116.835003,,,132,,3256,-31.8,2700,4.2
2026-07-31T00:23:28.771864,0D0E15,AMX619,32.97377,-117.030817,,,109,,7354,-18.0,1075,0.4
2026-07-31T00:23:28.771864,A6E8AE,,33.233459,-117.741797,,,,,7230,-34.4,7,40.8
2026-07-31T00:23:33.851008,AD10E9,ASA616,32.459013,-116.848568,,,132,,1015,-34.1,2208,58.3
2026-07-31T00:23:33.851008,0D08EB,VOI1773,32.447934,-116.835003,,,132,,3256,-31.8,2700,9.3
2026-07-31T00:23:33.851008,0D0E15,AMX619,32.970108,-117.018622,,,109,,7354,-16.3,1116,0.4
2026-07-31T00:23:33.851008,A6E8AE,,33.233459,-117.741797,,,,,7230,-34.4,7,45.9
2026-07-31T00:23:38.929937,AD10E9,ASA616,32.459013,-116.848568,,,132,,1015,-34.1,2208,63.4
2026-07-31T00:23:38.929937,0D08EB,VOI1773,32.447934,-116.835003,,,132,,3256,-31.8,2700,14.4
2026-07-31T00:23:38.929937,0D0E15,AMX619,32.966721,-117.007306,,,109,,7354,-49.5,1141,0.7
2026-07-31T00:23:38.929937,A6E8AE,,33.233459,-117.741797,,,,,7230,-34.4,7,51.0
2026-07-31T00:23:43.982629,AD10E9,ASA616,32.459013,-116.848568,,,132,,1015,-34.1,2208,68.4
2026-07-31T00:23:43.982629,0D08EB,VOI1773,32.447934,-116.835003,,,132,,3256,-31.8,2700,19.4
2026-07-31T00:23:43.982629,0D0E15,AMX619,32.962895,-116.994585,,,109,,7354,-22.2,1176,0.5
2026-07-31T00:23:43.982629,A6E8AE,,33.233459,-117.741797,,,,,7230,-32.4,8,56.0
2026-07-31T00:23:49.067385,0D08EB,VOI1773,32.447934,-116.835003,,,132,,3256,-31.8,2700,24.5
2026-07-31T00:23:49.067385,0D0E15,AMX619,32.959264,-116.98259,,,109,,7354,-49.5,1209,0.6
2026-07-31T00:23:49.067385,A6E8AE,,33.15995,-117.653485,,,118,,7230,-31.3,12,4.4
2026-07-31T00:23:54.112225,0D08EB,VOI1773,32.447934,-116.835003,,,132,,3256,-31.8,2700,29.6
2026-07-31T00:23:54.112225,0D0E15,AMX619,32.955586,-116.970314,,,109,,7354,-49.5,1246,0.6
2026-07-31T00:23:54.112225,A6E8AE,,33.156097,-117.643854,,,118,,7230,-49.5,13,4.7
2026-07-31T00:23:59.191527,0D08EB,VOI1773,32.447934,-116.835003,,,132,,3256,-49.5,2701,34.6
2026-07-31T00:23:59.191527,0D0E15,AMX619,32.951536,-116.956806,,,109,,7354,-21.9,1292,0.0
2026-07-31T00:23:59.191527,A6E8AE,,33.156097,-117.643854,,,118,,7230,-49.5,13,9.7
2026-07-31T00:24:04.255623,0D08EB,VOI1773,32.447934,-116.835003,,,132,,3256,-34.8,2703,39.7
2026-07-31T00:24:04.255623,0D0E15,AMX619,32.947998,-116.944979,,,109,,7354,-32.4,1327,0.2
2026-07-31T00:24:04.255623,A6E8AE,,33.147149,-117.614864,,,118,,7230,-31.5,16,0.8
2026-07-31T00:24:09.319239,0D08EB,VOI1773,32.447934,-116.835003,,,132,,3256,-34.8,2703,44.8
2026-07-31T00:24:09.319239,0D0E15,AMX619,32.944565,-116.933643,,,109,,7354,-49.5,1361,0.5
2026-07-31T00:24:09.319239,A6E8AE,,33.146576,-117.612927,,,109,,7230,-49.5,25,4.8
2026-07-31T00:24:14.373632,0D08EB,VOI1773,32.447934,-116.835003,,,132,,3256,-33.4,2704,49.8
2026-07-31T00:24:14.373632,0D0E15,AMX619,32.940994,-116.921777,,,109,,7354,-14.7,1396,0.7
2026-07-31T00:24:14.373632,A6E8AE,,33.146576,-117.612927,,,109,,7230,-49.5,29,9.9
2026-07-31T00:24:19.452527,0D08EB,VOI1773,32.447934,-116.835003,,,132,,3256,-33.4,2704,54.9
2026-07-31T00:24:19.452527,0D0E15,AMX619,32.937332,-116.909692,,,109,,7354,-49.5,1434,0.8
2026-07-31T00:24:19.452527,A6E8AE,,33.138474,-117.585626,,,109,,7230,-49.5,33,1.9
2026-07-31T00:24:24.503360,0D08EB,VOI1773,32.447934,-116.835003,,,132,,3256,-33.4,2704,59.9
2026-07-31T00:24:24.503360,0D0E15,AMX619,32.933707,-116.897614,,,109,,7354,-49.5,1482,0.8
2026-07-31T00:24:24.503360,A6E8AE,,33.138474,-117.585626,,,109,,7230,-31.5,36,6.9
2026-07-31T00:24:29.555927,0D08EB,VOI1773,32.447934,-116.835003,,,132,,3256,-33.4,2704,65.0
2026-07-31T00:24:29.555927,0D0E15,AMX619,32.929367,-116.88327,,,109,,7354,-49.5,1521,0.0
2026-07-31T00:24:29.555927,A6E8AE,,33.138474,-117.585626,,,109,,7230,-49.5,42,12.0
2026-07-31T00:24:34.635800,0D08EB,VOI1773,32.447934,-116.835003,,,132,,3256,-33.4,2704,70.1
2026-07-31T00:24:34.635800,0D0E15,AMX619,32.926392,-116.873328,,,109,,7354,-27.1,1556,0.9
2026-07-31T00:24:34.635800,A6E8AE,,33.130204,-117.557859,,,109,,7230,-30.8,48,3.8
2026-07-31T00:24:39.714325,0D08EB,VOI1773,32.447934,-116.835003,,,132,,3256,-33.4,2704,75.2
2026-07-31T00:24:39.714325,0D0E15,AMX619,32.922627,-116.860956,,,109,,7354,-49.5,1585,1.0
2026-07-31T00:24:39.714325,A6E8AE,,33.130204,-117.557859,,,109,,7230,-30.8,48,8.9
2026-07-31T00:24:44.777456,0D08EB,VOI1773,32.447934,-116.835003,,,132,,3256,-33.4,2704,80.2
2026-07-31T00:24:44.777456,0D0E15,AMX619,32.921324,-116.856584,,,109,,7354,-29.3,1604,4.2
2026-07-31T00:24:44.777456,A6E8AE,,33.130204,-117.557859,,,109,,7230,-30.8,48,13.9
2026-07-31T00:24:49.842380,0D08EB,VOI1773,32.447934,-116.835003,,,132,,3256,-33.4,2704,85.3
2026-07-31T00:24:49.842380,0D0E15,AMX619,32.921324,-116.856584,,,109,,7354,-49.5,1605,9.2
2026-07-31T00:24:49.842380,A6E8AE,,33.130204,-117.557859,,,109,,7230,-32.7,51,19.0
2026-07-31T00:24:54.898585,0D08EB,VOI1773,32.447934,-116.835003,,,132,,3256,-33.4,2704,90.3
2026-07-31T00:24:54.898585,0D0E15,AMX619,32.921324,-116.856584,,,109,,7354,-49.5,1605,14.3
2026-07-31T00:24:54.898585,A6E8AE,,33.130204,-117.557859,,,109,,7230,-49.5,54,24.0
2026-07-31T00:24:59.947227,0D08EB,VOI1773,32.447934,-116.835003,,,132,,3256,-33.4,2704,95.4
2026-07-31T00:24:59.947227,0D0E15,AMX619,32.907637,-116.810789,,,109,,7354,-49.5,1621,0.6
2026-07-31T00:24:59.947227,A6E8AE,,33.11261,-117.498669,,,109,,7230,-29.6,60,1.1
2026-07-31T00:25:05.004059,0D08EB,VOI1773,32.447934,-116.835003,,,132,,3256,-33.4,2704,100.4
2026-07-31T00:25:05.004059,0D0E15,AMX619,32.904053,-116.798849,,,109,,7354,-29.0,1651,0.7
2026-07-31T00:25:05.004059,A6E8AE,,33.11,-117.489867,,,109,,7230,-49.5,73,2.0
2026-07-31T00:25:10.056096,0D08EB,VOI1773,32.447934,-116.835003,,,132,,3256,-33.4,2704,105.5
2026-07-31T00:25:10.056096,0D0E15,AMX619,32.900391,-116.786646,,,109,,7354,-49.5,1685,0.7
2026-07-31T00:25:10.056096,A6E8AE,,33.107533,-117.481627,,,109,,7230,-49.5,81,3.2
2026-07-31T00:25:15.124850,0D0E15,AMX619,32.896591,-116.773956,,,109,,7354,-49.5,1717,0.6
2026-07-31T00:25:15.124850,A6E8AE,,33.103901,-117.469352,,,109,,7230,-49.5,82,2.4
2026-07-31T00:25:20.171772,0D0E15,AMX619,32.894485,-116.76687,,,109,,7354,-30.9,1732,2.7
2026-07-31T00:25:20.171772,A6E8AE,,33.099609,-117.454834,,,109,,7230,-30.6,88,0.6
2026-07-31T00:25:25.207159,0D0E15,AMX619,32.894485,-116.76687,,,109,,7354,-30.9,1732,7.8
2026-07-31T00:25:25.207159,A6E8AE,VOS4309,33.0965,-117.444352,,,109,,7230,-49.5,106,0.7
2026-07-31T00:25:30.268222,0D0E15,AMX619,32.894485,-116.76687,,,109,,7354,-30.9,1732,12.8
2026-07-31T00:25:30.268222,A6E8AE,VOS4309,33.093288,-117.43359,,,109,,7230,-49.5,134,0.7
2026-07-31T00:25:35.344473,0D0E15,AMX619,32.894485,-116.76687,,,109,,7354,-30.9,1732,17.9
2026-07-31T00:25:35.344473,A6E8AE,VOS4309,33.090215,-117.423164,,,109,,7230,-49.5,169,0.8
2026-07-31T00:25:40.412204,0D0E15,AMX619,32.894485,-116.76687,,,109,,7354,-30.9,1732,22.9
2026-07-31T00:25:40.412204,A6E8AE,VOS4309,33.089051,-117.419128,,,109,,7230,-32.1,187,4.0
2026-07-31T00:25:45.443582,0D0E15,AMX619,32.894485,-116.76687,,,109,,7354,-30.9,1732,28.0
2026-07-31T00:25:45.443582,A6E8AE,VOS4309,33.089051,-117.419128,,,109,,7230,-32.1,187,9.0
2026-07-31T00:25:50.492512,0D0E15,AMX619,32.894485,-116.76687,,,109,,7354,-30.9,1732,33.0
2026-07-31T00:25:50.492512,A6E8AE,VOS4309,33.089051,-117.419128,,,109,,7230,-32.1,187,14.1
2026-07-31T00:25:55.535954,0D0E15,AMX619,32.894485,-116.76687,,,109,,7354,-30.9,1732,38.1
2026-07-31T00:25:55.535954,A6E8AE,VOS4309,33.077646,-117.380788,,,109,,7230,-49.5,202,1.1
2026-07-31T00:26:00.596306,0D0E15,AMX619,32.894485,-116.76687,,,109,,7354,-30.9,1732,43.2
2026-07-31T00:26:00.596306,A6E8AE,VOS4309,33.074387,-117.369745,,,109,,7230,-28.4,231,1.1
2026-07-31T00:26:05.674956,0D0E15,AMX619,32.894485,-116.76687,,,109,,7354,-30.9,1732,48.2
2026-07-31T00:26:05.674956,A6E8AE,VOS4309,33.070541,-117.356891,,,109,,7230,-49.5,246,0.1
2026-07-31T00:26:10.728948,0D0E15,AMX619,32.894485,-116.76687,,,109,,7354,-30.9,1732,53.3
2026-07-31T00:26:10.728948,A6E8AE,VOS4309,33.068069,-117.348486,,,109,,7230,-49.5,262,1.2
2026-07-31T00:26:15.778836,0D0E15,AMX619,32.894485,-116.76687,,,109,,7354,-30.9,1732,58.3
2026-07-31T00:26:15.778836,A6E8AE,VOS4309,33.064224,-117.335632,,,109,,7230,-30.2,284,0.3
2026-07-31T00:26:20.839821,A6E8AE,VOS4309,33.06112,-117.325184,,,109,,7230,-49.5,290,0.5
2026-07-31T00:26:25.912814,A6E8AE,VOS4309,33.057861,-117.314254,,,109,,7230,-49.5,305,0.5
2026-07-31T00:26:30.962562,A6E8AE,VOS4309,33.055801,-117.307452,,,109,,7230,-49.5,326,2.4
2026-07-31T00:26:36.017842,A6E8AE,VOS4309,33.051315,-117.292291,,,109,,7230,-24.2,340,0.4
2026-07-31T00:26:41.095013,A6E8AE,VOS4309,33.047928,-117.280975,,,109,,7230,-22.3,364,0.3
2026-07-31T00:26:46.147586,A6E8AE,VOS4309,33.044769,-117.270319,,,109,,7230,-29.9,387,0.5
2026-07-31T00:26:51.225720,A6E8AE,VOS4309,33.041521,-117.25949,,,109,,7230,-49.5,417,0.6
2026-07-31T00:26:56.281228,A6E8AE,VOS4309,33.038269,-117.248456,,,109,,7230,-49.5,454,0.6
2026-07-31T00:27:01.327978,A6E8AE,VOS4309,33.036913,-117.24402,,,109,,7230,-49.5,461,3.6
2026-07-31T00:27:06.407988,A6E8AE,VOS4309,33.03186,-117.226868,,,109,,7230,-49.5,489,0.8
2026-07-31T00:27:11.488664,A6E8AE,VOS4309,33.028381,-117.215222,,,109,,7230,-20.4,520,0.6
2026-07-31T00:27:16.541228,A6E8AE,VOS4309,33.025275,-117.204615,,,109,,7230,-49.5,538,0.8
2026-07-31T00:27:21.618505,A6E8AE,VOS4309,33.021457,-117.191835,,,109,,7230,-23.3,571,0.1
2026-07-31T00:27:26.669164,A6E8AE,VOS4309,33.018338,-117.181297,,,109,,7230,-30.2,595,0.3
2026-07-31T00:27:31.720038,A6E8AE,VOS4309,33.015106,-117.170398,,,109,,7230,-49.5,626,0.4
2026-07-31T00:27:36.751641,A6E8AE,VOS4309,33.011673,-117.158972,,,109,,7230,-24.6,655,0.2
2026-07-31T00:27:41.827729,A6E8AE,VOS4309,33.008516,-117.148506,,,109,,7230,-22.9,676,0.6
2026-07-31T00:27:46.930891,A6E8AE,VOS4309,33.005127,-117.137164,,,109,,7230,-49.5,706,0.5
2026-07-31T00:27:51.984606,A6E8AE,VOS4309,33.002014,-117.126837,,,109,,7230,-19.1,739,0.9
2026-07-31T00:27:57.061253,A6E8AE,VOS4309,32.998647,-117.115491,,,109,,7230,-49.5,778,0.8
2026-07-31T00:28:02.140508,A6E8AE,VOS4309,32.995239,-117.104205,,,109,,7230,-21.2,815,0.8
2026-07-31T00:28:07.192227,A6E8AE,VOS4309,32.991989,-117.093384,,,109,,7230,-49.5,849,0.8
2026-07-31T00:28:12.248332,A6E8AE,VOS4309,32.988592,-117.082028,,,109,,7230,-18.7,876,0.8
2026-07-31T00:28:17.296922,A6E8AE,VOS4309,32.985379,-117.071209,,,109,,7230,-19.9,912,0.9
2026-07-31T00:28:22.346816,A6E8AE,VOS4309,32.981369,-117.057788,,,109,,7230,-49.5,954,0.0
2026-07-31T00:28:27.430352,A6E8AE,VOS4309,32.978119,-117.046912,,,109,,7230,-18.8,983,0.1
2026-07-31T00:28:32.479150,A6E8AE,VOS4309,32.974766,-117.035672,,,109,,7230,-49.5,1013,0.2
2026-07-31T00:28:37.554368,A6E8AE,VOS4309,32.971298,-117.024225,,,109,,7230,-13.5,1052,0.0
2026-07-31T00:28:42.607465,A6E8AE,VOS4309,32.967957,-117.013074,,,109,,7230,-49.5,1086,0.0
2026-07-31T00:28:47.663067,A6E8AE,VOS4309,32.964523,-117.001703,,,109,,7230,-15.6,1123,0.1
2026-07-31T00:28:52.717077,A6E8AE,VOS4309,32.961172,-116.990493,,,109,,7230,-13.1,1152,0.1
2026-07-31T00:28:57.763859,A6E8AE,VOS4309,32.957977,-116.97984,,,109,,7230,-15.1,1184,0.4
2026-07-31T00:29:02.843397,A6E8AE,VOS4309,32.954544,-116.968469,,,109,,7230,-49.5,1214,0.3
2026-07-31T00:29:07.899224,A6E8AE,VOS4309,32.951202,-116.957208,,,109,,7230,-49.5,1246,0.4
2026-07-31T00:29:12.980754,A6E8AE,VOS4309,32.947815,-116.945947,,,109,,7230,-49.5,1286,0.5
2026-07-31T00:29:18.055542,A6E8AE,VOS4309,32.94429,-116.934192,,,109,,7230,-13.9,1316,0.4
2026-07-31T00:29:23.110922,A6E8AE,VOS4309,32.940948,-116.923151,,,109,,7230,-49.5,1349,0.5
2026-07-31T00:29:28.171509,A6E8AE,VOS4309,32.93771,-116.912412,,,109,,7230,-49.5,1382,0.8
2026-07-31T00:29:33.248405,A6E8AE,VOS4309,32.933707,-116.899015,,,109,,7230,-26.2,1416,0.0
2026-07-31T00:29:38.340852,A6E8AE,VOS4309,32.930237,-116.887555,,,109,,7230,-49.5,1446,0.0
2026-07-31T00:29:43.406754,A6E8AE,VOS4309,32.926804,-116.876184,,,109,,7230,-29.0,1476,0.1
2026-07-31T00:29:48.481020,A6E8AE,VOS4309,32.924057,-116.86712,,,109,,7230,-49.5,1501,1.2
2026-07-31T00:29:48.481020,A16FF1,,33.516447,-117.357302,,,96,,,-32.6,3,3.2
2026-07-31T00:29:53.524218,A6E8AE,VOS4309,32.921448,-116.858441,,,109,,7230,-49.5,1509,2.4
2026-07-31T00:29:53.524218,A16FF1,,33.516447,-117.357302,,,96,,,-32.6,3,8.3
2026-07-31T00:29:58.578717,A6E8AE,VOS4309,32.921448,-116.858441,,,109,,7230,-30.7,1516,7.5
2026-07-31T00:29:58.578717,A16FF1,,33.516447,-117.357302,,,96,,,-32.6,3,13.3
2026-07-31T00:30:03.656817,A6E8AE,VOS4309,32.921448,-116.858441,,,109,,7230,-30.7,1516,12.5
2026-07-31T00:30:03.656817,A16FF1,,33.516447,-117.357302,,,96,,,-32.6,3,18.4
2026-07-31T00:30:08.704781,A6E8AE,VOS4309,32.909732,-116.819533,,,109,,7230,-27.9,1527,0.5
2026-07-31T00:30:08.704781,A16FF1,,33.510681,-117.297015,,,96,,,-49.5,5,0.3
2026-07-31T00:30:13.755865,A6E8AE,VOS4309,32.906387,-116.808398,,,109,,7230,-24.5,1555,0.8
2026-07-31T00:30:13.755865,A16FF1,,33.510681,-117.297015,,,96,,,-49.5,5,5.3
2026-07-31T00:30:18.808416,A6E8AE,VOS4309,32.902725,-116.796259,,,109,,7230,-49.5,1581,0.5
2026-07-31T00:30:18.808416,A16FF1,,33.510681,-117.297015,,,96,,,-49.5,5,10.4
2026-07-31T00:30:23.870895,A6E8AE,VOS4309,32.899444,-116.785397,,,109,,7230,-49.5,1606,0.9
2026-07-31T00:30:23.870895,A16FF1,,33.510681,-117.297015,,,96,,,-49.5,5,15.4
2026-07-31T00:30:28.915710,A6E8AE,VOS4309,32.896042,-116.774066,,,109,,7230,-27.8,1627,0.9
2026-07-31T00:30:28.915710,A16FF1,,33.510681,-117.297015,,,96,,,-49.5,5,20.5
2026-07-31T00:30:33.966095,A6E8AE,VOS4309,32.89238,-116.761926,,,109,,7230,-49.5,1645,0.7
2026-07-31T00:30:33.966095,A16FF1,,33.510681,-117.297015,,,96,,,-49.5,5,25.5
2026-07-31T00:30:39.017407,A6E8AE,VOS4309,32.89238,-116.761926,,,109,,7230,-30.9,1648,5.8
2026-07-31T00:30:39.017407,A16FF1,,33.505234,-117.217145,,,93,,,-49.5,9,0.0
2026-07-31T00:30:44.094625,A6E8AE,VOS4309,32.89238,-116.761926,,,109,,7230,-30.9,1648,10.8
2026-07-31T00:30:44.094625,A16FF1,,33.504809,-117.20624,,,92,,2057,-28.9,28,1.0
2026-07-31T00:30:49.174883,A6E8AE,VOS4309,32.883453,-116.732208,,,109,,7230,-30.8,1652,2.9
2026-07-31T00:30:49.174883,A16FF1,,33.504483,-117.195983,,,91,,2057,-31.8,39,2.1
2026-07-31T00:30:54.255243,A6E8AE,VOS4309,32.883453,-116.732208,,,109,,7230,-33.0,1655,7.9
2026-07-31T00:30:54.255243,A16FF1,,33.504483,-117.195983,,,91,,2057,-49.5,41,7.2
2026-07-31T00:30:59.308448,A6E8AE,VOS4309,32.883453,-116.732208,,,109,,7230,-33.0,1655,13.0
2026-07-31T00:30:59.308448,A16FF1,,33.503906,-117.169794,,,91,,2057,-49.5,50,2.3
2026-07-31T00:31:04.354835,A6E8AE,VOS4309,32.883453,-116.732208,,,109,,7230,-33.0,1655,18.0
2026-07-31T00:31:04.354835,A16FF1,,33.503906,-117.169794,,,91,,2057,-49.5,53,7.3
2026-07-31T00:31:09.413733,A6E8AE,VOS4309,32.883453,-116.732208,,,109,,7230,-31.5,1656,23.1
2026-07-31T00:31:09.413733,A16FF1,,33.503906,-117.169794,,,91,,2057,-49.5,53,12.4
2026-07-31T00:31:14.460580,A6E8AE,VOS4309,32.863953,-116.668048,,,109,,7230,-49.5,1673,0.2
2026-07-31T00:31:14.460580,A16FF1,,33.503906,-117.169794,,,91,,2057,-49.5,53,17.4
2026-07-31T00:31:19.523962,A6E8AE,VOS4309,32.861252,-116.659094,,,109,,7230,-49.5,1686,1.4
2026-07-31T00:31:19.523962,A16FF1,,33.503906,-117.169794,,,91,,2057,-49.5,53,22.5
2026-07-31T00:31:24.588431,A6E8AE,VOS4309,32.856942,-116.64476,,,109,,7230,-49.5,1706,0.1
2026-07-31T00:31:24.588431,A16FF1,,33.503906,-117.169794,,,91,,2057,-49.5,53,27.6
2026-07-31T00:31:29.641069,A6E8AE,VOS4309,32.85345,-116.63327,,,109,,7230,-32.5,1719,0.2
2026-07-31T00:31:29.641069,A16FF1,,33.503906,-117.169794,,,91,,2057,-49.5,53,32.6
2026-07-31T00:31:34.719858,A6E8AE,VOS4309,32.852097,-116.628772,,,109,,7230,-31.2,1728,3.3
2026-07-31T00:31:34.719858,A16FF1,,33.503906,-117.169794,,,91,,2057,-49.5,53,37.7
2026-07-31T00:31:39.772064,A6E8AE,VOS4309,32.852097,-116.628772,,,109,,7230,-31.2,1728,8.4
2026-07-31T00:31:39.772064,A16FF1,,33.503906,-117.169794,,,91,,2057,-49.5,53,42.7
2026-07-31T00:31:44.823169,A6E8AE,VOS4309,32.852097,-116.628772,,,109,,7230,-49.5,1729,13.4
2026-07-31T00:31:44.823169,A16FF1,,33.503906,-117.169794,,,91,,2057,-49.5,53,47.8
2026-07-31T00:31:49.875007,A6E8AE,VOS4309,32.852097,-116.628772,,,109,,7230,-49.5,1729,18.5
2026-07-31T00:31:49.875007,A16FF1,,33.503906,-117.169794,,,91,,2057,-49.5,53,52.9
2026-07-31T00:31:54.960298,A6E8AE,VOS4309,32.852097,-116.628772,,,109,,7230,-49.5,1729,23.6
2026-07-31T00:31:54.960298,A16FF1,,33.503906,-117.169794,,,91,,2057,-49.5,53,57.9
2026-07-31T00:32:00.007939,A6E8AE,VOS4309,32.852097,-116.628772,,,109,,7230,-49.5,1729,28.6
2026-07-31T00:32:00.007939,A16FF1,,33.503906,-117.169794,,,91,,2057,-49.5,53,63.0
2026-07-31T00:32:05.084251,A6E8AE,VOS4309,32.852097,-116.628772,,,109,,7230,-49.5,1729,33.7
2026-07-31T00:32:10.143607,A6E8AE,VOS4309,32.852097,-116.628772,,,109,,7230,-49.5,1729,38.8
2026-07-31T00:32:15.219894,A6E8AE,VOS4309,32.852097,-116.628772,,,109,,7230,-49.5,1729,43.8
2026-07-31T00:32:20.301063,A6E8AE,VOS4309,32.852097,-116.628772,,,109,,7230,-49.5,1729,48.9
2026-07-31T00:32:25.379912,A6E8AE,VOS4309,32.852097,-116.628772,,,109,,7230,-49.5,1729,54.0
2026-07-31T00:32:30.428973,A6E8AE,VOS4309,32.852097,-116.628772,,,109,,7230,-49.5,1729,59.1
2026-07-31T00:32:35.504681,A6E8AE,VOS4309,32.852097,-116.628772,,,109,,7230,-49.5,1729,64.1
2026-07-31T00:32:40.554273,A6E8AE,VOS4309,32.852097,-116.628772,,,109,,7230,-49.5,1729,69.1
2026-07-31T00:33:26.114136,A16FF1,,33.500247,-116.780632,,,,,,-49.5,6,0.8
2026-07-31T00:33:31.189473,A16FF1,,33.500247,-116.780632,,,,,,-49.5,10,5.9
2026-07-31T00:33:36.263435,A16FF1,,33.500247,-116.780632,,,,,,-49.5,10,11.0
2026-07-31T00:33:41.313141,A16FF1,,33.500247,-116.780632,,,,,,-49.5,10,16.0
2026-07-31T00:33:46.373603,A16FF1,,33.500247,-116.780632,,,,,,-49.5,10,21.1
2026-07-31T00:33:51.420345,A16FF1,,33.500247,-116.780632,,,,,,-49.5,10,26.1
2026-07-31T00:33:56.499612,A16FF1,,33.500247,-116.780632,,,,,,-49.5,10,31.2
2026-07-31T00:34:01.550561,A16FF1,,33.500247,-116.780632,,,,,,-49.5,10,36.2
2026-07-31T00:34:06.592293,A16FF1,,33.500247,-116.780632,,,90,,,-49.5,14,41.2
2026-07-31T00:34:11.627555,A16FF1,,33.500247,-116.780632,,,90,,,-49.5,14,46.3
2026-07-31T00:34:16.680053,A16FF1,,33.500247,-116.780632,,,90,,,-49.5,14,51.4
2026-07-31T00:34:21.727607,A16FF1,,33.500247,-116.780632,,,90,,,-49.5,14,56.4
2026-07-31T00:34:26.808470,A16FF1,,33.500247,-116.780632,,,90,,,-49.5,14,61.5
2026-07-31T00:34:31.889631,A16FF1,,33.500247,-116.780632,,,90,,,-49.5,14,66.6
2026-07-31T00:34:36.963187,A16FF1,,33.500247,-116.780632,,,90,,,-49.5,14,71.6
2026-07-31T00:34:42.015227,A16FF1,,33.500247,-116.780632,,,90,,,-49.5,14,76.7
2026-07-31T00:34:47.071337,A16FF1,,33.500247,-116.780632,,,90,,,-49.5,14,81.7
2026-07-31T00:34:52.117747,A16FF1,,33.500247,-116.780632,,,90,,,-49.5,14,86.8
2026-07-31T02:41:38.122457,0C20F5,,32.64798,-117.093494,,,131,,,-49.5,10,0.5
