timestamp,icao,flight,lat,lon,altitude_ft,speed_kts,track_deg,vertical_rate,squawk,rssi,messages,seen_pos
2026-07-29T08:55:03.993526,AB761C,,32.676226,-117.060447,,,,,,-36.6,19,0.1
2026-07-29T08:55:03.993526,A1600B,,32.94017,-117.319043,,,144,,,-49.5,26,0.1
2026-07-29T08:55:03.993526,ADCA9B,,32.674896,-116.838721,,,92,,,-49.5,25,1.8
2026-07-29T08:55:03.993526,ADBB92,,33.228429,-117.338637,,,90,,,-49.5,14,1.7
2026-07-29T08:55:09.074859,AB761C,ASA1639,32.676086,-117.051746,,,91,,2056,-29.9,84,0.2
2026-07-29T08:55:09.074859,A1600B,SKW3235,32.934498,-117.314254,,,144,,6077,-33.7,68,0.2
2026-07-29T08:55:09.074859,ADCA9B,,32.67469,-116.834667,,,92,,,-34.7,28,4.8
2026-07-29T08:55:09.074859,ADBB92,,33.228429,-117.338637,,,90,,,-49.5,14,6.8
2026-07-29T08:55:09.074859,AE06E1,VM553,32.916367,-117.268781,,,300,,,-49.5,41,0.2
2026-07-29T08:55:14.114431,AB761C,ASA1639,32.675949,-117.042737,,,91,,2056,-26.7,168,0.1
2026-07-29T08:55:14.114431,A1600B,SKW3235,32.929982,-117.310442,,,144,,6077,-33.8,99,1.3
2026-07-29T08:55:14.114431,ADCA9B,,32.67469,-116.834667,,,92,,,-49.5,30,9.8
2026-07-29T08:55:14.114431,ADBB92,,33.228429,-117.338637,,,90,,,-49.5,14,11.9
2026-07-29T08:55:14.114431,A9A266,,33.076401,-117.638086,,,302,,4715,-49.5,10,3.9
2026-07-29T08:55:14.114431,AE06E1,VM553,32.918472,-117.272845,,,301,,4776,-32.8,75,0.2
2026-07-29T08:55:19.166941,AB761C,ASA1639,32.675854,-117.035896,,,91,,2056,-49.5,242,1.4
2026-07-29T08:55:19.166941,A1600B,SKW3235,32.923004,-117.304596,,,144,,6077,-49.5,154,0.1
2026-07-29T08:55:19.166941,ADCA9B,,32.67469,-116.834667,,,92,,,-49.5,30,14.9
2026-07-29T08:55:19.166941,ADBB92,,33.228243,-117.319523,,,90,,,-36.0,19,1.4
2026-07-29T08:55:19.166941,A9A266,,33.076401,-117.638086,,,302,,4715,-35.8,12,8.9
2026-07-29T08:55:19.166941,AE06E1,VM553,32.919182,-117.274232,,,301,,4776,-35.2,99,3.6
2026-07-29T08:55:24.217838,AB761C,ASA1639,32.675667,-117.02491,,,91,,2056,-49.5,262,0.2
2026-07-29T08:55:24.217838,A1600B,SKW3235,32.91806,-117.300476,,,144,,6077,-29.7,211,0.8
2026-07-29T08:55:24.217838,ADCA9B,,32.67469,-116.834667,,,92,,,-49.5,30,19.9
2026-07-29T08:55:24.217838,ADBB92,,33.228243,-117.314422,,,90,,1772,-49.5,29,2.2
2026-07-29T08:55:24.217838,A9A266,,33.076401,-117.638086,,,302,,4715,-49.5,13,14.0
2026-07-29T08:55:24.217838,AE06E1,VM553,32.922775,-117.28114,,,302,,4776,-49.5,138,0.0
2026-07-29T08:55:24.217838,A94B08,,33.501923,-116.828445,,,,,,-49.5,2,2.0
2026-07-29T08:55:29.282441,AB761C,ASA1639,32.675583,-117.019281,,,91,,2056,-37.3,295,2.1
2026-07-29T08:55:29.282441,A1600B,SKW3235,32.911501,-117.295028,,,144,,6077,-32.5,247,0.0
2026-07-29T08:55:29.282441,ADCA9B,,32.67469,-116.834667,,,92,,,-36.7,31,25.0
2026-07-29T08:55:29.282441,ADBB92,,33.228243,-117.314422,,,90,,1772,-49.5,29,7.3
2026-07-29T08:55:29.282441,A9A266,,33.076401,-117.638086,,,302,,4715,-49.5,13,19.1
2026-07-29T08:55:29.282441,AE06E1,VM553,32.924881,-117.28515,,,301,,4776,-49.5,230,0.2
2026-07-29T08:55:29.282441,A94B08,,33.501923,-116.828445,,,86,,,-49.5,5,7.0
2026-07-29T08:55:29.282441,AC1A72,,32.822354,-117.353491,,,307,,,-35.1,8,0.3
2026-07-29T08:55:34.354210,AB761C,ASA1639,32.675435,-117.010112,,,91,,2056,-35.0,312,2.0
2026-07-29T08:55:34.354210,A1600B,SKW3235,32.906101,-117.290487,,,144,,6077,-25.5,336,0.4
2026-07-29T08:55:34.354210,ADCA9B,,32.67469,-116.834667,,,92,,,-36.7,31,30.1
2026-07-29T08:55:34.354210,ADBB92,,33.228243,-117.314422,,,90,,1772,-49.5,29,12.3
2026-07-29T08:55:34.354210,A9A266,,33.076401,-117.638086,,,302,,4715,-49.5,13,24.1
2026-07-29T08:55:34.354210,AE06E1,VM553,32.926987,-117.28916,,,301,,4776,-49.5,297,0.3
2026-07-29T08:55:34.354210,A94B08,,33.503311,-116.80318,,,86,,,-35.7,8,2.8
2026-07-29T08:55:34.354210,AC1A72,,32.822354,-117.353491,,,307,,,-49.5,10,5.3
2026-07-29T08:55:39.400502,AB761C,ASA1639,32.675295,-116.998677,,,91,,2056,-32.9,336,0.8
2026-07-29T08:55:39.400502,A1600B,SKW3235,32.900482,-117.285809,,,144,,6077,-49.5,417,0.5
2026-07-29T08:55:39.400502,ADCA9B,,32.67469,-116.834667,,,92,,,-36.7,31,35.2
2026-07-29T08:55:39.400502,ADBB92,,33.228243,-117.314422,,,90,,1772,-49.5,29,17.4
2026-07-29T08:55:39.400502,A9A266,,33.076401,-117.638086,,,302,,4715,-49.5,13,29.2
2026-07-29T08:55:39.400502,AE06E1,VM553,32.929001,-117.29306,,,301,,4776,-49.5,370,0.5
2026-07-29T08:55:39.400502,A94B08,,33.503311,-116.80318,,,86,,,-35.7,8,7.9
2026-07-29T08:55:39.400502,AC1A72,,32.822354,-117.353491,,,307,,,-49.5,10,10.4
2026-07-29T08:55:44.481248,AB761C,ASA1639,32.675295,-116.998677,,,91,,2056,-32.9,336,5.8
2026-07-29T08:55:44.481248,A1600B,SKW3235,32.895627,-117.281799,,,144,,6077,-49.5,481,1.2
2026-07-29T08:55:44.481248,ADCA9B,,32.671292,-116.757651,,,93,,,-33.8,36,0.1
2026-07-29T08:55:44.481248,ADBB92,,33.228243,-117.314422,,,90,,1772,-49.5,29,22.5
2026-07-29T08:55:44.481248,A9A266,,33.076401,-117.638086,,,302,,4715,-49.5,13,34.3
2026-07-29T08:55:44.481248,AE06E1,VM553,32.930867,-117.296653,,,301,,4776,-49.5,429,1.2
2026-07-29T08:55:44.481248,A94B08,,33.503311,-116.80318,,,86,,,-35.7,8,13.0
2026-07-29T08:55:44.481248,AC1A72,,32.822354,-117.353491,,,307,,,-49.5,10,15.5
2026-07-29T08:55:49.558120,AB761C,ASA1639,32.674988,-116.980115,,,91,,2056,-32.4,351,0.5
2026-07-29T08:55:49.558120,A1600B,SKW3235,32.888718,-117.276086,,,145,,6077,-49.5,518,0.1
2026-07-29T08:55:49.558120,ADCA9B,,32.670959,-116.750336,,,93,,,-36.1,63,1.4
2026-07-29T08:55:49.558120,ADBB92,,33.228243,-117.314422,,,90,,1772,-49.5,29,27.6
2026-07-29T08:55:49.558120,A9A266,,33.076401,-117.638086,,,302,,4715,-49.5,13,39.4
2026-07-29T08:55:49.558120,AE06E1,VM553,32.930867,-117.296653,,,301,,4776,-36.4,435,6.3
2026-07-29T08:55:49.558120,A94B08,,33.503311,-116.80318,,,86,,,-35.7,8,18.1
2026-07-29T08:55:49.558120,AC1A72,,32.822354,-117.353491,,,307,,,-49.5,10,20.6
2026-07-29T08:55:54.637575,AB761C,ASA1639,32.67483,-116.970258,,,91,,2056,-49.5,409,0.1
2026-07-29T08:55:54.637575,A1600B,SKW3235,32.883104,-117.27143,,,145,,6077,-32.7,584,0.2
2026-07-29T08:55:54.637575,ADCA9B,,32.670593,-116.74248,,,93,,,-49.5,77,2.6
2026-07-29T08:55:54.637575,ADBB92,,33.228243,-117.314422,,,90,,1772,-49.5,29,32.6
2026-07-29T08:55:54.637575,A9A266,,33.076401,-117.638086,,,302,,4715,-49.5,13,44.4
2026-07-29T08:55:54.637575,AE06E1,VM553,32.930867,-117.296653,,,301,,4776,-36.4,435,11.3
2026-07-29T08:55:54.637575,A94B08,,33.503311,-116.80318,,,86,,,-35.7,8,23.1
2026-07-29T08:55:54.637575,AC1A72,,32.822354,-117.353491,,,307,,,-49.5,10,25.6
2026-07-29T08:55:59.693760,AB761C,ASA1639,32.67469,-116.96101,,,91,,2056,-28.0,488,0.0
2026-07-29T08:55:59.693760,A1600B,SKW3235,32.877502,-117.266748,,,144,,6077,-49.5,641,0.2
2026-07-29T08:55:59.693760,ADCA9B,,32.670221,-116.729512,,,93,,,-49.5,81,1.1
2026-07-29T08:55:59.693760,ADBB92,,33.228243,-117.314422,,,90,,1772,-49.5,29,37.7
2026-07-29T08:55:59.693760,A9A266,,33.076401,-117.638086,,,302,,4715,-49.5,13,49.5
2026-07-29T08:55:59.693760,AE06E1,VM553,32.930867,-117.296653,,,301,,4776,-36.4,435,16.4
2026-07-29T08:55:59.693760,A94B08,,33.503311,-116.80318,,,86,,,-35.7,8,28.2
2026-07-29T08:55:59.693760,AC1A72,SWA1865,32.846054,-117.390125,,,307,,,-49.5,25,0.3
2026-07-29T08:56:04.740455,AB761C,ASA1639,32.67455,-116.952266,,,91,,2056,-49.5,570,0.3
2026-07-29T08:56:04.740455,A1600B,SKW3235,32.876401,-117.265768,,,138,,6077,-32.4,660,4.3
2026-07-29T08:56:04.740455,ADCA9B,KOW988,32.670128,-116.722337,,,90,,,-36.6,95,2.4
2026-07-29T08:56:04.740455,ADBB92,,33.228243,-117.314422,,,90,,1772,-49.5,30,42.7
2026-07-29T08:56:04.740455,A9A266,,33.076401,-117.638086,,,302,,4715,-49.5,13,54.5
2026-07-29T08:56:04.740455,AE06E1,VM553,32.930867,-117.296653,,,301,,4776,-36.4,435,21.4
2026-07-29T08:56:04.740455,A94B08,,33.503311,-116.80318,,,86,,,-35.7,8,33.2
2026-07-29T08:56:04.740455,AC1A72,SWA1865,32.846054,-117.390125,,,307,,,-49.5,25,5.4
2026-07-29T08:56:09.795193,AB761C,ASA1639,32.674393,-116.942706,,,91,,2056,-49.5,645,0.1
2026-07-29T08:56:09.795193,A1600B,SKW3235,32.867386,-117.255597,,,128,,6077,-34.1,684,0.2
2026-07-29T08:56:09.795193,ADCA9B,KOW988,32.670128,-116.722337,,,90,,,-49.5,97,7.4
2026-07-29T08:56:09.795193,ADBB92,,33.228243,-117.314422,,,90,,1772,-49.5,30,47.7
2026-07-29T08:56:09.795193,A9A266,,33.076401,-117.638086,,,302,,4715,-49.5,13,59.5
2026-07-29T08:56:09.795193,AE06E1,VM553,32.941727,-117.318054,,,300,,4776,-49.5,485,0.2
2026-07-29T08:56:09.795193,A94B08,,33.503311,-116.80318,,,86,,,-35.7,8,38.2
2026-07-29T08:56:09.795193,AC1A72,SWA1865,32.853916,-117.402313,,,307,,7373,-32.8,56,0.3
2026-07-29T08:56:14.828119,AB761C,ASA1639,32.674364,-116.941167,,,91,,2056,-49.5,665,4.2
2026-07-29T08:56:14.828119,A1600B,SKW3235,32.866857,-117.254838,,,128,,6077,-34.1,688,4.7
2026-07-29T08:56:14.828119,ADCA9B,KOW988,32.669998,-116.699139,,,90,,,-49.5,113,0.8
2026-07-29T08:56:14.828119,ADBB92,,33.228196,-117.258369,,,90,,1772,-36.7,51,1.8
2026-07-29T08:56:14.828119,A9A266,,33.076401,-117.638086,,,302,,4715,-49.5,13,64.6
2026-07-29T08:56:14.828119,AE06E1,VM553,32.943878,-117.322284,,,301,,4776,-30.0,548,0.4
2026-07-29T08:56:14.828119,A94B08,,33.503311,-116.80318,,,86,,,-49.5,10,43.3
2026-07-29T08:56:14.828119,AC1A72,SWA1865,32.853916,-117.402313,,,307,,7373,-35.1,67,5.4
2026-07-29T08:56:19.868760,AB761C,ASA1639,32.674364,-116.941167,,,91,,2056,-49.5,665,9.3
2026-07-29T08:56:19.868760,A1600B,SKW3235,32.860474,-117.241589,,,115,,6077,-49.5,714,0.2
2026-07-29T08:56:19.868760,ADCA9B,KOW988,32.669895,-116.68921,,,90,,2432,-33.8,136,0.8
2026-07-29T08:56:19.868760,ADBB92,,33.228196,-117.258369,,,90,,1772,-35.1,52,6.8
2026-07-29T08:56:19.868760,AE06E1,VM553,32.945984,-117.326459,,,301,,4776,-49.5,605,0.2
2026-07-29T08:56:19.868760,A94B08,,33.510442,-116.671834,,,86,,2425,-34.6,28,0.0
2026-07-29T08:56:19.868760,AC1A72,SWA1865,32.861923,-117.414756,,,307,,7373,-49.5,93,0.2
2026-07-29T08:56:24.923543,AB761C,ASA1639,32.674364,-116.941167,,,91,,2056,-49.5,665,14.3
2026-07-29T08:56:24.923543,A1600B,SKW3235,32.858571,-117.236509,,,115,,6077,-33.4,723,2.1
2026-07-29T08:56:24.923543,ADCA9B,KOW988,32.669755,-116.67884,,,90,,2432,-49.5,161,0.6
2026-07-29T08:56:24.923543,ADBB92,,33.228196,-117.258369,,,90,,1772,-35.1,52,11.9
2026-07-29T08:56:24.923543,AE06E1,VM553,32.948277,-117.330901,,,301,,4776,-32.2,667,0.2
2026-07-29T08:56:24.923543,A94B08,,33.511047,-116.660623,,,86,,2425,-49.5,46,0.9
2026-07-29T08:56:24.923543,AC1A72,SWA1865,32.864204,-117.418232,,,307,,7373,-38.0,123,2.5
2026-07-29T08:56:29.972522,AB761C,ASA1639,32.674364,-116.941167,,,91,,2056,-49.5,666,19.4
2026-07-29T08:56:29.972522,A1600B,SKW3235,32.855072,-117.226318,,,111,,6077,-32.2,776,0.3
2026-07-29T08:56:29.972522,ADCA9B,KOW988,32.669769,-116.676892,,,90,,2432,-34.0,172,4.7
2026-07-29T08:56:29.972522,ADBB92,,33.228196,-117.258369,,,90,,1772,-35.1,52,16.9
2026-07-29T08:56:29.972522,AE06E1,VM553,32.950279,-117.334937,,,301,,4776,-49.5,741,0.3
2026-07-29T08:56:29.972522,A94B08,UAL1416,33.51178,-116.646021,,,86,,2425,-35.1,71,0.7
2026-07-29T08:56:29.972522,AC1A72,SWA1865,32.864204,-117.418232,,,307,,7373,-34.9,128,7.5
2026-07-29T08:56:35.051582,AB761C,ASA1639,32.67366,-116.902167,,,91,,2056,-35.2,676,3.4
2026-07-29T08:56:35.051582,A1600B,SKW3235,32.854065,-117.223352,,,111,,6077,-36.5,803,3.6
2026-07-29T08:56:35.051582,ADCA9B,KOW988,32.669769,-116.676892,,,90,,2432,-34.0,172,9.8
2026-07-29T08:56:35.051582,ADBB92,,33.228196,-117.258369,,,90,,1772,-35.1,52,22.0
2026-07-29T08:56:35.051582,AE06E1,VM553,32.952421,-117.339085,,,301,,4776,-49.5,813,0.4
2026-07-29T08:56:35.051582,A94B08,UAL1416,33.512537,-116.6317,,,86,,2425,-32.3,119,0.5
2026-07-29T08:56:35.051582,AC1A72,SWA1865,32.864204,-117.418232,,,307,,7373,-34.9,128,12.6
2026-07-29T08:56:40.130820,AB761C,ASA1639,32.673386,-116.889206,,,91,,2056,-49.5,698,1.5
2026-07-29T08:56:40.130820,A1600B,SKW3235,32.854065,-117.223352,,,111,,6077,-49.5,813,8.6
2026-07-29T08:56:40.130820,ADCA9B,KOW988,32.669769,-116.676892,,,90,,2432,-37.5,175,14.8
2026-07-29T08:56:40.130820,ADBB92,,33.228196,-117.258369,,,90,,1772,-35.1,52,27.1
2026-07-29T08:56:40.130820,AE06E1,VM553,32.954773,-117.343652,,,301,,4776,-49.5,849,0.0
2026-07-29T08:56:40.130820,A94B08,UAL1416,33.513235,-116.617911,,,86,,2425,-33.3,168,0.6
2026-07-29T08:56:40.130820,AC1A72,SWA1865,32.864204,-117.418232,,,307,,7373,-34.9,128,17.6
2026-07-29T08:56:45.195106,AB761C,ASA1639,32.673386,-116.889206,,,91,,2056,-49.5,702,6.6
2026-07-29T08:56:45.195106,A1600B,SKW3235,32.854065,-117.223352,,,111,,6077,-36.9,815,13.7
2026-07-29T08:56:45.195106,ADCA9B,KOW988,32.669769,-116.676892,,,90,,2432,-37.5,175,19.9
2026-07-29T08:56:45.195106,ADBB92,,33.228196,-117.258369,,,90,,1772,-35.1,52,32.1
2026-07-29T08:56:45.195106,AE06E1,VM553,32.955912,-117.345868,,,301,,4776,-35.9,895,2.4
2026-07-29T08:56:45.195106,A94B08,UAL1416,33.51384,-116.60658,,,86,,2425,-33.7,192,1.7
2026-07-29T08:56:45.195106,AC1A72,SWA1865,32.864204,-117.418232,,,307,,7373,-34.9,128,22.7
2026-07-29T08:56:50.260665,AB761C,ASA1639,32.673386,-116.889206,,,91,,2056,-49.5,702,11.6
2026-07-29T08:56:50.260665,A1600B,SKW3235,32.854065,-117.223352,,,111,,6077,-36.9,815,18.7
2026-07-29T08:56:50.260665,ADCA9B,KOW988,32.669769,-116.676892,,,90,,2432,-37.5,175,24.9
2026-07-29T08:56:50.260665,ADBB92,,33.228196,-117.258369,,,90,,1772,-35.1,52,37.2
2026-07-29T08:56:50.260665,AE06E1,VM553,32.95903,-117.351892,,,301,,4776,-49.5,941,0.1
2026-07-29T08:56:50.260665,A94B08,UAL1416,33.51384,-116.60658,,,86,,2425,-49.5,198,6.7
2026-07-29T08:56:50.260665,AC1A72,SWA1865,32.864204,-117.418232,,,307,,7373,-34.9,128,27.8
2026-07-29T08:56:55.296709,AB761C,ASA1639,32.673386,-116.889206,,,91,,2056,-49.5,706,16.7
2026-07-29T08:56:55.296709,A1600B,SKW3235,32.843491,-117.191547,,,111,,6077,-49.5,821,2.8
2026-07-29T08:56:55.296709,ADCA9B,KOW988,32.669769,-116.676892,,,90,,2432,-37.5,175,30.0
2026-07-29T08:56:55.296709,ADBB92,,33.228196,-117.258369,,,90,,1772,-35.1,52,42.2
2026-07-29T08:56:55.296709,AE06E1,VM553,32.961219,-117.356069,,,301,,4776,-49.5,970,0.1
2026-07-29T08:56:55.296709,A94B08,UAL1416,33.515191,-116.581141,,,86,,2425,-37.1,207,2.6
2026-07-29T08:56:55.296709,AC1A72,SWA1865,32.889542,-117.4578,,,307,,7373,-49.5,138,0.9
2026-07-29T08:56:55.296709,A8D5A0,,33.599258,-117.880947,,,99,,,-34.7,8,1.0
2026-07-29T08:57:00.375658,AB761C,ASA1639,32.672735,-116.852155,,,91,,2056,-35.5,723,2.1
2026-07-29T08:57:00.375658,A1600B,SKW3235,32.840424,-117.182538,,,111,,6077,-35.9,859,2.0
2026-07-29T08:57:00.375658,ADCA9B,KOW988,32.669769,-116.676892,,,90,,2432,-37.5,175,35.1
2026-07-29T08:57:00.375658,ADBB92,,33.228196,-117.258369,,,90,,1772,-35.1,52,47.3
2026-07-29T08:57:00.375658,AE06E1,VM553,32.96336,-117.360217,,,301,,4776,-33.3,1003,0.2
2026-07-29T08:57:00.375658,A94B08,UAL1416,33.515191,-116.581141,,,86,,2425,-49.5,217,7.6
2026-07-29T08:57:00.375658,AC1A72,SWA1865,32.889542,-117.4578,,,307,,7373,-49.5,145,6.0
2026-07-29T08:57:00.375658,A8D5A0,,33.597355,-117.867565,,,99,,,-49.5,17,0.2
2026-07-29T08:57:05.417520,AB761C,ASA1639,32.672562,-116.841083,,,91,,2056,-49.5,762,1.3
2026-07-29T08:57:05.417520,A1600B,SKW3235,32.836945,-117.172321,,,112,,6077,-49.5,885,0.1
2026-07-29T08:57:05.417520,ADCA9B,KOW988,32.669769,-116.676892,,,90,,2432,-37.6,179,40.1
2026-07-29T08:57:05.417520,ADBB92,,33.228196,-117.258369,,,90,,1772,-35.1,52,52.4
2026-07-29T08:57:05.417520,AE06E1,VM553,32.965576,-117.364526,,,301,,4776,-49.5,1073,0.0
2026-07-29T08:57:05.417520,A94B08,UAL1416,33.517006,-116.546276,,,86,,2425,-49.5,238,0.1
2026-07-29T08:57:05.417520,AC1A72,SWA1865,32.896092,-117.468006,,,307,,7373,-36.2,151,2.9
2026-07-29T08:57:05.417520,A8D5A0,,33.596375,-117.860655,,,99,,,-49.5,25,2.3
2026-07-29T08:57:10.494724,AB761C,ASA1639,32.672562,-116.841083,,,91,,2056,-49.5,762,6.3
2026-07-29T08:57:10.494724,A1600B,SKW3235,32.83429,-117.16463,,,112,,6077,-49.5,905,0.0
2026-07-29T08:57:10.494724,ADCA9B,KOW988,32.668452,-116.587811,,,90,,2432,-36.5,183,0.8
2026-07-29T08:57:10.494724,ADBB92,,33.228196,-117.258369,,,90,,1772,-35.1,52,57.4
2026-07-29T08:57:10.494724,AE06E1,VM553,32.96755,-117.368457,,,300,,4776,-29.3,1160,0.4
2026-07-29T08:57:10.494724,A94B08,UAL1416,33.517239,-116.541287,,,86,,2425,-37.2,247,3.3
2026-07-29T08:57:10.494724,AC1A72,SWA1865,32.901446,-117.476358,,,307,,7373,-36.5,167,1.3
2026-07-29T08:57:10.494724,A8D5A0,,33.596375,-117.860655,,,99,,,-49.5,26,7.3
2026-07-29T08:57:15.549151,AB761C,ASA1639,32.672562,-116.841083,,,91,,2056,-49.5,762,11.4
2026-07-29T08:57:15.549151,A1600B,SKW3235,32.832735,-117.159997,,,112,,6077,-49.5,938,2.0
2026-07-29T08:57:15.549151,ADCA9B,KOW988,32.668359,-116.579683,,,91,,2432,-37.0,223,2.1
2026-07-29T08:57:15.549151,ADBB92,,33.228196,-117.258369,,,90,,1772,-35.1,52,62.5
2026-07-29T08:57:15.549151,AE06E1,VM553,32.969833,-117.372986,,,301,,4776,-30.1,1248,0.2
2026-07-29T08:57:15.549151,A94B08,UAL1416,33.517239,-116.541287,,,86,,2425,-37.2,247,8.4
2026-07-29T08:57:15.549151,AC1A72,SWA1865,32.906296,-117.484003,,,307,,7373,-49.5,198,0.4
2026-07-29T08:57:15.549151,A8D5A0,,33.596375,-117.860655,,,99,,,-49.5,26,12.4
2026-07-29T08:57:20.633234,AB761C,ASA1639,32.672562,-116.841083,,,91,,2056,-49.5,762,16.5
2026-07-29T08:57:20.633234,A1600B,SKW3235,32.829254,-117.149744,,,112,,6077,-49.5,989,0.2
2026-07-29T08:57:20.633234,ADCA9B,KOW988,32.668266,-116.574695,,,91,,2432,-49.5,225,4.7
2026-07-29T08:57:20.633234,AE06E1,VM553,32.971344,-117.375842,,,301,,4776,-31.5,1320,1.9
2026-07-29T08:57:20.633234,A94B08,UAL1416,33.517239,-116.541287,,,86,,2425,-37.2,247,13.4
2026-07-29T08:57:20.633234,AC1A72,SWA1865,32.90744,-117.485815,,,307,,7373,-34.8,224,4.0
2026-07-29T08:57:20.633234,A8D5A0,,33.596375,-117.860655,,,99,,,-49.5,26,17.5
2026-07-29T08:57:25.712215,AB761C,ASA1639,32.672562,-116.841083,,,91,,2056,-49.5,762,21.6
2026-07-29T08:57:25.712215,A1600B,SKW3235,32.827102,-117.143461,,,112,,6077,-49.5,1029,1.0
2026-07-29T08:57:25.712215,ADCA9B,KOW988,32.668266,-116.574695,,,91,,2432,-33.4,244,9.8
2026-07-29T08:57:25.712215,AE06E1,VM553,32.972857,-117.378827,,,301,,4776,-36.0,1355,3.5
2026-07-29T08:57:25.712215,A94B08,UAL1416,33.517239,-116.541287,,,86,,2425,-37.2,247,18.5
2026-07-29T08:57:25.712215,AC1A72,SWA1865,32.90744,-117.485815,,,307,,7373,-49.5,229,9.1
2026-07-29T08:57:25.712215,A8D5A0,,33.596375,-117.860655,,,99,,,-49.5,26,22.6
2026-07-29T08:57:30.790361,AB761C,ASA1639,32.672562,-116.841083,,,91,,2056,-49.5,766,26.6
2026-07-29T08:57:30.790361,A1600B,SKW3235,32.824173,-117.134912,,,111,,6077,-30.5,1055,0.3
2026-07-29T08:57:30.790361,ADCA9B,KOW988,32.667755,-116.544836,,,91,,2432,-34.1,276,0.4
2026-07-29T08:57:30.790361,AE06E1,VM553,32.976471,-117.385675,,,301,,4776,-49.5,1385,0.4
2026-07-29T08:57:30.790361,A94B08,UAL1416,33.517239,-116.541287,,,86,,2425,-37.2,247,23.6
2026-07-29T08:57:30.790361,AC1A72,SWA1865,32.90744,-117.485815,,,307,,7373,-49.5,229,14.2
2026-07-29T08:57:30.790361,A1219F,,33.114888,-117.383927,,,312,,4664,-36.9,7,0.4
2026-07-29T08:57:30.790361,A8D5A0,,33.596375,-117.860655,,,99,,,-49.5,26,27.6
2026-07-29T08:57:35.866333,AB761C,ASA1639,32.672562,-116.841083,,,91,,2056,-49.5,766,31.7
2026-07-29T08:57:35.866333,A1600B,SKW3235,32.821702,-117.127654,,,112,,6077,-49.5,1117,0.4
2026-07-29T08:57:35.866333,ADCA9B,KOW988,32.66766,-116.537027,,,91,,2432,-49.5,290,1.5
2026-07-29T08:57:35.866333,AE06E1,VM553,32.978723,-117.390037,,,302,,4776,-31.6,1444,0.4
2026-07-29T08:57:35.866333,A94B08,UAL1416,33.517239,-116.541287,,,86,,2425,-37.2,247,28.7
2026-07-29T08:57:35.866333,AC1A72,SWA1865,32.920439,-117.50601,,,307,,7373,-35.4,243,3.4
2026-07-29T08:57:35.866333,A1219F,,33.116098,-117.385497,,,312,,4664,-49.5,18,1.3
2026-07-29T08:57:35.866333,A8D5A0,,33.596375,-117.860655,,,99,,,-49.5,26,32.7
2026-07-29T08:57:40.914799,AB761C,ASA1639,32.672562,-116.841083,,,91,,2056,-49.5,766,36.7
2026-07-29T08:57:40.914799,A1600B,SKW3235,32.819183,-117.120355,,,112,,6077,-26.5,1188,0.5
2026-07-29T08:57:40.914799,ADCA9B,KOW988,32.667428,-116.524696,,,91,,2432,-37.2,303,0.5
2026-07-29T08:57:40.914799,AE06E1,VM553,32.981004,-117.394241,,,302,,4776,-49.5,1518,0.5
2026-07-29T08:57:40.914799,A94B08,UAL1416,33.517239,-116.541287,,,86,,2425,-37.2,247,33.7
2026-07-29T08:57:40.914799,AC1A72,SWA1865,32.923645,-117.511029,,,307,,7373,-49.5,245,4.6
2026-07-29T08:57:40.914799,A1219F,,33.116592,-117.386115,,,312,,4664,-37.2,19,4.6
2026-07-29T08:57:40.914799,A8D5A0,,33.596375,-117.860655,,,99,,,-49.5,26,37.7
2026-07-29T08:57:45.969513,AB761C,ASA1639,32.67128,-116.761432,,,90,,2056,-34.6,799,0.0
2026-07-29T08:57:45.969513,A1600B,SKW3235,32.816488,-117.11252,,,112,,6077,-49.5,1246,0.1
2026-07-29T08:57:45.969513,ADCA9B,KOW988,32.667335,-116.518081,,,91,,2432,-49.5,318,2.4
2026-07-29T08:57:45.969513,AE06E1,VM553,32.983429,-117.398694,,,302,,4776,-30.4,1576,0.2
2026-07-29T08:57:45.969513,A94B08,UAL1416,33.517239,-116.541287,,,86,,2425,-37.2,247,38.8
2026-07-29T08:57:45.969513,AC1A72,SWA1865,32.931332,-117.522938,,,307,,7373,-49.5,282,0.4
2026-07-29T08:57:45.969513,A1219F,,33.116592,-117.386115,,,312,,4664,-37.2,19,9.7
2026-07-29T08:57:45.969513,A8D5A0,,33.596375,-117.860655,,,99,,,-49.5,26,42.8
2026-07-29T08:57:51.019408,AB761C,ASA1639,32.671198,-116.753503,,,90,,2056,-31.3,848,0.9
2026-07-29T08:57:51.019408,A1600B,SKW3235,32.814148,-117.105688,,,112,,6077,-49.5,1285,0.4
2026-07-29T08:57:51.019408,ADCA9B,KOW988,32.667335,-116.518081,,,91,,2432,-49.5,318,7.5
2026-07-29T08:57:51.019408,AE06E1,VM553,32.985659,-117.402817,,,302,,4776,-33.1,1615,0.4
2026-07-29T08:57:51.019408,A94B08,UAL1416,33.523477,-116.422231,,,86,,2425,-49.5,261,0.8
2026-07-29T08:57:51.019408,AC1A72,SWA1865,32.935615,-117.529664,,,307,,7373,-49.5,342,0.2
2026-07-29T08:57:51.019408,A1219F,,33.119476,-117.390344,,,312,,4664,-35.9,20,3.7
2026-07-29T08:57:51.019408,A8D5A0,,33.596375,-117.860655,,,99,,,-49.5,26,47.8
2026-07-29T08:57:56.070517,AB761C,ASA1639,32.671012,-116.742236,,,91,,2056,-34.5,892,0.0
2026-07-29T08:57:56.070517,A1600B,SKW3235,32.811693,-117.098507,,,112,,6077,-49.5,1345,0.5
2026-07-29T08:57:56.070517,ADCA9B,KOW988,32.667335,-116.518081,,,91,,2432,-49.5,318,12.5
2026-07-29T08:57:56.070517,AE06E1,VM553,32.988098,-117.407318,,,303,,4776,-32.2,1671,0.1
2026-07-29T08:57:56.070517,A94B08,UAL1416,33.523773,-116.417285,,,86,,2425,-49.5,269,4.0
2026-07-29T08:57:56.070517,AC1A72,SWA1865,32.939941,-117.536407,,,307,,7373,-49.5,377,0.1
2026-07-29T08:57:56.070517,A1219F,,33.119476,-117.390344,,,312,,4664,-35.9,20,8.8
2026-07-29T08:57:56.070517,A8D5A0,,33.596375,-117.860655,,,99,,,-49.5,26,52.9
2026-07-29T08:58:01.122573,AB761C,ASA1639,32.671012,-116.742236,,,91,,2056,-49.5,898,5.2
2026-07-29T08:58:01.122573,A1600B,SKW3235,32.809272,-117.0915,,,112,,6077,-49.5,1393,0.7
2026-07-29T08:58:01.122573,ADCA9B,KOW988,32.667335,-116.518081,,,91,,2432,-49.5,318,17.6
2026-07-29T08:58:01.122573,AE06E1,VM553,32.990361,-117.411449,,,303,,4776,-31.2,1743,0.3
2026-07-29T08:58:01.122573,A94B08,UAL1416,33.523773,-116.417285,,,86,,2425,-49.5,270,9.1
2026-07-29T08:58:01.122573,AC1A72,SWA1865,32.944016,-117.54278,,,307,,7373,-33.7,396,0.3
2026-07-29T08:58:01.122573,A1219F,,33.119476,-117.390344,,,312,,4664,-35.9,20,13.9
2026-07-29T08:58:01.122573,A8D5A0,,33.596375,-117.860655,,,99,,,-49.5,26,58.0
2026-07-29T08:58:06.200718,AB761C,ASA1639,32.670822,-116.731274,,,90,,2056,-49.5,910,4.5
2026-07-29T08:58:06.200718,A1600B,SKW3235,32.807785,-117.087177,,,112,,6077,-34.9,1420,2.8
2026-07-29T08:58:06.200718,ADCA9B,KOW988,32.667335,-116.518081,,,91,,2432,-38.1,319,22.7
2026-07-29T08:58:06.200718,AE06E1,VM553,32.992502,-117.415317,,,303,,4776,-30.8,1800,0.8
2026-07-29T08:58:06.200718,A94B08,UAL1416,33.523773,-116.417285,,,86,,2425,-49.5,270,14.2
2026-07-29T08:58:06.200718,AC1A72,SWA1865,32.944016,-117.54278,,,307,,7373,-33.7,396,5.4
2026-07-29T08:58:06.200718,A1219F,,33.119476,-117.390344,,,312,,4664,-35.9,20,18.9
2026-07-29T08:58:06.200718,A8D5A0,,33.596375,-117.860655,,,99,,,-49.5,26,63.1
2026-07-29T08:58:11.279851,AB761C,ASA1639,32.670822,-116.731274,,,90,,2056,-37.0,919,9.5
2026-07-29T08:58:11.279851,A1600B,SKW3235,32.804031,-117.07619,,,112,,6077,-49.5,1422,0.2
2026-07-29T08:58:11.279851,ADCA9B,KOW988,32.667335,-116.518081,,,91,,2432,-38.1,319,27.7
2026-07-29T08:58:11.279851,AE06E1,VM553,32.995056,-117.419952,,,302,,4776,-49.5,1866,0.3
2026-07-29T08:58:11.279851,A94B08,UAL1416,33.523773,-116.417285,,,86,,2425,-49.5,270,19.2
2026-07-29T08:58:11.279851,AC1A72,SWA1865,32.952484,-117.555963,,,307,,7373,-49.5,398,0.6
2026-07-29T08:58:11.279851,A1219F,,33.119476,-117.390344,,,312,,4664,-35.9,20,24.0
2026-07-29T08:58:16.331699,AB761C,ASA1639,32.670822,-116.731274,,,90,,2056,-49.5,926,14.6
2026-07-29T08:58:16.331699,A1600B,SKW3235,32.801468,-117.068665,,,111,,6077,-34.8,1467,0.2
2026-07-29T08:58:16.331699,ADCA9B,KOW988,32.667335,-116.518081,,,91,,2432,-38.1,319,32.8
2026-07-29T08:58:16.331699,AE06E1,VM553,32.996645,-117.422884,,,302,,4776,-32.9,1908,2.0
2026-07-29T08:58:16.331699,A94B08,UAL1416,33.523773,-116.417285,,,86,,2425,-38.3,271,24.3
2026-07-29T08:58:16.331699,AC1A72,SWA1865,32.956983,-117.56296,,,307,,7373,-34.3,415,0.5
2026-07-29T08:58:16.331699,A1219F,,33.119476,-117.390344,,,312,,4664,-35.9,20,29.0
2026-07-29T08:58:16.331699,A45233,,33.604897,-117.514572,,,253,,2634,-34.9,20,0.5
2026-07-29T08:58:21.383590,AB761C,ASA1639,32.670822,-116.731274,,,90,,2056,-49.5,926,19.6
2026-07-29T08:58:21.383590,A1600B,SKW3235,32.799403,-117.062633,,,112,,6077,-49.5,1505,0.9
2026-07-29T08:58:21.383590,ADCA9B,KOW988,32.667335,-116.518081,,,91,,2432,-38.1,319,37.8
2026-07-29T08:58:21.383590,AE06E1,VM553,32.999496,-117.428082,,,302,,4776,-32.1,1936,1.0
2026-07-29T08:58:21.383590,A94B08,UAL1416,33.523773,-116.417285,,,86,,2425,-38.3,271,29.3
2026-07-29T08:58:21.383590,AC1A72,SWA1865,32.961917,-117.570583,,,307,,7373,-49.5,429,0.0
2026-07-29T08:58:21.383590,A1219F,,33.119476,-117.390344,,,312,,4664,-35.9,20,34.1
2026-07-29T08:58:21.383590,A45233,,33.604897,-117.514572,,,253,,2634,-49.5,25,5.5
2026-07-29T08:58:26.441515,AB761C,ASA1639,32.670822,-116.731274,,,90,,2056,-49.5,926,24.7
2026-07-29T08:58:26.441515,A1600B,SKW3235,32.796471,-117.054001,,,112,,6077,-34.0,1540,0.0
2026-07-29T08:58:26.441515,ADCA9B,KOW988,32.667335,-116.518081,,,91,,2432,-38.1,319,42.9
2026-07-29T08:58:26.441515,AE06E1,VM553,33.001328,-117.431488,,,302,,4776,-34.6,1955,2.0
2026-07-29T08:58:26.441515,A94B08,UAL1416,33.523773,-116.417285,,,86,,2425,-38.3,271,34.4
2026-07-29T08:58:26.441515,AC1A72,SWA1865,32.962921,-117.572168,,,307,,7373,-49.5,433,3.9
2026-07-29T08:58:26.441515,A1219F,,33.119476,-117.390344,,,312,,4664,-35.9,20,39.2
2026-07-29T08:58:26.441515,A45233,,33.598752,-117.539291,,,253,,2634,-34.9,28,0.4
2026-07-29T08:58:31.487511,AB761C,ASA1639,32.670822,-116.731274,,,90,,2056,-49.5,926,29.7
2026-07-29T08:58:31.487511,A1600B,SKW3235,32.794968,-117.049713,,,112,,6077,-49.5,1541,2.1
2026-07-29T08:58:31.487511,ADCA9B,KOW988,32.667335,-116.518081,,,91,,2432,-38.1,319,47.9
2026-07-29T08:58:31.487511,AE06E1,VM553,33.004211,-117.436816,,,302,,4776,-32.9,1972,0.8
2026-07-29T08:58:31.487511,A94B08,UAL1416,33.523773,-116.417285,,,86,,2425,-38.3,271,39.4
2026-07-29T08:58:31.487511,AC1A72,SWA1865,32.962921,-117.572168,,,307,,7373,-49.5,433,9.0
2026-07-29T08:58:31.487511,A1219F,,33.119476,-117.390344,,,312,,4664,-35.9,20,44.2
2026-07-29T08:58:31.487511,A45233,,33.598434,-117.540483,,,253,,2634,-36.0,31,5.0
2026-07-29T08:58:31.487511,A30C81,,33.316269,-117.506085,,,,,,-49.5,2,4.8
2026-07-29T08:58:36.550442,AB761C,ASA1639,32.670822,-116.731274,,,90,,2056,-49.5,926,34.8
2026-07-29T08:58:36.550442,A1600B,SKW3235,32.791536,-117.039652,,,112,,6077,-34.9,1547,0.1
2026-07-29T08:58:36.550442,ADCA9B,KOW988,32.667335,-116.518081,,,91,,2432,-38.1,319,53.0
2026-07-29T08:58:36.550442,AE06E1,VM553,33.006592,-117.441101,,,303,,4776,-34.1,1995,0.9
2026-07-29T08:58:36.550442,A94B08,UAL1416,33.523773,-116.417285,,,86,,2425,-38.3,271,44.5
2026-07-29T08:58:36.550442,AC1A72,SWA1865,32.962921,-117.572168,,,307,,7373,-49.5,433,14.0
2026-07-29T08:58:36.550442,A1219F,,33.119476,-117.390344,,,312,,4664,-35.9,20,49.3
2026-07-29T08:58:36.550442,A45233,,33.598434,-117.540483,,,253,,2634,-36.0,31,10.1
2026-07-29T08:58:36.550442,A30C81,N296HP,33.320975,-117.511447,,,316,,,-49.5,9,0.2
2026-07-29T08:58:41.617993,AB761C,ASA1639,32.670822,-116.731274,,,90,,2056,-49.5,926,39.8
2026-07-29T08:58:41.617993,A1600B,SKW3235,32.791536,-117.039652,,,112,,6077,-36.6,1551,5.2
2026-07-29T08:58:41.617993,ADCA9B,KOW988,32.667335,-116.518081,,,91,,2432,-38.1,319,58.1
2026-07-29T08:58:41.617993,AE06E1,VM553,33.009307,-117.446034,,,303,,4776,-49.5,2029,0.2
2026-07-29T08:58:41.617993,A94B08,UAL1416,33.523773,-116.417285,,,86,,2425,-38.3,271,49.6
2026-07-29T08:58:41.617993,AC1A72,SWA1865,32.962921,-117.572168,,,307,,7373,-49.5,433,19.1
2026-07-29T08:58:41.617993,A1219F,,33.119476,-117.390344,,,312,,4664,-35.9,20,54.3
2026-07-29T08:58:41.617993,A45233,,33.598434,-117.540483,,,253,,2634,-35.1,32,15.1
2026-07-29T08:58:41.617993,A30C81,N296HP,33.322495,-117.513226,,,316,,,-49.5,13,2.1
2026-07-29T08:58:46.669889,AB761C,ASA1639,32.670822,-116.731274,,,90,,2056,-49.5,926,44.9
2026-07-29T08:58:46.669889,A1600B,SKW3235,32.791536,-117.039652,,,112,,6077,-36.6,1551,10.2
2026-07-29T08:58:46.669889,ADCA9B,KOW988,32.667335,-116.518081,,,91,,2432,-38.1,319,63.1
2026-07-29T08:58:46.669889,AE06E1,VM553,33.011682,-117.45035,,,303,,4776,-49.5,2065,0.3
2026-07-29T08:58:46.669889,A94B08,UAL1416,33.523773,-116.417285,,,86,,2425,-38.3,271,54.6
2026-07-29T08:58:46.669889,AC1A72,SWA1865,32.962921,-117.572168,,,307,,7373,-49.5,433,24.1
2026-07-29T08:58:46.669889,A1219F,,33.119476,-117.390344,,,312,,4664,-35.9,20,59.4
2026-07-29T08:58:46.669889,A45233,,33.598434,-117.540483,,,253,,2634,-35.1,32,20.2
2026-07-29T08:58:46.669889,A30C81,N296HP,33.322495,-117.513226,,,316,,,-49.5,14,7.2
2026-07-29T08:58:51.721261,AB761C,ASA1639,32.670822,-116.731274,,,90,,2056,-49.5,926,50.0
2026-07-29T08:58:51.721261,A1600B,SKW3235,32.791536,-117.039652,,,112,,6077,-36.6,1551,15.3
2026-07-29T08:58:51.721261,ADCA9B,KOW988,32.670319,-116.375427,,,83,,2432,-49.5,333,0.3
2026-07-29T08:58:51.721261,AE06E1,VM553,33.013824,-117.454285,,,303,,4776,-49.5,2085,0.9
2026-07-29T08:58:51.721261,A94B08,UAL1416,33.523773,-116.417285,,,86,,2425,-38.3,271,59.7
2026-07-29T08:58:51.721261,AC1A72,SWA1865,32.962921,-117.572168,,,307,,7373,-49.5,433,29.2
2026-07-29T08:58:51.721261,A45233,,33.598434,-117.540483,,,253,,2634,-35.1,32,25.2
2026-07-29T08:58:51.721261,A30C81,N296HP,33.322495,-117.513226,,,316,,,-38.1,15,12.2
2026-07-29T08:58:56.774645,AB761C,ASA1639,32.670822,-116.731274,,,90,,2056,-49.5,926,55.0
2026-07-29T08:58:56.774645,A1600B,SKW3235,32.791536,-117.039652,,,112,,6077,-36.6,1551,20.3
2026-07-29T08:58:56.774645,ADCA9B,KOW988,32.671338,-116.365001,,,83,,2432,-33.5,352,0.4
2026-07-29T08:58:56.774645,AE06E1,VM553,33.016479,-117.459119,,,302,,4776,-32.8,2131,0.3
2026-07-29T08:58:56.774645,A94B08,UAL1416,33.523773,-116.417285,,,86,,2425,-38.3,271,64.7
2026-07-29T08:58:56.774645,AC1A72,SWA1865,32.962921,-117.572168,,,307,,7373,-49.5,433,34.2
2026-07-29T08:58:56.774645,A45233,,33.598434,-117.540483,,,253,,2634,-35.1,32,30.3
2026-07-29T08:58:56.774645,A30C81,N296HP,33.322495,-117.513226,,,316,,,-38.1,15,17.3
2026-07-29T08:59:01.822397,AB761C,ASA1639,32.670822,-116.731274,,,90,,2056,-49.5,926,60.1
2026-07-29T08:59:01.822397,A1600B,SKW3235,32.791536,-117.039652,,,112,,6077,-36.6,1551,25.4
2026-07-29T08:59:01.822397,ADCA9B,KOW988,32.671921,-116.358618,,,83,,2432,-49.5,362,2.4
2026-07-29T08:59:01.822397,AE06E1,VM553,33.018951,-117.463678,,,302,,4776,-49.5,2202,0.2
2026-07-29T08:59:01.822397,A94B08,UAL1416,33.523773,-116.417285,,,86,,2425,-38.3,271,69.8
2026-07-29T08:59:01.822397,AC1A72,SWA1865,32.962921,-117.572168,,,307,,7373,-49.5,433,39.3
2026-07-29T08:59:01.822397,A45233,,33.598434,-117.540483,,,253,,2634,-35.1,32,35.3
2026-07-29T08:59:01.822397,A30C81,N296HP,33.322495,-117.513226,,,316,,,-38.1,15,22.3
2026-07-29T08:59:06.876788,AB761C,ASA1639,32.670822,-116.731274,,,90,,2056,-49.5,926,65.1
2026-07-29T08:59:06.876788,A1600B,SKW3235,32.791536,-117.039652,,,112,,6077,-36.6,1551,30.4
2026-07-29T08:59:06.876788,ADCA9B,KOW988,32.671921,-116.358618,,,83,,2432,-49.5,365,7.5
2026-07-29T08:59:06.876788,AE06E1,VM553,33.021286,-117.468018,,,302,,4776,-49.5,2290,0.2
2026-07-29T08:59:06.876788,A94B08,UAL1416,33.523773,-116.417285,,,86,,2425,-38.3,271,74.8
2026-07-29T08:59:06.876788,AC1A72,SWA1865,32.962921,-117.572168,,,307,,7373,-49.5,433,44.3
2026-07-29T08:59:06.876788,A45233,,33.598434,-117.540483,,,253,,2634,-35.1,32,40.4
2026-07-29T08:59:06.876788,A30C81,N296HP,33.322495,-117.513226,,,316,,,-36.8,16,27.4
2026-07-29T08:59:11.929154,AB761C,ASA1639,32.670822,-116.731274,,,90,,2056,-49.5,926,70.2
2026-07-29T08:59:11.929154,A1600B,SKW3235,32.791536,-117.039652,,,112,,6077,-36.6,1551,35.5
2026-07-29T08:59:11.929154,ADCA9B,KOW988,32.671921,-116.358618,,,83,,2432,-49.5,365,12.5
2026-07-29T08:59:11.929154,AE06E1,VM553,33.023621,-117.472357,,,302,,4776,-29.0,2372,0.3
2026-07-29T08:59:11.929154,A94B08,UAL1416,33.523773,-116.417285,,,86,,2425,-38.3,271,79.9
2026-07-29T08:59:11.929154,AC1A72,SWA1865,32.962921,-117.572168,,,307,,7373,-49.5,433,49.4
2026-07-29T08:59:11.929154,A45233,,33.598434,-117.540483,,,253,,2634,-35.1,32,45.4
2026-07-29T08:59:11.929154,A30C81,N296HP,33.322495,-117.513226,,,316,,,-36.8,16,32.4
2026-07-29T08:59:16.980046,A1600B,SKW3235,32.791536,-117.039652,,,112,,6077,-36.6,1551,40.5
2026-07-29T08:59:16.980046,ADCA9B,KOW988,32.671921,-116.358618,,,83,,2432,-49.5,365,17.6
2026-07-29T08:59:16.980046,AE06E1,VM553,33.026001,-117.476697,,,302,,4776,-49.5,2465,0.3
2026-07-29T08:59:16.980046,AC1A72,SWA1865,32.962921,-117.572168,,,307,,7373,-49.5,433,54.5
2026-07-29T08:59:16.980046,A45233,,33.598434,-117.540483,,,253,,2634,-35.1,32,50.5
2026-07-29T08:59:16.980046,A30C81,N296HP,33.322495,-117.513226,,,316,,,-36.8,16,37.5
2026-07-29T08:59:22.038000,A1600B,SKW3235,32.791536,-117.039652,,,112,,6077,-36.6,1551,45.6
2026-07-29T08:59:22.038000,ADCA9B,KOW988,32.671921,-116.358618,,,83,,2432,-49.5,365,22.6
2026-07-29T08:59:22.038000,AE06E1,VM553,33.026917,-117.478455,,,302,,4776,-37.5,2495,3.3
2026-07-29T08:59:22.038000,AC1A72,SWA1865,32.962921,-117.572168,,,307,,7373,-49.5,433,59.5
2026-07-29T08:59:22.038000,A45233,,33.598434,-117.540483,,,253,,2634,-35.1,32,55.5
2026-07-29T08:59:22.038000,A30C81,N296HP,33.322495,-117.513226,,,316,,,-36.8,16,42.5
2026-07-29T08:59:27.114429,A1600B,SKW3235,32.791536,-117.039652,,,112,,6077,-36.6,1551,50.7
2026-07-29T08:59:27.114429,ADCA9B,KOW988,32.671921,-116.358618,,,83,,2432,-49.5,365,27.7
2026-07-29T08:59:27.114429,AE06E1,VM553,33.026917,-117.478455,,,302,,4776,-36.9,2507,8.4
2026-07-29T08:59:27.114429,A45233,,33.598434,-117.540483,,,253,,2634,-35.1,32,60.6
2026-07-29T08:59:27.114429,A30C81,N296HP,33.322495,-117.513226,,,316,,,-49.5,17,47.6
2026-07-29T08:59:32.161772,A1600B,SKW3235,32.791536,-117.039652,,,112,,6077,-36.6,1551,55.7
2026-07-29T08:59:32.161772,ADCA9B,KOW988,32.671921,-116.358618,,,83,,2432,-49.5,365,32.8
2026-07-29T08:59:32.161772,AE06E1,VM553,33.033142,-117.490045,,,302,,4776,-35.3,2535,0.2
2026-07-29T08:59:32.161772,A45233,,33.598434,-117.540483,,,253,,2634,-35.1,32,65.6
2026-07-29T08:59:32.161772,A30C81,N296HP,33.322495,-117.513226,,,316,,,-49.5,17,52.6
2026-07-29T08:59:37.212454,A1600B,SKW3235,32.791536,-117.039652,,,112,,6077,-36.6,1551,60.8
2026-07-29T08:59:37.212454,ADCA9B,KOW988,32.671921,-116.358618,,,83,,2432,-49.5,365,37.8
2026-07-29T08:59:37.212454,AE06E1,VM553,33.035656,-117.494744,,,302,,4776,-49.5,2573,0.0
2026-07-29T08:59:37.212454,A45233,,33.598434,-117.540483,,,253,,2634,-35.1,32,70.7
2026-07-29T08:59:37.212454,A30C81,N296HP,33.322495,-117.513226,,,316,,,-49.5,17,57.7
2026-07-29T08:59:42.265450,ADCA9B,KOW988,32.671921,-116.358618,,,83,,2432,-49.5,365,42.9
2026-07-29T08:59:42.265450,AE06E1,VM553,33.037937,-117.499004,,,302,,4776,-49.5,2605,0.3
2026-07-29T08:59:42.265450,A30C81,N296HP,33.322495,-117.513226,,,316,,,-49.5,17,62.8
2026-07-29T08:59:42.265450,A3E32A,,33.123459,-117.314374,,,262,,4772,-49.5,13,0.8
2026-07-29T08:59:47.316357,ADCA9B,KOW988,32.671921,-116.358618,,,83,,2432,-49.5,365,47.9
2026-07-29T08:59:47.316357,AE06E1,VM553,33.03938,-117.501694,,,302,,4776,-49.5,2625,2.3
2026-07-29T08:59:47.316357,A30C81,N296HP,33.322495,-117.513226,,,316,,,-49.5,17,67.8
2026-07-29T08:59:47.316357,A3E32A,,33.123034,-117.318178,,,262,,4772,-49.5,33,1.7
2026-07-29T08:59:47.316357,A8D5A0,,33.540143,-117.472057,,,99,,,-32.9,20,1.5
2026-07-29T08:59:47.316357,A1219F,,33.158228,-117.421258,,,,,,-49.5,2,2.9
2026-07-29T08:59:52.401903,ADCA9B,KOW988,32.671921,-116.358618,,,83,,2432,-49.5,365,53.0
2026-07-29T08:59:52.401903,AE06E1,VM553,33.042389,-117.507294,,,302,,4776,-49.5,2649,1.1
2026-07-29T08:59:52.401903,A30C81,N296HP,33.322495,-117.513226,,,316,,,-49.5,17,72.9
2026-07-29T08:59:52.401903,A3E32A,,33.122336,-117.324007,,,262,,4772,-33.2,48,0.6
2026-07-29T08:59:52.401903,A8D5A0,UAL659,33.539429,-117.467358,,,99,,6762,-35.2,32,4.5
2026-07-29T08:59:52.401903,A1219F,,33.158228,-117.421258,,,,,,-49.5,2,8.0
2026-07-29T08:59:57.483932,ADCA9B,KOW988,32.671921,-116.358618,,,83,,2432,-49.5,365,58.1
2026-07-29T08:59:57.483932,AE06E1,VM553,33.045246,-117.512624,,,302,,4776,-49.5,2674,0.3
2026-07-29T08:59:57.483932,A30C81,N296HP,33.322495,-117.513226,,,316,,,-49.5,17,78.0
2026-07-29T08:59:57.483932,A3E32A,,33.122336,-117.324007,,,262,,4772,-33.2,48,5.7
2026-07-29T08:59:57.483932,A8D5A0,UAL659,33.539429,-117.467358,,,99,,6762,-35.2,32,9.6
2026-07-29T08:59:57.483932,A1219F,,33.158228,-117.421258,,,,,,-49.5,2,13.1
2026-07-29T09:00:02.560299,ADCA9B,KOW988,32.671921,-116.358618,,,83,,2432,-49.5,365,63.2
2026-07-29T09:00:02.560299,AE06E1,VM553,33.047424,-117.516687,,,302,,4776,-49.5,2709,0.8
2026-07-29T09:00:02.560299,A30C81,N296HP,33.322495,-117.513226,,,316,,,-49.5,17,83.1
2026-07-29T09:00:02.560299,A3E32A,,33.122336,-117.324007,,,262,,4772,-33.2,48,10.8
2026-07-29T09:00:02.560299,A8D5A0,UAL659,33.539429,-117.467358,,,99,,6762,-35.2,32,14.7
2026-07-29T09:00:02.560299,A1219F,,33.158228,-117.421258,,,,,,-49.5,2,18.2
2026-07-29T09:00:02.560299,AA021E,,33.057349,-117.006188,,,351,,,-49.5,10,0.0
2026-07-29T09:00:07.607476,AE06E1,VM553,33.050087,-117.521649,,,302,,4776,-32.1,2764,0.4
2026-07-29T09:00:07.607476,A30C81,N296HP,33.322495,-117.513226,,,316,,,-49.5,17,88.1
2026-07-29T09:00:07.607476,A3E32A,N35HG,33.1203,-117.33772,,,259,,4772,-36.3,63,1.5
2026-07-29T09:00:07.607476,A8D5A0,UAL659,33.539429,-117.467358,,,99,,6762,-35.2,32,19.7
2026-07-29T09:00:07.607476,A1219F,,33.158228,-117.421258,,,,,,-49.5,2,23.2
2026-07-29T09:00:07.607476,AA021E,,33.057587,-117.006207,,,351,,,-33.5,12,4.5
2026-07-29T09:00:12.664357,AE06E1,VM553,33.052643,-117.526465,,,302,,4776,-31.6,2827,0.2
2026-07-29T09:00:12.664357,A30C81,N296HP,33.322495,-117.513226,,,316,,,-49.5,17,93.2
2026-07-29T09:00:12.664357,A67960,,33.499054,-116.82691,,,90,,,-35.3,4,0.0
2026-07-29T09:00:12.664357,A3E32A,N35HG,33.119962,-117.339814,,,259,,4772,-49.5,65,4.5
2026-07-29T09:00:12.664357,A8D5A0,UAL659,33.539429,-117.467358,,,99,,6762,-35.2,32,24.8
2026-07-29T09:00:12.664357,A1219F,,33.158228,-117.421258,,,,,,-49.5,2,28.3
2026-07-29T09:00:12.664357,AA021E,,33.057587,-117.006207,,,351,,,-33.5,12,9.6
2026-07-29T09:00:17.743789,AE06E1,VM553,33.055069,-117.531024,,,302,,4776,-32.2,2892,0.2
2026-07-29T09:00:17.743789,A30C81,N296HP,33.322495,-117.513226,,,316,,,-49.5,17,98.3
2026-07-29T09:00:17.743789,A67960,,33.499008,-116.824054,,,90,,,-34.7,8,3.9
2026-07-29T09:00:17.743789,A3E32A,N35HG,33.118378,-117.34931,,,258,,4772,-35.2,83,0.3
2026-07-29T09:00:17.743789,A8D5A0,UAL659,33.539429,-117.467358,,,99,,6762,-35.2,32,29.9
2026-07-29T09:00:17.743789,A1219F,,33.158228,-117.421258,,,,,,-49.5,2,33.4
2026-07-29T09:00:17.743789,AA021E,,33.057587,-117.006207,,,351,,,-33.5,12,14.7
2026-07-29T09:00:22.819842,AE06E1,VM553,33.057535,-117.535718,,,302,,4776,-49.5,2958,0.2
2026-07-29T09:00:22.819842,A30C81,N296HP,33.322495,-117.513226,,,316,,,-49.5,17,103.3
2026-07-29T09:00:22.819842,A67960,,33.498779,-116.807465,,,90,,,-49.5,17,2.1
2026-07-29T09:00:22.819842,A3E32A,N35HG,33.117728,-117.353267,,,258,,4772,-49.5,113,1.6
2026-07-29T09:00:22.819842,A8D5A0,UAL659,33.539429,-117.467358,,,99,,6762,-35.2,32,34.9
2026-07-29T09:00:22.819842,A1219F,,33.158228,-117.421258,,,,,,-49.5,2,38.4
2026-07-29T09:00:22.819842,AA021E,,33.057587,-117.006207,,,351,,,-33.5,12,19.8
2026-07-29T09:00:27.902411,AE06E1,VM553,33.060049,-117.540426,,,302,,4776,-49.5,3037,0.0
2026-07-29T09:00:27.902411,A67960,,33.498779,-116.807465,,,90,,,-49.5,17,7.1
2026-07-29T09:00:27.902411,A3E32A,N35HG,33.116843,-117.35876,,,258,,4772,-49.5,134,1.6
2026-07-29T09:00:27.902411,A8D5A0,UAL659,33.539429,-117.467358,,,99,,6762,-35.2,32,40.0
2026-07-29T09:00:27.902411,A1219F,,33.158228,-117.421258,,,,,,-49.5,2,43.5
2026-07-29T09:00:27.902411,AA021E,,33.057587,-117.006207,,,351,,,-33.5,12,24.8
2026-07-29T09:00:32.976133,AE06E1,VM553,33.062485,-117.545142,,,301,,4776,-49.5,3101,0.0
2026-07-29T09:00:32.976133,A67960,,33.498779,-116.807465,,,90,,,-49.5,17,12.2
2026-07-29T09:00:32.976133,A3E32A,N35HG,33.11586,-117.364362,,,258,,4772,-34.2,140,1.2
2026-07-29T09:00:32.976133,A8D5A0,UAL659,33.539429,-117.467358,,,99,,6762,-35.2,32,45.1
2026-07-29T09:00:32.976133,A1219F,,33.158228,-117.421258,,,,,,-49.5,2,48.6
2026-07-29T09:00:32.976133,0D0ED6,,33.044174,-116.425964,,,,,,-49.5,6,1.5
2026-07-29T09:00:32.976133,AA021E,,33.057587,-117.006207,,,351,,,-33.5,12,29.9
2026-07-29T09:00:38.025403,AE06E1,VM553,33.064472,-117.54889,,,301,,4776,-32.0,3160,1.0
2026-07-29T09:00:38.025403,A67960,,33.498779,-116.807465,,,90,,,-49.5,17,17.2
2026-07-29T09:00:38.025403,A3E32A,N35HG,33.11499,-117.370789,,,261,,4772,-32.8,175,0.4
2026-07-29T09:00:38.025403,A8D5A0,UAL659,33.539429,-117.467358,,,99,,6762,-35.2,32,50.1
2026-07-29T09:00:38.025403,A1219F,,33.158228,-117.421258,,,,,,-49.5,2,53.6
2026-07-29T09:00:38.025403,0D0ED6,,33.044174,-116.425964,,,,,,-49.5,6,6.5
2026-07-29T09:00:38.025403,AA021E,,33.057587,-117.006207,,,351,,,-33.5,12,34.9
2026-07-29T09:00:43.077605,AE06E1,VM553,33.067291,-117.55437,,,301,,4776,-49.5,3233,0.1
2026-07-29T09:00:43.077605,A67960,,33.498779,-116.807465,,,90,,,-49.5,17,22.3
2026-07-29T09:00:43.077605,A3E32A,N35HG,33.114532,-117.374908,,,262,,4772,-49.5,201,1.6
2026-07-29T09:00:43.077605,A8D5A0,UAL659,33.539429,-117.467358,,,99,,6762,-35.2,32,55.2
2026-07-29T09:00:43.077605,A1219F,,33.158228,-117.421258,,,,,,-49.5,2,58.7
2026-07-29T09:00:43.077605,0D0ED6,,33.044174,-116.425964,,,,,,-49.5,6,11.6
2026-07-29T09:00:43.077605,AA021E,,33.057587,-117.006207,,,351,,,-33.5,12,40.0
2026-07-29T09:00:43.077605,AD3C1F,,33.29416,-117.649393,,,,,,-49.5,2,0.1
2026-07-29T09:00:48.129189,AE06E1,VM553,33.069489,-117.5586,,,301,,4776,-33.4,3299,0.6
2026-07-29T09:00:48.129189,A67960,,33.498779,-116.807465,,,90,,,-49.5,17,27.3
2026-07-29T09:00:48.129189,A3E32A,N35HG,33.113771,-117.381349,,,261,,4772,-34.6,212,0.8
2026-07-29T09:00:48.129189,A8D5A0,UAL659,33.539429,-117.467358,,,99,,6762,-35.2,32,60.2
2026-07-29T09:00:48.129189,0D0ED6,,33.044174,-116.425964,,,,,,-49.5,6,16.6
2026-07-29T09:00:48.129189,AA021E,,33.057587,-117.006207,,,351,,,-33.5,12,45.0
2026-07-29T09:00:48.129189,AD3C1F,,33.287888,-117.6427,,,138,,3604,-49.5,18,0.2
2026-07-29T09:00:53.252897,AE06E1,VM553,33.07206,-117.563464,,,301,,4776,-49.5,3346,0.4
2026-07-29T09:00:53.252897,A67960,,33.498779,-116.807465,,,90,,,-49.5,17,32.5
2026-07-29T09:00:53.252897,A3E32A,N35HG,33.113342,-117.384741,,,261,,4772,-49.5,222,2.7
2026-07-29T09:00:53.252897,0D0ED6,,33.044174,-116.425964,,,,,,-49.5,6,21.7
2026-07-29T09:00:53.252897,AA021E,,33.057587,-117.006207,,,351,,,-33.5,12,50.2
2026-07-29T09:00:53.252897,AD3C1F,,33.28157,-117.635999,,,138,,3604,-35.4,28,0.3
2026-07-29T09:00:58.327271,AE06E1,VM553,33.07206,-117.563464,,,301,,4776,-49.5,3361,5.5
2026-07-29T09:00:58.327271,A67960,,33.498779,-116.807465,,,90,,,-49.5,17,37.6
2026-07-29T09:00:58.327271,A3E32A,N35HG,33.113342,-117.384741,,,261,,4772,-49.5,222,7.8
2026-07-29T09:00:58.327271,0D0ED6,,33.044174,-116.425964,,,,,,-38.2,7,26.8
2026-07-29T09:00:58.327271,AA021E,,33.057587,-117.006207,,,351,,,-33.5,12,55.3
2026-07-29T09:00:58.327271,AD3C1F,,33.28157,-117.635999,,,138,,3604,-49.5,33,5.4
2026-07-29T09:01:03.401758,AE06E1,VM553,33.07206,-117.563464,,,301,,4776,-49.5,3366,10.5
2026-07-29T09:01:03.401758,A67960,,33.498779,-116.807465,,,90,,,-49.5,17,42.6
2026-07-29T09:01:03.401758,A3E32A,N35HG,33.113342,-117.384741,,,261,,4772,-49.5,222,12.9
2026-07-29T09:01:03.401758,0D0ED6,,33.075551,-116.502835,,,294,,,-34.6,20,0.9
2026-07-29T09:01:03.401758,AD3C1F,,33.268976,-117.622544,,,138,,3604,-35.6,43,0.4
2026-07-29T09:01:08.477106,AE06E1,VM553,33.07206,-117.563464,,,301,,4776,-37.5,3371,15.6
2026-07-29T09:01:08.477106,A67960,SKW4977,33.496902,-116.693811,,,91,,,-35.1,43,0.6
2026-07-29T09:01:08.477106,A3E32A,N35HG,33.111099,-117.402649,,,261,,4772,-49.5,230,1.7
2026-07-29T09:01:08.477106,0D0ED6,,33.08107,-116.517535,,,293,,,-34.6,52,0.0
2026-07-29T09:01:08.477106,AD3C1F,ASA1557,33.264038,-117.617267,,,138,,3604,-34.4,67,1.5
2026-07-29T09:01:13.555930,AE06E1,VM553,33.07206,-117.563464,,,301,,4776,-49.5,3373,20.7
2026-07-29T09:01:13.555930,A67960,SKW4977,33.496849,-116.691396,,,91,,,-49.5,54,4.7
2026-07-29T09:01:13.555930,A3E32A,N35HG,33.110779,-117.404791,,,261,,4772,-49.5,233,4.8
2026-07-29T09:01:13.555930,0D0ED6,,33.08107,-116.517535,,,293,,,-34.7,56,5.1
2026-07-29T09:01:13.555930,AD3C1F,ASA1557,33.256393,-117.609137,,,138,,3604,-49.5,94,0.5
2026-07-29T09:01:18.602179,AE06E1,VM553,33.084117,-117.586894,,,301,,4776,-35.8,3376,0.4
2026-07-29T09:01:18.602179,A67960,SKW4977,33.496849,-116.691396,,,91,,,-49.5,54,9.8
2026-07-29T09:01:18.602179,A3E32A,N35HG,33.110779,-117.404791,,,261,,4772,-49.5,233,9.8
2026-07-29T09:01:18.602179,0D0ED6,,33.088213,-116.536691,,,293,,,-49.5,65,2.5
2026-07-29T09:01:18.602179,AD3C1F,ASA1557,33.249893,-117.602161,,,138,,3604,-35.9,123,0.4
2026-07-29T09:01:23.681190,AE06E1,VM553,33.084117,-117.586894,,,301,,4776,-49.5,3378,5.5
2026-07-29T09:01:23.681190,A67960,SKW4977,33.496849,-116.691396,,,91,,,-49.5,57,14.9
2026-07-29T09:01:23.681190,A3E32A,N35HG,33.108719,-117.420502,,,261,,4772,-49.5,250,0.5
2026-07-29T09:01:23.681190,0D0ED6,,33.094986,-116.554724,,,293,,,-49.5,77,0.3
2026-07-29T09:01:23.681190,AD3C1F,ASA1557,33.243301,-117.595129,,,138,,3604,-49.5,145,0.1
2026-07-29T09:01:28.760670,AE06E1,VM553,33.084117,-117.586894,,,301,,4776,-38.0,3379,10.5
2026-07-29T09:01:28.760670,A67960,SKW4977,33.496078,-116.645636,,,91,,,-49.5,86,0.9
2026-07-29T09:01:28.760670,A3E32A,N35HG,33.108091,-117.425799,,,261,,4772,-31.6,284,0.6
2026-07-29T09:01:28.760670,0D0ED6,,33.099564,-116.567084,,,293,,,-30.6,108,0.3
2026-07-29T09:01:28.760670,AD3C1F,ASA1557,33.236715,-117.588183,,,138,,3604,-33.1,188,0.0
2026-07-29T09:01:33.823844,AE06E1,VM553,33.084117,-117.586894,,,301,,4776,-36.2,3380,15.6
2026-07-29T09:01:33.823844,A67960,SKW4977,33.496078,-116.645636,,,91,,,-35.0,100,5.9
2026-07-29T09:01:33.823844,A3E32A,N35HG,33.107439,-117.431012,,,261,,4772,-31.6,307,0.9
2026-07-29T09:01:33.823844,0D0ED6,AMX646,33.10437,-116.579828,,,293,,,-49.5,157,0.2
2026-07-29T09:01:33.823844,AD3C1F,ASA1557,33.231628,-117.58288,,,138,,3604,-49.5,209,1.0
2026-07-29T09:01:38.902790,AE06E1,VM553,33.084117,-117.586894,,,301,,4776,-49.5,3381,20.7
2026-07-29T09:01:38.902790,A67960,SKW4977,33.496078,-116.645636,,,91,,,-35.0,100,11.0
2026-07-29T09:01:38.902790,A3E32A,N35HG,33.106834,-117.436617,,,264,,4772,-49.5,357,0.8
2026-07-29T09:01:38.902790,0D0ED6,AMX646,33.108464,-116.590894,,,293,,3266,-31.3,200,0.7
2026-07-29T09:01:38.902790,AD3C1F,ASA1557,33.225494,-117.576453,,,138,,3604,-49.5,230,1.2
2026-07-29T09:01:43.944216,AE06E1,VM553,33.096176,-117.610345,,,301,,4776,-49.5,3382,0.6
2026-07-29T09:01:43.944216,A67960,SKW4977,33.496078,-116.645636,,,91,,,-35.0,100,16.0
2026-07-29T09:01:43.944216,A3E32A,N35HG,33.106741,-117.442895,,,270,,4772,-49.5,394,0.0
2026-07-29T09:01:43.944216,0D0ED6,AMX646,33.111969,-116.600427,,,293,,3266,-49.5,229,1.9
2026-07-29T09:01:43.944216,AD3C1F,ASA1557,33.225494,-117.576453,,,138,,3604,-49.5,230,6.2
2026-07-29T09:01:49.007933,AE06E1,VM553,33.096176,-117.610345,,,301,,4776,-49.5,3386,5.7
2026-07-29T09:01:49.007933,A67960,SKW4977,33.496078,-116.645636,,,91,,,-49.5,101,21.1
2026-07-29T09:01:49.007933,A3E32A,N35HG,33.107162,-117.447748,,,278,,4772,-49.5,445,0.5
2026-07-29T09:01:49.007933,0D0ED6,AMX646,33.111969,-116.600427,,,293,,3266,-49.5,233,7.0
2026-07-29T09:01:49.007933,AD3C1F,ASA1557,33.225494,-117.576453,,,138,,3604,-49.5,230,11.3
2026-07-29T09:01:54.087213,AE06E1,VM553,33.101486,-117.620453,,,301,,4776,-49.5,3394,0.0
2026-07-29T09:01:54.087213,A67960,SKW4977,33.496078,-116.645636,,,91,,,-37.4,103,26.2
2026-07-29T09:01:54.087213,A3E32A,N35HG,33.107941,-117.452417,,,281,,4772,-49.5,470,1.2
2026-07-29T09:01:54.087213,0D0ED6,AMX646,33.111969,-116.600427,,,290,,3266,-35.9,248,12.1
2026-07-29T09:01:54.087213,AD3C1F,ASA1557,33.225494,-117.576453,,,138,,3604,-49.5,230,16.4
2026-07-29T09:01:54.087213,AC538F,,32.846375,-117.390654,,,307,,1310,-49.5,29,0.5
2026-07-29T09:01:54.087213,A52A99,,33.865589,-116.333427,,,,,,-37.7,15,0.0
2026-07-29T09:01:54.087213,AD0919,,32.670547,-117.202533,,,,,,-49.5,2,4.5
2026-07-29T09:01:59.160725,AE06E1,VM553,33.101486,-117.620453,,,301,,4776,-36.8,3395,5.1
2026-07-29T09:01:59.160725,A67960,SKW4977,33.496078,-116.645636,,,94,,,-49.5,118,31.3
2026-07-29T09:01:59.160725,A3E32A,N35HG,33.109115,-117.458702,,,282,,4772,-49.5,493,0.4
2026-07-29T09:01:59.160725,0D0ED6,AMX646,33.111969,-116.600427,,,290,,3266,-49.5,250,17.1
2026-07-29T09:01:59.160725,AD3C1F,ASA1557,33.225494,-117.576453,,,138,,3604,-36.5,231,21.5
2026-07-29T09:01:59.160725,AC538F,,32.846375,-117.390654,,,307,,1310,-49.5,29,5.6
2026-07-29T09:01:59.160725,A52A99,,33.865589,-116.333427,,,,,,-37.5,23,5.1
2026-07-29T09:01:59.160725,AD0919,,32.670547,-117.202533,,,,,,-49.5,2,9.6
2026-07-29T09:02:04.237613,AE06E1,VM553,33.101486,-117.620453,,,301,,4776,-36.8,3395,10.2
2026-07-29T09:02:04.237613,A67960,SKW4977,33.496078,-116.645636,,,95,,,-49.5,129,36.4
2026-07-29T09:02:04.237613,A3E32A,N35HG,33.110138,-117.464117,,,282,,4772,-31.9,523,0.4
2026-07-29T09:02:04.237613,0D0ED6,AMX646,33.128403,-116.653711,,,290,,3266,-49.5,253,0.8
2026-07-29T09:02:04.237613,AD3C1F,ASA1557,33.193421,-117.542725,,,138,,3604,-32.6,248,0.7
2026-07-29T09:02:04.237613,AC538F,SWA3464,32.854431,-117.403143,,,307,,1310,-35.2,68,0.5
2026-07-29T09:02:04.237613,A52A99,,33.865589,-116.333427,,,269,,,-37.1,31,10.2
2026-07-29T09:02:04.237613,AD0919,,32.670733,-117.173842,,,89,,7355,-34.0,20,0.4
2026-07-29T09:02:09.284665,AE06E1,VM553,33.101486,-117.620453,,,301,,4776,-35.5,3396,15.2
2026-07-29T09:02:09.284665,A67960,SKW4977,33.496078,-116.645636,,,95,,,-49.5,130,41.4
2026-07-29T09:02:09.284665,A3E32A,N35HG,33.111237,-117.469611,,,283,,4772,-29.1,552,0.2
2026-07-29T09:02:09.284665,0D0ED6,AMX646,33.13147,-116.665796,,,286,,3266,-34.9,279,1.0
2026-07-29T09:02:09.284665,AD3C1F,ASA1557,33.18718,-117.536133,,,138,,3604,-33.2,279,0.8
2026-07-29T09:02:09.284665,AC538F,SWA3464,32.858571,-117.409599,,,307,,1310,-34.3,84,0.4
2026-07-29T09:02:09.284665,A52A99,,33.865631,-116.363656,,,268,,,-49.5,45,3.2
2026-07-29T09:02:09.284665,AD0919,,32.670733,-117.173842,,,89,,7355,-49.5,26,5.4
2026-07-29T09:02:14.333830,AE06E1,VM553,33.110745,-117.63779,,,301,,4776,-36.6,3403,1.8
2026-07-29T09:02:14.333830,A67960,SKW4977,33.496078,-116.645636,,,95,,,-49.5,130,46.5
2026-07-29T09:02:14.333830,A3E32A,N35HG,33.112327,-117.474957,,,283,,4772,-49.5,582,0.3
2026-07-29T09:02:14.333830,0D0ED6,AMX646,33.133759,-116.675409,,,285,,3266,-49.5,293,2.3
2026-07-29T09:02:14.333830,AD3C1F,ASA1557,33.185852,-117.53476,,,138,,3604,-49.5,293,4.7
2026-07-29T09:02:14.333830,AC538F,SWA3464,32.862213,-117.415228,,,307,,1310,-49.5,130,0.9
2026-07-29T09:02:14.333830,A52A99,,33.865631,-116.363656,,,268,,,-36.0,52,8.3
2026-07-29T09:02:14.333830,AD0919,SWA3555,32.670868,-117.153259,,,89,,7355,-49.5,30,0.4
2026-07-29T09:02:19.420664,AE06E1,VM553,33.113708,-117.643359,,,302,,4776,-35.0,3416,0.9
2026-07-29T09:02:19.420664,A67960,SKW4977,33.496078,-116.645636,,,95,,,-49.5,130,51.5
2026-07-29T09:02:19.420664,A3E32A,N35HG,33.113398,-117.480226,,,283,,4772,-49.5,614,0.2
2026-07-29T09:02:19.420664,0D0ED6,AMX646,33.133759,-116.675409,,,285,,3266,-49.5,293,7.4
2026-07-29T09:02:19.420664,AD3C1F,ASA1557,33.174661,-117.522938,,,138,,3604,-49.5,314,0.6
2026-07-29T09:02:19.420664,AC538F,SWA3464,32.864809,-117.419297,,,307,,1310,-37.2,147,2.8
2026-07-29T09:02:19.420664,A52A99,,33.864844,-116.387272,,,266,,2611,-49.5,74,4.0
2026-07-29T09:02:19.420664,AD0919,SWA3555,32.670919,-117.142901,,,89,,7355,-49.5,66,0.3
2026-07-29T09:02:19.420664,A1219F,,33.207733,-117.367163,,,48,,1200,-35.4,31,0.7
2026-07-29T09:02:24.503543,AE06E1,VM553,33.114304,-117.644513,,,302,,4776,-49.5,3422,4.8
2026-07-29T09:02:24.503543,A67960,SKW4977,33.496078,-116.645636,,,95,,,-49.5,130,56.6
2026-07-29T09:02:24.503543,A3E32A,N35HG,33.114441,-117.485431,,,283,,4772,-31.2,647,0.5
2026-07-29T09:02:24.503543,0D0ED6,AMX646,33.140167,-116.70639,,,282,,3266,-49.5,333,0.3
2026-07-29T09:02:24.503543,AD3C1F,ASA1557,33.168137,-117.516083,,,138,,3604,-29.8,356,0.4
2026-07-29T09:02:24.503543,AC538F,SWA3464,32.864809,-117.419297,,,307,,1310,-36.2,152,7.8
2026-07-29T09:02:24.503543,A52A99,,33.864844,-116.387272,,,266,,2611,-49.5,85,9.1
2026-07-29T09:02:24.503543,AD0919,SWA3555,32.670966,-117.132867,,,89,,7355,-49.5,110,0.6
2026-07-29T09:02:24.503543,A1219F,N172LK,33.209249,-117.365206,,,48,,1200,-49.5,73,0.8
2026-07-29T09:02:29.545520,AE06E1,VM553,33.114304,-117.644513,,,302,,4776,-36.4,3424,9.9
2026-07-29T09:02:29.545520,A67960,SKW4977,33.496078,-116.645636,,,95,,,-49.5,130,61.7
2026-07-29T09:02:29.545520,A3E32A,N35HG,33.115586,-117.491044,,,283,,4772,-49.5,685,0.2
2026-07-29T09:02:29.545520,0D0ED6,AMX646,33.142121,-116.717853,,,281,,3266,-49.5,406,0.9
2026-07-29T09:02:29.545520,AD3C1F,ASA1557,33.162138,-117.509766,,,138,,3604,-29.3,416,0.5
2026-07-29T09:02:29.545520,AC538F,SWA3464,32.864809,-117.419297,,,307,,1310,-36.2,152,12.9
2026-07-29T09:02:29.545520,A52A99,,33.864844,-116.387272,,,266,,2611,-49.5,86,14.2
2026-07-29T09:02:29.545520,AD0919,SWA3555,32.670966,-117.121657,,,89,,7355,-30.1,164,0.3
2026-07-29T09:02:29.545520,A1219F,N172LK,33.210646,-117.363356,,,47,,1200,-49.5,110,1.4
2026-07-29T09:02:34.654230,AE06E1,VM553,33.114304,-117.644513,,,302,,4776,-36.4,3424,15.0
2026-07-29T09:02:34.654230,A67960,SKW4977,33.496078,-116.645636,,,95,,,-49.5,130,66.8
2026-07-29T09:02:34.654230,A3E32A,N35HG,33.116657,-117.496145,,,283,,4772,-49.5,722,0.5
2026-07-29T09:02:34.654230,0D0ED6,AMX646,33.142959,-116.722954,,,281,,3266,-36.8,415,3.9
2026-07-29T09:02:34.654230,AD3C1F,ASA1557,33.156509,-117.503833,,,138,,3604,-28.3,463,0.9
2026-07-29T09:02:34.654230,AC538F,SWA3464,32.864809,-117.419297,,,307,,1310,-36.2,152,18.0
2026-07-29T09:02:34.654230,A52A99,,33.864844,-116.387272,,,266,,2611,-37.3,88,19.3
2026-07-29T09:02:34.654230,AD0919,SWA3555,32.671012,-117.110895,,,89,,7355,-49.5,225,0.1
2026-07-29T09:02:34.654230,A1219F,N172LK,33.211204,-117.362627,,,47,,1200,-35.8,111,4.6
2026-07-29T09:02:39.703120,AE06E1,VM553,33.114304,-117.644513,,,302,,4776,-36.4,3424,20.0
2026-07-29T09:02:39.703120,A67960,SKW4977,33.48317,-116.481171,,,95,,,-37.7,135,4.5
2026-07-29T09:02:39.703120,A3E32A,N35HG,33.117783,-117.501581,,,283,,4772,-31.3,751,0.5
2026-07-29T09:02:39.703120,0D0ED6,AMX646,33.146164,-116.745172,,,279,,3266,-49.5,442,0.3
2026-07-29T09:02:39.703120,AD3C1F,ASA1557,33.149895,-117.49693,,,138,,3604,-31.2,500,0.5
2026-07-29T09:02:39.703120,AC538F,SWA3464,32.864809,-117.419297,,,307,,1310,-36.2,152,23.0
2026-07-29T09:02:39.703120,A52A99,,33.864844,-116.387272,,,266,,2611,-37.3,88,24.3
2026-07-29T09:02:39.703120,AD0919,SWA3555,32.671012,-117.100693,,,89,,7355,-49.5,274,0.3
2026-07-29T09:02:39.703120,A1219F,N172LK,33.211204,-117.362627,,,47,,1200,-35.8,111,9.6
2026-07-29T09:02:44.754666,AE06E1,VM553,33.114304,-117.644513,,,302,,4776,-36.4,3424,25.1
2026-07-29T09:02:44.754666,A67960,SKW4977,33.48317,-116.481171,,,98,,,-49.5,137,9.6
2026-07-29T09:02:44.754666,A3E32A,N35HG,33.118835,-117.506689,,,284,,4772,-49.5,794,0.7
2026-07-29T09:02:44.754666,0D0ED6,AMX646,33.146164,-116.745172,,,279,,3266,-49.5,450,5.3
2026-07-29T09:02:44.754666,AD3C1F,ASA1557,33.148773,-117.495758,,,138,,3604,-49.5,506,4.6
2026-07-29T09:02:44.754666,A8D5A0,UAL659,33.50885,-117.014996,,,90,,6762,-36.5,39,0.1
2026-07-29T09:02:44.754666,AC538F,SWA3464,32.864809,-117.419297,,,307,,1310,-36.2,152,28.1
2026-07-29T09:02:44.754666,A52A99,,33.864844,-116.387272,,,266,,2611,-37.3,88,29.4
2026-07-29T09:02:44.754666,AD0919,SWA3555,32.671051,-117.091187,,,89,,7355,-34.9,303,0.8
2026-07-29T09:02:44.754666,A1219F,N172LK,33.211204,-117.362627,,,47,,1200,-35.8,111,14.7
2026-07-29T09:02:49.806306,AE06E1,VM553,33.114304,-117.644513,,,302,,4776,-36.4,3424,30.2
2026-07-29T09:02:49.806306,A67960,SKW4977,33.48317,-116.481171,,,98,,,-49.5,137,14.7
2026-07-29T09:02:49.806306,A3E32A,N35HG,33.119962,-117.511952,,,284,,4772,-49.5,833,0.9
2026-07-29T09:02:49.806306,0D0ED6,AMX646,33.150009,-116.771539,,,279,,3266,-49.5,458,0.0
2026-07-29T09:02:49.806306,AD3C1F,ASA1557,33.148773,-117.495758,,,141,,3604,-33.9,516,9.7
2026-07-29T09:02:49.806306,A8D5A0,UAL659,33.50885,-117.012085,,,90,,6762,-49.5,50,4.2
2026-07-29T09:02:49.806306,AC538F,SWA3464,32.890091,-117.458679,,,307,,1310,-37.7,159,2.0
2026-07-29T09:02:49.806306,A52A99,,33.864844,-116.387272,,,266,,2611,-37.3,88,34.5
2026-07-29T09:02:49.806306,AD0919,SWA3555,32.671051,-117.089154,,,89,,7355,-49.5,313,4.9
2026-07-29T09:02:49.806306,A1219F,N172LK,33.211204,-117.362627,,,47,,1200,-35.8,111,19.8
2026-07-29T09:02:54.911603,AE06E1,VM553,33.114304,-117.644513,,,302,,4776,-36.4,3424,35.3
2026-07-29T09:02:54.911603,A67960,SKW4977,33.48317,-116.481171,,,98,,,-49.5,137,19.8
2026-07-29T09:02:54.911603,A3E32A,N35HG,33.121312,-117.518174,,,284,,4772,-32.1,875,0.2
2026-07-29T09:02:54.911603,0D0ED6,AMX646,33.15185,-116.783939,,,280,,3266,-49.5,521,0.2
2026-07-29T09:02:54.911603,AD3C1F,ASA1557,33.131241,-117.478894,,,143,,3604,-49.5,545,0.7
2026-07-29T09:02:54.911603,A8D5A0,UAL659,33.50885,-117.012085,,,90,,6762,-49.5,50,9.3
2026-07-29T09:02:54.911603,AC538F,SWA3464,32.890091,-117.458679,,,307,,1310,-37.7,159,7.0
2026-07-29T09:02:54.911603,A52A99,,33.864844,-116.387272,,,266,,2611,-37.3,88,39.5
2026-07-29T09:02:54.911603,AD0919,SWA3555,32.671105,-117.068351,,,89,,7355,-28.7,352,0.1
2026-07-29T09:02:54.911603,A1219F,N172LK,33.211204,-117.362627,,,47,,1200,-35.8,111,24.9
2026-07-29T09:02:59.999805,AE06E1,VM553,33.114304,-117.644513,,,302,,4776,-36.4,3424,40.3
2026-07-29T09:02:59.999805,A67960,SKW4977,33.48317,-116.481171,,,98,,,-49.5,137,24.8
2026-07-29T09:02:59.999805,A3E32A,N35HG,33.122269,-117.52262,,,284,,4772,-31.2,904,1.1
2026-07-29T09:02:59.999805,0D0ED6,AMX646,33.153671,-116.796259,,,280,,3266,-33.2,572,0.4
2026-07-29T09:02:59.999805,AD3C1F,ASA1557,33.124741,-117.473456,,,144,,3604,-49.5,586,0.8
2026-07-29T09:02:59.999805,A8D5A0,UAL659,33.50885,-117.012085,,,90,,6762,-49.5,57,14.4
2026-07-29T09:02:59.999805,AC538F,SWA3464,32.890091,-117.458679,,,307,,1310,-37.0,163,12.1
2026-07-29T09:02:59.999805,A52A99,,33.864844,-116.387272,,,266,,2611,-37.3,88,44.6
2026-07-29T09:02:59.999805,AD0919,SWA3555,32.671152,-117.057645,,,89,,7355,-32.7,411,0.1
2026-07-29T09:02:59.999805,A1219F,N172LK,33.211204,-117.362627,,,47,,1200,-35.8,111,30.0
2026-07-29T09:03:05.048343,AE06E1,VM553,33.114304,-117.644513,,,302,,4776,-36.4,3424,45.4
2026-07-29T09:03:05.048343,A67960,SKW4977,33.48317,-116.481171,,,98,,,-49.5,137,29.9
2026-07-29T09:03:05.048343,A3E32A,N35HG,33.12364,-117.529048,,,284,,4772,-31.9,936,0.3
2026-07-29T09:03:05.048343,0D0ED6,AMX646,33.15564,-116.809332,,,280,,3266,-34.8,591,0.2
2026-07-29T09:03:05.048343,AD3C1F,ASA1557,33.118007,-117.467782,,,144,,3604,-29.4,628,0.7
2026-07-29T09:03:05.048343,A8D5A0,UAL659,33.508667,-116.962262,,,90,,6762,-49.5,97,0.6
2026-07-29T09:03:05.048343,AC538F,SWA3464,32.904007,-117.480377,,,307,,1310,-49.5,181,0.4
2026-07-29T09:03:05.048343,A52A99,,33.864844,-116.387272,,,266,,2611,-37.3,88,49.7
2026-07-29T09:03:05.048343,AD0919,SWA3555,32.671152,-117.047275,,,89,,7355,-49.5,449,0.3
2026-07-29T09:03:05.048343,A1219F,N172LK,33.211204,-117.362627,,,47,,1200,-35.8,111,35.0
2026-07-29T09:03:10.123291,AE06E1,VM553,33.114304,-117.644513,,,302,,4776,-36.4,3424,50.5
2026-07-29T09:03:10.123291,A67960,SKW4977,33.48317,-116.481171,,,98,,,-49.5,137,35.0
2026-07-29T09:03:10.123291,A3E32A,N35HG,33.124878,-117.534814,,,284,,4772,-34.0,963,0.0
2026-07-29T09:03:10.123291,0D0ED6,AMX646,33.157437,-116.821551,,,279,,3266,-32.1,631,0.4
2026-07-29T09:03:10.123291,AD3C1F,ASA1557,33.111603,-117.462415,,,144,,3604,-31.7,667,0.9
2026-07-29T09:03:10.123291,A8D5A0,UAL659,33.508627,-116.956918,,,90,,6762,-49.5,105,3.7
2026-07-29T09:03:10.123291,AC538F,SWA3464,32.908103,-117.486784,,,307,,1310,-34.9,223,0.5
2026-07-29T09:03:10.123291,A52A99,,33.864844,-116.387272,,,266,,2611,-37.3,88,54.8
2026-07-29T09:03:10.123291,AD0919,SWA3555,32.671152,-117.037185,,,89,,7355,-30.4,496,0.7
2026-07-29T09:03:10.123291,A1219F,N172LK,33.211204,-117.362627,,,47,,1200,-35.8,111,40.1
2026-07-29T09:03:10.123291,A35DAE,,32.766083,-117.34541,,,256,,,-49.5,6,0.6
2026-07-29T09:03:15.201696,AE06E1,VM553,33.114304,-117.644513,,,302,,4776,-36.4,3424,55.5
2026-07-29T09:03:15.201696,A67960,SKW4977,33.48317,-116.481171,,,98,,,-49.5,137,40.0
2026-07-29T09:03:15.201696,A3E32A,N35HG,33.125641,-117.538465,,,284,,4772,-32.2,992,1.8
2026-07-29T09:03:15.201696,0D0ED6,AMX646,33.159299,-116.83405,,,279,,3266,-49.5,669,0.5
2026-07-29T09:03:15.201696,AD3C1F,ASA1557,33.104324,-117.456317,,,144,,3604,-49.5,705,0.4
2026-07-29T09:03:15.201696,A8D5A0,UAL659,33.508627,-116.956918,,,90,,6762,-49.5,105,8.8
2026-07-29T09:03:15.201696,AC538F,SWA3464,32.910989,-117.491268,,,307,,1310,-49.5,233,2.1
2026-07-29T09:03:15.201696,A52A99,,33.864844,-116.387272,,,266,,2611,-37.3,88,59.8
2026-07-29T09:03:15.201696,AD0919,SWA3555,32.671152,-117.030851,,,89,,7355,-33.3,520,2.8
2026-07-29T09:03:15.201696,A1219F,N172LK,33.211204,-117.362627,,,47,,1200,-35.8,111,45.1
2026-07-29T09:03:15.201696,A05F8D,,33.689436,-116.576042,,,,,,-49.5,5,2.4
2026-07-29T09:03:15.201696,A35DAE,,32.766083,-117.34541,,,256,,,-34.5,8,5.7
2026-07-29T09:03:20.252213,AE06E1,VM553,33.114304,-117.644513,,,302,,4776,-36.4,3424,60.6
2026-07-29T09:03:20.252213,A67960,SKW4977,33.48317,-116.481171,,,98,,,-49.5,137,45.1
2026-07-29T09:03:20.252213,A3E32A,N35HG,33.127224,-117.545471,,,284,,4772,-34.6,1019,0.5
2026-07-29T09:03:20.252213,0D0ED6,AMX646,33.16127,-116.847784,,,279,,3266,-25.1,743,0.0
2026-07-29T09:03:20.252213,AD3C1F,ASA1557,33.097757,-117.450854,,,144,,3604,-35.5,751,0.6
2026-07-29T09:03:20.252213,A8D5A0,UAL659,33.508627,-116.956918,,,90,,6762,-49.5,105,13.8
2026-07-29T09:03:20.252213,AC538F,SWA3464,32.914352,-117.496527,,,307,,1310,-34.3,244,3.1
2026-07-29T09:03:20.252213,A52A99,,33.864844,-116.387272,,,266,,2611,-37.3,88,64.9
2026-07-29T09:03:20.252213,AD0919,SWA3555,32.671188,-117.015875,,,89,,7355,-49.5,550,0.9
2026-07-29T09:03:20.252213,A1219F,N172LK,33.211204,-117.362627,,,47,,1200,-35.8,111,50.2
2026-07-29T09:03:20.252213,A05F8D,,33.689436,-116.576042,,,75,,,-49.5,13,7.5
2026-07-29T09:03:20.252213,A35DAE,,32.766083,-117.34541,,,256,,,-34.5,8,10.7
2026-07-29T09:03:25.305743,AE06E1,VM553,33.114304,-117.644513,,,302,,4776,-36.4,3424,65.6
2026-07-29T09:03:25.305743,A67960,SKW4977,33.48317,-116.481171,,,98,,,-49.5,137,50.1
2026-07-29T09:03:25.305743,A3E32A,N35HG,33.128448,-117.551184,,,284,,4772,-37.0,1043,0.4
2026-07-29T09:03:25.305743,0D0ED6,AMX646,33.162976,-116.859442,,,279,,3266,-49.5,802,0.3
2026-07-29T09:03:25.305743,AD3C1F,ASA1557,33.091187,-117.445331,,,144,,3604,-34.0,784,0.6
2026-07-29T09:03:25.305743,A8D5A0,UAL659,33.508627,-116.956918,,,90,,6762,-49.5,105,18.9
2026-07-29T09:03:25.305743,AC538F,SWA3464,32.921127,-117.507074,,,307,,1310,-34.9,248,0.1
2026-07-29T09:03:25.305743,A52A99,,33.864844,-116.387272,,,266,,2611,-37.3,88,69.9
2026-07-29T09:03:25.305743,AD0919,SWA3555,32.671188,-117.009613,,,89,,7355,-37.1,571,3.0
2026-07-29T09:03:25.305743,A1219F,N172LK,33.228653,-117.340521,,,48,,1200,-35.3,116,1.4
2026-07-29T09:03:25.305743,A05F8D,,33.689436,-116.576042,,,74,,,-49.5,17,12.5
2026-07-29T09:03:25.305743,A35DAE,,32.766083,-117.34541,,,256,,,-34.5,8,15.8
2026-07-29T09:03:30.356607,A67960,SKW4977,33.48317,-116.481171,,,98,,,-49.5,137,55.2
2026-07-29T09:03:30.356607,A3E32A,N35HG,33.128448,-117.551184,,,284,,4772,-49.5,1046,5.5
2026-07-29T09:03:30.356607,0D0ED6,AMX646,33.164745,-116.87183,,,279,,3266,-49.5,858,0.4
2026-07-29T09:03:30.356607,AD3C1F,ASA1557,33.091187,-117.445331,,,144,,3604,-49.5,786,5.6
2026-07-29T09:03:30.356607,A8D5A0,UAL659,33.508627,-116.956918,,,90,,6762,-38.1,107,23.9
2026-07-29T09:03:30.356607,AC538F,SWA3464,32.924194,-117.511908,,,307,,1310,-49.5,250,1.5
2026-07-29T09:03:30.356607,A52A99,,33.864844,-116.387272,,,266,,2611,-37.3,88,74.9
2026-07-29T09:03:30.356607,AD0919,SWA3555,32.671234,-117.000769,,,89,,7355,-36.7,575,4.0
2026-07-29T09:03:30.356607,A1219F,N172LK,33.229065,-117.339917,,,48,,1200,-49.5,118,5.0
2026-07-29T09:03:30.356607,A05F8D,WSN10,33.695487,-116.549377,,,74,,,-34.0,36,0.3
2026-07-29T09:03:30.356607,A35DAE,,32.766083,-117.34541,,,256,,,-34.5,8,20.8
2026-07-29T09:03:35.396891,A67960,SKW4977,33.48317,-116.481171,,,98,,,-49.5,137,60.3
2026-07-29T09:03:35.396891,A3E32A,N35HG,33.129868,-117.557721,,,284,,4772,-35.9,1052,4.8
2026-07-29T09:03:35.396891,0D0ED6,AMX646,33.166672,-116.884918,,,279,,3266,-31.0,923,0.1
2026-07-29T09:03:35.396891,AD3C1F,ASA1557,33.081556,-117.437289,,,144,,3604,-35.8,791,3.5
2026-07-29T09:03:35.396891,A8D5A0,UAL659,33.508627,-116.956918,,,90,,6762,-38.1,107,29.0
2026-07-29T09:03:35.396891,AC538F,SWA3464,32.929377,-117.519967,,,307,,1310,-33.3,256,0.5
2026-07-29T09:03:35.396891,AD0919,SWA3555,32.671234,-116.983191,,,90,,7355,-34.2,579,1.1
2026-07-29T09:03:35.396891,A1219F,N172LK,33.229065,-117.339917,,,48,,1200,-49.5,118,10.1
2026-07-29T09:03:35.396891,A05F8D,WSN10,33.697083,-116.542464,,,74,,4756,-35.0,59,1.0
2026-07-29T09:03:35.396891,A35DAE,,32.766083,-117.34541,,,256,,,-34.5,8,25.9
2026-07-29T09:03:40.487312,A67960,SKW4977,33.48317,-116.481171,,,98,,,-49.5,137,65.3
2026-07-29T09:03:40.487312,A3E32A,N35HG,33.132391,-117.568957,,,284,,4772,-35.3,1056,0.3
2026-07-29T09:03:40.487312,0D0ED6,AMX646,33.168365,-116.896729,,,279,,3266,-49.5,989,0.5
2026-07-29T09:03:40.487312,AD3C1F,ASA1557,33.072418,-117.42962,,,144,,3604,-49.5,814,1.7
2026-07-29T09:03:40.487312,A8D5A0,UAL659,33.508627,-116.956918,,,90,,6762,-38.1,107,34.1
2026-07-29T09:03:40.487312,AC538F,SWA3464,32.933846,-117.526862,,,307,,1310,-49.5,302,0.4
2026-07-29T09:03:40.487312,AD0919,SWA3555,32.671234,-116.971381,,,90,,7355,-34.8,607,0.7
2026-07-29T09:03:40.487312,A1219F,N172LK,33.229065,-117.339917,,,48,,1200,-49.5,118,15.1
2026-07-29T09:03:40.487312,A05F8D,WSN10,33.69809,-116.538148,,,74,,4756,-33.6,80,3.2
2026-07-29T09:03:40.487312,A35DAE,,32.766083,-117.34541,,,256,,,-34.5,8,31.0
2026-07-29T09:03:45.551895,A3E32A,N35HG,33.132935,-117.571289,,,285,,4772,-49.5,1073,3.4
2026-07-29T09:03:45.551895,0D0ED6,AMX646,33.170238,-116.909778,,,279,,3266,-49.5,1054,0.2
2026-07-29T09:03:45.551895,AD3C1F,ASA1557,33.063773,-117.422436,,,145,,3604,-33.9,832,0.4
2026-07-29T09:03:45.551895,A8D5A0,UAL659,33.508627,-116.956918,,,90,,6762,-38.1,107,39.1
2026-07-29T09:03:45.551895,AC538F,SWA3464,32.938431,-117.534045,,,307,,1310,-49.5,345,0.0
2026-07-29T09:03:45.551895,AD0919,SWA3555,32.67128,-116.959845,,,90,,7355,-30.0,644,0.5
2026-07-29T09:03:45.551895,A1219F,N172LK,33.229065,-117.339917,,,48,,1200,-49.5,118,20.2
2026-07-29T09:03:45.551895,A05F8D,WSN10,33.700282,-116.528435,,,74,,4756,-49.5,106,2.0
2026-07-29T09:03:45.551895,A35DAE,,32.766083,-117.34541,,,256,,,-34.5,8,36.0
2026-07-29T09:03:50.619402,A3E32A,N35HG,33.135086,-117.580518,,,285,,4772,-35.8,1084,1.1
2026-07-29T09:03:50.619402,0D0ED6,AMX646,33.172101,-116.922502,,,279,,3266,-37.0,1115,0.0
2026-07-29T09:03:50.619402,AD3C1F,ASA1557,33.056717,-117.416602,,,145,,3604,-49.5,849,0.2
2026-07-29T09:03:50.619402,A8D5A0,UAL659,33.508627,-116.956918,,,90,,6762,-36.6,108,44.2
2026-07-29T09:03:50.619402,AC538F,SWA3464,32.940445,-117.537177,,,307,,1310,-49.5,353,2.8
2026-07-29T09:03:50.619402,AD0919,SWA3555,32.67128,-116.948804,,,90,,7355,-49.5,698,0.5
2026-07-29T09:03:50.619402,A1219F,N172LK,33.229065,-117.339917,,,48,,1200,-49.5,118,25.3
2026-07-29T09:03:50.619402,A05F8D,WSN10,33.702667,-116.518081,,,74,,4756,-36.5,127,0.3
2026-07-29T09:03:50.619402,A35DAE,,32.766083,-117.34541,,,256,,,-34.5,8,41.1
2026-07-29T09:03:55.670214,A3E32A,N35HG,33.135086,-117.580518,,,285,,4772,-49.5,1089,6.2
2026-07-29T09:03:55.670214,0D0ED6,AMX646,33.173823,-116.934777,,,279,,3266,-49.5,1154,0.1
2026-07-29T09:03:55.670214,AD3C1F,ASA1557,33.050553,-117.411449,,,145,,3604,-34.8,903,0.6
2026-07-29T09:03:55.670214,A8D5A0,UAL659,33.508627,-116.956918,,,90,,6762,-49.5,109,49.3
2026-07-29T09:03:55.670214,AC538F,SWA3464,32.940445,-117.537177,,,307,,1310,-49.5,353,7.8
2026-07-29T09:03:55.670214,AD0919,SWA3555,32.671234,-116.938751,,,90,,7355,-35.4,732,1.0
2026-07-29T09:03:55.670214,A1219F,N172LK,33.229065,-117.339917,,,48,,1200,-49.5,118,30.3
2026-07-29T09:03:55.670214,A05F8D,WSN10,33.703629,-116.513765,,,74,,4756,-36.5,139,2.7
2026-07-29T09:03:55.670214,A35DAE,,32.766083,-117.34541,,,256,,,-34.5,8,46.2
2026-07-29T09:04:00.750377,A3E32A,N35HG,33.135086,-117.580518,,,284,,4772,-37.5,1099,11.3
2026-07-29T09:04:00.750377,0D0ED6,AMX646,33.175359,-116.945483,,,279,,3266,-49.5,1182,0.9
2026-07-29T09:04:00.750377,AD3C1F,ASA1557,33.043579,-117.405615,,,144,,3604,-49.5,973,0.4
2026-07-29T09:04:00.750377,A8D5A0,UAL659,33.507975,-116.813087,,,90,,6762,-36.6,135,0.7
2026-07-29T09:04:00.750377,AC538F,SWA3464,32.950652,-117.553094,,,307,,1310,-34.6,360,1.1
2026-07-29T09:04:00.750377,AD0919,SWA3555,32.671234,-116.938751,,,90,,7355,-35.4,732,6.1
2026-07-29T09:04:00.750377,A1219F,N172LK,33.229065,-117.339917,,,48,,1200,-49.5,118,35.4
2026-07-29T09:04:00.750377,A05F8D,WSN10,33.704727,-116.508833,,,74,,4756,-49.5,153,4.5
2026-07-29T09:04:00.750377,A35DAE,,32.766083,-117.34541,,,256,,,-34.5,8,51.3
2026-07-29T09:04:05.828703,A3E32A,N35HG,33.139747,-117.601636,,,284,,4772,-49.5,1110,0.3
2026-07-29T09:04:05.828703,0D0ED6,AMX646,33.177155,-116.957922,,,279,,3266,-49.5,1230,0.9
2026-07-29T09:04:05.828703,AD3C1F,ASA1557,33.037565,-117.400575,,,144,,3604,-31.9,1016,1.0
2026-07-29T09:04:05.828703,A8D5A0,UAL659,33.507889,-116.798071,,,90,,6762,-49.5,157,0.2
2026-07-29T09:04:05.828703,AC538F,SWA3464,32.955214,-117.560213,,,307,,1310,-32.8,380,0.9
2026-07-29T09:04:05.828703,AD0919,SWA3555,32.671245,-116.914878,,,90,,7355,-49.5,734,0.3
2026-07-29T09:04:05.828703,A1219F,N172LK,33.239639,-117.323273,,,48,,1200,-38.0,119,3.3
2026-07-29T09:04:05.828703,A05F8D,WSN10,33.70652,-116.501026,,,74,,4756,-35.1,164,4.5
2026-07-29T09:04:05.828703,A35DAE,,32.766083,-117.34541,,,256,,,-34.5,8,56.3
2026-07-29T09:04:10.909545,A3E32A,N35HG,33.14119,-117.608699,,,283,,4772,-36.4,1119,0.2
2026-07-29T09:04:10.909545,0D0ED6,AMX646,33.179169,-116.97204,,,279,,3266,-49.5,1262,0.0
2026-07-29T09:04:10.909545,AD3C1F,ASA1557,33.030258,-117.394409,,,144,,3604,-31.4,1048,0.4
2026-07-29T09:04:10.909545,A8D5A0,UAL659,33.507889,-116.793842,,,90,,6762,-49.5,166,3.6
2026-07-29T09:04:10.909545,AC538F,SWA3464,32.959534,-117.566949,,,307,,1310,-49.5,405,1.0
2026-07-29T09:04:10.909545,AD0919,SWA3555,32.671245,-116.914878,,,90,,7355,-49.5,734,5.4
2026-07-29T09:04:10.909545,A1219F,N172LK,33.239639,-117.323273,,,48,,1200,-38.0,119,8.4
2026-07-29T09:04:10.909545,A05F8D,WSN10,33.709351,-116.488542,,,74,,4756,-49.5,173,1.4
2026-07-29T09:04:15.973742,A3E32A,N35HG,33.141495,-117.610181,,,283,,4772,-49.5,1130,4.2
2026-07-29T09:04:15.973742,0D0ED6,AMX646,33.180862,-116.983685,,,279,,3266,-49.5,1310,0.3
2026-07-29T09:04:15.973742,AD3C1F,ASA1557,33.023209,-117.388477,,,144,,3604,-49.5,1081,0.1
2026-07-29T09:04:15.973742,A8D5A0,UAL659,33.507889,-116.793842,,,90,,6762,-49.5,166,8.6
2026-07-29T09:04:15.973742,AC538F,SWA3464,32.963196,-117.572662,,,307,,1310,-35.7,419,1.8
2026-07-29T09:04:15.973742,AD0919,SWA3555,32.671245,-116.901482,,,90,,7355,-36.0,736,4.3
2026-07-29T09:04:15.973742,A1219F,N172LK,33.239639,-117.323273,,,48,,1200,-38.0,119,13.4
2026-07-29T09:04:15.973742,A05F8D,WSN10,33.711594,-116.478539,,,74,,4756,-36.1,191,0.0
2026-07-29T09:04:21.050784,A3E32A,N35HG,33.142912,-117.617443,,,283,,4772,-34.9,1140,3.8
2026-07-29T09:04:21.050784,0D0ED6,AMX646,33.18251,-116.995276,,,279,,3266,-33.2,1356,0.6
2026-07-29T09:04:21.050784,AD3C1F,ASA1557,33.016523,-117.382806,,,144,,3604,-28.5,1143,0.0
2026-07-29T09:04:21.050784,A8D5A0,UAL659,33.507889,-116.793842,,,90,,6762,-49.5,166,13.7
2026-07-29T09:04:21.050784,AC538F,SWA3464,32.963196,-117.572662,,,307,,1310,-35.7,419,6.9
2026-07-29T09:04:21.050784,AD0919,SWA3555,32.671245,-116.901482,,,90,,7355,-36.0,736,9.4
2026-07-29T09:04:21.050784,A1219F,N172LK,33.239639,-117.323273,,,48,,1200,-38.0,119,18.5
2026-07-29T09:04:21.050784,A05F8D,WSN10,33.712991,-116.472359,,,74,,4756,-35.8,223,1.1
2026-07-29T09:04:26.126750,A3E32A,N35HG,33.145477,-117.630121,,,283,,4772,-35.0,1152,0.0
2026-07-29T09:04:26.126750,0D0ED6,AMX646,33.184204,-117.007141,,,279,,3266,-49.5,1385,0.8
2026-07-29T09:04:26.126750,AD3C1F,ASA1557,33.009933,-117.377271,,,144,,3604,-28.6,1204,0.1
2026-07-29T09:04:26.126750,A8D5A0,UAL659,33.507889,-116.793842,,,90,,6762,-49.5,166,18.8
2026-07-29T09:04:26.126750,AC538F,SWA3464,32.963196,-117.572662,,,307,,1310,-35.7,419,12.0
2026-07-29T09:04:26.126750,AD0919,SWA3555,32.671245,-116.901482,,,90,,7355,-36.0,736,14.5
2026-07-29T09:04:26.126750,A1219F,N172LK,33.239639,-117.323273,,,48,,1200,-38.0,119,23.6
2026-07-29T09:04:26.126750,A05F8D,WSN10,33.715073,-116.463262,,,74,,4756,-49.5,257,0.3
2026-07-29T09:04:31.202195,A3E32A,N35HG,33.145477,-117.630121,,,283,,4772,-49.5,1157,5.1
2026-07-29T09:04:31.202195,0D0ED6,AMX646,33.185623,-117.016974,,,279,,3266,-49.5,1414,1.8
2026-07-29T09:04:31.202195,AD3C1F,ASA1557,33.003479,-117.371887,,,144,,3604,-49.5,1230,0.2
2026-07-29T09:04:31.202195,A8D5A0,UAL659,33.507889,-116.793842,,,90,,6762,-49.5,166,23.9
2026-07-29T09:04:31.202195,AC538F,SWA3464,32.963196,-117.572662,,,307,,1310,-34.7,420,17.1
2026-07-29T09:04:31.202195,AD0919,SWA3555,32.671245,-116.859162,,,90,,7355,-31.9,752,0.5
2026-07-29T09:04:31.202195,A1219F,N172LK,33.239639,-117.323273,,,48,,1200,-38.0,119,28.7
2026-07-29T09:04:31.202195,A05F8D,WSN10,33.716808,-116.455421,,,74,,4756,-49.5,289,0.3
2026-07-29T09:04:36.247463,A3E32A,N35HG,33.145477,-117.630121,,,283,,4772,-49.5,1158,10.1
2026-07-29T09:04:36.247463,0D0ED6,AMX646,33.187602,-117.031188,,,279,,3266,-49.5,1457,0.9
2026-07-29T09:04:36.247463,AD3C1F,ASA1557,32.997111,-117.366551,,,144,,3604,-33.3,1295,0.3
2026-07-29T09:04:36.247463,A8D5A0,UAL659,33.507889,-116.793842,,,90,,6762,-38.0,167,28.9
2026-07-29T09:04:36.247463,AC538F,SWA3464,32.963196,-117.572662,,,307,,1310,-34.7,420,22.1
2026-07-29T09:04:36.247463,AD0919,SWA3555,32.671245,-116.849689,,,90,,7355,-37.2,767,1.3
2026-07-29T09:04:36.247463,A1219F,N172LK,33.239639,-117.323273,,,48,,1200,-38.0,119,33.7
2026-07-29T09:04:36.247463,A05F8D,WSN10,33.71846,-116.448184,,,74,,4756,-37.1,319,0.6
2026-07-29T09:04:41.326343,A3E32A,N35HG,33.145477,-117.630121,,,283,,4772,-36.0,1160,15.2
2026-07-29T09:04:41.326343,0D0ED6,AMX646,33.189604,-117.045593,,,279,,3266,-49.5,1517,0.0
2026-07-29T09:04:41.326343,AD3C1F,ASA1557,32.990616,-117.361176,,,144,,3604,-33.8,1347,0.3
2026-07-29T09:04:41.326343,A8D5A0,UAL659,33.507889,-116.793842,,,90,,6762,-38.0,167,34.0
2026-07-29T09:04:41.326343,AC538F,SWA3464,32.963196,-117.572662,,,307,,1310,-34.7,420,27.2
2026-07-29T09:04:41.326343,AD0919,SWA3555,32.671245,-116.849689,,,90,,7355,-36.3,771,6.4
2026-07-29T09:04:41.326343,A1219F,N172LK,33.239639,-117.323273,,,48,,1200,-38.0,119,38.8
2026-07-29T09:04:41.326343,A05F8D,WSN10,33.720108,-116.440785,,,74,,4756,-35.1,348,0.8
2026-07-29T09:04:46.390383,A3E32A,N35HG,33.145477,-117.630121,,,283,,4772,-49.5,1162,20.3
2026-07-29T09:04:46.390383,0D0ED6,AMX646,33.191299,-117.057294,,,279,,3266,-49.5,1573,0.2
2026-07-29T09:04:46.390383,AD3C1F,ASA1557,32.987961,-117.358923,,,144,,3604,-49.5,1353,3.2
2026-07-29T09:04:46.390383,A8D5A0,UAL659,33.507248,-116.692053,,,90,,6762,-36.9,171,0.9
2026-07-29T09:04:46.390383,AC538F,SWA3464,32.963196,-117.572662,,,307,,1310,-34.7,420,32.3
2026-07-29T09:04:46.390383,AD0919,SWA3555,32.671245,-116.833434,,,90,,7355,-49.5,774,4.3
2026-07-29T09:04:46.390383,A1219F,N172LK,33.239639,-117.323273,,,48,,1200,-38.0,119,43.9
2026-07-29T09:04:46.390383,A05F8D,WSN10,33.720439,-116.4394,,,74,,4756,-49.5,354,5.0
2026-07-29T09:04:46.390383,A810C8,,32.9897,-117.036694,,,,,,-49.5,2,1.5
2026-07-29T09:04:51.467310,A3E32A,N35HG,33.145477,-117.630121,,,283,,4772,-49.5,1162,25.3
2026-07-29T09:04:51.467310,0D0ED6,AMX646,33.193096,-117.069416,,,279,,3266,-49.5,1621,0.2
2026-07-29T09:04:51.467310,AD3C1F,ASA1557,32.977791,-117.350408,,,144,,3604,-29.1,1380,0.3
2026-07-29T09:04:51.467310,A8D5A0,UAL659,33.507202,-116.687054,,,90,,6762,-37.1,187,4.1
2026-07-29T09:04:51.467310,AC538F,SWA3464,32.963196,-117.572662,,,307,,1310,-34.7,420,37.3
2026-07-29T09:04:51.467310,AD0919,SWA3555,32.671245,-116.833434,,,90,,7355,-49.5,774,9.3
2026-07-29T09:04:51.467310,A1219F,N172LK,33.239639,-117.323273,,,48,,1200,-38.0,119,48.9
2026-07-29T09:04:51.467310,A05F8D,WSN10,33.720439,-116.4394,,,74,,4756,-37.2,356,10.1
2026-07-29T09:04:51.467310,A810C8,,32.990479,-117.037079,,,,,,-34.2,4,5.0
2026-07-29T09:04:56.539604,A3E32A,N35HG,33.145477,-117.630121,,,283,,4772,-49.5,1162,30.4
2026-07-29T09:04:56.539604,0D0ED6,AMX646,33.194458,-117.078717,,,280,,3266,-35.5,1651,1.3
2026-07-29T09:04:56.539604,AD3C1F,ASA1557,32.971414,-117.345083,,,144,,3604,-30.2,1435,0.2
2026-07-29T09:04:56.539604,A8D5A0,UAL659,33.507111,-116.673541,,,90,,6762,-49.5,189,4.1
2026-07-29T09:04:56.539604,AC538F,SWA3464,32.963196,-117.572662,,,307,,1310,-34.7,420,42.4
2026-07-29T09:04:56.539604,AD0919,SWA3555,32.671245,-116.833434,,,90,,7355,-49.5,774,14.4
2026-07-29T09:04:56.539604,A1219F,N172LK,33.239639,-117.323273,,,48,,1200,-38.0,119,54.0
2026-07-29T09:04:56.539604,A05F8D,WSN10,33.720439,-116.4394,,,74,,4756,-37.2,356,15.2
2026-07-29T09:04:56.539604,A810C8,,32.990479,-117.037079,,,,,,-34.2,4,10.0
2026-07-29T09:05:01.589196,A3E32A,N35HG,33.145477,-117.630121,,,283,,4772,-49.5,1162,35.4
2026-07-29T09:05:01.589196,0D0ED6,AMX646,33.19654,-117.092678,,,279,,3266,-49.5,1681,0.4
2026-07-29T09:05:01.589196,AD3C1F,ASA1557,32.965851,-117.340466,,,144,,3604,-49.5,1457,0.8
2026-07-29T09:05:01.589196,A8D5A0,UAL659,33.507111,-116.673541,,,90,,6762,-49.5,189,9.1
2026-07-29T09:05:01.589196,AC538F,SWA3464,32.963196,-117.572662,,,307,,1310,-34.7,420,47.5
2026-07-29T09:05:01.589196,AD0919,SWA3555,32.671245,-116.833434,,,90,,7355,-49.5,774,19.4
2026-07-29T09:05:01.589196,A1219F,N172LK,33.239639,-117.323273,,,48,,1200,-38.0,119,59.0
2026-07-29T09:05:01.589196,A05F8D,WSN10,33.720439,-116.4394,,,74,,4756,-37.2,356,20.2
2026-07-29T09:05:01.589196,A810C8,,32.99675,-117.03988,,,,,,-49.5,5,3.2
2026-07-29T09:05:06.652458,A3E32A,N35HG,33.145477,-117.630121,,,283,,4772,-37.0,1164,40.5
2026-07-29T09:05:06.652458,0D0ED6,AMX646,33.19812,-117.103766,,,279,,3266,-49.5,1717,0.8
2026-07-29T09:05:06.652458,AD3C1F,ASA1557,32.958618,-117.334369,,,144,,3604,-49.5,1505,0.0
2026-07-29T09:05:06.652458,A8D5A0,UAL659,33.506811,-116.636745,,,90,,6762,-49.5,213,0.4
2026-07-29T09:05:06.652458,AC538F,SWA3464,32.963196,-117.572662,,,307,,1310,-34.7,420,52.5
2026-07-29T09:05:06.652458,AD0919,SWA3555,32.671245,-116.833434,,,90,,7355,-49.5,774,24.5
2026-07-29T09:05:06.652458,A05F8D,WSN10,33.720439,-116.4394,,,74,,4756,-37.2,356,25.3
2026-07-29T09:05:06.652458,A810C8,,32.99675,-117.03988,,,,,,-49.5,5,8.3
2026-07-29T09:05:06.652458,A32015,N300HV,32.913922,-117.063474,,,323,,,-49.5,17,0.2
2026-07-29T09:05:11.729342,A3E32A,N35HG,33.145477,-117.630121,,,283,,4772,-49.5,1166,45.6
2026-07-29T09:05:11.729342,0D0ED6,AMX646,33.199706,-117.114818,,,279,,3266,-49.5,1742,1.2
2026-07-29T09:05:11.729342,AD3C1F,ASA1557,32.953033,-117.3297,,,144,,3604,-49.5,1542,0.5
2026-07-29T09:05:11.729342,A8D5A0,UAL659,33.506765,-116.62957,,,90,,6762,-36.8,243,2.7
2026-07-29T09:05:11.729342,AC538F,SWA3464,32.963196,-117.572662,,,307,,1310,-34.7,420,57.6
2026-07-29T09:05:11.729342,AD0919,SWA3555,32.671245,-116.833434,,,90,,7355,-49.5,774,29.6
2026-07-29T09:05:11.729342,A05F8D,WSN10,33.720439,-116.4394,,,74,,4756,-37.2,356,30.4
2026-07-29T09:05:11.729342,A810C8,,32.99675,-117.03988,,,,,,-49.5,5,13.4
2026-07-29T09:05:11.729342,A32015,N300HV,32.915909,-117.065204,,,322,,5256,-31.7,63,0.1
2026-07-29T09:05:16.775039,A3E32A,N35HG,33.145477,-117.630121,,,283,,4772,-49.5,1166,50.6
2026-07-29T09:05:16.775039,0D0ED6,AMX646,33.200729,-117.122113,,,279,,3266,-49.5,1746,3.2
2026-07-29T09:05:16.775039,AD3C1F,ASA1557,32.946533,-117.324261,,,144,,3604,-49.5,1594,0.1
2026-07-29T09:05:16.775039,A8D5A0,UAL659,33.506765,-116.62957,,,90,,6762,-49.5,246,7.8
2026-07-29T09:05:16.775039,AC538F,SWA3464,33.017826,-117.657745,,,307,,1310,-49.5,421,0.8
2026-07-29T09:05:16.775039,AD0919,SWA3555,32.671188,-116.756488,,,90,,7355,-49.5,785,1.0
2026-07-29T09:05:16.775039,A05F8D,WSN10,33.720439,-116.4394,,,74,,4756,-37.2,356,35.4
2026-07-29T09:05:16.775039,A810C8,,32.99675,-117.03988,,,335,,,-49.5,9,18.4
2026-07-29T09:05:16.775039,A32015,N300HV,32.917832,-117.066949,,,322,,5256,-49.5,105,0.0
2026-07-29T09:05:21.837428,A3E32A,N35HG,33.145477,-117.630121,,,283,,4772,-49.5,1166,55.7
2026-07-29T09:05:21.837428,0D0ED6,AMX646,33.20343,-117.140603,,,279,,3266,-49.5,1765,0.3
2026-07-29T09:05:21.837428,AD3C1F,ASA1557,32.940582,-117.319263,,,144,,3604,-29.3,1632,0.2
2026-07-29T09:05:21.837428,A8D5A0,UAL659,33.506765,-116.62957,,,90,,6762,-49.5,246,12.8
2026-07-29T09:05:21.837428,AC538F,SWA3464,33.022476,-117.665057,,,307,,1310,-33.9,432,0.7
2026-07-29T09:05:21.837428,AD0919,SWA3555,32.671188,-116.756488,,,90,,7355,-34.9,788,6.1
2026-07-29T09:05:21.837428,A05F8D,WSN10,33.720439,-116.4394,,,74,,4756,-37.2,356,40.5
2026-07-29T09:05:21.837428,A810C8,N619GE,33.009214,-117.046098,,,335,,,-34.5,20,1.2
2026-07-29T09:05:21.837428,A32015,N300HV,32.919601,-117.068575,,,321,,5256,-26.6,156,0.3
2026-07-29T09:05:26.908663,A3E32A,N35HG,33.145477,-117.630121,,,283,,4772,-37.1,1168,60.8
2026-07-29T09:05:26.908663,0D0ED6,AMX646,33.205078,-117.152051,,,279,,3266,-32.4,1824,0.5
2026-07-29T09:05:26.908663,AD3C1F,ASA1557,32.934777,-117.314366,,,144,,3604,-49.5,1677,0.3
2026-07-29T09:05:26.908663,A8D5A0,UAL659,33.506378,-116.582849,,,90,,6762,-35.3,256,0.2
2026-07-29T09:05:26.908663,AC538F,SWA3464,33.027054,-117.672308,,,307,,1310,-49.5,445,0.6
2026-07-29T09:05:26.908663,AD0919,SWA3555,32.671188,-116.756488,,,90,,7355,-49.5,793,11.2
2026-07-29T09:05:26.908663,A05F8D,WSN10,33.720439,-116.4394,,,74,,4756,-37.2,356,45.5
2026-07-29T09:05:26.908663,A810C8,N619GE,33.01236,-117.0479,,,333,,,-29.4,40,0.4
2026-07-29T09:05:26.908663,A32015,N300HV,32.921494,-117.070312,,,322,,5256,-27.6,207,0.3
2026-07-29T09:05:31.953672,A3E32A,N35HG,33.145477,-117.630121,,,283,,4772,-37.1,1168,65.8
2026-07-29T09:05:31.953672,0D0ED6,AMX646,33.206955,-117.16463,,,279,,3266,-31.3,1868,0.2
2026-07-29T09:05:31.953672,AD3C1F,ASA1557,32.929889,-117.310218,,,144,,3604,-49.5,1701,1.1
2026-07-29T09:05:31.953672,A8D5A0,UAL659,33.506287,-116.569666,,,90,,6762,-34.4,280,0.3
2026-07-29T09:05:31.953672,AC538F,SWA3464,33.030853,-117.678241,,,307,,1310,-34.6,456,1.5
2026-07-29T09:05:31.953672,AD0919,SWA3555,32.671188,-116.756488,,,90,,7355,-49.5,794,16.2
2026-07-29T09:05:31.953672,A05F8D,WSN10,33.720439,-116.4394,,,74,,4756,-37.2,356,50.6
2026-07-29T09:05:31.953672,A810C8,N619GE,33.014969,-117.049493,,,333,,1200,-33.9,67,0.5
2026-07-29T09:05:31.953672,A32015,N300HV,32.923605,-117.072106,,,327,,5256,-29.1,263,0.0
2026-07-29T09:05:37.019173,A3E32A,N35HG,33.145477,-117.630121,,,283,,4772,-37.1,1168,70.9
2026-07-29T09:05:37.019173,0D0ED6,AMX646,33.208551,-117.175523,,,279,,3266,-49.5,1906,0.5
2026-07-29T09:05:37.019173,AD3C1F,ASA1557,32.922821,-117.304266,,,144,,3604,-49.5,1745,0.0
2026-07-29T09:05:37.019173,A8D5A0,UAL659,33.506195,-116.556702,,,90,,6762,-33.6,320,0.4
2026-07-29T09:05:37.019173,AC538F,SWA3464,33.036438,-117.686975,,,307,,1310,-49.5,457,0.4
2026-07-29T09:05:37.019173,AD0919,SWA3555,32.671188,-116.756488,,,90,,7355,-49.5,794,21.3
2026-07-29T09:05:37.019173,A05F8D,WSN10,33.720439,-116.4394,,,74,,4756,-37.2,356,55.7
2026-07-29T09:05:37.019173,A810C8,N619GE,33.017441,-117.050867,,,334,,1200,-49.5,90,0.9
2026-07-29T09:05:37.019173,A32015,N300HV,32.925746,-117.073227,,,341,,5256,-49.5,338,0.3
2026-07-29T09:05:42.092825,A3E32A,N35HG,33.145477,-117.630121,,,283,,4772,-37.1,1168,76.0
2026-07-29T09:05:42.092825,0D0ED6,AMX646,33.210297,-117.187317,,,279,,3266,-27.7,1940,0.5
2026-07-29T09:05:42.092825,AD3C1F,ASA1557,32.917879,-117.300129,,,144,,3604,-33.9,1795,0.8
2026-07-29T09:05:42.092825,A8D5A0,UAL659,33.506113,-116.544034,,,90,,6762,-49.5,377,0.6
2026-07-29T09:05:42.092825,AC538F,SWA3464,33.036438,-117.686975,,,307,,1310,-49.5,458,5.5
2026-07-29T09:05:42.092825,AD0919,SWA3555,32.671188,-116.756488,,,90,,7355,-49.5,797,26.4
2026-07-29T09:05:42.092825,A05F8D,WSN10,33.720439,-116.4394,,,74,,4756,-37.2,356,60.7
2026-07-29T09:05:42.092825,A810C8,N619GE,33.019502,-117.051983,,,335,,1200,-32.4,111,2.1
2026-07-29T09:05:42.092825,A32015,N300HV,32.927994,-117.073938,,,347,,5256,-49.5,406,0.9
2026-07-29T09:05:47.171245,A3E32A,N35HG,33.145477,-117.630121,,,283,,4772,-37.1,1168,81.0
2026-07-29T09:05:47.171245,0D0ED6,AMX646,33.212042,-117.19957,,,279,,3266,-30.8,1971,0.3
2026-07-29T09:05:47.171245,AD3C1F,ASA1557,32.911315,-117.294691,,,145,,3604,-49.5,1829,0.1
2026-07-29T09:05:47.171245,A8D5A0,UAL659,33.505973,-116.528731,,,90,,6762,-35.3,404,0.0
2026-07-29T09:05:47.171245,AC538F,SWA3464,33.036438,-117.686975,,,307,,1310,-49.5,458,10.6
2026-07-29T09:05:47.171245,AD0919,SWA3555,32.670547,-116.689322,,,90,,7355,-37.8,799,2.7
2026-07-29T09:05:47.171245,A05F8D,WSN10,33.720439,-116.4394,,,74,,4756,-37.2,356,65.8
2026-07-29T09:05:47.171245,A810C8,N619GE,33.022659,-117.053723,,,335,,1200,-49.5,129,1.2
2026-07-29T09:05:47.171245,A32015,N300HV,32.930913,-117.074573,,,350,,5256,-49.5,461,0.4
2026-07-29T09:05:52.249193,A3E32A,N35HG,33.145477,-117.630121,,,283,,4772,-37.1,1168,86.1
2026-07-29T09:05:52.249193,0D0ED6,AMX646,33.212769,-117.204401,,,279,,3266,-39.1,1987,3.2
2026-07-29T09:05:52.249193,AD3C1F,ASA1557,32.905729,-117.290039,,,145,,3604,-49.5,1898,0.2
2026-07-29T09:05:52.249193,A8D5A0,UAL659,33.505973,-116.528731,,,90,,6762,-49.5,406,5.1
2026-07-29T09:05:52.249193,AC538F,SWA3464,33.036438,-117.686975,,,307,,1310,-49.5,458,15.7
2026-07-29T09:05:52.249193,AD0919,SWA3555,32.670273,-116.67475,,,91,,7355,-36.8,807,1.6
2026-07-29T09:05:52.249193,A810C8,N619GE,33.025955,-117.055536,,,335,,1200,-49.5,138,0.2
2026-07-29T09:05:52.249193,A32015,N300HV,32.9338,-117.075021,,,353,,5256,-25.5,524,0.3
2026-07-29T09:05:57.351562,A3E32A,N35HG,33.145477,-117.630121,,,283,,4772,-37.1,1168,91.2
2026-07-29T09:05:57.351562,0D0ED6,AMX646,33.215012,-117.220056,,,279,,3266,-49.5,2037,1.6
2026-07-29T09:05:57.351562,AD3C1F,ASA1557,32.900003,-117.285331,,,145,,3604,-28.7,1967,0.0
2026-07-29T09:05:57.351562,A8D5A0,UAL659,33.505973,-116.528731,,,90,,6762,-49.5,406,10.2
2026-07-29T09:05:57.351562,AC538F,SWA3464,33.036438,-117.686975,,,307,,1310,-49.5,458,20.8
2026-07-29T09:05:57.351562,AD0919,SWA3555,32.670273,-116.67475,,,91,,7355,-36.8,807,6.7
2026-07-29T09:05:57.351562,A810C8,N619GE,33.028533,-117.05686,,,335,,1200,-49.5,165,0.3
2026-07-29T09:05:57.351562,A32015,N300HV,32.936737,-117.075421,,,354,,5256,-31.6,583,0.3
2026-07-29T09:05:57.351562,AC3F2F,,33.509697,-117.242002,,,99,,,-36.0,7,0.5
2026-07-29T09:06:02.420444,A3E32A,N35HG,33.145477,-117.630121,,,283,,4772,-37.1,1168,96.3
2026-07-29T09:06:02.420444,0D0ED6,AMX646,33.217117,-117.234939,,,279,,3266,-49.5,2065,0.1
2026-07-29T09:06:02.420444,AD3C1F,ASA1557,32.896837,-117.282696,,,144,,3604,-32.7,2011,2.3
2026-07-29T09:06:02.420444,A8D5A0,UAL659,33.505973,-116.528731,,,90,,6762,-49.5,406,15.3
2026-07-29T09:06:02.420444,AC538F,SWA3464,33.036438,-117.686975,,,307,,1310,-49.5,458,25.9
2026-07-29T09:06:02.420444,AD0919,SWA3555,32.670273,-116.67475,,,91,,7355,-36.8,807,11.8
2026-07-29T09:06:02.420444,A810C8,N619GE,33.031128,-117.058282,,,335,,1200,-49.5,178,0.4
2026-07-29T09:06:02.420444,A32015,N300HV,32.93985,-117.075806,,,353,,5256,-49.5,637,0.3
2026-07-29T09:06:02.420444,AC3F2F,,33.509371,-117.239648,,,99,,,-34.3,12,4.7
2026-07-29T09:06:02.420444,A35DAE,,32.666565,-117.203302,,,56,,,-49.5,5,1.7
2026-07-29T09:06:07.544058,A3E32A,N35HG,33.145477,-117.630121,,,283,,4772,-37.1,1168,101.4
2026-07-29T09:06:07.544058,0D0ED6,AMX646,33.218719,-117.246149,,,279,,3266,-49.5,2122,0.3
2026-07-29T09:06:07.544058,AD3C1F,ASA1557,32.889175,-117.276306,,,145,,3604,-31.5,2052,0.2
2026-07-29T09:06:07.544058,A8D5A0,UAL659,33.505973,-116.528731,,,90,,6762,-49.5,406,20.4
2026-07-29T09:06:07.544058,AC538F,SWA3464,33.064937,-117.728876,,,313,,1310,-49.5,461,1.1
2026-07-29T09:06:07.544058,AD0919,SWA3555,32.670273,-116.67475,,,91,,7355,-36.8,807,16.9
2026-07-29T09:06:07.544058,A810C8,N619GE,33.033794,-117.059719,,,335,,1200,-26.0,208,0.2
2026-07-29T09:06:07.544058,A32015,N300HV,32.942924,-117.076142,,,354,,5256,-33.3,676,0.2
2026-07-29T09:06:07.544058,AC3F2F,,33.509371,-117.239648,,,99,,,-34.3,12,9.8
2026-07-29T09:06:07.544058,A35DAE,,32.668213,-117.200391,,,56,,,-49.5,10,4.9
2026-07-29T09:06:12.593347,A3E32A,N35HG,33.145477,-117.630121,,,283,,4772,-37.1,1168,106.4
2026-07-29T09:06:12.593347,0D0ED6,AMX646,33.220422,-117.258257,,,279,,3266,-29.9,2196,0.0
2026-07-29T09:06:12.593347,AD3C1F,ASA1557,32.884175,-117.272158,,,145,,3604,-49.5,2125,0.4
2026-07-29T09:06:12.593347,A8D5A0,UAL659,33.505973,-116.528731,,,90,,6762,-37.8,407,25.4
2026-07-29T09:06:12.593347,AC538F,SWA3464,33.064937,-117.728876,,,313,,1310,-49.5,462,6.1
2026-07-29T09:06:12.593347,AD0919,SWA3555,32.670273,-116.67475,,,91,,7355,-36.8,807,21.9
2026-07-29T09:06:12.593347,A810C8,N619GE,33.036168,-117.061064,,,335,,1200,-27.2,248,0.4
2026-07-29T09:06:12.593347,A32015,N300HV,32.945903,-117.076478,,,355,,5256,-27.5,723,0.3
2026-07-29T09:06:12.593347,AC3F2F,,33.509371,-117.239648,,,99,,,-34.3,12,14.8
2026-07-29T09:06:12.593347,A35DAE,,32.668213,-117.200391,,,56,,,-49.5,10,9.9
2026-07-29T09:06:17.648257,A3E32A,N35HG,33.145477,-117.630121,,,283,,4772,-37.1,1168,111.5
2026-07-29T09:06:17.648257,0D0ED6,AMX646,33.222107,-117.269824,,,279,,3266,-49.5,2261,0.0
2026-07-29T09:06:17.648257,AD3C1F,ASA1557,32.878728,-117.26773,,,145,,3604,-49.5,2170,0.4
2026-07-29T09:06:17.648257,A8D5A0,UAL659,33.505417,-116.454803,,,90,,6762,-49.5,426,2.4
2026-07-29T09:06:17.648257,AC538F,SWA3464,33.064937,-117.728876,,,313,,1310,-49.5,462,11.2
2026-07-29T09:06:17.648257,AD0919,SWA3555,32.670273,-116.67475,,,91,,7355,-36.8,807,27.0
2026-07-29T09:06:17.648257,A810C8,N619GE,33.037192,-117.061568,,,336,,1200,-49.5,265,3.4
2026-07-29T09:06:17.648257,A32015,N300HV,32.948836,-117.076759,,,354,,5256,-32.4,779,0.3
2026-07-29T09:06:17.648257,AC3F2F,,33.509371,-117.239648,,,99,,,-34.3,12,19.9
2026-07-29T09:06:17.648257,A35DAE,,32.668213,-117.200391,,,56,,,-49.5,10,15.0
2026-07-29T09:06:22.726825,A3E32A,N35HG,33.145477,-117.630121,,,283,,4772,-37.1,1168,116.6
2026-07-29T09:06:22.726825,0D0ED6,AMX646,33.223663,-117.280701,,,279,,3266,-34.7,2275,0.3
2026-07-29T09:06:22.726825,AD3C1F,ASA1557,32.873749,-117.263617,,,145,,3604,-49.5,2193,0.5
2026-07-29T09:06:22.726825,A8D5A0,UAL659,33.50528,-116.438434,,,90,,6762,-36.1,432,1.3
2026-07-29T09:06:22.726825,AC538F,SWA3464,33.064937,-117.728876,,,313,,1310,-49.5,462,16.3
2026-07-29T09:06:22.726825,AD0919,SWA3555,32.670273,-116.67475,,,91,,7355,-36.8,807,32.0
2026-07-29T09:06:22.726825,A810C8,N619GE,33.037192,-117.061568,,,336,,1200,-49.5,265,8.5
2026-07-29T09:06:22.726825,A32015,N300HV,32.951843,-117.077124,,,354,,5256,-23.5,836,0.0
2026-07-29T09:06:22.726825,AC3F2F,,33.509371,-117.239648,,,99,,,-49.5,13,24.9
2026-07-29T09:06:22.726825,A35DAE,,32.683954,-117.172104,,,56,,,-32.4,28,1.1
2026-07-29T09:06:27.774343,0D0ED6,AMX646,33.22517,-117.291328,,,279,,3266,-49.5,2286,0.6
2026-07-29T09:06:27.774343,AD3C1F,ASA1557,32.869492,-117.260101,,,144,,3604,-33.5,2224,1.4
2026-07-29T09:06:27.774343,A8D5A0,UAL659,33.505135,-116.423352,,,90,,6762,-36.7,447,0.7
2026-07-29T09:06:27.774343,AC538F,SWA3464,33.088539,-117.754828,,,319,,1310,-49.5,469,1.1
2026-07-29T09:06:27.774343,AD0919,SWA3555,32.670273,-116.67475,,,91,,7355,-36.8,807,37.1
2026-07-29T09:06:27.774343,A810C8,N619GE,33.037192,-117.061568,,,336,,1200,-49.5,265,13.6
2026-07-29T09:06:27.774343,A32015,N300HV,32.954681,-117.077454,,,354,,5256,-49.5,890,0.1
2026-07-29T09:06:27.774343,AC3F2F,,33.509371,-117.239648,,,99,,,-49.5,13,30.0
2026-07-29T09:06:27.774343,A35DAE,LXJ316,32.687445,-117.16577,,,56,,,-49.5,69,1.9
2026-07-29T09:06:32.848230,0D0ED6,AMX646,33.225822,-117.295869,,,279,,3266,-35.9,2311,3.7
2026-07-29T09:06:32.848230,AD3C1F,ASA1557,32.865372,-117.256641,,,144,,3604,-49.5,2230,2.4
2026-07-29T09:06:32.848230,A8D5A0,UAL659,33.505135,-116.423352,,,90,,6762,-37.0,455,5.8
2026-07-29T09:06:32.848230,AC538F,SWA3464,33.088539,-117.754828,,,319,,1310,-37.4,471,6.1
2026-07-29T09:06:32.848230,AD0919,SWA3555,32.670273,-116.67475,,,91,,7355,-36.8,807,42.2
2026-07-29T09:06:32.848230,A810C8,N619GE,33.037192,-117.061568,,,336,,1200,-49.5,265,18.6
2026-07-29T09:06:32.848230,A32015,N300HV,32.957308,-117.077711,,,354,,5256,-25.3,935,0.5
2026-07-29T09:06:32.848230,AC3F2F,,33.509371,-117.239648,,,99,,,-49.5,13,35.1
2026-07-29T09:06:32.848230,A35DAE,LXJ316,32.693357,-117.155232,,,56,,,-33.3,99,0.0
2026-07-29T09:06:37.910973,0D0ED6,AMX646,33.228653,-117.315472,,,279,,3266,-49.5,2357,0.0
2026-07-29T09:06:37.910973,AD3C1F,ASA1557,32.858414,-117.250818,,,144,,3604,-49.5,2246,0.4
2026-07-29T09:06:37.910973,A8D5A0,UAL659,33.504902,-116.397232,,,90,,6762,-35.3,475,0.9
2026-07-29T09:06:37.910973,AC538F,SWA3464,33.088539,-117.754828,,,319,,1310,-37.4,471,11.2
2026-07-29T09:06:37.910973,AD0919,SWA3555,32.670273,-116.67475,,,91,,7355,-36.8,807,47.2
2026-07-29T09:06:37.910973,A810C8,N619GE,33.037192,-117.061568,,,336,,1200,-49.5,266,23.7
2026-07-29T09:06:37.910973,A32015,N300HV,32.960403,-117.077893,,,0,,5256,-19.8,987,0.1
2026-07-29T09:06:37.910973,AC3F2F,,33.509371,-117.239648,,,99,,,-49.5,13,40.1
2026-07-29T09:06:37.910973,A35DAE,LXJ316,32.697081,-117.148562,,,56,,2073,-31.3,144,0.7
2026-07-29T09:06:42.980902,0D0ED6,AMX646,33.229593,-117.321933,,,279,,3266,-34.4,2376,2.3
2026-07-29T09:06:42.980902,AD3C1F,ASA1557,32.85379,-117.246973,,,144,,3604,-49.5,2270,0.7
2026-07-29T09:06:42.980902,A8D5A0,UAL659,33.504776,-116.386633,,,90,,6762,-49.5,494,1.9
2026-07-29T09:06:42.980902,AC538F,SWA3464,33.088539,-117.754828,,,319,,1310,-37.4,471,16.3
2026-07-29T09:06:42.980902,AD0919,SWA3555,32.670273,-116.67475,,,91,,7355,-36.8,807,52.3
2026-07-29T09:06:42.980902,A810C8,N619GE,33.037192,-117.061568,,,336,,1200,-37.1,267,28.8
2026-07-29T09:06:42.980902,A32015,N300HV,32.963058,-117.077673,,,3,,5256,-49.5,1041,0.3
2026-07-29T09:06:42.980902,AC3F2F,,33.509371,-117.239648,,,99,,,-49.5,14,45.2
2026-07-29T09:06:42.980902,A35DAE,LXJ316,32.701721,-117.140186,,,56,,2073,-36.8,171,0.3
2026-07-29T09:06:42.980902,A851C3,,32.854102,-117.402649,,,307,,,-36.8,19,2.6
2026-07-29T09:06:48.029831,0D0ED6,AMX646,33.230896,-117.330634,,,280,,3266,-49.5,2386,3.3
2026-07-29T09:06:48.029831,AD3C1F,ASA1557,32.848801,-117.242798,,,144,,3604,-31.6,2284,0.6
2026-07-29T09:06:48.029831,A8D5A0,UAL659,33.504763,-116.381089,,,90,,6762,-49.5,498,4.8
2026-07-29T09:06:48.029831,AC538F,SWA3464,33.088539,-117.754828,,,319,,1310,-37.4,471,21.3
2026-07-29T09:06:48.029831,AD0919,SWA3555,32.670273,-116.67475,,,91,,7355,-36.8,807,57.3
2026-07-29T09:06:48.029831,A810C8,N619GE,33.037192,-117.061568,,,336,,1200,-37.1,267,33.8
2026-07-29T09:06:48.029831,A32015,N300HV,32.965805,-117.077454,,,4,,5256,-20.8,1103,0.4
2026-07-29T09:06:48.029831,AC3F2F,,33.509371,-117.239648,,,99,,,-49.5,14,50.2
2026-07-29T09:06:48.029831,A35DAE,LXJ316,32.702545,-117.138702,,,56,,2073,-49.5,178,4.2
2026-07-29T09:06:48.029831,A851C3,,32.858199,-117.408983,,,307,,6724,-37.9,27,2.6
2026-07-29T09:06:53.093545,0D0ED6,AMX646,33.230896,-117.330634,,,280,,3266,-49.5,2386,8.4
2026-07-29T09:06:53.093545,AD3C1F,ASA1557,32.844047,-117.238863,,,144,,3604,-49.5,2297,0.7
2026-07-29T09:06:53.093545,A8D5A0,UAL659,33.504763,-116.381089,,,90,,6762,-36.1,508,9.9
2026-07-29T09:06:53.093545,AC538F,SWA3464,33.088539,-117.754828,,,319,,1310,-37.4,471,26.4
2026-07-29T09:06:53.093545,A810C8,N619GE,33.037192,-117.061568,,,336,,1200,-37.1,267,38.9
2026-07-29T09:06:53.093545,A32015,N300HV,32.968506,-117.077234,,,5,,5256,-49.5,1162,0.5
2026-07-29T09:06:53.093545,AC3F2F,,33.509371,-117.239648,,,99,,,-49.5,14,55.3
2026-07-29T09:06:53.093545,A35DAE,LXJ316,32.710373,-117.124695,,,56,,2073,-49.5,213,0.2
2026-07-29T09:06:53.093545,A851C3,,32.862668,-117.415933,,,307,,6724,-37.1,51,2.1
2026-07-29T09:06:58.162710,0D0ED6,AMX646,33.230896,-117.330634,,,280,,3266,-49.5,2386,13.5
2026-07-29T09:06:58.162710,AD3C1F,ASA1557,32.840695,-117.23606,,,145,,3604,-49.5,2306,2.3
2026-07-29T09:06:58.162710,A8D5A0,UAL659,33.504763,-116.381089,,,90,,6762,-36.1,508,15.0
2026-07-29T09:06:58.162710,AC538F,SWA3464,33.088539,-117.754828,,,319,,1310,-37.4,471,31.5
2026-07-29T09:06:58.162710,A810C8,N619GE,33.037192,-117.061568,,,336,,1200,-37.1,267,43.9
2026-07-29T09:06:58.162710,A32015,N300HV,32.971436,-117.076849,,,6,,5256,-49.5,1201,0.3
2026-07-29T09:06:58.162710,AC3F2F,,33.509371,-117.239648,,,99,,,-49.5,14,60.4
2026-07-29T09:06:58.162710,A35DAE,LXJ316,32.713623,-117.118872,,,56,,2073,-33.7,272,1.4
2026-07-29T09:06:58.162710,A851C3,,32.862668,-117.415933,,,307,,6724,-37.1,51,7.2
2026-07-29T09:06:58.162710,A26E90,,32.885385,-117.237686,,,342,,,-33.9,12,3.6
2026-07-29T09:07:03.212250,0D0ED6,AMX646,33.236984,-117.36991,,,280,,3266,-35.3,2399,0.5
2026-07-29T09:07:03.212250,AD3C1F,ASA1557,32.840695,-117.23606,,,144,,3604,-36.1,2307,7.3
2026-07-29T09:07:03.212250,A8D5A0,UAL659,33.504763,-116.381089,,,90,,6762,-36.1,508,20.0
2026-07-29T09:07:03.212250,AC538F,SWA3464,33.088539,-117.754828,,,319,,1310,-37.4,471,36.5
2026-07-29T09:07:03.212250,A810C8,N619GE,33.037192,-117.061568,,,336,,1200,-37.1,267,49.0
2026-07-29T09:07:03.212250,A32015,N300HV,32.974254,-117.076478,,,6,,5256,-25.6,1244,0.2
2026-07-29T09:07:03.212250,AC3F2F,,33.509371,-117.239648,,,99,,,-49.5,14,65.4
2026-07-29T09:07:03.212250,A35DAE,LXJ316,32.718356,-117.110446,,,56,,2073,-49.5,318,0.9
2026-07-29T09:07:03.212250,A851C3,,32.862668,-117.415933,,,307,,6724,-37.1,51,12.2
2026-07-29T09:07:03.212250,A26E90,,32.885385,-117.237686,,,342,,,-33.9,12,8.6
2026-07-29T09:07:08.277566,0D0ED6,AMX646,33.238298,-117.378266,,,280,,3266,-36.0,2423,1.7
2026-07-29T09:07:08.277566,AD3C1F,ASA1557,32.840695,-117.23606,,,144,,3604,-36.1,2307,12.4
2026-07-29T09:07:08.277566,A8D5A0,UAL659,33.504763,-116.381089,,,90,,6762,-36.1,508,25.1
2026-07-29T09:07:08.277566,AC538F,SWA3464,33.088539,-117.754828,,,319,,1310,-37.4,471,41.6
2026-07-29T09:07:08.277566,A810C8,N619GE,33.037192,-117.061568,,,336,,1200,-37.1,267,54.1
2026-07-29T09:07:08.277566,A32015,N300HV,32.977233,-117.076142,,,5,,5256,-18.6,1296,0.0
2026-07-29T09:07:08.277566,AC3F2F,,33.509371,-117.239648,,,99,,,-49.5,14,70.5
2026-07-29T09:07:08.277566,A35DAE,LXJ316,32.723383,-117.101478,,,56,,2073,-25.4,380,0.3
2026-07-29T09:07:08.277566,A851C3,,32.862668,-117.415933,,,307,,6724,-37.1,51,17.3
2026-07-29T09:07:08.277566,A26E90,,32.892089,-117.24032,,,341,,,-49.5,18,0.1
2026-07-29T09:07:08.277566,ABB579,,33.61496,-117.888346,,,158,,,-49.5,13,0.4
2026-07-29T09:07:13.349419,0D0ED6,AMX646,33.24028,-117.390729,,,280,,3266,-49.5,2450,0.9
2026-07-29T09:07:13.349419,AD3C1F,ASA1557,32.840695,-117.23606,,,144,,3604,-36.1,2307,17.5
2026-07-29T09:07:13.349419,A8D5A0,UAL659,33.504763,-116.381089,,,90,,6762,-36.1,508,30.1
2026-07-29T09:07:13.349419,AC538F,SWA3464,33.088539,-117.754828,,,319,,1310,-37.4,471,46.6
2026-07-29T09:07:13.349419,A810C8,N619GE,33.037192,-117.061568,,,336,,1200,-37.1,267,59.1
2026-07-29T09:07:13.349419,A32015,N300HV,32.979996,-117.075806,,,5,,5256,-49.5,1345,0.1
2026-07-29T09:07:13.349419,AC3F2F,,33.509371,-117.239648,,,99,,,-49.5,14,75.6
2026-07-29T09:07:13.349419,A35DAE,LXJ316,32.727899,-117.093406,,,56,,2073,-32.8,440,0.1
2026-07-29T09:07:13.349419,A851C3,,32.862668,-117.415933,,,307,,6724,-37.1,51,22.4
2026-07-29T09:07:13.349419,A26E90,,32.892415,-117.240432,,,341,,,-37.4,19,4.6
2026-07-29T09:07:13.349419,ABB579,,33.607876,-117.88496,,,158,,,-34.8,24,1.5
2026-07-29T09:07:13.349419,A0A386,N140JP,33.217438,-116.956055,,,347,,,-49.5,29,0.3
2026-07-29T09:07:18.395176,0D0ED6,AMX646,33.241882,-117.401023,,,280,,3266,-49.5,2462,1.1
2026-07-29T09:07:18.395176,AD3C1F,ASA1557,32.840695,-117.23606,,,144,,3604,-35.0,2308,22.5
2026-07-29T09:07:18.395176,A8D5A0,UAL659,33.504763,-116.381089,,,90,,6762,-36.1,508,35.2
2026-07-29T09:07:18.395176,AC538F,SWA3464,33.088539,-117.754828,,,319,,1310,-37.4,471,51.7
2026-07-29T09:07:18.395176,A810C8,N619GE,33.037192,-117.061568,,,336,,1200,-37.1,267,64.2
2026-07-29T09:07:18.395176,A32015,N300HV,32.98254,-117.075525,,,6,,5256,-49.5,1390,0.5
2026-07-29T09:07:18.395176,AC3F2F,,33.509371,-117.239648,,,99,,,-49.5,14,80.6
2026-07-29T09:07:18.395176,A35DAE,LXJ316,32.728683,-117.09201,,,56,,2073,-34.5,448,4.3
2026-07-29T09:07:18.395176,A851C3,,32.862668,-117.415933,,,307,,6724,-37.1,51,27.4
2026-07-29T09:07:18.395176,A26E90,,32.892415,-117.240432,,,338,,,-35.5,23,9.7
2026-07-29T09:07:18.395176,ABB579,,33.607876,-117.88496,,,158,,,-49.5,26,6.6
2026-07-29T09:07:18.395176,A0A386,N140JP,33.220825,-116.956934,,,348,,,-49.5,54,0.4
2026-07-29T09:07:23.474077,0D0ED6,AMX646,33.243484,-117.411163,,,280,,3266,-33.2,2480,1.3
2026-07-29T09:07:23.474077,AD3C1F,ASA1557,32.840695,-117.23606,,,144,,3604,-35.0,2308,27.6
2026-07-29T09:07:23.474077,A8D5A0,UAL659,33.504763,-116.381089,,,90,,6762,-36.1,508,40.3
2026-07-29T09:07:23.474077,AC538F,SWA3464,33.088539,-117.754828,,,319,,1310,-37.4,471,56.8
2026-07-29T09:07:23.474077,A810C8,N619GE,33.037192,-117.061568,,,336,,1200,-37.1,267,69.3
2026-07-29T09:07:23.474077,A32015,N300HV,32.985489,-117.075092,,,7,,5256,-23.0,1440,0.3
2026-07-29T09:07:23.474077,AC3F2F,,33.509371,-117.239648,,,99,,,-49.5,14,85.7
2026-07-29T09:07:23.474077,A35DAE,LXJ316,32.73674,-117.077563,,,56,,2073,-29.3,479,0.1
2026-07-29T09:07:23.474077,A851C3,,32.862668,-117.415933,,,307,,6724,-37.1,51,32.5
2026-07-29T09:07:23.474077,A26E90,N256J,32.897964,-117.242853,,,338,,,-49.5,50,3.2
2026-07-29T09:07:23.474077,ABB579,,33.607876,-117.88496,,,158,,,-49.5,26,11.7
2026-07-29T09:07:23.474077,A0A386,N140JP,33.223122,-116.957478,,,349,,,-49.5,85,2.2
2026-07-29T09:07:28.552737,0D0ED6,AMX646,33.244492,-117.417755,,,280,,3266,-49.5,2498,3.2
2026-07-29T09:07:28.552737,AD3C1F,ASA1557,32.840695,-117.23606,,,144,,3604,-35.0,2308,32.7
2026-07-29T09:07:28.552737,A8D5A0,UAL659,33.504763,-116.381089,,,90,,6762,-36.1,508,45.4
2026-07-29T09:07:28.552737,AC538F,SWA3464,33.088539,-117.754828,,,319,,1310,-37.4,471,61.9
2026-07-29T09:07:28.552737,A810C8,N619GE,33.037192,-117.061568,,,336,,1200,-37.1,267,74.3
2026-07-29T09:07:28.552737,A32015,N300HV,32.988281,-117.074707,,,6,,5256,-26.7,1479,0.4
2026-07-29T09:07:28.552737,AC3F2F,,33.502029,-117.015051,,,99,,,-49.5,21,2.7
2026-07-29T09:07:28.552737,A35DAE,LXJ316,32.741213,-117.069584,,,56,,2073,-26.2,532,0.1
2026-07-29T09:07:28.552737,A851C3,,32.862668,-117.415933,,,307,,6724,-49.5,54,37.6
2026-07-29T09:07:28.552737,A26E90,N256J,32.901855,-117.24472,,,337,,,-49.5,65,0.0
2026-07-29T09:07:28.552737,ABB579,,33.607876,-117.88496,,,158,,,-49.5,26,16.7
2026-07-29T09:07:28.552737,A0A386,N140JP,33.223122,-116.957478,,,349,,,-49.5,85,7.2
2026-07-29T09:07:33.633082,0D0ED6,AMX646,33.244492,-117.417755,,,280,,3266,-49.5,2498,8.3
2026-07-29T09:07:33.633082,AD3C1F,ASA1557,32.840695,-117.23606,,,144,,3604,-35.0,2308,37.8
2026-07-29T09:07:33.633082,A8D5A0,UAL659,33.504763,-116.381089,,,90,,6762,-36.1,508,50.4
2026-07-29T09:07:33.633082,A810C8,N619GE,33.037192,-117.061568,,,336,,1200,-37.1,267,79.4
2026-07-29T09:07:33.633082,A32015,N300HV,32.991074,-117.074377,,,6,,5256,-49.5,1530,0.5
2026-07-29T09:07:33.633082,AC3F2F,,33.502029,-117.015051,,,91,,,-49.5,26,7.8
2026-07-29T09:07:33.633082,A35DAE,LXJ316,32.745529,-117.061853,,,56,,2073,-49.5,574,0.3
2026-07-29T09:07:33.633082,A851C3,,32.862668,-117.415933,,,307,,6724,-36.2,56,42.7
2026-07-29T09:07:33.633082,A26E90,N256J,32.901855,-117.24472,,,337,,,-49.5,65,5.2
2026-07-29T09:07:33.633082,ABB579,,33.607876,-117.88496,,,158,,,-49.5,26,21.8
2026-07-29T09:07:33.633082,A0A386,N140JP,33.223122,-116.957478,,,349,,,-49.5,85,12.3
2026-07-29T09:07:38.710463,0D0ED6,AMX646,33.244492,-117.417755,,,280,,3266,-49.5,2498,13.3
2026-07-29T09:07:38.710463,AD3C1F,ASA1557,32.807922,-117.194238,,,108,,3604,-35.1,2320,0.0
2026-07-29T09:07:38.710463,A8D5A0,UAL659,33.504763,-116.381089,,,90,,6762,-36.1,508,55.5
2026-07-29T09:07:38.710463,A810C8,N619GE,33.037192,-117.061568,,,336,,1200,-37.1,267,84.5
2026-07-29T09:07:38.710463,A32015,N300HV,32.993945,-117.073956,,,7,,5256,-49.5,1590,0.3
2026-07-29T09:07:38.710463,AC3F2F,,33.50148,-116.981873,,,91,,,-36.8,27,0.0
2026-07-29T09:07:38.710463,A35DAE,LXJ316,32.747314,-117.058667,,,56,,2073,-49.5,594,3.3
2026-07-29T09:07:38.710463,A851C3,,32.862668,-117.415933,,,307,,6724,-38.0,59,47.7
2026-07-29T09:07:38.710463,A26E90,N256J,32.906616,-117.247192,,,335,,4635,-27.6,100,0.0
2026-07-29T09:07:38.710463,ABB579,,33.607876,-117.88496,,,158,,,-49.5,26,26.9
2026-07-29T09:07:38.710463,A0A386,N140JP,33.223122,-116.957478,,,349,,,-49.5,85,17.4
2026-07-29T09:07:43.772985,0D0ED6,AMX646,33.244492,-117.417755,,,280,,3266,-49.5,2498,18.4
2026-07-29T09:07:43.772985,AD3C1F,ASA1557,32.806805,-117.189424,,,104,,3604,-37.3,2335,1.5
2026-07-29T09:07:43.772985,A8D5A0,UAL659,33.504763,-116.381089,,,90,,6762,-36.1,508,60.6
2026-07-29T09:07:43.772985,A32015,N300HV,32.996887,-117.073499,,,6,,5256,-13.5,1644,0.0
2026-07-29T09:07:43.772985,AC3F2F,,33.501434,-116.979456,,,90,,,-36.6,39,4.1
2026-07-29T09:07:43.772985,A35DAE,LXJ316,32.75448,-117.045817,,,56,,2073,-33.4,600,0.3
2026-07-29T09:07:43.772985,A851C3,,32.862668,-117.415933,,,307,,6724,-49.5,61,52.8
2026-07-29T09:07:43.772985,A26E90,N256J,32.908801,-117.248392,,,335,,4635,-27.8,176,0.4
2026-07-29T09:07:43.772985,ABB579,,33.607876,-117.88496,,,158,,,-49.5,26,31.9
2026-07-29T09:07:43.772985,A0A386,N140JP,33.223122,-116.957478,,,349,,,-49.5,85,22.4
2026-07-29T09:07:48.845886,0D0ED6,AMX646,33.244492,-117.417755,,,280,,3266,-37.4,2499,23.5
2026-07-29T09:07:48.845886,AD3C1F,ASA1557,32.805313,-117.182538,,,104,,3604,-35.4,2347,1.4
2026-07-29T09:07:48.845886,A8D5A0,UAL659,33.504763,-116.381089,,,90,,6762,-36.1,508,65.6
2026-07-29T09:07:48.845886,A32015,N300HV,32.99968,-117.073114,,,6,,5256,-49.5,1701,0.0
2026-07-29T09:07:48.845886,AC3F2F,,33.501251,-116.967206,,,90,,,-49.5,50,4.4
2026-07-29T09:07:48.845886,A35DAE,LXJ316,32.759216,-117.037408,,,56,,2073,-49.5,622,0.0
2026-07-29T09:07:48.845886,A851C3,QXE2208,32.906387,-117.483838,,,307,,6724,-49.5,74,4.3
2026-07-29T09:07:48.845886,A26E90,N256J,32.911194,-117.249719,,,334,,4635,-33.5,243,0.4
2026-07-29T09:07:48.845886,ABB579,,33.607876,-117.88496,,,158,,,-49.5,26,37.0
2026-07-29T09:07:48.845886,A0A386,N140JP,33.223122,-116.957478,,,349,,,-49.5,85,27.5
2026-07-29T09:07:53.894686,0D0ED6,AMX646,33.244492,-117.417755,,,280,,3266,-37.4,2499,28.5
2026-07-29T09:07:53.894686,AD3C1F,ASA1557,32.805313,-117.182538,,,104,,3604,-35.4,2347,6.4
2026-07-29T09:07:53.894686,A32015,N300HV,33.002231,-117.072779,,,6,,5256,-49.5,1745,0.3
2026-07-29T09:07:53.894686,AC3F2F,,33.501251,-116.967206,,,90,,,-35.9,52,9.4
2026-07-29T09:07:53.894686,A35DAE,LXJ316,32.763605,-117.029618,,,56,,2073,-27.2,683,0.3
2026-07-29T09:07:53.894686,A851C3,QXE2208,32.906387,-117.483838,,,307,,6724,-49.5,74,9.3
2026-07-29T09:07:53.894686,A26E90,N256J,32.911377,-117.249829,,,334,,4635,-49.5,246,5.0
2026-07-29T09:07:53.894686,ABB579,,33.607876,-117.88496,,,158,,,-49.5,26,42.0
2026-07-29T09:07:53.894686,A0A386,N140JP,33.223122,-116.957478,,,349,,,-49.5,85,32.6
2026-07-29T09:07:53.894686,A771AF,,33.263995,-117.773437,,,138,,,-49.5,5,0.3
2026-07-29T09:07:58.947145,0D0ED6,AMX646,33.244492,-117.417755,,,280,,3266,-37.4,2499,33.6
2026-07-29T09:07:58.947145,AD3C1F,ASA1557,32.802429,-117.170142,,,105,,3604,-33.9,2364,2.1
2026-07-29T09:07:58.947145,A32015,N300HV,33.005071,-117.072386,,,7,,5256,-23.3,1811,0.3
2026-07-29T09:07:58.947145,AC3F2F,,33.501251,-116.967206,,,90,,,-35.9,52,14.5
2026-07-29T09:07:58.947145,A35DAE,LXJ316,32.768074,-117.021603,,,56,,2073,-33.7,739,0.3
2026-07-29T09:07:58.947145,A851C3,QXE2208,32.906387,-117.483838,,,307,,6724,-49.5,74,14.4
2026-07-29T09:07:58.947145,A26E90,N256J,32.914853,-117.251811,,,334,,4635,-49.5,277,2.7
2026-07-29T09:07:58.947145,ABB579,,33.607876,-117.88496,,,158,,,-49.5,26,47.1
2026-07-29T09:07:58.947145,A0A386,N140JP,33.223122,-116.957478,,,349,,,-49.5,85,37.7
2026-07-29T09:07:58.947145,A771AF,,33.256686,-117.765702,,,138,,,-33.0,35,0.3
2026-07-29T09:08:04.056647,0D0ED6,AMX646,33.244492,-117.417755,,,280,,3266,-37.4,2499,38.7
2026-07-29T09:08:04.056647,AD3C1F,ASA1557,32.802429,-117.170142,,,104,,3604,-34.5,2368,7.2
2026-07-29T09:08:04.056647,A32015,N300HV,33.007864,-117.071938,,,7,,5256,-49.5,1862,0.3
2026-07-29T09:08:04.056647,AC3F2F,,33.501251,-116.967206,,,90,,,-35.9,52,19.6
2026-07-29T09:08:04.056647,A35DAE,LXJ316,32.772079,-117.014392,,,56,,2073,-49.5,774,1.0
2026-07-29T09:08:04.056647,A851C3,QXE2208,32.906387,-117.483838,,,307,,6724,-49.5,74,19.5
2026-07-29T09:08:04.056647,A26E90,N256J,32.917553,-117.253325,,,334,,4635,-49.5,310,1.9
2026-07-29T09:08:04.056647,ABB579,,33.607876,-117.88496,,,158,,,-49.5,26,52.2
2026-07-29T09:08:04.056647,A0A386,N140JP,33.223122,-116.957478,,,349,,,-49.5,85,42.7
2026-07-29T09:08:04.056647,A771AF,,33.250717,-117.75943,,,138,,7241,-32.4,68,1.2
2026-07-29T09:08:09.130598,0D0ED6,AMX646,33.244492,-117.417755,,,280,,3266,-37.4,2499,43.7
2026-07-29T09:08:09.130598,AD3C1F,ASA1557,32.79895,-117.154852,,,104,,3604,-36.0,2427,0.6
2026-07-29T09:08:09.130598,A32015,N300HV,33.010657,-117.071546,,,6,,5256,-49.5,1918,0.2
2026-07-29T09:08:09.130598,AC3F2F,,33.501251,-116.967206,,,90,,,-35.9,52,24.7
2026-07-29T09:08:09.130598,A35DAE,LXJ316,32.777058,-117.005516,,,56,,2073,-49.5,829,0.4
2026-07-29T09:08:09.130598,A851C3,QXE2208,32.906387,-117.483838,,,307,,6724,-49.5,74,24.6
2026-07-29T09:08:09.130598,A26E90,N256J,32.920715,-117.255157,,,334,,4635,-49.5,366,0.3
2026-07-29T09:08:09.130598,ABB579,,33.607876,-117.88496,,,158,,,-49.5,26,57.3
2026-07-29T09:08:09.130598,A0A386,N140JP,33.223122,-116.957478,,,349,,2065,-49.5,86,47.8
2026-07-29T09:08:09.130598,A771AF,,33.243256,-117.751575,,,138,,7241,-36.0,87,1.0
2026-07-29T09:08:14.192926,0D0ED6,AMX646,33.244492,-117.417755,,,280,,3266,-37.4,2499,48.8
2026-07-29T09:08:14.192926,AD3C1F,ASA1557,32.797774,-117.149403,,,104,,3604,-36.7,2439,1.5
2026-07-29T09:08:14.192926,A32015,N300HV,33.013497,-117.071209,,,6,,5256,-19.7,1971,0.0
2026-07-29T09:08:14.192926,AC3F2F,,33.501251,-116.967206,,,90,,,-35.9,52,29.8
2026-07-29T09:08:14.192926,A35DAE,LXJ316,32.781143,-116.998187,,,56,,2073,-49.5,873,1.1
2026-07-29T09:08:14.192926,A851C3,QXE2208,32.931053,-117.522265,,,307,,6724,-37.6,83,0.5
2026-07-29T09:08:14.192926,A26E90,N256J,32.922592,-117.256201,,,334,,4635,-32.4,424,1.3
2026-07-29T09:08:14.192926,ABB579,,33.607876,-117.88496,,,158,,,-38.2,27,62.4
2026-07-29T09:08:14.192926,A0A386,N140JP,33.223122,-116.957478,,,349,,2065,-49.5,86,52.9
2026-07-29T09:08:14.192926,A771AF,,33.243256,-117.751575,,,138,,7241,-49.5,90,6.1
2026-07-29T09:08:19.259101,0D0ED6,AMX646,33.244492,-117.417755,,,280,,3266,-37.4,2499,53.9
2026-07-29T09:08:19.259101,AD3C1F,ASA1557,32.797774,-117.149403,,,104,,3604,-49.5,2441,6.5
2026-07-29T09:08:19.259101,A32015,N300HV,33.016296,-117.070752,,,7,,5256,-49.5,2029,0.0
2026-07-29T09:08:19.259101,AC3F2F,,33.501251,-116.967206,,,90,,,-35.9,52,34.8
2026-07-29T09:08:19.259101,A35DAE,LXJ316,32.786453,-116.988684,,,56,,2073,-49.5,917,0.3
2026-07-29T09:08:19.259101,A851C3,QXE2208,32.935289,-117.528824,,,307,,6724,-49.5,98,0.8
2026-07-29T09:08:19.259101,A26E90,N256J,32.92543,-117.257794,,,334,,4635,-31.1,483,0.4
2026-07-29T09:08:19.259101,ABB579,,33.607876,-117.88496,,,158,,,-38.2,27,67.4
2026-07-29T09:08:19.259101,A0A386,N140JP,33.223122,-116.957478,,,349,,2065,-49.5,86,57.9
2026-07-29T09:08:19.259101,ACBE34,,32.844131,-117.386993,,,307,,,-49.5,5,1.7
2026-07-29T09:08:19.259101,A771AF,,33.228561,-117.736029,,,138,,7241,-36.4,92,0.8
2026-07-29T09:08:24.347986,0D0ED6,AMX646,33.244492,-117.417755,,,280,,3266,-37.4,2499,59.0
2026-07-29T09:08:24.347986,AD3C1F,ASA1557,32.794922,-117.13634,,,104,,3604,-49.5,2470,1.7
2026-07-29T09:08:24.347986,A32015,N300HV,33.019037,-117.070312,,,7,,5256,-49.5,2078,0.2
2026-07-29T09:08:24.347986,AC3F2F,,33.501251,-116.967206,,,90,,,-49.5,54,39.9
2026-07-29T09:08:24.347986,A35DAE,LXJ316,32.791117,-116.980292,,,56,,2073,-33.4,964,0.3
2026-07-29T09:08:24.347986,A851C3,QXE2208,32.936142,-117.5302,,,307,,6724,-35.0,100,5.0
2026-07-29T09:08:24.347986,A26E90,N256J,32.928027,-117.259266,,,334,,4635,-28.5,547,0.0
2026-07-29T09:08:24.347986,ABB579,,33.607876,-117.88496,,,158,,,-38.2,27,72.5
2026-07-29T09:08:24.347986,A0A386,N140JP,33.223122,-116.957478,,,349,,2065,-49.5,86,63.0
2026-07-29T09:08:24.347986,ACBE34,,32.846558,-117.390729,,,307,,,-38.0,19,3.7
2026-07-29T09:08:24.347986,A771AF,,33.228561,-117.736029,,,138,,7241,-36.4,92,5.9
2026-07-29T09:08:24.347986,A50C3D,,33.117783,-117.336237,,,258,,1014,-49.5,33,1.0
2026-07-29T09:08:24.347986,A5AC43,,32.922162,-116.874801,,,267,,,-49.5,10,0.8
2026-07-29T09:08:29.392253,0D0ED6,AMX646,33.244492,-117.417755,,,280,,3266,-37.4,2499,64.1
2026-07-29T09:08:29.392253,AD3C1F,ASA1557,32.793212,-117.128047,,,103,,3604,-49.5,2525,0.4
2026-07-29T09:08:29.392253,A32015,N300HV,33.021652,-117.069983,,,6,,5256,-49.5,2129,0.4
2026-07-29T09:08:29.392253,AC3F2F,,33.501251,-116.967206,,,90,,,-49.5,54,45.0
2026-07-29T09:08:29.392253,A35DAE,LXJ316,32.795772,-116.971996,,,56,,2073,-27.5,1000,0.4
2026-07-29T09:08:29.392253,A851C3,QXE2208,32.936142,-117.5302,,,307,,6724,-35.0,100,10.0
2026-07-29T09:08:29.392253,A26E90,N256J,32.930237,-117.260541,,,334,,4635,-49.5,597,0.3
2026-07-29T09:08:29.392253,ABB579,,33.607876,-117.88496,,,158,,,-38.2,27,77.6
2026-07-29T09:08:29.392253,A0A386,N140JP,33.223122,-116.957478,,,349,,2065,-49.5,86,68.1
2026-07-29T09:08:29.392253,ACBE34,,32.846558,-117.390729,,,307,,,-49.5,22,8.8
2026-07-29T09:08:29.392253,A771AF,,33.228561,-117.736029,,,138,,7241,-36.4,92,11.0
2026-07-29T09:08:29.392253,A50C3D,,33.116684,-117.342609,,,258,,1014,-49.5,37,0.7
2026-07-29T09:08:29.392253,A5AC43,AWI7106,32.921743,-116.881359,,,265,,,-33.3,32,0.6
2026-07-29T09:08:34.471321,0D0ED6,AMX646,33.244492,-117.417755,,,280,,3266,-37.4,2499,69.1
2026-07-29T09:08:34.471321,AD3C1F,ASA1557,32.791809,-117.121289,,,103,,3604,-30.7,2580,0.3
2026-07-29T09:08:34.471321,A32015,N300HV,33.024623,-117.069584,,,6,,5256,-17.9,2176,0.1
2026-07-29T09:08:34.471321,AC3F2F,,33.501251,-116.967206,,,90,,,-49.5,54,50.0
2026-07-29T09:08:34.471321,A35DAE,LXJ316,32.800427,-116.963644,,,56,,2073,-49.5,1053,0.4
2026-07-29T09:08:34.471321,A851C3,QXE2208,32.936142,-117.5302,,,307,,6724,-35.0,100,15.1
2026-07-29T09:08:34.471321,A26E90,N256J,32.932729,-117.261957,,,334,,4635,-33.1,636,0.1
2026-07-29T09:08:34.471321,ABB579,,33.607876,-117.88496,,,158,,,-38.2,27,82.6
2026-07-29T09:08:34.471321,A0A386,N140JP,33.223122,-116.957478,,,349,,2065,-49.5,86,73.1
2026-07-29T09:08:34.471321,ACBE34,,32.853882,-117.402155,,,307,,,-49.5,25,4.4
2026-07-29T09:08:34.471321,A771AF,,33.228561,-117.736029,,,138,,7241,-36.4,92,16.0
2026-07-29T09:08:34.471321,A50C3D,,33.115631,-117.348486,,,257,,1014,-35.1,72,0.8
2026-07-29T09:08:34.471321,A5AC43,AWI7106,32.921173,-116.8875,,,264,,,-49.5,50,0.7
2026-07-29T09:08:34.471321,AB1BF9,,33.29025,-117.645133,,,138,,6360,-49.5,22,2.8
2026-07-29T09:08:39.533830,0D0ED6,AMX646,33.244492,-117.417755,,,280,,3266,-37.4,2499,74.2
2026-07-29T09:08:39.533830,AD3C1F,ASA1557,32.790838,-117.116668,,,103,,3604,-49.5,2613,1.9
2026-07-29T09:08:39.533830,A32015,N300HV,33.027277,-117.069191,,,7,,5256,-17.5,2231,0.4
2026-07-29T09:08:39.533830,AC3F2F,,33.499191,-116.824438,,,90,,,-49.5,58,0.2
2026-07-29T09:08:39.533830,A35DAE,LXJ316,32.804993,-116.95545,,,56,,2073,-27.9,1084,0.6
2026-07-29T09:08:39.533830,A851C3,QXE2208,32.936142,-117.5302,,,307,,6724,-35.0,100,20.2
2026-07-29T09:08:39.533830,A26E90,N256J,32.93501,-117.263246,,,333,,4635,-31.6,700,0.4
2026-07-29T09:08:39.533830,ABB579,,33.607876,-117.88496,,,158,,,-38.2,27,87.7
2026-07-29T09:08:39.533830,A0A386,N140JP,33.223122,-116.957478,,,349,,2065,-49.5,86,78.2
2026-07-29T09:08:39.533830,ACBE34,,32.861069,-117.413525,,,307,,,-49.5,42,0.3
2026-07-29T09:08:39.533830,A771AF,,33.198395,-117.704333,,,138,,7241,-34.9,99,0.2
2026-07-29T09:08:39.533830,A50C3D,,33.114981,-117.351809,,,256,,1014,-34.6,96,3.1
2026-07-29T09:08:39.533830,A5AC43,AWI7106,32.921173,-116.8875,,,264,,,-49.5,50,5.8
2026-07-29T09:08:39.533830,AB1BF9,,33.29025,-117.645133,,,138,,6360,-49.5,25,7.9
2026-07-29T09:08:44.575485,0D0ED6,AMX646,33.244492,-117.417755,,,280,,3266,-37.4,2499,79.2
2026-07-29T09:08:44.575485,AD3C1F,ASA1557,32.789767,-117.111343,,,103,,3604,-33.0,2632,2.8
2026-07-29T09:08:44.575485,A32015,N300HV,33.030023,-117.068799,,,6,,5256,-21.9,2280,0.5
2026-07-29T09:08:44.575485,AC3F2F,,33.499177,-116.823064,,,90,,,-37.9,63,4.7
2026-07-29T09:08:44.575485,A35DAE,LXJ316,32.809708,-116.946991,,,56,,2073,-49.5,1114,0.7
2026-07-29T09:08:44.575485,A851C3,QXE2208,32.936142,-117.5302,,,307,,6724,-35.0,100,25.2
2026-07-29T09:08:44.575485,A26E90,N256J,32.936593,-117.264199,,,334,,4635,-49.5,733,2.0
2026-07-29T09:08:44.575485,ABB579,,33.607876,-117.88496,,,158,,,-38.2,27,92.8
2026-07-29T09:08:44.575485,A0A386,N140JP,33.223122,-116.957478,,,349,,2065,-49.5,86,83.3
2026-07-29T09:08:44.575485,ACBE34,,32.862717,-117.416107,,,307,,6750,-37.1,71,3.2
2026-07-29T09:08:44.575485,A771AF,AAL2954,33.19263,-117.698271,,,138,,7241,-49.5,126,1.3
2026-07-29T09:08:44.575485,A50C3D,N424U,33.114981,-117.351809,,,256,,1014,-37.4,99,8.2
2026-07-29T09:08:44.575485,A5AC43,AWI7106,32.919342,-116.900684,,,259,,,-49.5,58,0.3
2026-07-29T09:08:44.575485,AB1BF9,,33.275299,-117.629187,,,138,,6360,-49.5,30,2.1
2026-07-29T09:08:49.656115,AD3C1F,ASA1557,32.787643,-117.101184,,,103,,3604,-49.5,2653,0.0
2026-07-29T09:08:49.656115,A32015,N300HV,33.033051,-117.06839,,,6,,5256,-16.5,2332,0.0
2026-07-29T09:08:49.656115,AC3F2F,,33.498944,-116.805688,,,90,,,-36.9,71,3.2
2026-07-29T09:08:49.656115,A35DAE,LXJ316,32.814347,-116.938701,,,56,,2073,-27.3,1143,0.8
2026-07-29T09:08:49.656115,A851C3,QXE2208,32.936142,-117.5302,,,307,,6724,-35.0,100,30.3
2026-07-29T09:08:49.656115,A26E90,N256J,32.939758,-117.265992,,,334,,4635,-49.5,793,0.5
2026-07-29T09:08:49.656115,ABB579,,33.607876,-117.88496,,,158,,,-38.2,27,97.8
2026-07-29T09:08:49.656115,A0A386,N140JP,33.223122,-116.957478,,,349,,2065,-49.5,86,88.3
2026-07-29T09:08:49.656115,ACBE34,,32.867463,-117.423501,,,307,,6750,-49.5,74,2.4
2026-07-29T09:08:49.656115,A771AF,AAL2954,33.186722,-117.692029,,,138,,7241,-35.2,148,2.3
2026-07-29T09:08:49.656115,A50C3D,N424U,33.110458,-117.366229,,,240,,1014,-49.5,105,1.0
2026-07-29T09:08:49.656115,A5AC43,AWI7106,32.918251,-116.906751,,,257,,,-33.5,84,0.2
2026-07-29T09:08:49.656115,AB1BF9,,33.265457,-117.618695,,,138,,6360,-33.7,48,0.1
2026-07-29T09:08:54.732649,AD3C1F,ASA1557,32.786322,-117.094639,,,103,,3604,-49.5,2713,0.0
2026-07-29T09:08:54.732649,A32015,N300HV,33.035563,-117.068014,,,7,,5256,-16.5,2383,0.6
2026-07-29T09:08:54.732649,AC3F2F,,33.498944,-116.805688,,,90,,,-36.9,71,8.3
2026-07-29T09:08:54.732649,A35DAE,LXJ316,32.819654,-116.929172,,,56,,2073,-49.5,1190,0.3
2026-07-29T09:08:54.732649,A851C3,QXE2208,32.968109,-117.580056,,,307,,6724,-34.4,104,0.3
2026-07-29T09:08:54.732649,A26E90,N256J,32.941956,-117.267242,,,334,,4635,-34.4,836,1.1
2026-07-29T09:08:54.732649,ABB579,,33.607876,-117.88496,,,158,,,-38.2,27,102.9
2026-07-29T09:08:54.732649,A0A386,N140JP,33.223122,-116.957478,,,349,,2065,-49.5,86,93.4
2026-07-29T09:08:54.732649,ACBE34,,32.867463,-117.423501,,,307,,6750,-49.5,74,7.5
2026-07-29T09:08:54.732649,A771AF,AAL2954,33.176102,-117.680823,,,138,,7241,-49.5,162,0.0
2026-07-29T09:08:54.732649,A50C3D,N424U,33.108696,-117.36941,,,234,,1014,-35.3,119,3.1
2026-07-29T09:08:54.732649,A5AC43,AWI7106,32.917923,-116.908539,,,256,,,-37.0,99,3.7
2026-07-29T09:08:54.732649,AB1BF9,ASA1680,33.260131,-117.613071,,,138,,6360,-32.6,96,1.4
2026-07-29T09:08:59.812226,AD3C1F,ASA1557,32.785492,-117.090747,,,103,,3604,-34.1,2743,2.1
2026-07-29T09:08:59.812226,A32015,N300HV,33.038681,-117.067511,,,7,,5256,-49.5,2434,0.2
2026-07-29T09:08:59.812226,AC3F2F,,33.498944,-116.805688,,,90,,,-36.9,71,13.4
2026-07-29T09:08:59.812226,A35DAE,LXJ316,32.82431,-116.920789,,,56,,2073,-49.5,1241,0.5
2026-07-29T09:08:59.812226,A851C3,QXE2208,32.972578,-117.587006,,,307,,6724,-35.2,127,0.6
2026-07-29T09:08:59.812226,A26E90,N256J,32.944739,-117.268795,,,335,,4635,-34.6,848,0.2
2026-07-29T09:08:59.812226,ABB579,,33.607876,-117.88496,,,158,,,-38.2,27,108.0
2026-07-29T09:08:59.812226,A0A386,N140JP,33.223122,-116.957478,,,349,,2065,-49.5,86,98.5
2026-07-29T09:08:59.812226,ACBE34,,32.867463,-117.423501,,,307,,6750,-49.5,74,12.5
2026-07-29T09:08:59.812226,A771AF,AAL2954,33.169913,-117.674336,,,138,,7241,-49.5,173,1.0
2026-07-29T09:08:59.812226,A50C3D,N424U,33.103203,-117.376248,,,220,,1014,-49.5,121,1.1
2026-07-29T09:08:59.812226,A5AC43,AWI7106,32.917923,-116.908539,,,256,,,-37.0,99,8.8
2026-07-29T09:08:59.812226,AB1BF9,ASA1680,33.251705,-117.604102,,,138,,6360,-33.9,136,0.4
2026-07-29T09:08:59.812226,A9D59A,,33.254777,-117.763796,,,138,,,-34.7,11,0.5
2026-07-29T09:09:04.890377,AD3C1F,ASA1557,32.783995,-117.083485,,,103,,3604,-37.4,2771,1.3
2026-07-29T09:09:04.890377,A32015,N300HV,33.041661,-117.067061,,,6,,5256,-49.5,2482,0.1
2026-07-29T09:09:04.890377,AC3F2F,,33.498944,-116.805688,,,90,,,-36.9,71,18.4
2026-07-29T09:09:04.890377,A35DAE,LXJ316,32.829529,-116.911505,,,56,,2073,-49.5,1265,0.1
2026-07-29T09:09:04.890377,A851C3,QXE2208,32.974486,-117.589977,,,307,,6724,-35.9,139,3.5
2026-07-29T09:09:04.890377,A26E90,N256J,32.946259,-117.269604,,,335,,4635,-35.0,856,2.2
2026-07-29T09:09:04.890377,ABB579,,33.607876,-117.88496,,,158,,,-38.2,27,113.0
2026-07-29T09:09:04.890377,A0A386,N140JP,33.223122,-116.957478,,,349,,2065,-49.5,86,103.5
2026-07-29T09:09:04.890377,ACBE34,,32.867463,-117.423501,,,307,,6750,-49.5,74,17.6
2026-07-29T09:09:04.890377,A771AF,AAL2954,33.169913,-117.674336,,,138,,7241,-49.5,181,6.0
2026-07-29T09:09:04.890377,A50C3D,N424U,33.103203,-117.376248,,,218,,1014,-35.3,124,6.1
2026-07-29T09:09:04.890377,A5AC43,AWI7106,32.917923,-116.908539,,,256,,,-37.0,99,13.9
2026-07-29T09:09:04.890377,AB1BF9,ASA1680,33.244766,-117.596722,,,138,,6360,-34.9,163,0.4
2026-07-29T09:09:04.890377,A9D59A,UAL1185,33.249344,-117.758057,,,138,,6736,-33.2,24,1.4
2026-07-29T09:09:09.944594,AD3C1F,ASA1557,32.783995,-117.083485,,,103,,3604,-37.4,2771,6.4
2026-07-29T09:09:09.944594,A32015,N300HV,33.044586,-117.066687,,,6,,5256,-49.5,2530,0.0
2026-07-29T09:09:09.944594,AC3F2F,,33.498944,-116.805688,,,90,,,-36.9,71,23.5
2026-07-29T09:09:09.944594,A35DAE,LXJ316,32.832316,-116.90647,,,56,,2073,-34.6,1287,2.3
2026-07-29T09:09:09.944594,A851C3,QXE2208,32.974486,-117.589977,,,307,,6724,-49.5,145,8.6
2026-07-29T09:09:09.944594,A26E90,N256J,32.946259,-117.269604,,,335,,4635,-35.0,856,7.2
2026-07-29T09:09:09.944594,ABB579,,33.607876,-117.88496,,,158,,,-38.2,27,118.1
2026-07-29T09:09:09.944594,ACBE34,,32.867463,-117.423501,,,307,,6750,-49.5,74,22.6
2026-07-29T09:09:09.944594,A771AF,AAL2954,33.15477,-117.658356,,,138,,7241,-34.6,203,0.7
2026-07-29T09:09:09.944594,A50C3D,N424U,33.092697,-117.382928,,,197,,1014,-35.5,139,0.2
2026-07-29T09:09:09.944594,A5AC43,AWI7106,32.917923,-116.908539,,,256,,,-37.0,99,18.9
2026-07-29T09:09:09.944594,AB1BF9,ASA1680,33.238065,-117.589641,,,138,,6360,-49.5,210,0.6
2026-07-29T09:09:09.944594,A9D59A,UAL1185,33.240738,-117.749048,,,138,,6736,-37.0,35,0.7
2026-07-29T09:09:14.993744,AD3C1F,ASA1557,32.780869,-117.068665,,,104,,3604,-49.5,2781,0.0
2026-07-29T09:09:14.993744,A32015,N300HV,33.047333,-117.066248,,,7,,5256,-49.5,2569,0.4
2026-07-29T09:09:14.993744,AC3F2F,,33.498944,-116.805688,,,90,,,-36.9,71,28.5
2026-07-29T09:09:14.993744,A35DAE,LXJ316,32.838226,-116.89585,,,56,,2073,-49.5,1321,1.2
2026-07-29T09:09:14.993744,A851C3,QXE2208,32.985855,-117.607654,,,307,,6724,-36.4,175,1.5
2026-07-29T09:09:14.993744,A26E90,N256J,32.946259,-117.269604,,,335,,4635,-49.5,858,12.3
2026-07-29T09:09:14.993744,ACBE34,,32.867463,-117.423501,,,307,,6750,-36.3,79,27.7
2026-07-29T09:09:14.993744,A771AF,AAL2954,33.147537,-117.65061,,,137,,7241,-34.1,219,0.8
2026-07-29T09:09:14.993744,A50C3D,N424U,33.088725,-117.383983,,,191,,1014,-37.9,179,1.6
2026-07-29T09:09:14.993744,A5AC43,AWI7106,32.917923,-116.908539,,,256,,,-37.0,99,24.0
2026-07-29T09:09:14.993744,AB1BF9,ASA1680,33.231082,-117.582298,,,138,,6360,-35.0,228,0.5
2026-07-29T09:09:14.993744,A9D59A,UAL1185,33.240738,-117.749048,,,138,,6736,-37.0,35,5.8
2026-07-29T09:09:20.042627,AD3C1F,ASA1557,32.779712,-117.063082,,,104,,3604,-36.3,2803,0.7
2026-07-29T09:09:20.042627,A32015,N300HV,33.050273,-117.065828,,,7,,5256,-14.9,2620,0.3
2026-07-29T09:09:20.042627,AC3F2F,,33.498944,-116.805688,,,90,,,-36.9,71,33.5
2026-07-29T09:09:20.042627,A35DAE,LXJ316,32.844269,-116.885028,,,56,,2073,-27.2,1339,0.0
2026-07-29T09:09:20.042627,A851C3,QXE2208,32.990341,-117.614685,,,307,,6724,-36.9,183,1.7
2026-07-29T09:09:20.042627,A26E90,N256J,32.946259,-117.269604,,,335,,4635,-49.5,858,17.3
2026-07-29T09:09:20.042627,ACBE34,ASA753,32.892975,-117.463129,,,307,,6750,-49.5,90,1.2
2026-07-29T09:09:20.042627,A771AF,AAL2954,33.140538,-117.642891,,,137,,7241,-34.7,240,1.0
2026-07-29T09:09:20.042627,A50C3D,N424U,33.088725,-117.383983,,,191,,1014,-37.9,179,6.7
2026-07-29T09:09:20.042627,A5AC43,AWI7106,32.917923,-116.908539,,,256,,,-37.0,99,29.0
2026-07-29T09:09:20.042627,AB1BF9,ASA1680,33.229546,-117.580672,,,138,,6360,-36.0,236,4.4
2026-07-29T09:09:20.042627,A9D59A,UAL1185,33.240738,-117.749048,,,138,,6736,-37.0,35,10.8
2026-07-29T09:09:25.082046,AD3C1F,ASA1557,32.778214,-117.05603,,,104,,3604,-31.2,2848,0.3
2026-07-29T09:09:25.082046,A32015,N300HV,33.053284,-117.065369,,,6,,5256,-49.5,2665,0.0
2026-07-29T09:09:25.082046,AC3F2F,,33.498944,-116.805688,,,90,,,-36.9,71,38.6
2026-07-29T09:09:25.082046,A35DAE,LXJ316,32.849167,-116.876184,,,56,,2073,-49.5,1397,0.2
2026-07-29T09:09:25.082046,A851C3,QXE2208,32.990341,-117.614685,,,307,,6724,-35.2,184,6.8
2026-07-29T09:09:25.082046,A26E90,N256J,32.957122,-117.275297,,,337,,4635,-49.5,894,0.1
2026-07-29T09:09:25.082046,ACBE34,ASA753,32.897003,-117.469446,,,307,,6750,-49.5,97,1.2
2026-07-29T09:09:25.082046,A771AF,AAL2954,33.140538,-117.642891,,,137,,7241,-34.7,240,6.1
2026-07-29T09:09:25.082046,A50C3D,N424U,33.088725,-117.383983,,,191,,1014,-37.9,179,11.7
2026-07-29T09:09:25.082046,A5AC43,AWI7106,32.917923,-116.908539,,,256,,,-37.0,99,34.1
2026-07-29T09:09:25.082046,AB1BF9,ASA1680,33.229546,-117.580672,,,138,,6360,-36.0,236,9.5
2026-07-29T09:09:25.082046,A9D59A,UAL1185,33.240738,-117.749048,,,138,,6736,-37.0,35,15.9
2026-07-29T09:09:30.161069,AD3C1F,ASA1557,32.776978,-117.050153,,,104,,3604,-49.5,2873,0.7
2026-07-29T09:09:30.161069,A32015,N300HV,33.055999,-117.064987,,,7,,5256,-49.5,2713,0.4
2026-07-29T09:09:30.161069,AC3F2F,,33.497177,-116.692438,,,91,,,-49.5,89,0.9
2026-07-29T09:09:30.161069,A35DAE,LXJ316,32.854111,-116.86734,,,56,,2073,-49.5,1454,0.2
2026-07-29T09:09:30.161069,A851C3,QXE2208,32.990341,-117.614685,,,307,,6724,-35.2,184,11.8
2026-07-29T09:09:30.161069,A26E90,N256J,32.959403,-117.276362,,,337,,4635,-33.2,955,0.6
2026-07-29T09:09:30.161069,ACBE34,ASA753,32.901627,-117.476532,,,307,,6750,-49.5,114,0.7
2026-07-29T09:09:30.161069,A771AF,AAL2954,33.140538,-117.642891,,,137,,7241,-34.7,240,11.1
2026-07-29T09:09:30.161069,A50C3D,N424U,33.088725,-117.383983,,,153,,1014,-36.6,180,16.8
2026-07-29T09:09:30.161069,A5AC43,AWI7106,32.917923,-116.908539,,,256,,,-37.0,99,39.1
2026-07-29T09:09:30.161069,AB1BF9,ASA1680,33.229546,-117.580672,,,138,,6360,-36.0,236,14.6
2026-07-29T09:09:30.161069,A9D59A,UAL1185,33.240738,-117.749048,,,138,,6736,-37.0,35,21.0
2026-07-29T09:09:35.199935,AD3C1F,ASA1557,32.776978,-117.050153,,,104,,3604,-38.2,2875,5.7
2026-07-29T09:09:35.199935,A32015,N300HV,33.059072,-117.064483,,,7,,5256,-49.5,2761,0.0
2026-07-29T09:09:35.199935,AC3F2F,,33.496902,-116.677771,,,91,,,-36.5,99,0.5
2026-07-29T09:09:35.199935,A35DAE,LXJ316,32.858944,-116.858658,,,56,,2073,-28.6,1480,0.3
2026-07-29T09:09:35.199935,A851C3,QXE2208,32.990341,-117.614685,,,307,,6724,-35.2,184,16.9
2026-07-29T09:09:35.199935,A26E90,N256J,32.962097,-117.277679,,,338,,4635,-28.6,1008,0.2
2026-07-29T09:09:35.199935,ACBE34,ASA753,32.906101,-117.483477,,,307,,6750,-49.5,134,0.3
2026-07-29T09:09:35.199935,A771AF,AAL2954,33.140538,-117.642891,,,137,,7241,-34.7,240,16.2
2026-07-29T09:09:35.199935,A50C3D,N424U,33.088725,-117.383983,,,153,,1014,-36.6,180,21.8
2026-07-29T09:09:35.199935,A5AC43,AWI7106,32.917923,-116.908539,,,256,,,-37.0,99,44.2
2026-07-29T09:09:35.199935,AB1BF9,ASA1680,33.229546,-117.580672,,,138,,6360,-36.0,236,19.6
2026-07-29T09:09:35.199935,A9D59A,UAL1185,33.240738,-117.749048,,,138,,6736,-37.0,35,26.0
2026-07-29T09:09:40.251933,AD3C1F,ASA1557,32.776978,-117.050153,,,104,,3604,-38.2,2875,10.8
2026-07-29T09:09:40.251933,A32015,N300HV,33.061818,-117.064091,,,6,,5256,-14.4,2804,0.3
2026-07-29T09:09:40.251933,AC3F2F,,33.496756,-116.666789,,,91,,,-49.5,118,1.4
2026-07-29T09:09:40.251933,A35DAE,LXJ316,32.863925,-116.849745,,,56,,2073,-34.4,1519,0.4
2026-07-29T09:09:40.251933,A851C3,QXE2208,32.990341,-117.614685,,,307,,6724,-35.2,184,21.9
2026-07-29T09:09:40.251933,A26E90,N256J,32.964569,-117.278778,,,338,,4635,-49.5,1066,0.3
2026-07-29T09:09:40.251933,ACBE34,ASA753,32.909409,-117.488562,,,307,,6750,-34.8,164,1.4
2026-07-29T09:09:40.251933,A771AF,AAL2954,33.140538,-117.642891,,,137,,7241,-34.7,240,21.2
2026-07-29T09:09:40.251933,A50C3D,N424U,33.088725,-117.383983,,,153,,1014,-36.6,180,26.9
2026-07-29T09:09:40.251933,A5AC43,AWI7106,32.917923,-116.908539,,,256,,,-37.0,99,49.2
2026-07-29T09:09:40.251933,AB1BF9,ASA1680,33.196075,-117.545471,,,138,,6360,-49.5,245,0.0
2026-07-29T09:09:40.251933,A9D59A,UAL1185,33.240738,-117.749048,,,138,,6736,-35.9,36,31.0
2026-07-29T09:09:45.311418,AD3C1F,ASA1557,32.776978,-117.050153,,,104,,3604,-38.2,2875,15.9
2026-07-29T09:09:45.311418,A32015,N300HV,33.064682,-117.063666,,,6,,5256,-49.5,2845,0.5
2026-07-29T09:09:45.311418,AC3F2F,,33.496477,-116.651431,,,91,,,-33.2,160,0.8
2026-07-29T09:09:45.311418,A35DAE,LXJ316,32.864822,-116.848114,,,56,,2073,-36.7,1527,4.6
2026-07-29T09:09:45.311418,A851C3,QXE2208,32.990341,-117.614685,,,307,,6724,-35.2,184,27.0
2026-07-29T09:09:45.311418,A26E90,N256J,32.967224,-117.280006,,,339,,4635,-49.5,1133,0.4
2026-07-29T09:09:45.311418,ACBE34,ASA753,32.911469,-117.491803,,,307,,6750,-49.5,174,4.0
2026-07-29T09:09:45.311418,A771AF,AAL2954,33.140538,-117.642891,,,137,,7241,-34.7,240,26.3
2026-07-29T09:09:45.311418,A50C3D,N424U,33.060654,-117.368866,,,124,,1014,-35.5,187,2.9
2026-07-29T09:09:45.311418,A5AC43,AWI7106,32.917923,-116.908539,,,256,,,-37.0,99,54.3
2026-07-29T09:09:45.311418,AB1BF9,ASA1680,33.190704,-117.539868,,,138,,6360,-34.8,291,1.2
2026-07-29T09:09:45.311418,A9D59A,UAL1185,33.188952,-117.694347,,,138,,6736,-49.5,45,0.0
2026-07-29T09:09:50.382634,AD3C1F,ASA1557,32.776978,-117.050153,,,104,,3604,-38.2,2875,20.9
2026-07-29T09:09:50.382634,A32015,N300HV,33.067474,-117.063281,,,7,,5256,-18.3,2888,0.5
2026-07-29T09:09:50.382634,AC3F2F,SWA2310,33.496244,-116.637137,,,91,,,-49.5,198,0.5
2026-07-29T09:09:50.382634,A35DAE,LXJ316,32.871932,-116.83534,,,56,,2073,-33.3,1556,2.5
2026-07-29T09:09:50.382634,A851C3,QXE2208,32.990341,-117.614685,,,307,,6724,-35.2,184,32.0
2026-07-29T09:09:50.382634,A26E90,N256J,32.97011,-117.281295,,,339,,4635,-34.5,1172,0.0
2026-07-29T09:09:50.382634,ACBE34,ASA753,32.911469,-117.491803,,,307,,6750,-37.5,175,9.1
2026-07-29T09:09:50.382634,A771AF,AAL2954,33.140538,-117.642891,,,137,,7241,-34.7,240,31.3
2026-07-29T09:09:50.382634,A50C3D,N424U,33.05722,-117.360846,,,112,,1014,-49.5,197,1.7
2026-07-29T09:09:50.382634,A5AC43,AWI7106,32.917923,-116.908539,,,256,,,-37.0,99,59.4
2026-07-29T09:09:50.382634,AB1BF9,ASA1680,33.182556,-117.531299,,,138,,6360,-35.1,304,0.1
2026-07-29T09:09:50.382634,A9D59A,UAL1185,33.181824,-117.686865,,,138,,6736,-49.5,54,0.3
2026-07-29T09:09:55.445304,AD3C1F,ASA1557,32.776978,-117.050153,,,104,,3604,-38.2,2875,26.0
2026-07-29T09:09:55.445304,A32015,N300HV,33.07045,-117.062842,,,7,,5256,-49.5,2937,0.4
2026-07-29T09:09:55.445304,AC3F2F,SWA2310,33.49617,-116.632672,,,91,,6754,-49.5,209,3.9
2026-07-29T09:09:55.445304,A35DAE,LXJ316,32.879566,-116.821607,,,56,,2073,-25.3,1600,0.0
2026-07-29T09:09:55.445304,A851C3,QXE2208,32.990341,-117.614685,,,307,,6724,-37.0,195,37.1
2026-07-29T09:09:55.445304,A26E90,N256J,32.972855,-117.282568,,,338,,4635,-33.0,1215,0.2
2026-07-29T09:09:55.445304,ACBE34,ASA753,32.911469,-117.491803,,,307,,6750,-37.5,175,14.1
2026-07-29T09:09:55.445304,A771AF,AAL2954,33.090042,-117.586011,,,136,,7241,-49.5,262,1.2
2026-07-29T09:09:55.445304,A50C3D,N424U,33.055161,-117.352222,,,103,,1014,-31.1,235,0.8
2026-07-29T09:09:55.445304,AB1BF9,ASA1680,33.176651,-117.525092,,,138,,6360,-49.5,309,0.7
2026-07-29T09:09:55.445304,A9D59A,UAL1185,33.180405,-117.685327,,,138,,6736,-36.7,55,4.4
2026-07-29T09:10:00.518029,AD3C1F,ASA1557,32.776978,-117.050153,,,104,,3604,-49.5,2881,31.1
2026-07-29T09:10:00.518029,A32015,N300HV,33.073563,-117.062347,,,6,,5256,-49.5,2986,0.0
2026-07-29T09:10:00.518029,AC3F2F,SWA2310,33.495871,-116.61623,,,91,,6754,-49.5,221,2.9
2026-07-29T09:10:00.518029,A35DAE,LXJ316,32.884175,-116.813311,,,56,,2073,-49.5,1653,0.5
2026-07-29T09:10:00.518029,A851C3,QXE2208,32.990341,-117.614685,,,307,,6724,-37.0,195,42.2
2026-07-29T09:10:00.518029,A26E90,N256J,32.975697,-117.283873,,,338,,4635,-33.4,1260,0.1
2026-07-29T09:10:00.518029,ACBE34,ASA753,32.911469,-117.491803,,,307,,6750,-37.5,175,19.2
2026-07-29T09:10:00.518029,A771AF,AAL2954,33.090042,-117.586011,,,136,,7241,-49.5,262,6.3
2026-07-29T09:10:00.518029,A50C3D,N424U,33.054474,-117.344641,,,92,,1014,-33.0,275,0.9
2026-07-29T09:10:00.518029,AB1BF9,ASA1680,33.169601,-117.517731,,,138,,6360,-49.5,350,0.4
2026-07-29T09:10:00.518029,A9D59A,UAL1185,33.180405,-117.685327,,,138,,6736,-36.7,55,9.4
2026-07-29T09:10:05.566902,AD3C1F,ASA1557,32.776978,-117.050153,,,103,,3604,-35.1,2896,36.1
2026-07-29T09:10:05.566902,A32015,N300HV,33.076172,-117.062018,,,6,,5256,-21.1,3027,0.5
2026-07-29T09:10:05.566902,AC3F2F,SWA2310,33.495871,-116.61623,,,91,,6754,-49.5,226,7.9
2026-07-29T09:10:05.566902,A35DAE,LXJ316,32.889359,-116.804004,,,56,,2073,-49.5,1706,0.4
2026-07-29T09:10:05.566902,A851C3,QXE2208,32.990341,-117.614685,,,307,,6724,-37.0,195,47.2
2026-07-29T09:10:05.566902,A26E90,N256J,32.97686,-117.284434,,,338,,4635,-34.1,1272,3.2
2026-07-29T09:10:05.566902,ACBE34,ASA753,32.929982,-117.520808,,,306,,6750,-32.0,204,1.9
2026-07-29T09:10:05.566902,A771AF,AAL2954,33.090042,-117.586011,,,136,,7241,-49.5,262,11.3
2026-07-29T09:10:05.566902,A50C3D,N424U,33.054474,-117.344641,,,84,,1014,-49.5,297,5.9
2026-07-29T09:10:05.566902,AB1BF9,ASA1680,33.163055,-117.510864,,,138,,6360,-27.1,428,0.3
2026-07-29T09:10:05.566902,A9D59A,UAL1185,33.180405,-117.685327,,,138,,6736,-35.5,56,14.5
2026-07-29T09:10:05.566902,A52A99,AAL847,33.604843,-117.514474,,,253,,,-37.5,19,2.0
2026-07-29T09:10:10.616572,AD3C1F,ASA1557,32.767181,-117.003571,,,104,,3604,-35.4,2900,4.5
2026-07-29T09:10:10.616572,A32015,N300HV,33.078964,-117.061578,,,7,,5256,-49.5,3062,0.9
2026-07-29T09:10:10.616572,AC3F2F,SWA2310,33.4953,-116.583179,,,91,,6754,-36.2,239,1.0
2026-07-29T09:10:10.616572,A35DAE,LXJ316,32.89444,-116.79483,,,56,,2073,-49.5,1754,0.7
2026-07-29T09:10:10.616572,A851C3,QXE2208,32.990341,-117.614685,,,307,,6724,-37.0,195,52.6
2026-07-29T09:10:10.616572,A26E90,N256J,32.981376,-117.286564,,,338,,4635,-25.9,1316,0.0
2026-07-29T09:10:10.616572,ACBE34,ASA753,32.93541,-117.529376,,,306,,6750,-30.9,260,0.7
2026-07-29T09:10:10.616572,A771AF,AAL2954,33.066925,-117.560193,,,136,,7241,-49.5,294,0.8
2026-07-29T09:10:10.616572,A50C3D,N424U,33.054975,-117.334993,,,83,,1014,-35.0,300,4.6
2026-07-29T09:10:10.616572,AB1BF9,ASA1680,33.15683,-117.504272,,,138,,6360,-25.1,488,0.7
2026-07-29T09:10:10.616572,A9D59A,UAL1185,33.158042,-117.661724,,,138,,6736,-38.1,59,4.4
2026-07-29T09:10:10.616572,A52A99,AAL847,33.601776,-117.52675,,,253,,,-35.4,28,2.2
2026-07-29T09:10:15.947460,AD3C1F,ASA1557,32.767181,-117.003571,,,104,,3604,-35.4,2900,9.6
2026-07-29T09:10:15.947460,A32015,N300HV,33.082169,-117.061084,,,7,,5256,-21.1,3104,0.2
2026-07-29T09:10:15.947460,AC3F2F,SWA2310,33.49508,-116.56965,,,91,,6754,-36.1,271,1.0
2026-07-29T09:10:15.947460,A35DAE,LXJ316,32.894928,-116.793917,,,56,,2073,-49.5,1761,5.0
2026-07-29T09:10:15.947460,A851C3,QXE2208,32.990341,-117.614685,,,307,,6724,-37.0,195,57.7
2026-07-29T09:10:15.947460,A26E90,N256J,32.984728,-117.288133,,,338,,4635,-32.6,1383,0.2
2026-07-29T09:10:15.947460,ACBE34,ASA753,32.938688,-117.534541,,,306,,6750,-49.5,285,2.0
2026-07-29T09:10:15.947460,A771AF,AAL2954,33.058685,-117.551019,,,136,,7241,-49.5,345,0.2
2026-07-29T09:10:15.947460,A50C3D,N424U,33.054975,-117.334993,,,83,,1014,-35.0,300,9.7
2026-07-29T09:10:15.947460,AB1BF9,ASA1680,33.150454,-117.497602,,,138,,6360,-49.5,553,0.8
2026-07-29T09:10:15.947460,A9D59A,UAL1185,33.158042,-117.661724,,,138,,6736,-38.1,59,9.5
2026-07-29T09:10:15.947460,A52A99,AAL847,33.601776,-117.52675,,,253,,,-35.4,28,7.3
2026-07-29T09:10:15.947460,AD424B,,33.240005,-117.412372,,,349,,,-37.4,3,3.2
2026-07-29T09:10:21.065196,AD3C1F,ASA1557,32.767181,-117.003571,,,104,,3604,-35.4,2900,14.7
2026-07-29T09:10:21.065196,A32015,N300HV,33.085048,-117.060671,,,6,,5256,-26.8,3147,0.4
2026-07-29T09:10:21.065196,AC3F2F,SWA2310,33.494797,-116.553021,,,91,,6754,-49.5,285,0.0
2026-07-29T09:10:21.065196,A35DAE,LXJ316,32.904831,-116.776099,,,56,,2073,-34.7,1775,0.5
2026-07-29T09:10:21.065196,A851C3,QXE2208,32.990341,-117.614685,,,307,,6724,-37.0,195,62.8
2026-07-29T09:10:21.065196,A26E90,N256J,32.987847,-117.289647,,,337,,4635,-49.5,1425,0.2
2026-07-29T09:10:21.065196,ACBE34,ASA753,32.938688,-117.534541,,,306,,6750,-49.5,285,7.1
2026-07-29T09:10:21.065196,A771AF,AAL2954,33.057442,-117.549675,,,136,,7241,-49.5,362,4.5
2026-07-29T09:10:21.065196,A50C3D,N424U,33.054975,-117.334993,,,83,,1014,-35.0,300,14.8
2026-07-29T09:10:21.065196,AB1BF9,ASA1680,33.145477,-117.492407,,,138,,6360,-36.9,607,2.0
2026-07-29T09:10:21.065196,A9D59A,UAL1185,33.158042,-117.661724,,,138,,6736,-38.1,59,14.6
2026-07-29T09:10:21.065196,A52A99,AAL847,33.601776,-117.52675,,,253,,,-35.4,28,12.4
2026-07-29T09:10:21.065196,AD424B,,33.242249,-117.412921,,,341,,,-36.9,15,3.8
2026-07-29T09:10:26.156558,AD3C1F,ASA1557,32.767181,-117.003571,,,104,,3604,-35.4,2900,19.8
2026-07-29T09:10:26.156558,A32015,N300HV,33.087936,-117.06026,,,6,,5256,-25.6,3195,0.4
2026-07-29T09:10:26.156558,AC3F2F,SWA2310,33.494797,-116.553021,,,91,,6754,-49.5,286,5.1
2026-07-29T09:10:26.156558,A35DAE,LXJ316,32.905655,-116.77467,,,56,,2073,-49.5,1781,5.1
2026-07-29T09:10:26.156558,A851C3,QXE2208,32.990341,-117.614685,,,307,,6724,-37.0,195,67.9
2026-07-29T09:10:26.156558,A26E90,N256J,32.990799,-117.291083,,,337,,4635,-49.5,1462,0.4
2026-07-29T09:10:26.156558,ACBE34,ASA753,32.938688,-117.534541,,,306,,6750,-49.5,285,12.2
2026-07-29T09:10:26.156558,A771AF,AAL2954,33.043533,-117.53421,,,136,,7241,-33.4,368,0.3
2026-07-29T09:10:26.156558,A50C3D,N424U,33.054975,-117.334993,,,83,,1014,-49.5,302,19.9
2026-07-29T09:10:26.156558,AB1BF9,ASA1680,33.137373,-117.48443,,,140,,6360,-34.7,652,0.7
2026-07-29T09:10:26.156558,A9D59A,UAL1185,33.158042,-117.661724,,,138,,6736,-38.1,59,19.7
2026-07-29T09:10:26.156558,A52A99,AAL847,33.601776,-117.52675,,,253,,,-35.4,28,17.5
2026-07-29T09:10:26.156558,AD424B,,33.24542,-117.414252,,,341,,4603,-49.5,21,2.3
2026-07-29T09:10:31.234621,AD3C1F,ASA1557,32.767181,-117.003571,,,104,,3604,-35.4,2900,24.8
2026-07-29T09:10:31.234621,A32015,N300HV,33.090867,-117.059831,,,7,,5256,-25.1,3244,0.3
2026-07-29T09:10:31.234621,AC3F2F,SWA2310,33.494797,-116.553021,,,91,,6754,-49.5,286,10.2
2026-07-29T09:10:31.234621,A35DAE,LXJ316,32.915726,-116.756543,,,56,,2073,-33.4,1803,0.2
2026-07-29T09:10:31.234621,A851C3,QXE2208,32.990341,-117.614685,,,307,,6724,-37.0,195,72.9
2026-07-29T09:10:31.234621,A26E90,N256J,32.994038,-117.292617,,,337,,4635,-49.5,1530,0.0
2026-07-29T09:10:31.234621,ACBE34,ASA753,32.938688,-117.534541,,,306,,6750,-49.5,285,17.2
2026-07-29T09:10:31.234621,A771AF,AAL2954,33.043533,-117.53421,,,136,,7241,-49.5,369,5.3
2026-07-29T09:10:31.234621,A50C3D,N424U,33.060049,-117.298895,,,83,,1014,-49.5,313,1.7
2026-07-29T09:10:31.234621,AB1BF9,ASA1680,33.130483,-117.478208,,,143,,6360,-30.0,700,0.8
2026-07-29T09:10:31.234621,A9D59A,UAL1185,33.158042,-117.661724,,,138,,6736,-38.1,59,24.7
2026-07-29T09:10:31.234621,A52A99,AAL847,33.601776,-117.52675,,,253,,,-35.4,28,22.5
2026-07-29T09:10:31.234621,AD424B,,33.24542,-117.414252,,,341,,4603,-49.5,22,7.4
2026-07-29T09:10:36.298902,AD3C1F,ASA1557,32.767181,-117.003571,,,104,,3604,-35.4,2900,29.9
2026-07-29T09:10:36.298902,A32015,N300HV,33.093842,-117.059326,,,7,,5256,-49.5,3286,0.2
2026-07-29T09:10:36.298902,AC3F2F,SWA2310,33.494797,-116.553021,,,91,,6754,-49.5,286,15.2
2026-07-29T09:10:36.298902,A35DAE,LXJ316,32.921265,-116.74649,,,56,,2073,-49.5,1838,0.0
2026-07-29T09:10:36.298902,A851C3,QXE2208,32.990341,-117.614685,,,307,,6724,-37.0,195,78.0
2026-07-29T09:10:36.298902,A26E90,N256J,32.99707,-117.294104,,,337,,4635,-30.1,1560,0.3
2026-07-29T09:10:36.298902,ACBE34,ASA753,32.938688,-117.534541,,,307,,6750,-49.5,293,22.3
2026-07-29T09:10:36.298902,A771AF,AAL2954,33.043533,-117.53421,,,136,,7241,-49.5,373,10.4
2026-07-29T09:10:36.298902,A50C3D,N424U,33.061203,-117.289874,,,81,,1014,-30.0,359,0.8
2026-07-29T09:10:36.298902,AB1BF9,ASA1680,33.123001,-117.471973,,,145,,6360,-49.5,766,0.4
2026-07-29T09:10:36.298902,A9D59A,UAL1185,33.158042,-117.661724,,,138,,6736,-38.1,59,29.8
2026-07-29T09:10:36.298902,A52A99,AAL847,33.601776,-117.52675,,,253,,,-35.4,28,27.6
2026-07-29T09:10:36.298902,AD424B,,33.24542,-117.414252,,,341,,4603,-49.5,22,12.4
2026-07-29T09:10:41.376408,AD3C1F,ASA1557,32.767181,-117.003571,,,104,,3604,-35.4,2900,35.0
2026-07-29T09:10:41.376408,A32015,N300HV,33.096588,-117.058942,,,6,,5256,-49.5,3334,0.5
2026-07-29T09:10:41.376408,AC3F2F,SWA2310,33.494797,-116.553021,,,91,,6754,-49.5,286,20.3
2026-07-29T09:10:41.376408,A35DAE,LXJ316,32.926254,-116.737592,,,56,,2073,-33.2,1863,0.3
2026-07-29T09:10:41.376408,A851C3,QXE2208,32.990341,-117.614685,,,307,,6724,-37.0,195,83.0
2026-07-29T09:10:41.376408,A26E90,N256J,33.00009,-117.295588,,,337,,4635,-49.5,1618,0.4
2026-07-29T09:10:41.376408,ACBE34,ASA753,32.962709,-117.572264,,,307,,6750,-34.6,300,0.4
2026-07-29T09:10:41.376408,A771AF,AAL2954,33.022705,-117.511029,,,136,,7241,-49.5,397,1.5
2026-07-29T09:10:41.376408,A50C3D,N424U,33.062191,-117.281743,,,81,,1014,-27.9,412,0.5
2026-07-29T09:10:41.376408,AB1BF9,ASA1680,33.115633,-117.465876,,,144,,6360,-31.3,815,0.3
2026-07-29T09:10:41.376408,A9D59A,UAL1185,33.158042,-117.661724,,,138,,6736,-38.1,59,34.9
2026-07-29T09:10:41.376408,A52A99,AAL847,33.601776,-117.52675,,,253,,,-35.4,28,32.6
2026-07-29T09:10:41.376408,AD424B,,33.24542,-117.414252,,,341,,4603,-49.5,22,17.5
2026-07-29T09:10:46.415529,AD3C1F,ASA1557,32.767181,-117.003571,,,104,,3604,-35.4,2900,40.0
2026-07-29T09:10:46.415529,A32015,N300HV,33.099609,-117.058502,,,6,,5256,-25.7,3388,0.2
2026-07-29T09:10:46.415529,AC3F2F,SWA2310,33.494797,-116.553021,,,91,,6754,-49.5,286,25.3
2026-07-29T09:10:46.415529,A35DAE,LXJ316,32.928314,-116.733856,,,56,,2073,-35.4,1880,3.3
2026-07-29T09:10:46.415529,A851C3,QXE2208,32.990341,-117.614685,,,307,,6724,-37.0,195,88.1
2026-07-29T09:10:46.415529,A26E90,N256J,33.002883,-117.296934,,,337,,4635,-49.5,1678,1.0
2026-07-29T09:10:46.415529,ACBE34,ASA753,32.962709,-117.572264,,,307,,6750,-49.5,301,5.5
2026-07-29T09:10:46.415529,A771AF,AAL2954,33.01387,-117.501196,,,136,,7241,-34.0,423,0.7
2026-07-29T09:10:46.415529,A50C3D,N424U,33.063168,-117.273784,,,82,,1014,-34.3,459,0.4
2026-07-29T09:10:46.415529,AB1BF9,ASA1680,33.108743,-117.460047,,,144,,6360,-49.5,870,0.3
2026-07-29T09:10:46.415529,A9D59A,UAL1185,33.158042,-117.661724,,,138,,6736,-38.1,59,39.9
2026-07-29T09:10:46.415529,A52A99,AAL847,33.601776,-117.52675,,,253,,,-35.4,28,37.7
2026-07-29T09:10:46.415529,AD424B,,33.24542,-117.414252,,,341,,4603,-49.5,22,22.5
2026-07-29T09:10:51.525427,AD3C1F,ASA1557,32.767181,-117.003571,,,104,,3604,-35.4,2900,45.1
2026-07-29T09:10:51.525427,A32015,N300HV,33.102551,-117.058093,,,7,,5256,-49.5,3429,0.2
2026-07-29T09:10:51.525427,AC3F2F,SWA2310,33.494797,-116.553021,,,91,,6754,-49.5,286,30.5
2026-07-29T09:10:51.525427,A35DAE,LXJ316,32.928314,-116.733856,,,56,,2073,-35.9,1883,8.5
2026-07-29T09:10:51.525427,A851C3,QXE2208,32.990341,-117.614685,,,307,,6724,-37.0,195,93.2
2026-07-29T09:10:51.525427,A26E90,N256J,33.006546,-117.298718,,,337,,4635,-31.3,1732,0.3
2026-07-29T09:10:51.525427,ACBE34,ASA753,32.962709,-117.572264,,,307,,6750,-39.2,304,10.6
2026-07-29T09:10:51.525427,A771AF,AAL2954,33.006317,-117.492792,,,136,,7241,-49.5,438,0.8
2026-07-29T09:10:51.525427,A50C3D,N424U,33.063629,-117.269659,,,81,,1014,-35.1,468,2.8
2026-07-29T09:10:51.525427,AB1BF9,ASA1680,33.102319,-117.454666,,,144,,6360,-29.1,928,0.8
2026-07-29T09:10:51.525427,A9D59A,UAL1185,33.158042,-117.661724,,,138,,6736,-38.1,59,45.1
2026-07-29T09:10:51.525427,A52A99,AAL847,33.601776,-117.52675,,,253,,,-35.4,28,42.8
2026-07-29T09:10:51.525427,AD424B,,33.24542,-117.414252,,,341,,4603,-49.5,22,27.7
2026-07-29T09:10:56.575242,AD3C1F,ASA1557,32.767181,-117.003571,,,104,,3604,-35.4,2900,50.2
2026-07-29T09:10:56.575242,A32015,N300HV,33.105531,-117.057645,,,7,,5256,-29.1,3483,0.0
2026-07-29T09:10:56.575242,AC3F2F,SWA2310,33.494797,-116.553021,,,91,,6754,-37.5,295,35.5
2026-07-29T09:10:56.575242,A35DAE,LXJ316,32.941406,-116.710236,,,56,,2073,-32.1,1911,0.7
2026-07-29T09:10:56.575242,A851C3,QXE2208,33.086165,-117.75225,,,307,,6724,-35.5,196,2.3
2026-07-29T09:10:56.575242,A26E90,N256J,33.009018,-117.299982,,,337,,4635,-35.7,1776,1.2
2026-07-29T09:10:56.575242,ACBE34,ASA753,32.962709,-117.572264,,,307,,6750,-36.4,308,15.6
2026-07-29T09:10:56.575242,A771AF,AAL2954,33.001812,-117.487793,,,136,,7241,-34.8,444,2.7
2026-07-29T09:10:56.575242,A50C3D,N424U,33.065002,-117.258344,,,82,,1014,-49.5,505,0.4
2026-07-29T09:10:56.575242,AB1BF9,ASA1680,33.094666,-117.448242,,,144,,6360,-49.5,997,0.1
2026-07-29T09:10:56.575242,A9D59A,UAL1185,33.158042,-117.661724,,,138,,6736,-38.1,59,50.1
2026-07-29T09:10:56.575242,A52A99,AAL847,33.601776,-117.52675,,,253,,,-35.4,28,47.8
2026-07-29T09:10:56.575242,AD424B,,33.24542,-117.414252,,,341,,4603,-49.5,22,32.7
2026-07-29T09:11:01.636996,AD3C1F,ASA1557,32.767181,-117.003571,,,104,,3604,-35.4,2900,55.2
2026-07-29T09:11:01.636996,A32015,N300HV,33.107941,-117.057294,,,6,,5256,-31.3,3519,0.5
2026-07-29T09:11:01.636996,AC3F2F,SWA2310,33.494797,-116.553021,,,91,,6754,-37.5,295,40.6
2026-07-29T09:11:01.636996,A35DAE,LXJ316,32.946695,-116.700645,,,56,,2073,-49.5,1941,0.8
2026-07-29T09:11:01.636996,A851C3,QXE2208,33.086165,-117.75225,,,307,,6724,-35.5,196,7.4
2026-07-29T09:11:01.636996,A26E90,N256J,33.012909,-117.301904,,,336,,4635,-49.5,1809,0.2
2026-07-29T09:11:01.636996,ACBE34,ASA753,32.962709,-117.572264,,,307,,6750,-36.4,308,20.7
2026-07-29T09:11:01.636996,A771AF,AAL2954,32.990158,-117.474829,,,136,,7241,-49.5,461,0.0
2026-07-29T09:11:01.636996,A50C3D,N424U,33.065964,-117.250104,,,82,,1014,-26.5,583,0.1
2026-07-29T09:11:01.636996,AB1BF9,ASA1680,33.089951,-117.444287,,,144,,6360,-49.5,1034,1.7
2026-07-29T09:11:01.636996,A9D59A,UAL1185,33.158042,-117.661724,,,138,,6736,-38.1,59,55.2
2026-07-29T09:11:01.636996,A52A99,AAL847,33.601776,-117.52675,,,253,,,-35.4,28,52.9
2026-07-29T09:11:01.636996,AD424B,,33.24542,-117.414252,,,341,,4603,-49.5,22,37.8
2026-07-29T09:11:01.636996,ABB579,SWA575,33.265457,-117.618805,,,138,,,-49.5,10,0.4
2026-07-29T09:11:06.716011,AD3C1F,ASA1557,32.767181,-117.003571,,,104,,3604,-35.4,2900,60.3
2026-07-29T09:11:06.716011,A32015,N300HV,33.111117,-117.05686,,,7,,5256,-28.3,3567,0.2
2026-07-29T09:11:06.716011,AC3F2F,SWA2310,33.494797,-116.553021,,,91,,6754,-37.5,295,45.7
2026-07-29T09:11:06.716011,A35DAE,LXJ316,32.950884,-116.693134,,,56,,2073,-49.5,1981,1.9
2026-07-29T09:11:06.716011,A851C3,QXE2208,33.086165,-117.75225,,,307,,6724,-35.5,196,12.5
2026-07-29T09:11:06.716011,A26E90,N256J,33.015976,-117.303497,,,336,,4635,-49.5,1866,0.2
2026-07-29T09:11:06.716011,ACBE34,ASA753,32.962709,-117.572264,,,307,,6750,-36.4,308,25.8
2026-07-29T09:11:06.716011,A771AF,AAL2954,32.983337,-117.467249,,,136,,7241,-49.5,494,0.5
2026-07-29T09:11:06.716011,A50C3D,N424U,33.066879,-117.242468,,,82,,1014,-30.1,644,0.2
2026-07-29T09:11:06.716011,AB1BF9,ASA1680,33.08226,-117.43786,,,144,,6360,-34.7,1043,1.0
2026-07-29T09:11:06.716011,A9D59A,UAL1185,33.073596,-117.567388,,,136,,6736,-49.5,74,1.3
2026-07-29T09:11:06.716011,A52A99,AAL847,33.601776,-117.52675,,,253,,,-35.4,28,58.0
2026-07-29T09:11:06.716011,AD424B,,33.24542,-117.414252,,,341,,4603,-49.5,22,42.9
2026-07-29T09:11:06.716011,ABB579,SWA575,33.259323,-117.612213,,,137,,3366,-34.4,35,0.7
2026-07-29T09:11:11.788670,A32015,N300HV,33.113892,-117.056415,,,7,,5256,-30.0,3612,0.4
2026-07-29T09:11:11.788670,AC3F2F,SWA2310,33.494797,-116.553021,,,91,,6754,-37.5,295,50.7
2026-07-29T09:11:11.788670,A35DAE,LXJ316,32.957355,-116.681419,,,56,,2073,-49.5,2017,0.8
2026-07-29T09:11:11.788670,A851C3,QXE2208,33.086165,-117.75225,,,307,,6724,-35.5,196,17.5
2026-07-29T09:11:11.788670,A26E90,N256J,33.019037,-117.305005,,,336,,4635,-49.5,1925,0.4
2026-07-29T09:11:11.788670,ACBE34,ASA753,32.962709,-117.572264,,,307,,6750,-36.4,308,30.9
2026-07-29T09:11:11.788670,A771AF,AAL2954,32.975464,-117.458514,,,136,,7241,-28.1,520,0.3
2026-07-29T09:11:11.788670,A50C3D,N424U,33.067245,-117.239392,,,82,,1014,-49.5,682,3.2
2026-07-29T09:11:11.788670,AB1BF9,ASA1680,33.073929,-117.430939,,,145,,6360,-49.5,1066,0.0
2026-07-29T09:11:11.788670,A9D59A,UAL1185,33.066238,-117.559094,,,136,,6736,-33.8,80,1.2
2026-07-29T09:11:11.788670,AD424B,,33.24542,-117.414252,,,341,,4603,-49.5,22,47.9
2026-07-29T09:11:11.788670,ABBF11,,33.118472,-117.336058,,,257,,,-32.2,27,1.2
2026-07-29T09:11:11.788670,ABB579,SWA575,33.25231,-117.604663,,,138,,3366,-35.1,67,0.2
2026-07-29T09:11:16.873102,A32015,N300HV,33.115723,-117.056195,,,6,,5256,-49.5,3633,2.2
2026-07-29T09:11:16.873102,AC3F2F,SWA2310,33.494797,-116.553021,,,91,,6754,-49.5,297,55.8
2026-07-29T09:11:16.873102,A35DAE,LXJ316,32.962615,-116.671946,,,56,,2073,-30.4,2052,0.9
2026-07-29T09:11:16.873102,A851C3,QXE2208,33.086165,-117.75225,,,307,,6724,-35.5,196,22.6
2026-07-29T09:11:16.873102,A26E90,N256J,33.021923,-117.306519,,,336,,4635,-49.5,1973,1.0
2026-07-29T09:11:16.873102,ACBE34,ASA753,32.962709,-117.572264,,,307,,6750,-36.4,308,35.9
2026-07-29T09:11:16.873102,A771AF,AAL2954,32.967728,-117.45,,,136,,7241,-32.9,539,0.3
2026-07-29T09:11:16.873102,A50C3D,N424U,33.068665,-117.227142,,,82,,1014,-28.6,759,0.3
2026-07-29T09:11:16.873102,AB1BF9,ASA1680,33.067405,-117.425518,,,145,,6360,-49.5,1093,0.2
2026-07-29T09:11:16.873102,A9D59A,UAL1185,33.066238,-117.559094,,,136,,6736,-33.8,80,6.3
2026-07-29T09:11:16.873102,AD424B,,33.24542,-117.414252,,,341,,4603,-49.5,22,53.0
2026-07-29T09:11:16.873102,ABBF11,,33.117215,-117.342785,,,257,,4630,-49.5,54,0.5
2026-07-29T09:11:16.873102,ABB579,SWA575,33.245979,-117.597937,,,138,,3366,-36.2,83,0.2
2026-07-29T09:11:21.913137,A32015,N300HV,33.115723,-117.056195,,,6,,5256,-49.5,3633,7.3
2026-07-29T09:11:21.913137,AC3F2F,SWA2310,33.494797,-116.553021,,,91,,6754,-49.5,298,60.8
2026-07-29T09:11:21.913137,A35DAE,LXJ316,32.96876,-116.660848,,,56,,2073,-49.5,2066,0.1
2026-07-29T09:11:21.913137,A851C3,QXE2208,33.086165,-117.75225,,,307,,6724,-35.5,196,27.6
2026-07-29T09:11:21.913137,A26E90,N256J,33.025681,-117.308441,,,336,,4635,-49.5,1977,0.0
2026-07-29T09:11:21.913137,ACBE34,ASA753,32.962709,-117.572264,,,307,,6750,-36.4,308,41.0
2026-07-29T09:11:21.913137,A771AF,AAL2954,32.963104,-117.444836,,,137,,7241,-49.5,562,2.2
2026-07-29T09:11:21.913137,A50C3D,N424U,33.06958,-117.219177,,,81,,1014,-25.5,863,0.2
2026-07-29T09:11:21.913137,AB1BF9,ASA1680,33.065964,-117.424347,,,145,,6360,-49.5,1110,4.1
2026-07-29T09:11:21.913137,A9D59A,UAL1185,33.066238,-117.559094,,,136,,6736,-33.8,80,11.3
2026-07-29T09:11:21.913137,AD424B,,33.24542,-117.414252,,,341,,4603,-49.5,22,58.0
2026-07-29T09:11:21.913137,ABBF11,EJA856,33.116135,-117.348486,,,257,,4630,-33.0,84,0.7
2026-07-29T09:11:21.913137,ABB579,SWA575,33.239741,-117.591266,,,138,,3366,-35.7,103,0.2
2026-07-29T09:11:26.964264,A32015,N300HV,33.122569,-117.057252,,,342,,5256,-49.5,3645,0.1
2026-07-29T09:11:26.964264,AC3F2F,SWA2310,33.494797,-116.553021,,,91,,6754,-49.5,298,65.9
2026-07-29T09:11:26.964264,A35DAE,LXJ316,32.970978,-116.656842,,,56,,2073,-34.1,2080,3.0
2026-07-29T09:11:26.964264,A851C3,QXE2208,33.086165,-117.75225,,,307,,6724,-35.5,196,32.7
2026-07-29T09:11:26.964264,A26E90,N256J,33.028859,-117.310106,,,336,,4635,-34.0,2035,0.0
2026-07-29T09:11:26.964264,ACBE34,ASA753,32.962709,-117.572264,,,307,,6750,-49.5,309,46.0
2026-07-29T09:11:26.964264,A771AF,AAL2954,32.953079,-117.43374,,,136,,7241,-26.4,588,0.6
2026-07-29T09:11:26.964264,A50C3D,N424U,33.070496,-117.211267,,,82,,1014,-30.9,924,0.0
2026-07-29T09:11:26.964264,AB1BF9,ASA1680,33.054382,-117.414679,,,144,,6360,-30.3,1152,0.5
2026-07-29T09:11:26.964264,A9D59A,UAL1185,33.044687,-117.534989,,,136,,6736,-36.7,87,1.7
2026-07-29T09:11:26.964264,AD424B,,33.24542,-117.414252,,,341,,4603,-49.5,22,63.1
2026-07-29T09:11:26.964264,ABBF11,EJA856,33.115677,-117.350793,,,257,,4630,-49.5,94,3.7
2026-07-29T09:11:26.964264,ABB579,SWA575,33.23735,-117.588757,,,138,,3366,-33.9,120,3.4
2026-07-29T09:11:32.018160,A32015,N300HV,33.125316,-117.058373,,,339,,5256,-30.8,3680,0.3
2026-07-29T09:11:32.018160,AC3F2F,SWA2310,33.494797,-116.553021,,,91,,6754,-49.5,298,71.0
2026-07-29T09:11:32.018160,A35DAE,LXJ316,32.970978,-116.656842,,,56,,2073,-36.3,2083,8.1
2026-07-29T09:11:32.018160,A851C3,QXE2208,33.086165,-117.75225,,,307,,6724,-35.5,196,37.8
2026-07-29T09:11:32.018160,A26E90,N256J,33.031746,-117.311619,,,336,,4635,-27.9,2108,0.5
2026-07-29T09:11:32.018160,ACBE34,ASA753,32.962709,-117.572264,,,307,,6750,-49.5,309,51.1
2026-07-29T09:11:32.018160,A771AF,AAL2954,32.945251,-117.425116,,,137,,7241,-28.4,636,0.5
2026-07-29T09:11:32.018160,A50C3D,N424U,33.071315,-117.204054,,,82,,1014,-49.5,1005,0.4
2026-07-29T09:11:32.018160,AB1BF9,ASA1680,33.047104,-117.408636,,,144,,6360,-49.5,1213,0.0
2026-07-29T09:11:32.018160,A9D59A,UAL1185,33.044687,-117.534989,,,136,,6736,-36.7,87,6.8
2026-07-29T09:11:32.018160,ABBF11,EJA856,33.113724,-117.361226,,,257,,4630,-31.6,104,0.0
2026-07-29T09:11:32.018160,ABB579,SWA575,33.228973,-117.579913,,,138,,3366,-49.5,141,1.8
2026-07-29T09:11:37.096412,A32015,N300HV,33.128062,-117.059662,,,337,,5256,-31.8,3723,0.3
2026-07-29T09:11:37.096412,AC3F2F,SWA2310,33.494797,-116.553021,,,91,,6754,-49.5,298,76.0
2026-07-29T09:11:37.096412,A35DAE,LXJ316,32.983517,-116.634335,,,55,,2073,-33.9,2104,1.4
2026-07-29T09:11:37.096412,A851C3,QXE2208,33.086165,-117.75225,,,307,,6724,-35.5,196,42.8
2026-07-29T09:11:37.096412,A26E90,N256J,33.035144,-117.313413,,,336,,4635,-29.5,2167,0.1
2026-07-29T09:11:37.096412,ACBE34,ASA753,32.962709,-117.572264,,,307,,6750,-49.5,309,56.1
2026-07-29T09:11:37.096412,A771AF,AAL2954,32.937943,-117.416998,,,136,,7241,-49.5,657,0.6
2026-07-29T09:11:37.096412,A50C3D,N424U,33.072199,-117.196375,,,82,,1014,-25.7,1088,0.4
2026-07-29T09:11:37.096412,AB1BF9,ASA1680,33.040649,-117.403253,,,144,,6360,-49.5,1281,0.3
2026-07-29T09:11:37.096412,A9D59A,UAL1185,33.02916,-117.517676,,,136,,6736,-32.3,103,1.2
2026-07-29T09:11:37.096412,ABBF11,EJA856,33.11256,-117.367504,,,257,,4630,-29.5,144,0.1
2026-07-29T09:11:37.096412,ABB579,SWA575,33.228973,-117.579913,,,138,,3366,-49.5,146,6.8
2026-07-29T09:11:42.159892,A32015,N300HV,33.130966,-117.061084,,,337,,5256,-49.5,3778,0.2
2026-07-29T09:11:42.159892,AC3F2F,SWA2310,33.494797,-116.553021,,,91,,6754,-49.5,298,81.1
2026-07-29T09:11:42.159892,A35DAE,LXJ316,32.990407,-116.622956,,,52,,2073,-49.5,2126,0.5
2026-07-29T09:11:42.159892,A851C3,QXE2208,33.086165,-117.75225,,,307,,6724,-35.5,196,47.9
2026-07-29T09:11:42.159892,A26E90,N256J,33.038263,-117.315039,,,336,,4635,-49.5,2226,0.2
2026-07-29T09:11:42.159892,ACBE34,ASA753,32.962709,-117.572264,,,307,,6750,-49.5,309,61.2
2026-07-29T09:11:42.159892,A771AF,AAL2954,32.933707,-117.412346,,,137,,7241,-32.6,679,2.9
2026-07-29T09:11:42.159892,A50C3D,N424U,33.07313,-117.188359,,,82,,1014,-24.8,1163,0.3
2026-07-29T09:11:42.159892,AB1BF9,ASA1680,33.035294,-117.398694,,,144,,6360,-35.5,1331,1.2
2026-07-29T09:11:42.159892,A9D59A,UAL1185,33.021835,-117.509546,,,136,,6736,-49.5,118,1.3
2026-07-29T09:11:42.159892,ABBF11,EJA856,33.111303,-117.37395,,,257,,4630,-49.5,182,0.2
2026-07-29T09:11:42.159892,ABB579,SWA575,33.228973,-117.579913,,,138,,3366,-49.5,146,11.9
2026-07-29T09:11:47.236177,A32015,N300HV,33.13385,-117.062512,,,337,,5256,-49.5,3822,0.0
2026-07-29T09:11:47.236177,AC3F2F,SWA2310,33.494797,-116.553021,,,91,,6754,-49.5,298,86.2
2026-07-29T09:11:47.236177,A35DAE,LXJ316,32.993683,-116.61795,,,51,,2073,-49.5,2145,2.8
2026-07-29T09:11:47.236177,A851C3,QXE2208,33.086165,-117.75225,,,307,,6724,-35.5,196,53.0
2026-07-29T09:11:47.236177,A26E90,N256J,33.041199,-117.316626,,,336,,4635,-34.6,2272,0.6
2026-07-29T09:11:47.236177,ACBE34,ASA753,33.024628,-117.667804,,,307,,6750,-49.5,310,1.5
2026-07-29T09:11:47.236177,A771AF,AAL2954,32.92286,-117.400351,,,137,,7241,-49.5,717,0.8
2026-07-29T09:11:47.236177,A50C3D,N424U,33.074062,-117.180288,,,82,,1014,-49.5,1254,0.2
2026-07-29T09:11:47.236177,AB1BF9,ASA1680,33.027183,-117.391831,,,144,,6360,-31.8,1384,0.0
2026-07-29T09:11:47.236177,A9D59A,UAL1185,33.021835,-117.509546,,,136,,6736,-49.5,118,6.3
2026-07-29T09:11:47.236177,ABBF11,EJA856,33.110001,-117.380731,,,256,,4630,-33.3,219,0.2
2026-07-29T09:11:47.236177,ABB579,SWA575,33.228973,-117.579913,,,138,,3366,-49.5,146,17.0
2026-07-29T09:11:47.236177,A52A99,,33.544053,-117.756958,,,253,,,-49.5,10,0.9
2026-07-29T09:11:52.318688,A32015,N300HV,33.136597,-117.063885,,,336,,5256,-33.7,3867,0.1
2026-07-29T09:11:52.318688,AC3F2F,SWA2310,33.494797,-116.553021,,,91,,6754,-49.5,298,91.3
2026-07-29T09:11:52.318688,A35DAE,LXJ316,33.003023,-116.605355,,,47,,2073,-35.1,2167,0.9
2026-07-29T09:11:52.318688,A851C3,QXE2208,33.086165,-117.75225,,,307,,6724,-35.5,196,58.1
2026-07-29T09:11:52.318688,A26E90,N256J,33.04184,-117.316956,,,335,,4635,-36.4,2276,4.6
2026-07-29T09:11:52.318688,ACBE34,ASA753,33.024628,-117.667804,,,307,,6750,-49.5,310,6.6
2026-07-29T09:11:52.318688,A771AF,AAL2954,32.913922,-117.390485,,,137,,7241,-28.2,747,0.0
2026-07-29T09:11:52.318688,A50C3D,N424U,33.074936,-117.172705,,,82,,1014,-23.2,1335,0.5
2026-07-29T09:11:52.318688,AB1BF9,ASA1680,33.021606,-117.387048,,,144,,6360,-49.5,1422,0.8
2026-07-29T09:11:52.318688,A9D59A,UAL1185,33.006363,-117.492352,,,137,,6736,-32.7,127,0.9
2026-07-29T09:11:52.318688,ABBF11,EJA856,33.108902,-117.386224,,,256,,4630,-49.5,249,1.3
2026-07-29T09:11:52.318688,ABB579,SWA575,33.228973,-117.579913,,,138,,3366,-49.5,146,22.1
2026-07-29T09:11:52.318688,A52A99,,33.544053,-117.756958,,,253,,,-37.1,11,6.0
2026-07-29T09:11:57.396688,A32015,N300HV,33.139235,-117.065268,,,336,,5256,-49.5,3886,0.5
2026-07-29T09:11:57.396688,AC3F2F,SWA2310,33.494797,-116.553021,,,91,,6754,-49.5,298,96.3
2026-07-29T09:11:57.396688,A35DAE,LXJ316,33.005862,-116.601936,,,43,,2073,-49.5,2173,3.9
2026-07-29T09:11:57.396688,A26E90,N256J,33.047928,-117.320142,,,335,,4635,-49.5,2302,0.2
2026-07-29T09:11:57.396688,ACBE34,ASA753,33.024628,-117.667804,,,307,,6750,-49.5,310,11.6
2026-07-29T09:11:57.396688,A771AF,AAL2954,32.906204,-117.38194,,,136,,7241,-49.5,786,0.0
2026-07-29T09:11:57.396688,A50C3D,N424U,33.075943,-117.163916,,,82,,1014,-24.3,1424,0.0
2026-07-29T09:11:57.396688,AB1BF9,ASA1680,33.014282,-117.380896,,,144,,6360,-28.2,1492,0.2
2026-07-29T09:11:57.396688,A9D59A,UAL1185,32.997803,-117.482904,,,137,,6736,-49.5,146,0.2
2026-07-29T09:11:57.396688,ABBF11,EJA856,33.108902,-117.386224,,,256,,4630,-35.4,256,6.4
2026-07-29T09:11:57.396688,ABB579,SWA575,33.196494,-117.545808,,,138,,3366,-34.9,163,1.2
2026-07-29T09:11:57.396688,A52A99,AAL847,33.537552,-117.782611,,,253,,,-49.5,18,0.2
2026-07-29T09:12:02.476551,A32015,N300HV,33.140445,-117.065884,,,336,,5256,-49.5,3894,3.4
2026-07-29T09:12:02.476551,AC3F2F,SWA2310,33.494797,-116.553021,,,91,,6754,-49.5,298,101.4
2026-07-29T09:12:02.476551,A35DAE,LXJ316,33.005862,-116.601936,,,43,,2073,-36.6,2175,9.0
2026-07-29T09:12:02.476551,A26E90,N256J,33.051065,-117.321765,,,335,,4635,-49.5,2354,0.3
2026-07-29T09:12:02.476551,ACBE34,ASA753,33.024628,-117.667804,,,307,,6750,-49.5,310,16.7
2026-07-29T09:12:02.476551,A771AF,AAL2954,32.899887,-117.374963,,,137,,7241,-49.5,842,0.9
2026-07-29T09:12:02.476551,A50C3D,N424U,33.076813,-117.156061,,,82,,1014,-49.5,1501,0.0
2026-07-29T09:12:02.476551,AB1BF9,ASA1680,33.009959,-117.377257,,,144,,6360,-49.5,1533,1.9
2026-07-29T09:12:02.476551,A9D59A,UAL1185,32.990112,-117.47439,,,137,,6736,-49.5,153,0.1
2026-07-29T09:12:02.476551,ABBF11,EJA856,33.108902,-117.386224,,,256,,4630,-35.4,256,11.5
2026-07-29T09:12:02.476551,ABB579,SWA575,33.189423,-117.538385,,,138,,3366,-33.9,196,0.7
2026-07-29T09:12:02.476551,A52A99,AAL847,33.535126,-117.792279,,,253,,,-49.5,25,1.3
2026-07-29T09:12:07.549167,A32015,N300HV,33.140445,-117.065884,,,336,,5256,-49.5,3894,8.5
2026-07-29T09:12:07.549167,AC3F2F,SWA2310,33.494797,-116.553021,,,91,,6754,-49.5,298,106.5
2026-07-29T09:12:07.549167,A35DAE,LXJ316,33.005862,-116.601936,,,43,,2073,-36.6,2175,14.1
2026-07-29T09:12:07.549167,A26E90,N256J,33.054291,-117.323492,,,336,,4635,-49.5,2406,0.3
2026-07-29T09:12:07.549167,ACBE34,ASA753,33.024628,-117.667804,,,307,,6750,-49.5,310,21.8
2026-07-29T09:12:07.549167,A771AF,AAL2954,32.890778,-117.364911,,,137,,7241,-33.1,875,0.0
2026-07-29T09:12:07.549167,A50C3D,N424U,33.077739,-117.148002,,,82,,1014,-49.5,1598,0.0
2026-07-29T09:12:07.549167,AB1BF9,ASA1680,33.00119,-117.369965,,,144,,6360,-49.5,1562,0.1
2026-07-29T09:12:07.549167,A9D59A,UAL1185,32.984024,-117.467688,,,137,,6736,-33.1,168,1.0
2026-07-29T09:12:07.549167,ABBF11,EJA856,33.104691,-117.407208,,,256,,4630,-49.5,278,1.6
2026-07-29T09:12:07.549167,ABB579,SWA575,33.187044,-117.535886,,,138,,3366,-35.3,204,3.8
2026-07-29T09:12:07.549167,A52A99,AAL847,33.533249,-117.79964,,,253,,,-35.7,28,3.2
2026-07-29T09:12:12.644031,A32015,N300HV,33.140445,-117.065884,,,336,,5256,-49.5,3894,13.6
2026-07-29T09:12:12.644031,AC3F2F,SWA2310,33.494797,-116.553021,,,91,,6754,-49.5,298,111.6
2026-07-29T09:12:12.644031,A35DAE,LXJ316,33.035339,-116.573621,,,33,,2073,-49.5,2202,0.6
2026-07-29T09:12:12.644031,A26E90,N256J,33.056168,-117.324481,,,336,,4635,-49.5,2429,2.4
2026-07-29T09:12:12.644031,ACBE34,ASA753,33.024628,-117.667804,,,307,,6750,-49.5,310,26.9
2026-07-29T09:12:12.644031,A771AF,AAL2954,32.883197,-117.356518,,,136,,7241,-49.5,922,0.2
2026-07-29T09:12:12.644031,A50C3D,N424U,33.078644,-117.14024,,,82,,1014,-28.5,1700,0.3
2026-07-29T09:12:12.644031,AB1BF9,ASA1680,32.99469,-117.364526,,,144,,6360,-26.9,1640,0.1
2026-07-29T09:12:12.644031,A9D59A,UAL1185,32.976425,-117.459283,,,137,,6736,-32.7,176,1.0
2026-07-29T09:12:12.644031,ABBF11,EJA856,33.102691,-117.416942,,,256,,4630,-28.8,320,0.0
2026-07-29T09:12:12.644031,ABB579,SWA575,33.187044,-117.535886,,,138,,3366,-35.3,204,8.9
2026-07-29T09:12:12.644031,A52A99,AAL847,33.533249,-117.79964,,,253,,,-35.7,28,8.3
2026-07-29T09:12:17.728892,A32015,N300HV,33.140445,-117.065884,,,336,,5256,-49.5,3894,18.6
2026-07-29T09:12:17.728892,AC3F2F,SWA2310,33.494797,-116.553021,,,91,,6754,-49.5,298,116.7
2026-07-29T09:12:17.728892,A35DAE,LXJ316,33.037033,-116.572357,,,32,,2073,-36.9,2211,4.6
2026-07-29T09:12:17.728892,A26E90,N256J,33.056168,-117.324481,,,336,,4635,-49.5,2429,7.5
2026-07-29T09:12:17.728892,ACBE34,ASA753,33.024628,-117.667804,,,307,,6750,-49.5,310,31.9
2026-07-29T09:12:17.728892,A771AF,AAL2954,32.880249,-117.353265,,,136,,7241,-32.0,943,3.3
2026-07-29T09:12:17.728892,A50C3D,N424U,33.079559,-117.131946,,,82,,1014,-49.5,1790,0.0
2026-07-29T09:12:17.728892,AB1BF9,ASA1680,32.988373,-117.359253,,,144,,6360,-49.5,1705,0.2
2026-07-29T09:12:17.728892,A9D59A,UAL1185,32.969179,-117.451303,,,137,,6736,-49.5,178,1.2
2026-07-29T09:12:17.728892,ABBF11,EJA856,33.101166,-117.424292,,,256,,4630,-49.5,374,0.0
2026-07-29T09:12:17.728892,ABB579,SWA575,33.170929,-117.519049,,,138,,3366,-49.5,229,1.1
2026-07-29T09:12:17.728892,A52A99,AAL847,33.533249,-117.79964,,,253,,,-35.7,28,13.4
2026-07-29T09:12:22.793063,A32015,N300HV,33.140445,-117.065884,,,336,,5256,-49.5,3894,23.7
2026-07-29T09:12:22.793063,A35DAE,LXJ316,33.037033,-116.572357,,,32,,2073,-36.9,2211,9.7
2026-07-29T09:12:22.793063,A26E90,N256J,33.056168,-117.324481,,,336,,4635,-49.5,2429,12.6
2026-07-29T09:12:22.793063,ACBE34,ASA753,33.024628,-117.667804,,,307,,6750,-49.5,310,37.0
2026-07-29T09:12:22.793063,A771AF,AAL2954,32.867509,-117.339197,,,136,,7241,-49.5,978,0.0
2026-07-29T09:12:22.793063,A50C3D,N424U,33.080486,-117.124123,,,82,,1014,-23.9,1883,0.2
2026-07-29T09:12:22.793063,AB1BF9,ASA1680,32.981964,-117.35387,,,144,,6360,-31.2,1724,0.2
2026-07-29T09:12:22.793063,A9D59A,UAL1185,32.964706,-117.446375,,,137,,6736,-34.1,183,3.3
2026-07-29T09:12:22.793063,ABBF11,EJA856,33.100571,-117.427203,,,256,,4630,-49.5,394,3.2
2026-07-29T09:12:22.793063,ABB579,SWA575,33.164474,-117.512292,,,138,,3366,-28.6,283,1.0
2026-07-29T09:12:22.793063,A52A99,AAL847,33.533249,-117.79964,,,253,,,-35.7,28,18.5
2026-07-29T09:12:27.861614,A32015,N300HV,33.140445,-117.065884,,,336,,5256,-49.5,3894,28.8
2026-07-29T09:12:27.861614,A35DAE,LXJ316,33.037033,-116.572357,,,32,,2073,-35.6,2212,14.8
2026-07-29T09:12:27.861614,A26E90,N256J,33.056168,-117.324481,,,336,,4635,-49.5,2429,17.6
2026-07-29T09:12:27.861614,ACBE34,ASA753,33.024628,-117.667804,,,307,,6750,-49.5,310,42.1
2026-07-29T09:12:27.861614,A771AF,AAL2954,32.860886,-117.331897,,,137,,7241,-49.5,1017,0.7
2026-07-29T09:12:27.861614,A50C3D,N424U,33.08137,-117.116108,,,82,,1014,-49.5,1989,0.3
2026-07-29T09:12:27.861614,AB1BF9,ASA1680,32.975929,-117.348782,,,144,,6360,-31.4,1763,0.4
2026-07-29T09:12:27.861614,A9D59A,UAL1185,32.953125,-117.433575,,,137,,6736,-30.2,196,0.5
2026-07-29T09:12:27.861614,ABBF11,EJA856,33.100571,-117.427203,,,256,,4630,-49.5,394,8.2
2026-07-29T09:12:27.861614,ABB579,SWA575,33.157018,-117.504497,,,138,,3366,-49.5,342,0.0
2026-07-29T09:12:27.861614,A52A99,AAL847,33.533249,-117.79964,,,253,,,-35.7,28,23.5
2026-07-29T09:12:32.911597,A32015,N300HV,33.140445,-117.065884,,,336,,5256,-49.5,3894,33.8
2026-07-29T09:12:32.911597,A35DAE,LXJ316,33.071268,-116.551993,,,22,,2073,-49.5,2218,0.7
2026-07-29T09:12:32.911597,A26E90,N256J,33.056168,-117.324481,,,336,,4635,-49.5,2429,22.7
2026-07-29T09:12:32.911597,ACBE34,ASA753,33.024628,-117.667804,,,307,,6750,-36.4,312,47.1
2026-07-29T09:12:32.911597,A771AF,AAL2954,32.852875,-117.323053,,,137,,7241,-49.5,1070,0.4
2026-07-29T09:12:32.911597,A50C3D,N424U,33.082115,-117.109381,,,82,,1014,-17.3,2079,0.8
2026-07-29T09:12:32.911597,AB1BF9,ASA1680,32.971507,-117.345083,,,144,,6360,-49.5,1817,1.8
2026-07-29T09:12:32.911597,A9D59A,UAL1185,32.944926,-117.424566,,,137,,6736,-27.1,215,0.1
2026-07-29T09:12:32.911597,ABBF11,EJA856,33.100571,-117.427203,,,256,,4630,-49.5,394,13.3
2026-07-29T09:12:32.911597,ABB579,SWA575,33.151108,-117.498285,,,138,,3366,-49.5,389,0.3
2026-07-29T09:12:32.911597,A52A99,AAL847,33.533249,-117.79964,,,253,,,-35.7,28,28.6
2026-07-29T09:12:37.975166,A32015,N300HV,33.140445,-117.065884,,,336,,5256,-49.5,3894,38.9
2026-07-29T09:12:37.975166,A35DAE,LXJ316,33.076675,-116.549396,,,22,,2073,-34.7,2224,3.0
2026-07-29T09:12:37.975166,A26E90,N256J,33.073288,-117.333325,,,336,,4635,-49.5,2441,0.3
2026-07-29T09:12:37.975166,ACBE34,ASA753,33.024628,-117.667804,,,307,,6750,-49.5,314,52.2
2026-07-29T09:12:37.975166,A771AF,AAL2954,32.845537,-117.314983,,,137,,7241,-28.8,1120,0.8
2026-07-29T09:12:37.975166,A50C3D,N424U,33.083221,-117.099536,,,82,,1014,-49.5,2150,0.1
2026-07-29T09:12:37.975166,AB1BF9,ASA1680,32.963333,-117.338214,,,144,,6360,-49.5,1837,0.2
2026-07-29T09:12:37.975166,A9D59A,UAL1185,32.938065,-117.416986,,,137,,6736,-49.5,233,0.5
2026-07-29T09:12:37.975166,ABBF11,EJA856,33.100571,-117.427203,,,256,,4630,-49.5,394,18.3
2026-07-29T09:12:37.975166,ABB579,SWA575,33.145157,-117.492078,,,138,,3366,-49.5,418,0.5
2026-07-29T09:12:37.975166,A52A99,AAL847,33.533249,-117.79964,,,253,,,-35.7,28,33.6
2026-07-29T09:12:43.013140,A32015,N300HV,33.140445,-117.065884,,,336,,5256,-49.5,3894,44.0
2026-07-29T09:12:43.013140,A35DAE,LXJ316,33.087524,-116.544122,,,22,,2073,-49.5,2230,2.3
2026-07-29T09:12:43.013140,A26E90,N256J,33.076343,-117.334881,,,336,,4635,-34.8,2472,0.6
2026-07-29T09:12:43.013140,ACBE34,ASA753,33.024628,-117.667804,,,307,,6750,-49.5,314,57.3
2026-07-29T09:12:43.013140,A771AF,AAL2954,32.837902,-117.306631,,,137,,7241,-26.5,1172,0.9
2026-07-29T09:12:43.013140,A50C3D,N424U,33.084183,-117.091132,,,82,,1014,-23.2,2247,0.0
2026-07-29T09:12:43.013140,AB1BF9,ASA1680,32.957495,-117.333312,,,144,,6360,-49.5,1905,0.4
2026-07-29T09:12:43.013140,A9D59A,UAL1185,32.930557,-117.408691,,,137,,6736,-34.6,239,0.7
2026-07-29T09:12:43.013140,ABBF11,EJA856,33.094126,-117.458309,,,256,,4630,-35.9,396,2.1
2026-07-29T09:12:43.013140,ABB579,SWA575,33.141129,-117.488013,,,140,,3366,-36.6,447,2.4
2026-07-29T09:12:43.013140,A52A99,AAL847,33.533249,-117.79964,,,253,,,-35.7,28,38.8
2026-07-29T09:12:48.238673,A32015,N300HV,33.140445,-117.065884,,,336,,5256,-49.5,3894,49.1
2026-07-29T09:12:48.238673,A35DAE,LXJ316,33.087524,-116.544122,,,22,,2073,-49.5,2234,7.5
2026-07-29T09:12:48.238673,A26E90,N256J,33.078003,-117.335687,,,336,,4635,-49.5,2477,3.0
2026-07-29T09:12:48.238673,ACBE34,ASA753,33.024628,-117.667804,,,307,,6750,-49.5,314,62.5
2026-07-29T09:12:48.238673,A771AF,AAL2954,32.829483,-117.297345,,,137,,7241,-26.7,1216,0.5
2026-07-29T09:12:48.238673,A50C3D,N424U,33.085007,-117.083716,,,82,,1014,-18.3,2340,0.5
2026-07-29T09:12:48.238673,AB1BF9,ASA1680,32.952026,-117.328711,,,144,,6360,-49.5,1942,0.9
2026-07-29T09:12:48.238673,A9D59A,UAL1185,32.922999,-117.400351,,,137,,6736,-33.6,255,0.8
2026-07-29T09:12:48.238673,ABBF11,EJA856,33.094126,-117.458309,,,256,,4630,-35.9,396,7.2
2026-07-29T09:12:48.238673,ABB579,SWA575,33.131833,-117.479385,,,140,,3366,-49.5,462,0.4
2026-07-29T09:12:48.238673,A52A99,AAL847,33.533249,-117.79964,,,253,,,-35.7,28,43.9
2026-07-29T09:12:53.279715,A32015,N300HV,33.140445,-117.065884,,,336,,5256,-49.5,3894,54.2
2026-07-29T09:12:53.279715,A35DAE,LXJ316,33.110326,-116.532823,,,22,,2073,-49.5,2273,0.2
2026-07-29T09:12:53.279715,A26E90,N256J,33.078003,-117.335687,,,336,,4635,-49.5,2478,8.0
2026-07-29T09:12:53.279715,ACBE34,ASA753,33.024628,-117.667804,,,307,,6750,-49.5,314,67.5
2026-07-29T09:12:53.279715,A771AF,AAL2954,32.820923,-117.287952,,,137,,7241,-24.5,1271,0.0
2026-07-29T09:12:53.279715,A50C3D,N424U,33.085932,-117.075413,,,82,,1014,-22.8,2443,0.5
2026-07-29T09:12:53.279715,AB1BF9,ASA1680,32.945526,-117.323273,,,144,,6360,-49.5,1994,0.3
2026-07-29T09:12:53.279715,A9D59A,UAL1185,32.915268,-117.391827,,,137,,6736,-30.0,271,0.8
2026-07-29T09:12:53.279715,ABBF11,EJA856,33.094126,-117.458309,,,256,,4630,-49.5,398,12.3
2026-07-29T09:12:53.279715,ABB579,SWA575,33.125015,-117.473676,,,145,,3366,-49.5,517,0.3
2026-07-29T09:12:53.279715,A52A99,AAL847,33.533249,-117.79964,,,253,,,-35.7,28,48.9
2026-07-29T09:12:58.333135,A32015,N300HV,33.140445,-117.065884,,,336,,5256,-37.7,3895,59.2
2026-07-29T09:12:58.333135,A35DAE,LXJ316,33.11945,-116.528227,,,22,,2073,-33.0,2316,0.2
2026-07-29T09:12:58.333135,A26E90,N256J,33.078003,-117.335687,,,336,,4635,-49.5,2478,13.0
2026-07-29T09:12:58.333135,ACBE34,ASA753,33.024628,-117.667804,,,307,,6750,-49.5,314,72.5
2026-07-29T09:12:58.333135,A771AF,AAL2954,32.813183,-117.279389,,,137,,7241,-49.5,1330,0.0
2026-07-29T09:12:58.333135,A50C3D,N424U,33.086975,-117.066467,,,82,,1014,-49.5,2533,0.0
2026-07-29T09:12:58.333135,AB1BF9,ASA1680,32.940084,-117.318682,,,144,,6360,-49.5,2029,0.6
2026-07-29T09:12:58.333135,A9D59A,UAL1185,32.907917,-117.383759,,,137,,6736,-49.5,281,1.0
2026-07-29T09:12:58.333135,ABBF11,EJA856,33.089563,-117.480506,,,256,,4630,-37.2,403,2.4
2026-07-29T09:12:58.333135,ABB579,SWA575,33.12364,-117.472547,,,145,,3366,-35.6,536,4.3
2026-07-29T09:12:58.333135,A52A99,AAL847,33.533249,-117.79964,,,253,,,-35.7,28,54.0
2026-07-29T09:13:03.370748,A32015,N300HV,33.140445,-117.065884,,,336,,5256,-37.7,3895,64.3
2026-07-29T09:13:03.370748,A35DAE,LXJ316,33.121124,-116.527368,,,22,,2073,-49.5,2325,4.5
2026-07-29T09:13:03.370748,A26E90,N256J,33.078003,-117.335687,,,336,,4635,-49.5,2478,18.1
2026-07-29T09:13:03.370748,ACBE34,ASA753,33.024628,-117.667804,,,307,,6750,-49.5,314,77.6
2026-07-29T09:13:03.370748,A771AF,AAL2954,32.805771,-117.271198,,,137,,7241,-25.7,1395,0.3
2026-07-29T09:13:03.370748,A50C3D,N424U,33.087891,-117.058173,,,82,,1014,-49.5,2622,0.0
2026-07-29T09:13:03.370748,AB1BF9,ASA1680,32.933945,-117.31355,,,144,,6360,-49.5,2073,0.2
2026-07-29T09:13:03.370748,A9D59A,UAL1185,32.898746,-117.373614,,,137,,6736,-49.5,293,0.0
2026-07-29T09:13:03.370748,ABBF11,EJA856,33.089563,-117.480506,,,256,,4630,-37.2,403,7.5
2026-07-29T09:13:03.370748,ABB579,SWA575,33.111722,-117.462681,,,144,,3366,-49.5,578,0.4
2026-07-29T09:13:03.370748,A52A99,AAL847,33.533249,-117.79964,,,253,,,-35.7,28,59.0
2026-07-29T09:13:08.440059,A32015,N300HV,33.140445,-117.065884,,,336,,5256,-37.7,3895,69.4
2026-07-29T09:13:08.440059,A35DAE,LXJ316,33.121124,-116.527368,,,22,,2073,-49.5,2326,9.5
2026-07-29T09:13:08.440059,A26E90,N256J,33.078003,-117.335687,,,336,,4635,-49.5,2478,23.2
2026-07-29T09:13:08.440059,ACBE34,ASA753,33.024628,-117.667804,,,307,,6750,-49.5,314,82.7
2026-07-29T09:13:08.440059,A771AF,AAL2954,32.797588,-117.262181,,,137,,7241,-49.5,1450,0.0
2026-07-29T09:13:08.440059,A50C3D,N424U,33.088806,-117.049878,,,82,,1014,-22.5,2707,0.2
2026-07-29T09:13:08.440059,AB1BF9,ASA1680,32.930511,-117.310693,,,144,,6360,-33.4,2107,2.2
2026-07-29T09:13:08.440059,A9D59A,UAL1185,32.890869,-117.364911,,,137,,6736,-49.5,326,0.0
2026-07-29T09:13:08.440059,ABBF11,EJA856,33.089563,-117.480506,,,256,,4630,-37.2,403,12.5
2026-07-29T09:13:08.440059,ABB579,SWA575,33.104507,-117.456702,,,144,,3366,-49.5,634,0.1
2026-07-29T09:13:13.487250,A32015,N300HV,33.140445,-117.065884,,,336,,5256,-37.7,3895,74.4
2026-07-29T09:13:13.487250,A35DAE,LXJ316,33.121124,-116.527368,,,22,,2073,-38.3,2327,14.6
2026-07-29T09:13:13.487250,A26E90,N256J,33.078003,-117.335687,,,336,,4635,-49.5,2478,28.3
2026-07-29T09:13:13.487250,ACBE34,ASA753,33.024628,-117.667804,,,307,,6750,-49.5,314,87.7
2026-07-29T09:13:13.487250,A771AF,AAL2954,32.789658,-117.253455,,,137,,7241,-27.4,1496,0.0
2026-07-29T09:13:13.487250,A50C3D,N424U,33.089936,-117.041333,,,80,,1014,-21.3,2792,0.2
2026-07-29T09:13:13.487250,AB1BF9,ASA1680,32.92305,-117.304486,,,144,,6360,-49.5,2170,0.5
2026-07-29T09:13:13.487250,A9D59A,UAL1185,32.883591,-117.356891,,,137,,6736,-49.5,357,0.4
2026-07-29T09:13:13.487250,ABBF11,EJA856,33.089563,-117.480506,,,256,,4630,-37.2,403,17.6
2026-07-29T09:13:13.487250,ABB579,SWA575,33.098501,-117.451695,,,144,,3366,-49.5,678,0.6
2026-07-29T09:13:18.574354,A32015,N300HV,33.140445,-117.065884,,,336,,5256,-37.7,3895,79.5
2026-07-29T09:13:18.574354,A35DAE,LXJ316,33.121124,-116.527368,,,22,,2073,-38.3,2327,19.6
2026-07-29T09:13:18.574354,A26E90,N256J,33.09874,-117.345959,,,337,,4635,-32.3,2500,0.0
2026-07-29T09:13:18.574354,ACBE34,ASA753,33.024628,-117.667804,,,307,,6750,-49.5,314,92.8
2026-07-29T09:13:18.574354,A771AF,AAL2954,32.782928,-117.245984,,,136,,7241,-49.5,1534,0.7
2026-07-29T09:13:18.574354,A50C3D,N424U,33.09137,-117.033508,,,76,,1014,-49.5,2841,0.4
2026-07-29T09:13:18.574354,AB1BF9,ASA1680,32.917367,-117.299736,,,144,,6360,-30.3,2232,0.3
2026-07-29T09:13:18.574354,A9D59A,UAL1185,32.875946,-117.348431,,,137,,6736,-49.5,369,0.5
2026-07-29T09:13:18.574354,ABBF11,EJA856,33.089563,-117.480506,,,256,,4630,-37.2,403,22.7
2026-07-29T09:13:18.574354,ABB579,SWA575,33.091705,-117.445978,,,144,,3366,-49.5,722,0.5
2026-07-29T09:13:23.616612,A32015,N300HV,33.140445,-117.065884,,,336,,5256,-37.7,3895,84.5
2026-07-29T09:13:23.616612,A35DAE,LXJ316,33.121124,-116.527368,,,22,,2073,-38.3,2327,24.7
2026-07-29T09:13:23.616612,A26E90,N256J,33.101946,-117.347493,,,337,,4635,-49.5,2565,0.0
2026-07-29T09:13:23.616612,ACBE34,ASA753,33.024628,-117.667804,,,307,,6750,-49.5,314,97.8
2026-07-29T09:13:23.616612,A771AF,AAL2954,32.7765,-117.238919,,,136,,7241,-35.5,1571,1.6
2026-07-29T09:13:23.616612,A50C3D,N424U,33.093567,-117.024854,,,72,,1014,-28.4,2907,0.2
2026-07-29T09:13:23.616612,AB1BF9,ASA1680,32.912851,-117.295981,,,144,,6360,-32.5,2268,1.1
2026-07-29T09:13:23.616612,A9D59A,UAL1185,32.867975,-117.339646,,,137,,6736,-49.5,386,0.5
2026-07-29T09:13:23.616612,ABBF11,EJA856,33.089563,-117.480506,,,256,,4630,-37.2,403,27.7
2026-07-29T09:13:23.616612,ABB579,SWA575,33.088958,-117.443679,,,144,,3366,-35.1,739,3.4
2026-07-29T09:13:28.655713,A32015,N300HV,33.140445,-117.065884,,,336,,5256,-37.7,3895,89.6
2026-07-29T09:13:28.655713,A35DAE,LXJ316,33.121124,-116.527368,,,22,,2073,-38.3,2327,29.7
2026-07-29T09:13:28.655713,A26E90,N256J,33.104004,-117.348486,,,337,,4635,-49.5,2602,1.8
2026-07-29T09:13:28.655713,ACBE34,ASA753,33.024628,-117.667804,,,307,,6750,-49.5,314,102.9
2026-07-29T09:13:28.655713,A771AF,AAL2954,32.766956,-117.228381,,,137,,7241,-29.8,1615,0.5
2026-07-29T09:13:28.655713,A50C3D,N424U,33.096127,-117.016446,,,69,,1014,-49.5,2994,0.0
2026-07-29T09:13:28.655713,AB1BF9,ASA1680,32.906754,-117.290918,,,145,,6360,-49.5,2326,0.4
2026-07-29T09:13:28.655713,A9D59A,UAL1185,32.860014,-117.330845,,,137,,6736,-49.5,418,0.4
2026-07-29T09:13:28.655713,ABBF11,EJA856,33.089563,-117.480506,,,256,,4630,-37.2,403,32.8
2026-07-29T09:13:28.655713,ABB579,SWA575,33.088958,-117.443679,,,144,,3366,-34.1,740,8.5
2026-07-29T09:13:33.693740,A32015,N300HV,33.140445,-117.065884,,,336,,5256,-37.7,3895,94.6
2026-07-29T09:13:33.693740,A35DAE,LXJ316,33.121124,-116.527368,,,22,,2073,-38.3,2327,34.8
2026-07-29T09:13:33.693740,A26E90,N256J,33.104004,-117.348486,,,337,,4635,-49.5,2602,6.8
2026-07-29T09:13:33.693740,ACBE34,ASA753,33.024628,-117.667804,,,307,,6750,-49.5,314,107.9
2026-07-29T09:13:33.693740,A771AF,AAL2954,32.759555,-117.220197,,,136,,7241,-49.5,1658,0.8
2026-07-29T09:13:33.693740,A50C3D,N424U,33.098557,-117.008954,,,68,,1014,-49.5,3077,0.4
2026-07-29T09:13:33.693740,AB1BF9,ASA1680,32.901539,-117.28662,,,145,,6360,-26.9,2392,0.5
2026-07-29T09:13:33.693740,A9D59A,UAL1185,32.852921,-117.322998,,,137,,6736,-28.6,443,1.0
2026-07-29T09:13:33.693740,ABBF11,EJA856,33.089563,-117.480506,,,256,,4630,-37.2,403,37.8
2026-07-29T09:13:33.693740,ABB579,SWA575,33.071411,-117.428906,,,144,,3366,-33.7,772,0.2
2026-07-29T09:13:38.772706,A32015,N300HV,33.140445,-117.065884,,,336,,5256,-37.7,3895,99.7
2026-07-29T09:13:38.772706,A35DAE,LXJ316,33.121124,-116.527368,,,22,,2073,-38.3,2327,39.9
2026-07-29T09:13:38.772706,A26E90,N256J,33.104004,-117.348486,,,337,,4635,-49.5,2602,11.9
2026-07-29T09:13:38.772706,A771AF,AAL2954,32.756575,-117.216946,,,137,,7241,-49.5,1686,4.0
2026-07-29T09:13:38.772706,A50C3D,N424U,33.101303,-117.000604,,,68,,1014,-49.5,3182,0.3
2026-07-29T09:13:38.772706,AB1BF9,ASA1680,32.896046,-117.28208,,,145,,6360,-35.0,2451,0.3
2026-07-29T09:13:38.772706,A9D59A,UAL1185,32.84491,-117.314154,,,137,,6736,-49.5,465,1.0
2026-07-29T09:13:38.772706,ABBF11,EJA856,33.089563,-117.480506,,,256,,4630,-37.2,403,42.9
2026-07-29T09:13:38.772706,ABB579,SWA575,33.071411,-117.428906,,,144,,3366,-49.5,773,5.3
2026-07-29T09:13:43.851959,A32015,N300HV,33.154411,-117.120255,,,259,,5256,-35.7,3899,2.9
2026-07-29T09:13:43.851959,A35DAE,LXJ316,33.121124,-116.527368,,,22,,2073,-38.3,2327,45.0
2026-07-29T09:13:43.851959,A26E90,N256J,33.104004,-117.348486,,,337,,4635,-49.5,2602,17.0
2026-07-29T09:13:43.851959,A771AF,AAL2954,32.742423,-117.201364,,,137,,7241,-49.5,1734,0.0
2026-07-29T09:13:43.851959,A50C3D,N424U,33.103958,-116.992639,,,68,,1014,-49.5,3293,0.4
2026-07-29T09:13:43.851959,AB1BF9,ASA1680,32.891716,-117.278492,,,145,,6360,-31.7,2484,1.2
2026-07-29T09:13:43.851959,A9D59A,UAL1185,32.837036,-117.30542,,,136,,6736,-49.5,482,1.1
2026-07-29T09:13:43.851959,ABBF11,EJA856,33.089563,-117.480506,,,256,,4630,-37.2,403,48.0
2026-07-29T09:13:43.851959,ABB579,SWA575,33.071411,-117.428906,,,144,,3366,-49.5,774,10.3
2026-07-29T09:13:48.931191,A32015,N300HV,33.154411,-117.120255,,,259,,5256,-35.7,3899,8.0
2026-07-29T09:13:48.931191,A35DAE,LXJ316,33.210114,-116.481335,,,26,,2073,-49.5,2361,0.5
2026-07-29T09:13:48.931191,A26E90,N256J,33.104004,-117.348486,,,337,,4635,-49.5,2602,22.1
2026-07-29T09:13:48.931191,A771AF,AAL2954,32.734818,-117.19292,,,137,,7241,-49.5,1781,0.2
2026-07-29T09:13:48.931191,A50C3D,N424U,33.106705,-116.98429,,,68,,1014,-22.6,3387,0.2
2026-07-29T09:13:48.931191,AB1BF9,ASA1680,32.885605,-117.273395,,,144,,6360,-49.5,2541,0.2
2026-07-29T09:13:48.931191,A9D59A,UAL1185,32.828871,-117.296429,,,136,,6736,-49.5,498,0.9
2026-07-29T09:13:48.931191,ABBF11,EJA856,33.089563,-117.480506,,,256,,4630,-37.2,403,53.0
2026-07-29T09:13:48.931191,ABB579,SWA575,33.051315,-117.412042,,,144,,3366,-29.7,823,0.1
2026-07-29T09:13:54.011277,A32015,N300HV,33.154411,-117.120255,,,259,,5256,-35.7,3899,13.0
2026-07-29T09:13:54.011277,A35DAE,LXJ316,33.215115,-116.478284,,,26,,2073,-35.1,2380,2.6
2026-07-29T09:13:54.011277,A26E90,N256J,33.104004,-117.348486,,,337,,4635,-49.5,2602,27.1
2026-07-29T09:13:54.011277,A771AF,AAL2954,32.726782,-117.184099,,,137,,7241,-49.5,1837,0.2
2026-07-29T09:13:54.011277,A50C3D,N424U,33.109406,-116.976215,,,68,,1014,-24.3,3480,0.3
2026-07-29T09:13:54.011277,AB1BF9,ASA1680,32.880497,-117.269131,,,144,,6360,-35.5,2587,0.2
2026-07-29T09:13:54.011277,A9D59A,UAL1185,32.820602,-117.287238,,,137,,6736,-49.5,510,0.7
2026-07-29T09:13:54.011277,ABBF11,EJA856,33.089563,-117.480506,,,256,,4630,-37.2,403,58.1
2026-07-29T09:13:54.011277,ABB579,SWA575,33.044907,-117.406659,,,144,,3366,-49.5,886,0.2
2026-07-29T09:13:54.011277,A25849,,32.827242,-117.341776,,,,,,-35.1,3,0.2
2026-07-29T09:13:59.074661,A32015,N300HV,33.154411,-117.120255,,,259,,5256,-35.7,3899,18.1
2026-07-29T09:13:59.074661,A35DAE,LXJ316,33.215115,-116.478284,,,26,,2073,-49.5,2381,7.6
2026-07-29T09:13:59.074661,A26E90,N256J,33.104004,-117.348486,,,337,,4635,-49.5,2602,32.2
2026-07-29T09:13:59.074661,A771AF,AAL2954,32.719254,-117.175781,,,137,,7241,-49.5,1886,0.4
2026-07-29T09:13:59.074661,A50C3D,N424U,33.112002,-116.968297,,,68,,1014,-49.5,3561,0.4
2026-07-29T09:13:59.074661,AB1BF9,ASA1680,32.876678,-117.265979,,,145,,6360,-36.5,2631,1.3
2026-07-29T09:13:59.074661,A9D59A,UAL1185,32.812159,-117.277932,,,136,,6736,-49.5,541,0.3
2026-07-29T09:13:59.074661,ABB579,SWA575,33.038773,-117.40155,,,144,,3366,-49.5,946,0.6
2026-07-29T09:13:59.074661,A25849,TWY20,32.829437,-117.344861,,,310,,,-35.0,24,2.8
2026-07-29T09:14:04.113295,A32015,N300HV,33.154411,-117.120255,,,259,,5256,-35.7,3899,23.1
2026-07-29T09:14:04.113295,A35DAE,LXJ316,33.215115,-116.478284,,,26,,2073,-49.5,2381,12.7
2026-07-29T09:14:04.113295,A26E90,N256J,33.127762,-117.360022,,,337,,4635,-35.2,2635,0.0
2026-07-29T09:14:04.113295,A771AF,AAL2954,32.712723,-117.168629,,,137,,7241,-49.5,1926,1.3
2026-07-29T09:14:04.113295,A50C3D,N424U,33.11467,-116.960284,,,68,,1014,-49.5,3617,0.6
2026-07-29T09:14:04.113295,AB1BF9,ASA1680,32.870582,-117.260892,,,145,,6360,-32.3,2660,0.1
2026-07-29T09:14:04.113295,A9D59A,UAL1185,32.804214,-117.269165,,,136,,6736,-34.9,579,0.2
2026-07-29T09:14:04.113295,ABB579,SWA575,33.033747,-117.39738,,,144,,3366,-33.9,960,1.8
2026-07-29T09:14:04.113295,A25849,TWY20,32.831818,-117.348212,,,310,,,-49.5,26,5.0
2026-07-29T09:14:09.192548,A32015,N300HV,33.154411,-117.120255,,,259,,5256,-35.7,3899,28.2
2026-07-29T09:14:09.192548,A35DAE,LXJ316,33.215115,-116.478284,,,26,,2073,-36.0,2384,17.8
2026-07-29T09:14:09.192548,A26E90,N256J,33.130948,-117.361618,,,337,,4635,-32.1,2692,0.3
2026-07-29T09:14:09.192548,A771AF,AAL2954,32.70318,-117.158091,,,137,,7241,-49.5,1970,0.3
2026-07-29T09:14:09.192548,A50C3D,N424U,33.117462,-116.951715,,,68,,1014,-49.5,3690,0.5
2026-07-29T09:14:09.192548,AB1BF9,ASA1680,32.865784,-117.256915,,,144,,6360,-49.5,2693,0.3
2026-07-29T09:14:09.192548,A9D59A,UAL1185,32.796471,-117.260555,,,136,,6736,-27.4,607,0.4
2026-07-29T09:14:09.192548,ABB579,SWA575,33.024902,-117.389981,,,144,,3366,-32.1,992,0.0
2026-07-29T09:14:09.192548,A25849,TWY20,32.831818,-117.348212,,,310,,,-49.5,30,10.0
2026-07-29T09:14:14.271980,A32015,N300HV,33.154411,-117.120255,,,259,,5256,-35.7,3899,33.3
2026-07-29T09:14:14.271980,A35DAE,LXJ316,33.215115,-116.478284,,,26,,2073,-49.5,2385,22.9
2026-07-29T09:14:14.271980,A26E90,N256J,33.134033,-117.363208,,,336,,4635,-49.5,2729,0.5
2026-07-29T09:14:14.271980,A771AF,AAL2954,32.694992,-117.149084,,,137,,7241,-32.5,2011,0.1
2026-07-29T09:14:14.271980,A50C3D,N424U,33.1203,-116.943091,,,68,,1014,-30.4,3752,0.4
2026-07-29T09:14:14.271980,AB1BF9,ASA1680,32.862063,-117.253885,,,145,,6360,-49.5,2701,1.5
2026-07-29T09:14:14.271980,A9D59A,UAL1185,32.789022,-117.252316,,,136,,6736,-49.5,641,0.6
2026-07-29T09:14:14.271980,ABB579,SWA575,33.018906,-117.384961,,,144,,3366,-49.5,1038,0.5
2026-07-29T09:14:14.271980,A25849,TWY20,32.831818,-117.348212,,,310,,,-49.5,30,15.1
2026-07-29T09:14:19.350381,A32015,N300HV,33.154411,-117.120255,,,259,,5256,-35.7,3899,38.4
2026-07-29T09:14:19.350381,A35DAE,LXJ316,33.215115,-116.478284,,,26,,2073,-49.5,2385,27.9
2026-07-29T09:14:19.350381,A26E90,N256J,33.137233,-117.364813,,,336,,4635,-49.5,2773,0.5
2026-07-29T09:14:19.350381,A771AF,AAL2954,32.686887,-117.14021,,,137,,7241,-29.6,2036,0.0
2026-07-29T09:14:19.350381,A50C3D,N424U,33.121948,-116.938037,,,68,,1014,-37.1,3779,2.5
2026-07-29T09:14:19.350381,AB1BF9,ASA1680,32.856197,-117.249008,,,145,,6360,-31.4,2720,0.5
2026-07-29T09:14:19.350381,A9D59A,UAL1185,32.781143,-117.243622,,,136,,6736,-31.4,656,0.6
2026-07-29T09:14:19.350381,ABB579,SWA575,33.011765,-117.378973,,,144,,3366,-35.0,1103,0.0
2026-07-29T09:14:19.350381,A25849,TWY20,32.831818,-117.348212,,,310,,,-49.5,33,20.2
2026-07-29T09:14:24.429775,A32015,N300HV,33.154411,-117.120255,,,259,,5256,-35.7,3899,43.4
2026-07-29T09:14:24.429775,A35DAE,LXJ316,33.215115,-116.478284,,,26,,2073,-49.5,2385,33.0
2026-07-29T09:14:24.429775,A26E90,N256J,33.139389,-117.365955,,,336,,4635,-49.5,2810,2.0
2026-07-29T09:14:24.429775,A771AF,AAL2954,32.679657,-117.132166,,,136,,7241,-27.7,2091,0.5
2026-07-29T09:14:24.429775,A50C3D,N424U,33.125885,-116.925897,,,68,,1014,-32.3,3851,0.3
2026-07-29T09:14:24.429775,AB1BF9,ASA1680,32.855732,-117.248616,,,145,,6360,-35.0,2727,5.1
2026-07-29T09:14:24.429775,A9D59A,UAL1185,32.776174,-117.238134,,,136,,6736,-31.9,663,2.5
2026-07-29T09:14:24.429775,ABB579,SWA575,33.010331,-117.377762,,,144,,3366,-33.9,1111,4.0
2026-07-29T09:14:24.429775,A25849,TWY20,32.853311,-117.37849,,,310,,,-49.5,53,0.3
2026-07-29T09:14:29.508486,A32015,N300HV,33.154411,-117.120255,,,259,,5256,-35.7,3899,48.5
2026-07-29T09:14:29.508486,A35DAE,LXJ316,33.215115,-116.478284,,,26,,2073,-49.5,2385,38.1
2026-07-29T09:14:29.508486,A26E90,N256J,33.139389,-117.365955,,,336,,4635,-49.5,2810,7.0
2026-07-29T09:14:29.508486,A771AF,AAL2954,32.671143,-117.122333,,,135,,7241,-27.4,2144,0.0
2026-07-29T09:14:29.508486,A50C3D,N424U,33.128632,-116.917383,,,68,,1014,-49.5,3934,0.4
2026-07-29T09:14:29.508486,AB1BF9,ASA1680,32.846747,-117.241161,,,144,,6360,-36.3,2739,0.6
2026-07-29T09:14:29.508486,A9D59A,UAL1185,32.765699,-117.226587,,,136,,6736,-49.5,677,0.9
2026-07-29T09:14:29.508486,ABB579,SWA575,32.999039,-117.368207,,,144,,3366,-49.5,1154,0.0
2026-07-29T09:14:29.508486,A25849,TWY20,32.854156,-117.379687,,,310,,,-36.8,59,4.2
2026-07-29T09:14:34.571922,A32015,N300HV,33.154411,-117.120255,,,259,,5256,-35.7,3899,53.6
2026-07-29T09:14:34.571922,A35DAE,LXJ316,33.215115,-116.478284,,,26,,2073,-49.5,2385,43.1
2026-07-29T09:14:34.571922,A26E90,N256J,33.146497,-117.36969,,,336,,4635,-35.8,2812,0.6
2026-07-29T09:14:34.571922,A771AF,AAL2954,32.663544,-117.113269,,,134,,7241,-26.4,2196,0.0
2026-07-29T09:14:34.571922,A50C3D,N424U,33.1316,-116.90832,,,68,,1014,-33.4,3996,0.2
2026-07-29T09:14:34.571922,AB1BF9,ASA1680,32.842976,-117.238022,,,144,,6360,-49.5,2770,1.7
2026-07-29T09:14:34.571922,A9D59A,UAL1185,32.761277,-117.221655,,,136,,6736,-33.4,687,2.9
2026-07-29T09:14:34.571922,ABB579,SWA575,32.992676,-117.362878,,,144,,3366,-49.5,1222,0.0
2026-07-29T09:14:34.571922,A25849,TWY20,32.861923,-117.390654,,,309,,4763,-33.5,84,0.4
2026-07-29T09:14:39.643929,A32015,N300HV,33.154411,-117.120255,,,259,,5256,-35.7,3899,58.6
2026-07-29T09:14:39.643929,A35DAE,LXJ316,33.215115,-116.478284,,,26,,2073,-49.5,2385,48.2
2026-07-29T09:14:39.643929,A26E90,N256J,33.149849,-117.371484,,,335,,4635,-34.5,2836,0.3
2026-07-29T09:14:39.643929,A771AF,AAL2954,32.657372,-117.105682,,,133,,7241,-31.3,2235,1.0
2026-07-29T09:14:39.643929,A50C3D,N424U,33.134445,-116.89953,,,69,,1014,-49.5,4069,0.2
2026-07-29T09:14:39.643929,AB1BF9,ASA1680,32.842976,-117.238022,,,144,,6360,-36.0,2771,6.8
2026-07-29T09:14:39.643929,A9D59A,UAL1185,32.749146,-117.208246,,,136,,6736,-49.5,693,0.0
2026-07-29T09:14:39.643929,ABB579,SWA575,32.988098,-117.359033,,,144,,3366,-49.5,1262,1.3
2026-07-29T09:14:39.643929,A25849,TWY20,32.862621,-117.391607,,,309,,4763,-49.5,97,4.6
2026-07-29T09:14:44.690604,A35DAE,LXJ316,33.215115,-116.478284,,,26,,2073,-49.5,2385,53.3
2026-07-29T09:14:44.690604,A26E90,N256J,33.152037,-117.372661,,,335,,4635,-49.5,2854,1.7
2026-07-29T09:14:44.690604,A771AF,AAL2954,32.648574,-117.094415,,,132,,7241,-25.7,2271,0.0
2026-07-29T09:14:44.690604,A50C3D,N424U,33.13714,-116.891,,,69,,1014,-33.2,4148,0.2
2026-07-29T09:14:44.690604,AB1BF9,ASA1680,32.842976,-117.238022,,,145,,6360,-49.5,2781,11.8
2026-07-29T09:14:44.690604,A9D59A,UAL1185,32.741632,-117.199962,,,137,,6736,-33.4,700,0.3
2026-07-29T09:14:44.690604,ABB579,SWA575,32.980864,-117.352986,,,144,,3366,-30.7,1288,0.5
2026-07-29T09:14:44.690604,A25849,TWY20,32.86993,-117.40192,,,310,,4763,-49.5,137,1.2
2026-07-29T09:14:49.769907,A35DAE,LXJ316,33.215115,-116.478284,,,26,,2073,-49.5,2385,58.3
2026-07-29T09:14:49.769907,A26E90,N256J,33.154953,-117.374194,,,335,,4635,-38.3,2859,2.1
2026-07-29T09:14:49.769907,A771AF,AAL2954,32.641434,-117.085144,,,132,,7241,-28.3,2319,0.1
2026-07-29T09:14:49.769907,A50C3D,N424U,33.139514,-116.883713,,,69,,1014,-35.2,4203,1.1
2026-07-29T09:14:49.769907,AB1BF9,ASA1680,32.828638,-117.226083,,,145,,6360,-36.4,2791,1.5
2026-07-29T09:14:49.769907,A9D59A,UAL1185,32.734416,-117.192059,,,137,,6736,-27.4,716,0.6
2026-07-29T09:14:49.769907,ABB579,SWA575,32.974503,-117.347662,,,144,,3366,-49.5,1333,0.2
2026-07-29T09:14:49.769907,A25849,TWY20,32.872071,-117.405003,,,309,,4763,-49.5,157,3.8
2026-07-29T09:14:54.833407,A35DAE,LXJ316,33.215115,-116.478284,,,26,,2073,-49.5,2385,63.4
2026-07-29T09:14:54.833407,A26E90,N256J,33.154953,-117.374194,,,335,,4635,-38.3,2859,7.2
2026-07-29T09:14:54.833407,A771AF,AAL2954,32.634293,-117.075751,,,131,,7241,-49.5,2370,0.2
2026-07-29T09:14:54.833407,A50C3D,N424U,33.142074,-116.875641,,,69,,1014,-34.9,4252,1.6
2026-07-29T09:14:54.833407,AB1BF9,ASA1680,32.822866,-117.221094,,,142,,6360,-49.5,2805,0.3
2026-07-29T09:14:54.833407,A9D59A,UAL1185,32.726782,-117.183651,,,137,,6736,-36.4,747,0.8
2026-07-29T09:14:54.833407,ABB579,SWA575,32.969833,-117.343707,,,144,,3366,-49.5,1374,1.4
2026-07-29T09:14:54.833407,A25849,TWY20,32.872071,-117.405003,,,309,,4763,-35.3,164,8.9
2026-07-29T09:14:54.833407,A3EF2A,,33.11467,-117.340851,,,196,,,-36.8,3,11.9
2026-07-29T09:14:59.912080,A35DAE,LXJ316,33.215115,-116.478284,,,26,,2073,-49.5,2385,68.5
2026-07-29T09:14:59.912080,A26E90,N256J,33.154953,-117.374194,,,335,,4635,-38.3,2859,12.3
2026-07-29T09:14:59.912080,A771AF,AAL2954,32.626974,-117.066165,,,132,,7241,-30.4,2395,0.3
2026-07-29T09:14:59.912080,A50C3D,N424U,33.142074,-116.875641,,,69,,1014,-34.9,4252,6.7
2026-07-29T09:14:59.912080,AB1BF9,ASA1680,32.822866,-117.221094,,,142,,6360,-34.1,2812,5.3
2026-07-29T09:14:59.912080,A9D59A,UAL1185,32.718961,-117.175075,,,137,,6736,-31.5,764,0.6
2026-07-29T09:14:59.912080,ABB579,SWA575,32.962921,-117.337885,,,144,,3366,-49.5,1397,0.5
2026-07-29T09:14:59.912080,A25849,TWY20,32.872071,-117.405003,,,309,,4763,-35.3,164,14.0
2026-07-29T09:14:59.912080,A3EF2A,,33.11467,-117.340851,,,196,,,-36.8,3,17.0
2026-07-29T09:15:04.952078,A35DAE,LXJ316,33.215115,-116.478284,,,26,,2073,-49.5,2385,73.5
2026-07-29T09:15:04.952078,A26E90,N256J,33.154953,-117.374194,,,335,,4635,-38.3,2859,17.3
2026-07-29T09:15:04.952078,A771AF,AAL2954,32.619898,-117.05686,,,132,,7241,-25.3,2436,0.4
2026-07-29T09:15:04.952078,A50C3D,N424U,33.148499,-116.856464,,,69,,1014,-49.5,4257,0.8
2026-07-29T09:15:04.952078,AB1BF9,ASA1680,32.816666,-117.213739,,,142,,6360,-37.2,2815,2.6
2026-07-29T09:15:04.952078,A9D59A,UAL1185,32.711151,-117.166498,,,137,,6736,-49.5,785,0.7
2026-07-29T09:15:04.952078,ABB579,SWA575,32.957262,-117.3332,,,144,,3366,-32.7,1443,0.7
2026-07-29T09:15:04.952078,A25849,TWY20,32.872071,-117.405003,,,309,,4763,-35.3,164,19.0
2026-07-29T09:15:04.952078,A3EF2A,,33.11467,-117.340851,,,196,,,-36.8,3,22.0
2026-07-29T09:15:10.014337,A35DAE,LXJ316,33.215115,-116.478284,,,26,,2073,-49.5,2385,78.6
2026-07-29T09:15:10.014337,A26E90,N256J,33.154953,-117.374194,,,335,,4635,-36.3,2860,22.4
2026-07-29T09:15:10.014337,A771AF,AAL2954,32.612686,-117.047406,,,132,,7241,-49.5,2477,0.5
2026-07-29T09:15:10.014337,A50C3D,N424U,33.151749,-116.847729,,,65,,1014,-33.2,4284,0.9
2026-07-29T09:15:10.014337,AB1BF9,ASA1680,32.816666,-117.213739,,,142,,6360,-37.2,2815,7.7
2026-07-29T09:15:10.014337,A9D59A,UAL1185,32.703369,-117.157983,,,137,,6736,-31.4,800,0.6
2026-07-29T09:15:10.014337,ABB579,SWA575,32.952713,-117.329425,,,145,,3366,-49.5,1466,1.7
2026-07-29T09:15:10.014337,A25849,TWY20,32.872071,-117.405003,,,309,,4763,-35.3,164,24.1
2026-07-29T09:15:10.014337,A3EF2A,,33.11467,-117.340851,,,196,,,-36.8,3,27.1
2026-07-29T09:15:15.090357,A26E90,N256J,33.171387,-117.382928,,,336,,4635,-34.4,2884,0.7
2026-07-29T09:15:15.090357,A771AF,AAL2954,32.60527,-117.037738,,,132,,7241,-27.3,2524,0.4
2026-07-29T09:15:15.090357,A50C3D,N424U,33.155228,-116.839105,,,63,,1014,-33.4,4312,1.0
2026-07-29T09:15:15.090357,AB1BF9,ASA1680,32.816666,-117.213739,,,142,,6360,-37.2,2815,12.8
2026-07-29T09:15:15.090357,A9D59A,UAL1185,32.702016,-117.156465,,,137,,6736,-36.9,807,4.7
2026-07-29T09:15:15.090357,ABB579,SWA575,32.945435,-117.323328,,,144,,3366,-49.5,1525,0.4
2026-07-29T09:15:15.090357,A25849,TWY20,32.895813,-117.438579,,,309,,4763,-49.5,178,2.4
2026-07-29T09:15:15.090357,A3EF2A,,33.11467,-117.340851,,,196,,,-36.8,3,32.1
2026-07-29T09:15:20.134471,A26E90,N256J,33.174362,-117.384467,,,336,,4635,-49.5,2905,1.0
2026-07-29T09:15:20.134471,A771AF,AAL2954,32.598999,-117.029498,,,131,,7241,-49.5,2553,1.2
2026-07-29T09:15:20.134471,A50C3D,N424U,33.158228,-116.832089,,,62,,1014,-36.3,4335,2.0
2026-07-29T09:15:20.134471,AB1BF9,ASA1680,32.816666,-117.213739,,,142,,6360,-37.2,2815,17.8
2026-07-29T09:15:20.134471,A9D59A,UAL1185,32.694381,-117.148058,,,137,,6736,-49.5,810,4.8
2026-07-29T09:15:20.134471,ABB579,SWA575,32.939484,-117.318329,,,144,,3366,-49.5,1574,0.0
2026-07-29T09:15:20.134471,A25849,TWY20,32.898239,-117.44198,,,309,,4763,-49.5,190,4.8
2026-07-29T09:15:20.134471,A3EF2A,,33.11467,-117.340851,,,182,,,-35.3,4,37.2
2026-07-29T09:15:20.134471,AC07DC,,33.263296,-117.616546,,,138,,,-35.9,3,3.7
2026-07-29T09:15:25.213942,A26E90,N256J,33.174362,-117.384467,,,336,,4635,-49.5,2905,6.0
2026-07-29T09:15:25.213942,A771AF,AAL2954,32.590058,-117.017735,,,132,,7241,-31.7,2568,0.1
2026-07-29T09:15:25.213942,A50C3D,N424U,33.158228,-116.832089,,,62,,1014,-35.0,4340,7.1
2026-07-29T09:15:25.213942,AB1BF9,ASA1680,32.806526,-117.188247,,,142,,6360,-34.3,2820,1.8
2026-07-29T09:15:25.213942,A9D59A,UAL1185,32.679578,-117.131858,,,137,,6736,-49.5,846,0.2
2026-07-29T09:15:25.213942,ABB579,SWA575,32.933807,-117.313605,,,144,,3366,-28.4,1608,0.0
2026-07-29T09:15:25.213942,A25849,TWY20,32.907218,-117.454666,,,310,,4763,-49.5,214,0.6
2026-07-29T09:15:25.213942,A3EF2A,,33.101257,-117.342993,,,182,,,-49.5,6,4.5
2026-07-29T09:15:25.213942,AC07DC,,33.254745,-117.607379,,,138,,,-49.5,13,2.7
2026-07-29T09:15:30.292873,A26E90,N256J,33.174362,-117.384467,,,336,,4635,-49.5,2905,11.1
2026-07-29T09:15:30.292873,A771AF,AAL2954,32.58382,-117.009607,,,131,,7241,-49.5,2594,0.9
2026-07-29T09:15:30.292873,A50C3D,N424U,33.167352,-116.812806,,,59,,1014,-35.5,4356,0.8
2026-07-29T09:15:30.292873,AB1BF9,ASA1680,32.806526,-117.188247,,,104,,6360,-49.5,2825,6.8
2026-07-29T09:15:30.292873,A9D59A,UAL1185,32.672607,-117.124146,,,136,,6736,-33.0,868,0.7
2026-07-29T09:15:30.292873,ABB579,SWA575,32.928314,-117.309045,,,144,,3366,-33.2,1635,0.0
2026-07-29T09:15:30.292873,A25849,TWY20,32.907218,-117.454666,,,310,,4763,-30.3,236,5.7
2026-07-29T09:15:30.292873,A3EF2A,,33.101257,-117.342993,,,182,,,-49.5,6,9.5
2026-07-29T09:15:30.292873,AC07DC,,33.250122,-117.602435,,,138,,,-34.5,16,4.5
2026-07-29T09:15:35.353866,A26E90,N256J,33.174362,-117.384467,,,336,,4635,-49.5,2905,16.1
2026-07-29T09:15:35.353866,A771AF,AAL2954,32.576418,-116.99991,,,131,,7241,-34.5,2607,0.9
2026-07-29T09:15:35.353866,A50C3D,N424U,33.167352,-116.812806,,,58,,1014,-37.6,4363,5.8
2026-07-29T09:15:35.353866,AB1BF9,ASA1680,32.806526,-117.188247,,,104,,6360,-49.5,2825,11.9
2026-07-29T09:15:35.353866,A9D59A,UAL1185,32.665054,-117.115267,,,135,,6736,-49.5,881,0.6
2026-07-29T09:15:35.353866,ABB579,SWA575,32.923325,-117.304837,,,144,,3366,-28.8,1684,0.4
2026-07-29T09:15:35.353866,A25849,TWY20,32.915863,-117.466864,,,309,,4763,-49.5,257,2.0
2026-07-29T09:15:35.353866,A3EF2A,,33.101257,-117.342993,,,182,,,-49.5,6,14.6
2026-07-29T09:15:35.353866,AC07DC,,33.239927,-117.591603,,,138,,3612,-49.5,33,2.2
2026-07-29T09:15:40.397131,A26E90,N256J,33.174362,-117.384467,,,336,,4635,-49.5,2905,21.2
2026-07-29T09:15:40.397131,A771AF,AAL2954,32.569156,-116.990437,,,132,,7241,-49.5,2649,1.0
2026-07-29T09:15:40.397131,A50C3D,N424U,33.173637,-116.800923,,,58,,1014,-49.5,4373,3.7
2026-07-29T09:15:40.397131,AB1BF9,ASA1680,32.806526,-117.188247,,,105,,6360,-49.5,2826,17.0
2026-07-29T09:15:40.397131,A9D59A,UAL1185,32.66361,-117.113529,,,132,,6736,-34.0,884,4.7
2026-07-29T09:15:40.397131,ABB579,SWA575,32.917553,-117.300016,,,144,,3366,-49.5,1729,0.0
2026-07-29T09:15:40.397131,A25849,TWY20,32.920905,-117.474004,,,309,,4763,-49.5,269,2.1
2026-07-29T09:15:40.397131,A3EF2A,,33.101257,-117.342993,,,180,,,-37.3,7,19.6
2026-07-29T09:15:40.397131,AC07DC,,33.239927,-117.591603,,,138,,3612,-35.8,36,7.3
2026-07-29T09:15:40.397131,ABBF11,,33.187683,-117.721362,,,,,,-49.5,2,1.2
2026-07-29T09:15:45.517422,A26E90,N256J,33.174362,-117.384467,,,336,,4635,-49.5,2905,26.3
2026-07-29T09:15:45.517422,A771AF,AAL2954,32.560547,-116.979565,,,133,,7241,-27.3,2692,0.3
2026-07-29T09:15:45.517422,A50C3D,N424U,33.173637,-116.800923,,,55,,1014,-49.5,4377,8.8
2026-07-29T09:15:45.517422,AB1BF9,ASA1680,32.806526,-117.188247,,,105,,6360,-49.5,2826,22.0
2026-07-29T09:15:45.517422,A9D59A,UAL1185,32.651181,-117.09761,,,131,,6736,-49.5,893,0.9
2026-07-29T09:15:45.517422,ABB579,SWA575,32.913528,-117.296631,,,144,,3366,-49.5,1757,1.3
2026-07-29T09:15:45.517422,A25849,TWY20,32.920905,-117.474004,,,309,,4763,-49.5,269,7.1
2026-07-29T09:15:45.517422,A3EF2A,,33.101257,-117.342993,,,180,,,-35.7,8,24.7
2026-07-29T09:15:45.517422,AC07DC,,33.239927,-117.591603,,,138,,3612,-35.8,36,12.4
2026-07-29T09:15:45.517422,ABBF11,,33.192261,-117.72757,,,311,,4630,-49.5,9,2.2
2026-07-29T09:15:50.565354,A26E90,N256J,33.174362,-117.384467,,,337,,4635,-36.3,2908,31.4
2026-07-29T09:15:50.565354,A771AF,AAL2954,32.552719,-116.970062,,,134,,7241,-49.5,2729,0.2
2026-07-29T09:15:50.565354,A50C3D,N424U,33.173637,-116.800923,,,55,,1014,-49.5,4378,13.8
2026-07-29T09:15:50.565354,AB1BF9,ASA1680,32.799728,-117.157928,,,104,,6360,-36.6,2843,3.7
2026-07-29T09:15:50.565354,A9D59A,UAL1185,32.643127,-117.08696,,,131,,6736,-49.5,913,0.3
2026-07-29T09:15:50.565354,ABB579,SWA575,32.906986,-117.291104,,,144,,3366,-49.5,1805,0.1
2026-07-29T09:15:50.565354,A25849,TWY20,32.929237,-117.485775,,,310,,4763,-35.9,275,4.3
2026-07-29T09:15:50.565354,A3EF2A,,33.101257,-117.342993,,,180,,,-35.7,8,29.8
2026-07-29T09:15:50.565354,AC07DC,,33.239927,-117.591603,,,138,,3612,-35.8,36,17.4
2026-07-29T09:15:50.565354,ABBF11,,33.192261,-117.72757,,,311,,4630,-49.5,9,7.3
2026-07-29T09:15:55.633754,A26E90,N256J,33.195419,-117.395178,,,337,,4635,-49.5,2917,2.3
2026-07-29T09:15:55.633754,A771AF,AAL2954,32.545414,-116.961458,,,135,,7241,-32.4,2764,0.5
2026-07-29T09:15:55.633754,A50C3D,N424U,33.173637,-116.800923,,,55,,1014,-49.5,4378,18.9
2026-07-29T09:15:55.633754,AB1BF9,ASA1680,32.797806,-117.149249,,,104,,6360,-49.5,2846,2.1
2026-07-29T09:15:55.633754,A9D59A,UAL1185,32.635803,-117.077234,,,131,,6736,-49.5,942,0.0
2026-07-29T09:15:55.633754,ABB579,SWA575,32.90181,-117.286853,,,144,,3366,-49.5,1866,0.3
2026-07-29T09:15:55.633754,A25849,TWY20,32.939072,-117.499658,,,309,,4763,-49.5,341,0.0
2026-07-29T09:15:55.633754,A3EF2A,,33.101257,-117.342993,,,180,,,-35.7,8,34.8
2026-07-29T09:15:55.633754,AC07DC,,33.239927,-117.591603,,,138,,3612,-35.8,36,22.5
2026-07-29T09:15:55.633754,ABBF11,,33.192261,-117.72757,,,311,,4630,-49.5,9,12.3
2026-07-29T09:16:00.688791,A26E90,N256J,33.195419,-117.395178,,,337,,4635,-49.5,2917,7.4
2026-07-29T09:16:00.688791,A771AF,AAL2954,32.542202,-116.957815,,,135,,7241,-49.5,2773,3.5
2026-07-29T09:16:00.688791,A50C3D,N424U,33.173637,-116.800923,,,55,,1014,-49.5,4378,23.9
2026-07-29T09:16:00.688791,AB1BF9,ASA1680,32.797806,-117.149249,,,104,,6360,-35.6,2848,7.1
2026-07-29T09:16:00.688791,A9D59A,UAL1185,32.633119,-117.073788,,,132,,6736,-49.5,950,3.1
2026-07-29T09:16:00.688791,ABB579,SWA575,32.897095,-117.282953,,,145,,3366,-32.1,1923,0.8
2026-07-29T09:16:00.688791,A25849,TWY20,32.944107,-117.506799,,,309,,4763,-34.4,388,0.2
2026-07-29T09:16:00.688791,A3EF2A,,33.101257,-117.342993,,,180,,,-35.7,8,39.9
2026-07-29T09:16:00.688791,AC07DC,,33.239927,-117.591603,,,138,,3612,-35.8,36,27.6
2026-07-29T09:16:00.688791,ABBF11,,33.192261,-117.72757,,,311,,4630,-49.5,9,17.4
2026-07-29T09:16:05.736439,A26E90,N256J,33.195419,-117.395178,,,337,,4635,-49.5,2917,12.4
2026-07-29T09:16:05.736439,A771AF,AAL2954,32.5294,-116.943577,,,137,,7241,-49.5,2790,0.5
2026-07-29T09:16:05.736439,A50C3D,N424U,33.173637,-116.800923,,,55,,1014,-49.5,4378,29.0
2026-07-29T09:16:05.736439,AB1BF9,ASA1680,32.794888,-117.136455,,,104,,6360,-49.5,2857,2.2
2026-07-29T09:16:05.736439,A9D59A,UAL1185,32.62311,-117.060615,,,132,,6736,-34.4,963,0.9
2026-07-29T09:16:05.736439,ABB579,SWA575,32.891996,-117.278772,,,145,,3366,-49.5,1938,1.1
2026-07-29T09:16:05.736439,A25849,TWY20,32.947253,-117.511279,,,309,,4763,-49.5,398,2.2
2026-07-29T09:16:05.736439,A3EF2A,,33.101257,-117.342993,,,180,,,-35.7,8,44.9
2026-07-29T09:16:05.736439,AC07DC,,33.239927,-117.591603,,,138,,3612,-49.5,38,32.6
2026-07-29T09:16:05.736439,ABBF11,,33.192261,-117.72757,,,311,,4630,-49.5,9,22.4
2026-07-29T09:16:10.789759,A26E90,N256J,33.195419,-117.395178,,,337,,4635,-49.5,2917,17.5
2026-07-29T09:16:10.789759,A771AF,AAL2954,32.521347,-116.935057,,,138,,7241,-35.1,2812,0.5
2026-07-29T09:16:10.789759,A50C3D,N424U,33.173637,-116.800923,,,55,,1014,-49.5,4378,34.0
2026-07-29T09:16:10.789759,AB1BF9,ASA1680,32.792839,-117.127094,,,104,,6360,-49.5,2906,0.0
2026-07-29T09:16:10.789759,A9D59A,UAL1185,32.615158,-117.050262,,,132,,6736,-31.2,979,0.3
2026-07-29T09:16:10.789759,ABB579,SWA575,32.885651,-117.27345,,,145,,3366,-49.5,2001,0.0
2026-07-29T09:16:10.789759,A25849,TWY20,32.947253,-117.511279,,,309,,4763,-49.5,398,7.2
2026-07-29T09:16:10.789759,A3EF2A,,33.101257,-117.342993,,,180,,,-35.7,8,50.0
2026-07-29T09:16:10.789759,AC07DC,,33.18988,-117.538989,,,138,,3612,-35.1,48,1.8
2026-07-29T09:16:10.789759,ABBF11,,33.192261,-117.72757,,,311,,4630,-49.5,9,27.5
2026-07-29T09:16:10.789759,ABAE8F,,32.622458,-117.14817,,,96,,,-34.0,12,0.7
2026-07-29T09:16:15.824125,A26E90,N256J,33.195419,-117.395178,,,337,,4635,-49.5,2917,22.5
2026-07-29T09:16:15.824125,A771AF,AAL2954,32.521347,-116.935057,,,138,,7241,-49.5,2813,5.6
2026-07-29T09:16:15.824125,A50C3D,N424U,33.173637,-116.800923,,,55,,1014,-49.5,4378,39.1
2026-07-29T09:16:15.824125,AB1BF9,ASA1680,32.791815,-117.122498,,,104,,6360,-49.5,2934,1.4
2026-07-29T09:16:15.824125,A9D59A,UAL1185,32.608337,-117.041309,,,132,,6736,-29.8,1000,0.4
2026-07-29T09:16:15.824125,ABB579,SWA575,32.880404,-117.269131,,,145,,3366,-30.0,2039,0.0
2026-07-29T09:16:15.824125,A25849,TWY20,32.947253,-117.511279,,,309,,4763,-49.5,398,12.3
2026-07-29T09:16:15.824125,A3EF2A,,33.101257,-117.342993,,,180,,,-35.7,8,55.0
2026-07-29T09:16:15.824125,AC07DC,,33.18988,-117.538989,,,138,,3612,-35.1,48,6.9
2026-07-29T09:16:15.824125,ABBF11,,33.192261,-117.72757,,,311,,4630,-49.5,9,32.5
2026-07-29T09:16:15.824125,ABAE8F,,32.621667,-117.139369,,,96,,,-49.5,22,0.7
2026-07-29T09:16:20.870835,A26E90,N256J,33.195419,-117.395178,,,337,,4635,-49.5,2917,27.6
2026-07-29T09:16:20.870835,A771AF,AAL2954,32.505985,-116.919643,,,140,,7241,-49.5,2825,1.4
2026-07-29T09:16:20.870835,A50C3D,N424U,33.173637,-116.800923,,,55,,1014,-49.5,4378,44.1
2026-07-29T09:16:20.870835,AB1BF9,ASA1680,32.79039,-117.11618,,,104,,6360,-49.5,2946,1.6
2026-07-29T09:16:20.870835,A9D59A,UAL1185,32.600951,-117.031636,,,132,,6736,-49.5,1017,0.2
2026-07-29T09:16:20.870835,ABB579,SWA575,32.876075,-117.2656,,,145,,3366,-34.3,2072,1.1
2026-07-29T09:16:20.870835,A25849,TWY20,32.947253,-117.511279,,,309,,4763,-49.5,398,17.3
2026-07-29T09:16:20.870835,A3EF2A,,33.101257,-117.342993,,,180,,,-35.7,8,60.1
2026-07-29T09:16:20.870835,AC07DC,,33.18988,-117.538989,,,138,,3612,-49.5,50,11.9
2026-07-29T09:16:20.870835,ABBF11,,33.192261,-117.72757,,,311,,4630,-49.5,9,37.6
2026-07-29T09:16:20.870835,ABAE8F,SWA3263,32.620782,-117.12956,,,95,,2007,-32.9,67,0.1
2026-07-29T09:16:25.943889,A26E90,N256J,33.195419,-117.395178,,,337,,4635,-49.5,2917,32.7
2026-07-29T09:16:25.943889,A771AF,AAL2954,32.505985,-116.919643,,,140,,7241,-49.5,2826,6.5
2026-07-29T09:16:25.943889,A50C3D,N424U,33.173637,-116.800923,,,55,,1014,-49.5,4378,49.2
2026-07-29T09:16:25.943889,AB1BF9,ASA1680,32.79039,-117.11618,,,104,,6360,-49.5,2946,6.6
2026-07-29T09:16:25.943889,A9D59A,UAL1185,32.594294,-117.022892,,,132,,6736,-34.2,1039,0.5
2026-07-29T09:16:25.943889,ABB579,SWA575,32.869744,-117.260331,,,144,,3366,-49.5,2098,0.0
2026-07-29T09:16:25.943889,A25849,TWY20,32.947253,-117.511279,,,309,,4763,-35.5,400,22.4
2026-07-29T09:16:25.943889,A3EF2A,,33.101257,-117.342993,,,180,,,-35.7,8,65.2
2026-07-29T09:16:25.943889,AC07DC,,33.166672,-117.5146,,,138,,3612,-49.5,90,0.2
2026-07-29T09:16:25.943889,ABBF11,,33.192261,-117.72757,,,311,,4630,-49.5,9,42.7
2026-07-29T09:16:25.943889,ABAE8F,SWA3263,32.620193,-117.121838,,,94,,2007,-49.5,101,0.8
2026-07-29T09:16:31.011720,A26E90,N256J,33.195419,-117.395178,,,337,,4635,-49.5,2917,37.7
2026-07-29T09:16:31.011720,A771AF,AAL2954,32.489272,-116.903556,,,140,,7241,-49.5,2833,1.7
2026-07-29T09:16:31.011720,A50C3D,N424U,33.173637,-116.800923,,,55,,1014,-49.5,4378,54.3
2026-07-29T09:16:31.011720,AB1BF9,ASA1680,32.79039,-117.11618,,,104,,6360,-49.5,2946,11.7
2026-07-29T09:16:31.011720,A9D59A,UAL1185,32.591501,-117.019248,,,132,,6736,-36.3,1047,3.5
2026-07-29T09:16:31.011720,ABB579,SWA575,32.865601,-117.256856,,,144,,3366,-49.5,2121,1.1
2026-07-29T09:16:31.011720,A25849,TWY20,32.973999,-117.549152,,,309,,4763,-34.7,428,2.1
2026-07-29T09:16:31.011720,A3EF2A,CXK234,33.075943,-117.343817,,,179,,,-49.5,38,0.2
2026-07-29T09:16:31.011720,AC07DC,SWA1460,33.160043,-117.507636,,,138,,3612,-29.4,144,0.5
2026-07-29T09:16:31.011720,ABBF11,,33.192261,-117.72757,,,311,,4630,-49.5,9,47.7
2026-07-29T09:16:31.011720,ABAE8F,SWA3263,32.619736,-117.112555,,,92,,2007,-49.5,138,0.7
2026-07-29T09:16:36.078846,A26E90,N256J,33.195419,-117.395178,,,337,,4635,-49.5,2917,42.8
2026-07-29T09:16:36.078846,A771AF,AAL2954,32.479077,-116.893747,,,140,,7241,-35.6,2847,0.7
2026-07-29T09:16:36.078846,A50C3D,N424U,33.173637,-116.800923,,,55,,1014,-49.5,4378,59.3
2026-07-29T09:16:36.078846,AB1BF9,ASA1680,32.79039,-117.11618,,,104,,6360,-49.5,2946,16.7
2026-07-29T09:16:36.078846,A9D59A,UAL1185,32.591501,-117.019248,,,132,,6736,-36.3,1047,8.6
2026-07-29T09:16:36.078846,ABB579,SWA575,32.859283,-117.251532,,,144,,3366,-33.8,2124,0.0
2026-07-29T09:16:36.078846,A25849,TWY20,32.976929,-117.553271,,,309,,4763,-35.1,436,4.3
2026-07-29T09:16:36.078846,A3EF2A,CXK234,33.074015,-117.343794,,,179,,5267,-31.4,76,0.2
2026-07-29T09:16:36.078846,AC07DC,SWA1460,33.152968,-117.500237,,,138,,3612,-49.5,182,0.4
2026-07-29T09:16:36.078846,ABBF11,,33.192261,-117.72757,,,311,,4630,-49.5,9,52.8
2026-07-29T09:16:36.078846,ABAE8F,SWA3263,32.619572,-117.107195,,,91,,2007,-49.5,149,2.8
2026-07-29T09:16:41.125957,A26E90,N256J,33.195419,-117.395178,,,337,,4635,-49.5,2917,47.9
2026-07-29T09:16:41.125957,A771AF,AAL2954,32.469627,-116.884666,,,140,,7241,-34.7,2864,0.2
2026-07-29T09:16:41.125957,A50C3D,N424U,33.173637,-116.800923,,,55,,1014,-49.5,4378,64.4
2026-07-29T09:16:41.125957,AB1BF9,ASA1680,32.79039,-117.11618,,,104,,6360,-49.5,2949,21.8
2026-07-29T09:16:41.125957,A9D59A,UAL1185,32.578949,-117.002856,,,132,,6736,-34.8,1048,4.8
2026-07-29T09:16:41.125957,ABB579,SWA575,32.856104,-117.24884,,,144,,3366,-33.4,2140,2.0
2026-07-29T09:16:41.125957,A25849,TWY20,32.985809,-117.565851,,,309,,4763,-49.5,449,0.9
2026-07-29T09:16:41.125957,A3EF2A,CXK234,33.072372,-117.343762,,,177,,5267,-36.8,103,0.9
2026-07-29T09:16:41.125957,AC07DC,SWA1460,33.146118,-117.493011,,,138,,3612,-32.8,227,0.5
2026-07-29T09:16:41.125957,ABBF11,,33.192261,-117.72757,,,311,,4630,-49.5,9,57.9
2026-07-29T09:16:41.125957,ABAE8F,SWA3263,32.619572,-117.107195,,,91,,2007,-49.5,149,7.8
2026-07-29T09:16:46.204925,A26E90,N256J,33.195419,-117.395178,,,337,,4635,-49.5,2917,52.9
2026-07-29T09:16:46.204925,A771AF,AAL2954,32.460937,-116.876294,,,140,,7241,-49.5,2881,0.2
2026-07-29T09:16:46.204925,AB1BF9,ASA1680,32.783762,-117.085951,,,104,,6360,-36.9,2967,3.0
2026-07-29T09:16:46.204925,A9D59A,UAL1185,32.578949,-117.002856,,,132,,6736,-36.7,1051,9.8
2026-07-29T09:16:46.204925,ABB579,SWA575,32.849447,-117.243291,,,145,,3366,-36.3,2147,0.7
2026-07-29T09:16:46.204925,A25849,TWY20,32.992081,-117.574695,,,309,,4763,-35.3,475,0.1
2026-07-29T09:16:46.204925,A3EF2A,CXK234,33.071827,-117.343738,,,177,,5267,-49.5,105,4.5
2026-07-29T09:16:46.204925,AC07DC,SWA1460,33.142167,-117.489026,,,139,,3612,-49.5,245,2.7
2026-07-29T09:16:46.204925,ABAE8F,SWA3263,32.619572,-117.107195,,,91,,2007,-49.5,149,12.9
2026-07-29T09:16:51.254355,A26E90,N256J,33.195419,-117.395178,,,337,,4635,-49.5,2917,58.0
2026-07-29T09:16:51.254355,A771AF,AAL2954,32.453293,-116.868933,,,140,,7241,-34.3,2896,0.7
2026-07-29T09:16:51.254355,AB1BF9,ASA1680,32.783762,-117.085951,,,104,,6360,-36.9,2967,8.1
2026-07-29T09:16:51.254355,A9D59A,UAL1185,32.559128,-116.977039,,,132,,6736,-32.6,1063,0.6
2026-07-29T09:16:51.254355,ABB579,SWA575,32.843907,-117.238751,,,145,,3366,-49.5,2166,0.5
2026-07-29T09:16:51.254355,A25849,TWY20,32.993154,-117.5763,,,309,,4763,-49.5,494,4.0
2026-07-29T09:16:51.254355,A3EF2A,CXK234,33.071827,-117.343738,,,177,,5267,-49.5,105,9.6
2026-07-29T09:16:51.254355,AC07DC,SWA1460,33.142167,-117.489026,,,139,,3612,-34.0,248,7.7
2026-07-29T09:16:51.254355,ABAE8F,SWA3263,32.620148,-117.08042,,,85,,2007,-49.5,154,3.0
2026-07-29T09:16:56.308508,A771AF,AAL2954,32.444916,-116.860858,,,140,,7241,-49.5,2902,0.9
2026-07-29T09:16:56.308508,AB1BF9,ASA1680,32.780365,-117.070477,,,104,,6360,-37.5,2971,0.8
2026-07-29T09:16:56.308508,A9D59A,UAL1185,32.551792,-116.967624,,,133,,6736,-27.6,1080,0.5
2026-07-29T09:16:56.308508,ABB579,SWA575,32.838833,-117.234603,,,145,,3366,-49.5,2173,0.7
2026-07-29T09:16:56.308508,A25849,TWY20,33.001533,-117.588127,,,309,,4763,-35.8,515,1.1
2026-07-29T09:16:56.308508,A3EF2A,CXK234,33.071827,-117.343738,,,177,,5267,-49.5,105,14.7
2026-07-29T09:16:56.308508,AC07DC,SWA1460,33.12606,-117.474621,,,145,,3612,-49.5,289,1.7
2026-07-29T09:16:56.308508,ABAE8F,SWA3263,32.620972,-117.067731,,,85,,2007,-33.4,171,1.0
2026-07-29T09:17:01.387546,A771AF,AAL2954,32.435623,-116.851904,,,140,,7241,-49.5,2933,0.4
2026-07-29T09:17:01.387546,AB1BF9,ASA1680,32.779153,-117.065044,,,105,,6360,-49.5,2994,1.5
2026-07-29T09:17:01.387546,A9D59A,UAL1185,32.544662,-116.959131,,,135,,6736,-49.5,1098,0.7
2026-07-29T09:17:01.387546,ABB579,SWA575,32.834015,-117.230658,,,145,,3366,-35.8,2175,1.1
2026-07-29T09:17:01.387546,A25849,TWY20,33.004669,-117.592603,,,309,,4763,-49.5,522,3.2
2026-07-29T09:17:01.387546,A3EF2A,CXK234,33.071827,-117.343738,,,177,,5267,-49.5,105,19.7
2026-07-29T09:17:01.387546,AC07DC,SWA1460,33.116821,-117.466919,,,144,,3612,-34.4,307,0.6
2026-07-29T09:17:01.387546,ABAE8F,SWA3263,32.621292,-117.062292,,,85,,2007,-36.5,187,3.1
2026-07-29T09:17:06.466307,A771AF,AAL2954,32.427079,-116.843691,,,140,,7241,-32.1,2963,0.5
2026-07-29T09:17:06.466307,AB1BF9,ASA1680,32.777618,-117.058392,,,105,,6360,-35.4,3011,1.4
2026-07-29T09:17:06.466307,A9D59A,UAL1185,32.537128,-116.95064,,,136,,6736,-26.6,1116,0.7
2026-07-29T09:17:06.466307,ABB579,SWA575,32.834015,-117.230658,,,145,,3366,-34.3,2180,6.2
2026-07-29T09:17:06.466307,A25849,TWY20,33.004669,-117.592603,,,309,,4763,-49.5,522,8.3
2026-07-29T09:17:06.466307,A3EF2A,CXK234,33.071827,-117.343738,,,177,,5267,-49.5,106,24.8
2026-07-29T09:17:06.466307,AC07DC,SWA1460,33.109534,-117.460832,,,144,,3612,-30.0,327,0.7
2026-07-29T09:17:06.466307,ABAE8F,SWA3263,32.622208,-117.047791,,,85,,2007,-49.5,193,0.1
2026-07-29T09:17:06.466307,A26E90,,33.240765,-117.417951,,,334,,4635,-35.3,12,0.1
2026-07-29T09:17:11.545384,A771AF,AAL2954,32.418699,-116.83562,,,140,,7241,-49.5,2994,0.5
2026-07-29T09:17:11.545384,AB1BF9,ASA1680,32.776428,-117.053394,,,105,,6360,-36.9,3027,2.4
2026-07-29T09:17:11.545384,A9D59A,UAL1185,32.529447,-116.942456,,,138,,6736,-30.5,1131,0.9
2026-07-29T09:17:11.545384,ABB579,SWA575,32.822891,-117.2211,,,140,,3366,-49.5,2193,0.4
2026-07-29T09:17:11.545384,A25849,TWY20,33.01494,-117.607185,,,309,,4763,-49.5,530,3.5
2026-07-29T09:17:11.545384,A3EF2A,CXK234,33.071827,-117.343738,,,177,,5267,-49.5,106,29.9
2026-07-29T09:17:11.545384,AC07DC,SWA1460,33.101574,-117.454161,,,144,,3612,-32.7,371,0.4
2026-07-29T09:17:11.545384,ABAE8F,SWA3263,32.622803,-117.038672,,,85,,2007,-28.9,224,0.2
2026-07-29T09:17:11.545384,A26E90,,33.243622,-117.419843,,,328,,4635,-49.5,53,0.3
2026-07-29T09:17:16.598034,A771AF,AAL2954,32.409302,-116.826581,,,140,,7241,-49.5,3029,0.0
2026-07-29T09:17:16.598034,AB1BF9,ASA1680,32.776428,-117.053394,,,105,,6360,-35.6,3028,7.4
2026-07-29T09:17:16.598034,A9D59A,UAL1185,32.521999,-116.935001,,,140,,6736,-49.5,1150,1.1
2026-07-29T09:17:16.598034,ABB579,SWA575,32.822891,-117.2211,,,140,,3366,-37.6,2195,5.4
2026-07-29T09:17:16.598034,A25849,TWY20,33.023071,-117.61875,,,309,,4763,-49.5,537,0.8
2026-07-29T09:17:16.598034,A3EF2A,CXK234,33.071827,-117.343738,,,177,,5267,-49.5,106,34.9
2026-07-29T09:17:16.598034,AC07DC,SWA1460,33.094528,-117.448242,,,144,,3612,-31.9,412,0.6
2026-07-29T09:17:16.598034,ABAE8F,SWA3263,32.623389,-117.02917,,,85,,2007,-49.5,273,0.0
2026-07-29T09:17:16.598034,A26E90,N256J,33.246491,-117.422267,,,320,,4635,-49.5,98,0.0
2026-07-29T09:17:21.625055,A771AF,AAL2954,32.401749,-116.81933,,,140,,7241,-49.5,3070,0.6
2026-07-29T09:17:21.625055,AB1BF9,ASA1680,32.776428,-117.053394,,,105,,6360,-49.5,3029,12.5
2026-07-29T09:17:21.625055,A9D59A,UAL1185,32.517017,-116.930237,,,141,,6736,-32.8,1160,3.1
2026-07-29T09:17:21.625055,ABB579,SWA575,32.822891,-117.2211,,,140,,3366,-37.6,2199,10.5
2026-07-29T09:17:21.625055,A25849,TWY20,33.026001,-117.622925,,,309,,4763,-49.5,546,2.9
2026-07-29T09:17:21.625055,A3EF2A,CXK234,33.071827,-117.343738,,,177,,5267,-49.5,106,40.0
2026-07-29T09:17:21.625055,AC07DC,SWA1460,33.088772,-117.443399,,,144,,3612,-49.5,433,1.7
2026-07-29T09:17:21.625055,ABAE8F,SWA3263,32.623762,-117.023509,,,85,,2007,-35.1,292,2.0
2026-07-29T09:17:21.625055,A26E90,N256J,33.248912,-117.425014,,,313,,4635,-49.5,149,0.0
2026-07-29T09:17:26.673165,A771AF,AAL2954,32.395615,-116.813397,,,140,,7241,-34.4,3100,2.0
2026-07-29T09:17:26.673165,AB1BF9,ASA1680,32.776428,-117.053394,,,105,,6360,-49.5,3029,17.6
2026-07-29T09:17:26.673165,A9D59A,UAL1185,32.517017,-116.930237,,,141,,6736,-32.8,1160,8.2
2026-07-29T09:17:26.673165,ABB579,SWA575,32.822891,-117.2211,,,140,,3366,-37.6,2199,15.6
2026-07-29T09:17:26.673165,A25849,TWY20,33.026001,-117.622925,,,309,,4763,-37.3,547,8.0
2026-07-29T09:17:26.673165,A3EF2A,CXK234,33.071827,-117.343738,,,177,,5267,-49.5,106,45.0
2026-07-29T09:17:26.673165,AC07DC,SWA1460,33.088772,-117.443399,,,144,,3612,-49.5,434,6.7
2026-07-29T09:17:26.673165,ABAE8F,SWA3263,32.623762,-117.023509,,,85,,2007,-36.7,295,7.0
2026-07-29T09:17:26.673165,A26E90,N256J,33.251146,-117.428041,,,311,,4635,-49.5,202,0.1
2026-07-29T09:17:31.751954,A771AF,AAL2954,32.386917,-116.805103,,,140,,7241,-34.9,3120,2.0
2026-07-29T09:17:31.751954,AB1BF9,ASA1680,32.776428,-117.053394,,,105,,6360,-49.5,3029,22.6
2026-07-29T09:17:31.751954,A9D59A,UAL1185,32.517017,-116.930237,,,141,,6736,-32.8,1160,13.2
2026-07-29T09:17:31.751954,ABB579,SWA575,32.822891,-117.2211,,,140,,3366,-37.6,2199,20.7
2026-07-29T09:17:31.751954,A25849,TWY20,33.026001,-117.622925,,,309,,4763,-37.3,547,13.1
2026-07-29T09:17:31.751954,A3EF2A,CXK234,33.071827,-117.343738,,,177,,5267,-49.5,110,50.1
2026-07-29T09:17:31.751954,AC07DC,SWA1460,33.073037,-117.430171,,,144,,3612,-49.5,445,1.0
2026-07-29T09:17:31.751954,ABAE8F,SWA3263,32.625183,-117.001318,,,85,,2007,-34.9,312,0.0
2026-07-29T09:17:31.751954,A26E90,N256J,33.253372,-117.431049,,,311,,4635,-32.9,263,0.4
2026-07-29T09:17:36.831202,A771AF,AAL2954,32.377029,-116.795599,,,140,,7241,-34.8,3139,1.1
2026-07-29T09:17:36.831202,AB1BF9,ASA1680,32.776428,-117.053394,,,105,,6360,-49.5,3029,27.7
2026-07-29T09:17:36.831202,A9D59A,UAL1185,32.517017,-116.930237,,,141,,6736,-32.8,1160,18.3
2026-07-29T09:17:36.831202,ABB579,SWA575,32.822891,-117.2211,,,140,,3366,-35.9,2200,25.7
2026-07-29T09:17:36.831202,A25849,TWY20,33.026001,-117.622925,,,309,,4763,-37.3,547,18.1
2026-07-29T09:17:36.831202,A3EF2A,CXK234,33.060104,-117.325085,,,121,,5267,-49.5,125,0.0
2026-07-29T09:17:36.831202,AC07DC,SWA1460,33.073037,-117.430171,,,144,,3612,-49.5,446,6.1
2026-07-29T09:17:36.831202,ABAE8F,SWA3263,32.625549,-116.99566,,,85,,2007,-49.5,325,2.1
2026-07-29T09:17:36.831202,A26E90,N256J,33.255662,-117.434094,,,311,,4635,-31.3,320,0.3
2026-07-29T09:17:41.893707,A771AF,AAL2954,32.371868,-116.790666,,,140,,7241,-49.5,3149,3.1
2026-07-29T09:17:41.893707,AB1BF9,ASA1680,32.776428,-117.053394,,,105,,6360,-49.5,3029,32.8
2026-07-29T09:17:41.893707,A9D59A,UAL1185,32.517017,-116.930237,,,141,,6736,-32.8,1160,23.4
2026-07-29T09:17:41.893707,ABB579,SWA575,32.805641,-117.18438,,,140,,3366,-49.5,2205,2.1
2026-07-29T09:17:41.893707,A25849,TWY20,33.026001,-117.622925,,,309,,4763,-37.3,547,23.2
2026-07-29T09:17:41.893707,A3EF2A,CXK234,33.059143,-117.323108,,,120,,5267,-49.5,142,0.4
2026-07-29T09:17:41.893707,AC07DC,SWA1460,33.073037,-117.430171,,,144,,3612,-49.5,446,11.1
2026-07-29T09:17:41.893707,ABAE8F,SWA3263,32.626419,-116.982532,,,85,,2007,-35.9,327,0.2
2026-07-29T09:17:41.893707,A26E90,N256J,33.257629,-117.436816,,,311,,4635,-49.5,369,0.8
2026-07-29T09:17:41.893707,A7907C,,33.118607,-117.334753,,,257,,,-49.5,2,17.9
2026-07-29T09:17:46.935477,A771AF,AAL2954,32.359904,-116.779175,,,140,,7241,-35.0,3152,1.0
2026-07-29T09:17:46.935477,AB1BF9,ASA1680,32.776428,-117.053394,,,105,,6360,-49.5,3029,37.8
2026-07-29T09:17:46.935477,A9D59A,UAL1185,32.517017,-116.930237,,,141,,6736,-32.8,1160,28.4
2026-07-29T09:17:46.935477,ABB579,SWA575,32.805641,-117.18438,,,140,,3366,-49.5,2206,7.2
2026-07-29T09:17:46.935477,A25849,TWY20,33.026001,-117.622925,,,309,,4763,-37.3,547,28.3
2026-07-29T09:17:46.935477,A3EF2A,CXK234,33.058182,-117.320911,,,116,,5267,-49.5,178,0.1
2026-07-29T09:17:46.935477,AC07DC,SWA1460,33.049805,-117.410834,,,145,,3612,-29.8,488,0.1
2026-07-29T09:17:46.935477,ABAE8F,SWA3263,32.626419,-116.982532,,,85,,2007,-35.9,327,5.2
2026-07-29T09:17:46.935477,A26E90,N256J,33.259991,-117.440092,,,310,,4635,-49.5,418,0.4
2026-07-29T09:17:46.935477,A7907C,,33.114349,-117.359143,,,268,,,-49.5,17,1.7
2026-07-29T09:17:46.935477,ABB930,,32.621063,-117.136066,,,93,,,-49.5,10,1.1
2026-07-29T09:17:52.021195,A771AF,AAL2954,32.359904,-116.779175,,,140,,7241,-35.6,3156,6.1
2026-07-29T09:17:52.021195,AB1BF9,ASA1680,32.776428,-117.053394,,,105,,6360,-49.5,3029,42.9
2026-07-29T09:17:52.021195,A9D59A,UAL1185,32.517017,-116.930237,,,141,,6736,-32.8,1160,33.5
2026-07-29T09:17:52.021195,ABB579,SWA575,32.802476,-117.17003,,,140,,3366,-33.6,2212,2.3
2026-07-29T09:17:52.021195,A25849,TWY20,33.026001,-117.622925,,,309,,4763,-37.3,547,33.3
2026-07-29T09:17:52.021195,A3EF2A,CXK234,33.058001,-117.320251,,,112,,5267,-49.5,181,3.8
2026-07-29T09:17:52.021195,AC07DC,SWA1460,33.042825,-117.405003,,,145,,3612,-49.5,542,0.3
2026-07-29T09:17:52.021195,ABAE8F,SWA3263,32.626419,-116.982532,,,85,,2007,-34.3,328,10.3
2026-07-29T09:17:52.021195,A26E90,N256J,33.261932,-117.442749,,,310,,4635,-34.3,455,1.0
2026-07-29T09:17:52.021195,A7907C,,33.114376,-117.364421,,,272,,,-37.2,27,2.5
2026-07-29T09:17:52.021195,ABB930,,32.620926,-117.130353,,,91,,,-37.3,15,3.4
2026-07-29T09:17:57.093785,A771AF,AAL2954,32.359904,-116.779175,,,140,,7241,-35.6,3156,11.1
2026-07-29T09:17:57.093785,AB1BF9,ASA1680,32.776428,-117.053394,,,105,,6360,-49.5,3029,47.9
2026-07-29T09:17:57.093785,A9D59A,UAL1185,32.455196,-116.870821,,,141,,6736,-49.5,1165,0.1
2026-07-29T09:17:57.093785,ABB579,SWA575,32.80014,-117.159796,,,140,,3366,-35.1,2216,0.2
2026-07-29T09:17:57.093785,A25849,TWY20,33.026001,-117.622925,,,309,,4763,-35.7,548,38.4
2026-07-29T09:17:57.093785,A3EF2A,CXK234,33.058001,-117.320251,,,112,,5267,-49.5,181,8.9
2026-07-29T09:17:57.093785,AC07DC,SWA1460,33.037146,-117.400295,,,144,,3612,-33.3,576,1.4
2026-07-29T09:17:57.093785,ABAE8F,SWA3263,32.628184,-116.954844,,,85,,2007,-49.5,354,0.6
2026-07-29T09:17:57.093785,A26E90,N256J,33.26445,-117.44621,,,311,,4635,-49.5,497,0.2
2026-07-29T09:17:57.093785,A7907C,,33.114376,-117.364421,,,272,,,-37.2,27,7.6
2026-07-29T09:17:57.093785,ABB930,,32.620926,-117.130353,,,91,,,-37.3,15,8.5
2026-07-29T09:18:02.158002,A771AF,AAL2954,32.359904,-116.779175,,,140,,7241,-35.6,3156,16.2
2026-07-29T09:18:02.158002,AB1BF9,ASA1680,32.776428,-117.053394,,,105,,6360,-49.5,3029,53.0
2026-07-29T09:18:02.158002,A9D59A,UAL1185,32.447525,-116.863385,,,140,,6736,-49.5,1177,0.3
2026-07-29T09:18:02.158002,ABB579,SWA575,32.799774,-117.158258,,,105,,3366,-49.5,2225,4.3
2026-07-29T09:18:02.158002,A25849,TWY20,33.026001,-117.622925,,,309,,4763,-35.7,548,43.5
2026-07-29T09:18:02.158002,A3EF2A,CXK234,33.058001,-117.320251,,,112,,5267,-49.5,181,13.9
2026-07-29T09:18:02.158002,AC07DC,SWA1460,33.028702,-117.393201,,,144,,3612,-49.5,593,0.4
2026-07-29T09:18:02.158002,ABAE8F,SWA3263,32.628789,-116.945203,,,85,,2007,-49.5,417,0.7
2026-07-29T09:18:02.158002,A26E90,N256J,33.266739,-117.449286,,,311,,4635,-33.6,551,0.0
2026-07-29T09:18:02.158002,A7907C,,33.1181,-117.379275,,,299,,,-30.7,47,0.5
2026-07-29T09:18:02.158002,ABB930,,32.620926,-117.130353,,,91,,,-37.3,15,13.5
2026-07-29T09:18:07.195811,A771AF,AAL2954,32.359904,-116.779175,,,140,,7241,-35.6,3156,21.3
2026-07-29T09:18:07.195811,AB1BF9,ASA1680,32.776428,-117.053394,,,105,,6360,-49.5,3029,58.1
2026-07-29T09:18:07.195811,A9D59A,UAL1185,32.439514,-116.85564,,,140,,6736,-49.5,1190,0.4
2026-07-29T09:18:07.195811,ABB579,SWA575,32.799774,-117.158258,,,105,,3366,-49.5,2226,9.3
2026-07-29T09:18:07.195811,A25849,TWY20,33.026001,-117.622925,,,309,,4763,-35.7,548,48.5
2026-07-29T09:18:07.195811,A3EF2A,CXK234,33.058001,-117.320251,,,112,,5267,-49.5,181,19.0
2026-07-29T09:18:07.195811,AC07DC,SWA1460,33.022156,-117.387683,,,144,,3612,-29.5,623,0.7
2026-07-29T09:18:07.195811,ABAE8F,SWA3263,32.629395,-116.935282,,,85,,2007,-49.5,481,0.5
2026-07-29T09:18:07.195811,A26E90,N256J,33.268976,-117.452368,,,311,,4635,-31.7,596,0.0
2026-07-29T09:18:07.195811,A7907C,LXJ587,33.121498,-117.384264,,,315,,7217,-34.6,83,0.7
2026-07-29T09:18:07.195811,ABB930,,32.620926,-117.130353,,,91,,,-37.3,15,18.6
2026-07-29T09:18:12.275044,A771AF,AAL2954,32.359904,-116.779175,,,140,,7241,-35.6,3156,26.3
2026-07-29T09:18:12.275044,AB1BF9,ASA1680,32.776428,-117.053394,,,105,,6360,-49.5,3029,63.2
2026-07-29T09:18:12.275044,A9D59A,UAL1185,32.431501,-116.847951,,,140,,6736,-31.4,1207,0.4
2026-07-29T09:18:12.275044,ABB579,SWA575,32.799774,-117.158258,,,105,,3366,-37.6,2227,14.4
2026-07-29T09:18:12.275044,A25849,TWY20,33.026001,-117.622925,,,309,,4763,-35.7,548,53.6
2026-07-29T09:18:12.275044,A3EF2A,CXK234,33.058001,-117.320251,,,112,,5267,-49.5,181,24.1
2026-07-29T09:18:12.275044,AC07DC,SWA1460,33.014786,-117.3815,,,144,,3612,-49.5,681,0.3
2026-07-29T09:18:12.275044,ABAE8F,SWA3263,32.630046,-116.925472,,,85,,2007,-34.3,539,0.5
2026-07-29T09:18:12.275044,A26E90,N256J,33.27121,-117.455395,,,311,,4635,-49.5,649,0.2
2026-07-29T09:18:12.275044,A7907C,LXJ587,33.126251,-117.388641,,,324,,7217,-34.9,104,0.5
2026-07-29T09:18:12.275044,ABB930,,32.620926,-117.130353,,,91,,,-36.1,19,23.7
2026-07-29T09:18:17.354743,A771AF,AAL2954,32.359904,-116.779175,,,140,,7241,-35.6,3156,31.4
2026-07-29T09:18:17.354743,AB1BF9,ASA1680,32.776428,-117.053394,,,105,,6360,-49.5,3029,68.2
2026-07-29T09:18:17.354743,A9D59A,UAL1185,32.423773,-116.840496,,,140,,6736,-49.5,1225,0.8
2026-07-29T09:18:17.354743,ABB579,SWA575,32.793732,-117.130847,,,104,,3366,-49.5,2245,0.3
2026-07-29T09:18:17.354743,A25849,TWY20,33.026001,-117.622925,,,309,,4763,-35.7,548,58.7
2026-07-29T09:18:17.354743,A3EF2A,CXK234,33.058001,-117.320251,,,112,,5267,-49.5,181,29.1
2026-07-29T09:18:17.354743,AC07DC,SWA1460,33.010797,-117.378098,,,144,,3612,-49.5,713,2.4
2026-07-29T09:18:17.354743,ABAE8F,SWA3263,32.630465,-116.918298,,,85,,2007,-35.7,571,1.8
2026-07-29T09:18:17.354743,A26E90,N256J,33.273398,-117.458309,,,311,,4635,-33.9,715,0.2
2026-07-29T09:18:17.354743,A7907C,LXJ587,33.126251,-117.388641,,,324,,7217,-34.9,104,5.6
2026-07-29T09:18:17.354743,ABB930,,32.627067,-117.078328,,,74,,,-49.5,25,3.7
2026-07-29T09:18:22.433410,A771AF,AAL2954,32.359904,-116.779175,,,140,,7241,-35.6,3156,36.5
2026-07-29T09:18:22.433410,A9D59A,UAL1185,32.415756,-116.832788,,,140,,6736,-29.3,1244,0.8
2026-07-29T09:18:22.433410,ABB579,SWA575,32.792496,-117.125244,,,104,,3366,-49.5,2289,1.5
2026-07-29T09:18:22.433410,A25849,TWY20,33.026001,-117.622925,,,309,,4763,-35.7,548,63.8
2026-07-29T09:18:22.433410,A3EF2A,CXK234,33.058001,-117.320251,,,112,,5267,-49.5,181,34.2
2026-07-29T09:18:22.433410,AC07DC,SWA1460,33.001393,-117.370194,,,144,,3612,-29.0,736,0.4
2026-07-29T09:18:22.433410,ABAE8F,SWA3263,32.630465,-116.918298,,,85,,2007,-35.7,571,6.9
2026-07-29T09:18:22.433410,A26E90,N256J,33.275665,-117.461316,,,312,,4635,-32.5,764,0.1
2026-07-29T09:18:22.433410,A7907C,LXJ587,33.134216,-117.392102,,,324,,7217,-34.2,107,3.3
2026-07-29T09:18:22.433410,ABB930,SWA2499,32.630698,-117.065828,,,69,,,-49.5,41,2.5
2026-07-29T09:18:27.512145,A771AF,AAL2954,32.359904,-116.779175,,,140,,7241,-35.6,3156,41.6
2026-07-29T09:18:27.512145,A9D59A,UAL1185,32.406316,-116.823681,,,140,,6736,-49.5,1266,0.0
2026-07-29T09:18:27.512145,ABB579,SWA575,32.791257,-117.119695,,,104,,3366,-49.5,2297,2.7
2026-07-29T09:18:27.512145,A25849,TWY20,33.026001,-117.622925,,,309,,4763,-35.7,548,68.8
2026-07-29T09:18:27.512145,A3EF2A,CXK234,33.058001,-117.320251,,,112,,5267,-35.7,184,39.3
2026-07-29T09:18:27.512145,AC07DC,SWA1460,32.994597,-117.364421,,,144,,3612,-30.7,791,0.3
2026-07-29T09:18:27.512145,ABAE8F,SWA3263,32.630465,-116.918298,,,85,,2007,-35.7,571,12.0
2026-07-29T09:18:27.512145,A26E90,N256J,33.277821,-117.464139,,,312,,4635,-49.5,798,0.5
2026-07-29T09:18:27.512145,A7907C,LXJ587,33.140119,-117.392559,,,358,,7217,-35.1,119,3.2
2026-07-29T09:18:27.512145,ABB930,SWA2499,32.630698,-117.065828,,,69,,,-49.5,41,7.6
2026-07-29T09:18:32.629924,A771AF,AAL2954,32.359904,-116.779175,,,140,,7241,-35.6,3156,46.7
2026-07-29T09:18:32.629924,A9D59A,UAL1185,32.39827,-116.815979,,,140,,6736,-29.7,1284,0.0
2026-07-29T09:18:32.629924,ABB579,SWA575,32.791257,-117.119695,,,104,,3366,-49.5,2297,7.8
2026-07-29T09:18:32.629924,A25849,TWY20,33.026001,-117.622925,,,309,,4763,-35.7,548,73.9
2026-07-29T09:18:32.629924,A3EF2A,CXK234,33.05777,-117.299652,,,88,,5267,-36.9,199,2.1
2026-07-29T09:18:32.629924,AC07DC,SWA1460,32.988312,-117.359152,,,144,,3612,-28.7,848,0.6
2026-07-29T09:18:32.629924,ABAE8F,SWA3263,32.630465,-116.918298,,,85,,2007,-35.7,571,17.1
2026-07-29T09:18:32.629924,A26E90,N256J,33.28038,-117.467358,,,313,,4635,-34.9,843,0.2
2026-07-29T09:18:32.629924,A7907C,LXJ587,33.146031,-117.391326,,,14,,7217,-49.5,130,3.1
2026-07-29T09:18:32.629924,ABB930,SWA2499,32.639053,-117.041144,,,68,,,-30.6,52,0.3
2026-07-29T09:18:37.670055,A771AF,AAL2954,32.359904,-116.779175,,,140,,7241,-35.6,3156,51.7
2026-07-29T09:18:37.670055,A9D59A,UAL1185,32.389938,-116.807959,,,140,,6736,-32.4,1303,0.0
2026-07-29T09:18:37.670055,ABB579,SWA575,32.791257,-117.119695,,,104,,3366,-49.5,2297,12.9
2026-07-29T09:18:37.670055,A25849,TWY20,33.108184,-117.73975,,,309,,4763,-49.5,557,0.5
2026-07-29T09:18:37.670055,A3EF2A,CXK234,33.057861,-117.29699,,,88,,5267,-49.5,226,1.7
2026-07-29T09:18:37.670055,AC07DC,SWA1460,32.988312,-117.359152,,,144,,3612,-33.4,851,5.7
2026-07-29T09:18:37.670055,ABAE8F,SWA3263,32.630465,-116.918298,,,85,,2007,-35.7,571,22.2
2026-07-29T09:18:37.670055,A26E90,N256J,33.282336,-117.469912,,,313,,4635,-33.4,880,0.9
2026-07-29T09:18:37.670055,A7907C,LXJ587,33.146031,-117.391326,,,14,,7217,-49.5,130,8.2
2026-07-29T09:18:37.670055,ABB930,SWA2499,32.642336,-117.031244,,,68,,1317,-32.1,91,0.4
2026-07-29T09:18:42.749533,A771AF,AAL2954,32.359904,-116.779175,,,140,,7241,-35.6,3156,56.8
2026-07-29T09:18:42.749533,A9D59A,UAL1185,32.382111,-116.800433,,,140,,6736,-49.5,1321,0.0
2026-07-29T09:18:42.749533,ABB579,SWA575,32.791257,-117.119695,,,104,,3366,-49.5,2297,17.9
2026-07-29T09:18:42.749533,A25849,TWY20,33.113258,-117.746981,,,309,,4763,-49.5,578,0.6
2026-07-29T09:18:42.749533,A3EF2A,CXK234,33.057861,-117.29699,,,88,,5267,-49.5,226,6.7
2026-07-29T09:18:42.749533,AC07DC,SWA1460,32.976581,-117.349287,,,144,,3612,-49.5,881,1.6
2026-07-29T09:18:42.749533,ABAE8F,SWA3263,32.630465,-116.918298,,,85,,2007,-35.7,571,27.2
2026-07-29T09:18:42.749533,A26E90,N256J,33.284683,-117.472852,,,313,,4635,-49.5,906,0.9
2026-07-29T09:18:42.749533,A7907C,LXJ587,33.158042,-117.381965,,,49,,7217,-49.5,149,0.6
2026-07-29T09:18:42.749533,ABB930,SWA2499,32.642944,-117.029388,,,68,,1317,-49.5,101,4.4
2026-07-29T09:18:47.802166,A771AF,AAL2954,32.359904,-116.779175,,,140,,7241,-35.6,3156,61.8
2026-07-29T09:18:47.802166,A9D59A,UAL1185,32.375685,-116.794253,,,140,,6736,-49.5,1337,1.1
2026-07-29T09:18:47.802166,ABB579,SWA575,32.791257,-117.119695,,,104,,3366,-49.5,2297,22.9
2026-07-29T09:18:47.802166,A25849,TWY20,33.11879,-117.754871,,,309,,4763,-36.2,599,0.3
2026-07-29T09:18:47.802166,A3EF2A,CXK234,33.057861,-117.29699,,,88,,5267,-49.5,226,11.7
2026-07-29T09:18:47.802166,AC07DC,SWA1460,32.970566,-117.344257,,,144,,3612,-49.5,909,1.7
2026-07-29T09:18:47.802166,ABAE8F,SWA3263,32.630465,-116.918298,,,85,,2007,-35.7,571,32.2
2026-07-29T09:18:47.802166,A26E90,N256J,33.287271,-117.475966,,,313,,4635,-36.4,927,0.4
2026-07-29T09:18:47.802166,A7907C,LXJ587,33.158042,-117.381965,,,54,,7217,-49.5,154,5.7
2026-07-29T09:18:47.802166,ABB930,SWA2499,32.648667,-117.01185,,,68,,1317,-49.5,110,0.7
2026-07-29T09:18:47.802166,781002,CHH7926,32.784786,-117.49054,,,332,,,-34.7,20,2.7
2026-07-29T09:18:52.839218,A9D59A,UAL1185,32.366226,-116.785217,,,140,,6736,-49.5,1349,0.4
2026-07-29T09:18:52.839218,ABB579,SWA575,32.783524,-117.085199,,,104,,3366,-49.5,2310,3.3
2026-07-29T09:18:52.839218,A25849,TWY20,33.11879,-117.754871,,,309,,4763,-49.5,602,5.4
2026-07-29T09:18:52.839218,A3EF2A,CXK234,33.058044,-117.288831,,,89,,5267,-49.5,233,0.3
2026-07-29T09:18:52.839218,AC07DC,SWA1460,32.962509,-117.3375,,,144,,3612,-32.1,927,0.1
2026-07-29T09:18:52.839218,ABAE8F,SWA3263,32.630465,-116.918298,,,85,,2007,-35.7,571,37.3
2026-07-29T09:18:52.839218,A26E90,N256J,33.288986,-117.47807,,,314,,4635,-35.3,936,1.8
2026-07-29T09:18:52.839218,A7907C,LXJ587,33.163768,-117.370475,,,65,,7217,-36.2,163,1.0
2026-07-29T09:18:52.839218,ABB930,SWA2499,32.651972,-117.001648,,,69,,1317,-49.5,133,0.7
2026-07-29T09:18:52.839218,781002,CHH7926,32.784786,-117.49054,,,332,,,-34.7,20,7.8
2026-07-29T09:18:57.908237,A9D59A,UAL1185,32.366226,-116.785217,,,140,,6736,-49.5,1354,5.4
2026-07-29T09:18:57.908237,ABB579,SWA575,32.783524,-117.085199,,,104,,3366,-49.5,2310,8.3
2026-07-29T09:18:57.908237,A25849,TWY20,33.11879,-117.754871,,,309,,4763,-49.5,602,10.5
2026-07-29T09:18:57.908237,A3EF2A,CXK234,33.058228,-117.286359,,,79,,5267,-31.9,280,0.3
2026-07-29T09:18:57.908237,AC07DC,SWA1460,32.957336,-117.33316,,,144,,3612,-34.6,963,0.8
2026-07-29T09:18:57.908237,ABAE8F,SWA3263,32.630465,-116.918298,,,85,,2007,-35.7,571,42.4
2026-07-29T09:18:57.908237,A26E90,N256J,33.290716,-117.48017,,,315,,4635,-49.5,949,3.2
2026-07-29T09:18:57.908237,A7907C,LXJ587,33.164291,-117.369086,,,65,,7217,-35.9,168,4.9
2026-07-29T09:18:57.908237,ABB930,SWA2499,32.655091,-116.991502,,,71,,1317,-49.5,153,0.8
2026-07-29T09:18:57.908237,781002,CHH7926,32.797448,-117.498443,,,332,,,-35.0,24,4.8
2026-07-29T09:19:02.956295,A9D59A,UAL1185,32.366226,-116.785217,,,140,,6736,-37.5,1355,10.5
2026-07-29T09:19:02.956295,ABB579,SWA575,32.779724,-117.067841,,,104,,3366,-34.9,2323,0.4
2026-07-29T09:19:02.956295,A25849,TWY20,33.11879,-117.754871,,,309,,4763,-49.5,602,15.5
2026-07-29T09:19:02.956295,A3EF2A,CXK234,33.058653,-117.283929,,,78,,5267,-49.5,297,0.4
2026-07-29T09:19:02.956295,AC07DC,SWA1460,32.950836,-117.327722,,,144,,3612,-34.4,979,0.3
2026-07-29T09:19:02.956295,ABAE8F,SWA3263,32.630465,-116.918298,,,85,,2007,-49.5,573,47.4
2026-07-29T09:19:02.956295,A26E90,N256J,33.293509,-117.483365,,,315,,4635,-49.5,954,2.3
2026-07-29T09:19:02.956295,A7907C,LXJ587,33.164291,-117.369086,,,65,,7217,-49.5,173,9.9
2026-07-29T09:19:02.956295,ABB930,SWA2499,32.655091,-116.991502,,,71,,1317,-49.5,158,5.8
2026-07-29T09:19:02.956295,781002,CHH7926,32.813187,-117.508282,,,332,,,-49.5,33,0.0
2026-07-29T09:19:08.007586,A9D59A,UAL1185,32.366226,-116.785217,,,140,,6736,-37.5,1355,15.5
2026-07-29T09:19:08.007586,ABB579,SWA575,32.778781,-117.06381,,,105,,3366,-49.5,2346,2.4
2026-07-29T09:19:08.007586,A25849,TWY20,33.11879,-117.754871,,,309,,4763,-49.5,602,20.6
2026-07-29T09:19:08.007586,A3EF2A,CXK234,33.058979,-117.281463,,,81,,5267,-32.4,324,0.3
2026-07-29T09:19:08.007586,AC07DC,SWA1460,32.945068,-117.322943,,,144,,3612,-49.5,1025,0.3
2026-07-29T09:19:08.007586,ABAE8F,SWA3263,32.630465,-116.918298,,,85,,2007,-38.0,575,52.5
2026-07-29T09:19:08.007586,A26E90,N256J,33.295761,-117.485925,,,315,,4635,-35.7,960,2.8
2026-07-29T09:19:08.007586,A7907C,LXJ587,33.170242,-117.352826,,,66,,7217,-36.2,207,2.3
2026-07-29T09:19:08.007586,ABB930,SWA2499,32.660259,-116.970595,,,76,,1317,-49.5,181,0.9
2026-07-29T09:19:08.007586,781002,CHH7926,32.813187,-117.508282,,,332,,,-36.0,36,5.1
2026-07-29T09:19:13.060147,A9D59A,UAL1185,32.366226,-116.785217,,,140,,6736,-37.5,1355,20.6
2026-07-29T09:19:13.060147,ABB579,SWA575,32.776611,-117.054437,,,105,,3366,-33.4,2380,0.3
2026-07-29T09:19:13.060147,A25849,TWY20,33.11879,-117.754871,,,309,,4763,-49.5,602,25.6
2026-07-29T09:19:13.060147,A3EF2A,CXK234,33.05928,-117.278778,,,81,,5267,-49.5,374,0.0
2026-07-29T09:19:13.060147,AC07DC,SWA1460,32.939758,-117.318514,,,144,,3612,-33.2,1043,0.5
2026-07-29T09:19:13.060147,ABAE8F,SWA3263,32.630465,-116.918298,,,85,,2007,-36.1,576,57.5
2026-07-29T09:19:13.060147,A26E90,N256J,33.297272,-117.487683,,,315,,4635,-49.5,962,4.6
2026-07-29T09:19:13.060147,A7907C,LXJ587,33.172613,-117.34654,,,65,,7217,-36.3,215,2.4
2026-07-29T09:19:13.060147,ABB930,SWA2499,32.662628,-116.958252,,,78,,1317,-29.3,228,0.0
2026-07-29T09:19:13.060147,781002,CHH7926,32.813187,-117.508282,,,332,,,-36.0,36,10.2
2026-07-29T09:19:18.138726,A9D59A,UAL1185,32.366226,-116.785217,,,140,,6736,-37.5,1355,25.7
2026-07-29T09:19:18.138726,ABB579,SWA575,32.776611,-117.054437,,,106,,3366,-36.1,2383,5.4
2026-07-29T09:19:18.138726,A25849,TWY20,33.11879,-117.754871,,,309,,4763,-49.5,602,30.7
2026-07-29T09:19:18.138726,A3EF2A,CXK234,33.059418,-117.27746,,,81,,5267,-49.5,389,2.6
2026-07-29T09:19:18.138726,AC07DC,SWA1460,32.933846,-117.313581,,,144,,3612,-33.1,1071,0.2
2026-07-29T09:19:18.138726,ABAE8F,SWA3263,32.630465,-116.918298,,,85,,2007,-36.1,576,62.6
2026-07-29T09:19:18.138726,A26E90,N256J,33.301483,-117.492407,,,315,,4635,-37.4,967,0.9
2026-07-29T09:19:18.138726,A7907C,LXJ587,33.176197,-117.337179,,,65,,7217,-35.7,231,0.3
2026-07-29T09:19:18.138726,ABB930,SWA2499,32.663983,-116.949183,,,80,,1317,-49.5,277,0.9
2026-07-29T09:19:18.138726,781002,CHH7926,32.813187,-117.508282,,,332,,,-36.0,36,15.3
2026-07-29T09:19:18.138726,A886BF,,33.98034,-116.228142,,,,,1725,-49.5,2,5.2
2026-07-29T09:19:23.217484,A9D59A,UAL1185,32.366226,-116.785217,,,140,,6736,-37.5,1355,30.7
2026-07-29T09:19:23.217484,ABB579,SWA575,32.776611,-117.054437,,,106,,3366,-36.1,2383,10.4
2026-07-29T09:19:23.217484,A25849,TWY20,33.11879,-117.754871,,,309,,4763,-49.5,602,35.8
2026-07-29T09:19:23.217484,A3EF2A,CXK234,33.059418,-117.27746,,,81,,5267,-49.5,389,7.6
2026-07-29T09:19:23.217484,AC07DC,SWA1460,32.92975,-117.310162,,,144,,3612,-32.0,1080,1.4
2026-07-29T09:19:23.217484,ABAE8F,SWA3263,32.630465,-116.918298,,,85,,2007,-36.1,576,67.7
2026-07-29T09:19:23.217484,A26E90,N256J,33.303543,-117.494659,,,315,,4635,-49.5,969,1.8
2026-07-29T09:19:23.217484,A7907C,LXJ587,33.178802,-117.330524,,,64,,7217,-49.5,305,0.2
2026-07-29T09:19:23.217484,ABB930,SWA2499,32.665379,-116.937804,,,82,,1317,-33.7,316,0.7
2026-07-29T09:19:23.217484,781002,CHH7926,32.813187,-117.508282,,,332,,,-36.0,36,20.3
2026-07-29T09:19:23.217484,A886BF,,33.976849,-116.214352,,,,,1725,-35.5,4,4.6
2026-07-29T09:19:28.278524,A9D59A,UAL1185,32.366226,-116.785217,,,140,,6736,-37.5,1355,35.8
2026-07-29T09:19:28.278524,ABB579,SWA575,32.776611,-117.054437,,,106,,3366,-36.1,2383,15.5
2026-07-29T09:19:28.278524,A25849,TWY20,33.11879,-117.754871,,,309,,4763,-49.5,602,40.8
2026-07-29T09:19:28.278524,A3EF2A,CXK234,33.059418,-117.27746,,,81,,5267,-49.5,389,12.7
2026-07-29T09:19:28.278524,AC07DC,SWA1460,32.923372,-117.304837,,,144,,3612,-49.5,1113,0.3
2026-07-29T09:19:28.278524,ABAE8F,SWA3263,32.630465,-116.918298,,,85,,2007,-36.1,576,72.7
2026-07-29T09:19:28.278524,A26E90,N256J,33.305426,-117.496761,,,317,,4635,-49.5,982,2.9
2026-07-29T09:19:28.278524,A7907C,LXJ587,33.181551,-117.323559,,,64,,7217,-49.5,397,0.0
2026-07-29T09:19:28.278524,ABB930,SWA2499,32.665379,-116.937804,,,82,,1317,-49.5,317,5.8
2026-07-29T09:19:28.278524,781002,CHH7926,32.813187,-117.508282,,,332,,,-36.0,36,25.4
2026-07-29T09:19:28.278524,A886BF,,33.976849,-116.214352,,,,,1725,-35.5,4,9.7
2026-07-29T09:19:33.355161,A9D59A,UAL1185,32.366226,-116.785217,,,140,,6736,-37.5,1355,40.9
2026-07-29T09:19:33.355161,ABB579,SWA575,32.776611,-117.054437,,,106,,3366,-36.1,2383,20.6
2026-07-29T09:19:33.355161,A25849,TWY20,33.11879,-117.754871,,,309,,4763,-49.5,602,45.9
2026-07-29T09:19:33.355161,A3EF2A,CXK234,33.059418,-117.27746,,,81,,5267,-49.5,389,17.8
2026-07-29T09:19:33.355161,AC07DC,SWA1460,32.918065,-117.300353,,,144,,3612,-29.7,1156,0.2
2026-07-29T09:19:33.355161,ABAE8F,SWA3263,32.630465,-116.918298,,,85,,2007,-36.1,576,77.8
2026-07-29T09:19:33.355161,A26E90,N256J,33.307388,-117.498889,,,317,,4635,-36.7,987,4.2
2026-07-29T09:19:33.355161,A7907C,LXJ587,33.183655,-117.318384,,,64,,7217,-49.5,445,1.2
2026-07-29T09:19:33.355161,ABB930,SWA2499,32.665379,-116.937804,,,82,,1317,-49.5,317,10.9
2026-07-29T09:19:33.355161,781002,CHH7926,32.858618,-117.536615,,,332,,,-37.5,39,2.1
2026-07-29T09:19:33.355161,A886BF,,33.976849,-116.214352,,,,,1725,-35.5,4,14.7
2026-07-29T09:19:38.431671,A9D59A,UAL1185,32.366226,-116.785217,,,140,,6736,-37.5,1355,45.9
2026-07-29T09:19:38.431671,ABB579,SWA575,32.776611,-117.054437,,,106,,3366,-36.1,2383,25.6
2026-07-29T09:19:38.431671,A25849,TWY20,33.11879,-117.754871,,,309,,4763,-49.5,602,50.9
2026-07-29T09:19:38.431671,A3EF2A,CXK234,33.059418,-117.27746,,,80,,5267,-37.9,391,22.8
2026-07-29T09:19:38.431671,AC07DC,SWA1460,32.914307,-117.297235,,,144,,3612,-32.9,1171,1.5
2026-07-29T09:19:38.431671,ABAE8F,SWA3263,32.630465,-116.918298,,,85,,2007,-36.1,576,82.9
2026-07-29T09:19:38.431671,A26E90,N256J,33.311897,-117.503768,,,317,,4635,-37.0,995,0.0
2026-07-29T09:19:38.431671,A7907C,LXJ587,33.186996,-117.310089,,,64,,7217,-49.5,493,0.0
2026-07-29T09:19:38.431671,ABB930,SWA2499,32.665379,-116.937804,,,82,,1317,-37.3,319,15.9
2026-07-29T09:19:38.431671,781002,CHH7926,32.858618,-117.536615,,,332,,,-37.5,39,7.2
2026-07-29T09:19:38.431671,A886BF,,33.976849,-116.214352,,,,,1725,-35.5,4,19.8
2026-07-29T09:19:38.431671,A923A7,,32.688538,-117.137219,,,50,,,-49.5,10,0.3
2026-07-29T09:19:43.468671,A9D59A,UAL1185,32.366226,-116.785217,,,140,,6736,-37.5,1355,51.0
2026-07-29T09:19:43.468671,ABB579,SWA575,32.776611,-117.054437,,,106,,3366,-36.1,2383,30.7
2026-07-29T09:19:43.468671,A25849,TWY20,33.11879,-117.754871,,,309,,4763,-49.5,602,56.0
2026-07-29T09:19:43.468671,A3EF2A,CXK234,33.059418,-117.27746,,,80,,5267,-36.4,392,27.9
2026-07-29T09:19:43.468671,AC07DC,SWA1460,32.908081,-117.292017,,,144,,3612,-49.5,1209,0.2
2026-07-29T09:19:43.468671,ABAE8F,SWA3263,32.630465,-116.918298,,,85,,2007,-36.1,576,87.9
2026-07-29T09:19:43.468671,A26E90,N256J,33.313385,-117.505316,,,318,,4635,-37.7,1003,2.2
2026-07-29T09:19:43.468671,A7907C,LXJ587,33.186996,-117.310089,,,64,,7217,-34.0,504,5.0
2026-07-29T09:19:43.468671,ABB930,SWA2499,32.667335,-116.896325,,,82,,1317,-35.9,320,2.0
2026-07-29T09:19:43.468671,781002,CHH7926,32.87128,-117.544462,,,332,,,-49.5,45,4.5
2026-07-29T09:19:43.468671,A886BF,,33.976849,-116.214352,,,,,1725,-35.5,4,24.8
2026-07-29T09:19:43.468671,A923A7,UAL2476,32.693161,-117.130627,,,50,,,-28.5,44,0.2
2026-07-29T09:19:48.541183,A9D59A,UAL1185,32.366226,-116.785217,,,140,,6736,-37.5,1355,56.1
2026-07-29T09:19:48.541183,ABB579,SWA575,32.776611,-117.054437,,,106,,3366,-36.1,2383,35.8
2026-07-29T09:19:48.541183,A25849,TWY20,33.11879,-117.754871,,,309,,4763,-49.5,602,61.1
2026-07-29T09:19:48.541183,A3EF2A,CXK234,33.06189,-117.260815,,,80,,5267,-37.4,395,0.3
2026-07-29T09:19:48.541183,AC07DC,SWA1460,32.903354,-117.288077,,,144,,3612,-49.5,1262,0.4
2026-07-29T09:19:48.541183,ABAE8F,SWA3263,32.630465,-116.918298,,,85,,2007,-36.1,576,93.0
2026-07-29T09:19:48.541183,A26E90,N256J,33.315202,-117.507299,,,318,,4635,-38.1,1007,3.5
2026-07-29T09:19:48.541183,A7907C,LXJ587,33.191047,-117.300297,,,64,,7217,-49.5,534,2.8
2026-07-29T09:19:48.541183,ABB930,SWA2499,32.667709,-116.88327,,,88,,1317,-49.5,350,1.2
2026-07-29T09:19:48.541183,781002,CHH7926,32.87128,-117.544462,,,332,,,-49.5,45,9.6
2026-07-29T09:19:48.541183,A886BF,,33.976849,-116.214352,,,,,1725,-35.5,4,29.9
2026-07-29T09:19:48.541183,A923A7,UAL2476,32.697327,-117.12431,,,52,,2041,-34.3,95,0.4
2026-07-29T09:19:48.541183,A85931,,33.285461,-117.639954,,,138,,,-49.5,6,0.5
2026-07-29T09:19:53.615945,A9D59A,UAL1185,32.366226,-116.785217,,,140,,6736,-37.5,1355,61.1
2026-07-29T09:19:53.615945,ABB579,SWA575,32.776611,-117.054437,,,106,,3366,-36.1,2383,40.8
2026-07-29T09:19:53.615945,A3EF2A,CXK234,33.06189,-117.260815,,,80,,5267,-36.0,396,5.4
2026-07-29T09:19:53.615945,AC07DC,SWA1460,32.898605,-117.284106,,,144,,3612,-49.5,1329,0.5
2026-07-29T09:19:53.615945,ABAE8F,SWA3263,32.642075,-116.72699,,,85,,2007,-49.5,582,0.6
2026-07-29T09:19:53.615945,A26E90,N256J,33.315202,-117.507299,,,318,,4635,-38.1,1007,8.6
2026-07-29T09:19:53.615945,A7907C,LXJ587,33.191047,-117.300297,,,64,,7217,-36.2,536,7.9
2026-07-29T09:19:53.615945,ABB930,SWA2499,32.667709,-116.88327,,,88,,1317,-49.5,354,6.3
2026-07-29T09:19:53.615945,781002,CHH7926,32.87128,-117.544462,,,332,,,-49.5,45,14.6
2026-07-29T09:19:53.615945,A886BF,,33.976849,-116.214352,,,,,1725,-35.5,4,35.0
2026-07-29T09:19:53.615945,A923A7,UAL2476,32.701737,-117.117285,,,53,,2041,-49.5,137,0.2
2026-07-29T09:19:53.615945,A85931,,33.285461,-117.639954,,,138,,,-35.7,8,5.5
2026-07-29T09:19:53.615945,A6D3C2,,32.893433,-116.109943,,,,,,-49.5,10,2.5
2026-07-29T09:19:58.661436,A9D59A,UAL1185,32.366226,-116.785217,,,140,,6736,-37.5,1355,66.2
2026-07-29T09:19:58.661436,ABB579,SWA575,32.776611,-117.054437,,,106,,3366,-36.1,2383,45.9
2026-07-29T09:19:58.661436,A3EF2A,CXK234,33.06189,-117.260815,,,80,,5267,-36.0,396,10.5
2026-07-29T09:19:58.661436,AC07DC,SWA1460,32.893753,-117.280042,,,144,,3612,-49.5,1357,0.5
2026-07-29T09:19:58.661436,ABAE8F,SWA3263,32.642441,-116.720782,,,85,,2007,-49.5,585,2.8
2026-07-29T09:19:58.661436,A26E90,N256J,33.315202,-117.507299,,,318,,4635,-36.6,1008,13.7
2026-07-29T09:19:58.661436,A7907C,LXJ587,33.195703,-117.288918,,,64,,7217,-49.5,553,4.6
2026-07-29T09:19:58.661436,ABB930,SWA2499,32.667709,-116.88327,,,88,,1317,-49.5,354,11.3
2026-07-29T09:19:58.661436,781002,CHH7926,32.898148,-117.561237,,,332,,,-49.5,46,3.2
2026-07-29T09:19:58.661436,A886BF,,33.976849,-116.214352,,,,,1725,-35.5,4,40.1
2026-07-29T09:19:58.661436,A923A7,UAL2476,32.702621,-117.115827,,,54,,2041,-35.5,175,4.2
2026-07-29T09:19:58.661436,A85931,,33.274934,-117.628765,,,138,,,-49.5,9,1.7
2026-07-29T09:19:58.661436,A6D3C2,,32.893433,-116.109943,,,,,,-49.5,13,7.6
2026-07-29T09:20:03.740634,ABB579,SWA575,32.776611,-117.054437,,,106,,3366,-36.1,2383,50.9
2026-07-29T09:20:03.740634,A3EF2A,CXK234,33.06189,-117.260815,,,80,,5267,-36.0,396,15.5
2026-07-29T09:20:03.740634,AC07DC,SWA1460,32.88913,-117.276141,,,144,,3612,-30.9,1388,0.7
2026-07-29T09:20:03.740634,ABAE8F,SWA3263,32.642441,-116.720782,,,85,,2007,-38.7,587,7.9
2026-07-29T09:20:03.740634,A26E90,N256J,33.315202,-117.507299,,,318,,4635,-36.6,1008,18.7
2026-07-29T09:20:03.740634,A7907C,LXJ587,33.195703,-117.288918,,,64,,7217,-49.5,553,9.7
2026-07-29T09:20:03.740634,ABB930,SWA2499,32.667709,-116.88327,,,88,,1317,-35.7,356,16.4
2026-07-29T09:20:03.740634,781002,CHH7926,32.898148,-117.561237,,,332,,,-49.5,46,8.2
2026-07-29T09:20:03.740634,A886BF,,33.976849,-116.214352,,,,,1725,-35.5,4,45.1
2026-07-29T09:20:03.740634,A923A7,UAL2476,32.707602,-117.107531,,,54,,2041,-49.5,189,3.3
2026-07-29T09:20:03.740634,A85931,,33.268836,-117.622207,,,138,,,-49.5,14,1.5
2026-07-29T09:20:03.740634,A6D3C2,,32.893433,-116.109943,,,,,,-49.5,13,12.6
2026-07-29T09:20:08.801961,ABB579,SWA575,32.776611,-117.054437,,,106,,3366,-36.1,2383,56.0
2026-07-29T09:20:08.801961,A3EF2A,CXK234,33.062988,-117.252356,,,81,,5267,-37.4,403,4.1
2026-07-29T09:20:08.801961,AC07DC,SWA1460,32.883957,-117.271857,,,145,,3612,-49.5,1441,0.4
2026-07-29T09:20:08.801961,ABAE8F,SWA3263,32.642441,-116.720782,,,85,,2007,-38.7,587,12.9
2026-07-29T09:20:08.801961,A26E90,N256J,33.315202,-117.507299,,,318,,4635,-36.6,1008,23.8
2026-07-29T09:20:08.801961,A7907C,LXJ587,33.195703,-117.288918,,,64,,7217,-35.2,556,14.7
2026-07-29T09:20:08.801961,ABB930,SWA2499,32.668871,-116.837974,,,88,,1317,-36.5,387,1.1
2026-07-29T09:20:08.801961,781002,CHH7926,32.898148,-117.561237,,,332,,,-49.5,49,13.3
2026-07-29T09:20:08.801961,A886BF,,33.976849,-116.214352,,,,,1725,-35.5,4,50.2
2026-07-29T09:20:08.801961,A923A7,UAL2476,32.707602,-117.107531,,,54,,2041,-49.5,190,8.3
2026-07-29T09:20:08.801961,A85931,,33.26207,-117.615015,,,138,,1524,-35.3,31,0.7
2026-07-29T09:20:08.801961,A6D3C2,,32.893433,-116.109943,,,,,,-49.5,13,17.7
2026-07-29T09:20:13.844043,A3EF2A,CXK234,33.062988,-117.252356,,,81,,5267,-35.5,404,9.1
2026-07-29T09:20:13.844043,AC07DC,SWA1460,32.878915,-117.26773,,,145,,3612,-31.1,1475,0.2
2026-07-29T09:20:13.844043,ABAE8F,SWA3263,32.642441,-116.720782,,,85,,2007,-37.0,588,18.0
2026-07-29T09:20:13.844043,A26E90,N256J,33.315202,-117.507299,,,318,,4635,-49.5,1010,28.8
2026-07-29T09:20:13.844043,A7907C,LXJ587,33.195703,-117.288918,,,64,,7217,-49.5,558,19.8
2026-07-29T09:20:13.844043,ABB930,SWA2499,32.668871,-116.837974,,,88,,1317,-36.5,387,6.1
2026-07-29T09:20:13.844043,781002,CHH7926,32.922867,-117.581012,,,320,,,-49.5,81,2.2
2026-07-29T09:20:13.844043,A886BF,,33.976849,-116.214352,,,,,1725,-35.5,4,55.2
2026-07-29T09:20:13.844043,A923A7,UAL2476,32.717514,-117.090527,,,54,,2041,-49.5,194,1.3
2026-07-29T09:20:13.844043,A85931,QXE2224,33.257446,-117.610126,,,138,,1524,-33.3,52,1.9
2026-07-29T09:20:13.844043,A6D3C2,,32.893433,-116.109943,,,,,,-49.5,13,22.7
2026-07-29T09:20:18.923652,A3EF2A,CXK234,33.064099,-117.245029,,,77,,5267,-49.5,454,0.1
2026-07-29T09:20:18.923652,AC07DC,SWA1460,32.874399,-117.264031,,,145,,3612,-34.9,1507,0.6
2026-07-29T09:20:18.923652,ABAE8F,SWA3263,32.645176,-116.676262,,,85,,2007,-49.5,593,2.8
2026-07-29T09:20:18.923652,A26E90,N256J,33.315202,-117.507299,,,318,,4635,-49.5,1010,33.9
2026-07-29T09:20:18.923652,A7907C,LXJ587,33.209244,-117.254388,,,65,,7217,-49.5,597,0.1
2026-07-29T09:20:18.923652,ABB930,SWA2499,32.668871,-116.837974,,,88,,1317,-36.5,387,11.2
2026-07-29T09:20:18.923652,781002,CHH7926,32.931565,-117.590201,,,320,,,-35.2,88,0.9
2026-07-29T09:20:18.923652,A923A7,UAL2476,32.722778,-117.081244,,,55,,2041,-31.1,208,0.2
2026-07-29T09:20:18.923652,A85931,QXE2224,33.249573,-117.601721,,,138,,1524,-49.5,62,0.1
2026-07-29T09:20:18.923652,A6D3C2,,32.893433,-116.109943,,,,,,-49.5,13,27.8
2026-07-29T09:20:23.984279,A3EF2A,CXK234,33.06459,-117.242688,,,76,,5267,-33.5,492,0.4
2026-07-29T09:20:23.984279,AC07DC,SWA1460,32.869995,-117.260376,,,145,,3612,-49.5,1525,1.0
2026-07-29T09:20:23.984279,ABAE8F,SWA3263,32.645176,-116.676262,,,85,,2007,-49.5,594,7.9
2026-07-29T09:20:23.984279,A26E90,N256J,33.332194,-117.52518,,,318,,4635,-36.8,1012,5.0
2026-07-29T09:20:23.984279,A7907C,LXJ587,33.212135,-117.246991,,,65,,7217,-31.1,675,0.1
2026-07-29T09:20:23.984279,ABB930,SWA2499,32.668871,-116.837974,,,88,,1317,-36.5,387,16.3
2026-07-29T09:20:23.984279,781002,CHH7926,32.931565,-117.590201,,,320,,,-35.2,88,6.0
2026-07-29T09:20:23.984279,A923A7,UAL2476,32.725851,-117.075918,,,55,,2041,-49.5,245,1.7
2026-07-29T09:20:23.984279,A85931,QXE2224,33.247238,-117.599249,,,138,,1524,-37.0,67,3.0
2026-07-29T09:20:23.984279,A6D3C2,,32.893433,-116.109943,,,,,,-49.5,13,32.9
2026-07-29T09:20:23.984279,A422CB,,32.811321,-117.360161,,,312,,,-34.2,4,2.3
2026-07-29T09:20:29.026270,A3EF2A,CXK234,33.064682,-117.242194,,,76,,5267,-35.3,496,4.5
2026-07-29T09:20:29.026270,AC07DC,SWA1460,32.865326,-117.256531,,,145,,3612,-36.5,1527,1.1
2026-07-29T09:20:29.026270,ABAE8F,SWA3263,32.645176,-116.676262,,,85,,2007,-49.5,594,12.9
2026-07-29T09:20:29.026270,A26E90,N256J,33.332194,-117.52518,,,318,,4635,-36.8,1012,10.0
2026-07-29T09:20:29.026270,A7907C,LXJ587,33.214835,-117.24004,,,65,,7217,-36.5,719,0.4
2026-07-29T09:20:29.026270,ABB930,SWA2499,32.668871,-116.837974,,,88,,1317,-36.5,387,21.3
2026-07-29T09:20:29.026270,781002,CHH7926,32.931565,-117.590201,,,320,,,-35.2,88,11.0
2026-07-29T09:20:29.026270,A923A7,UAL2476,32.731204,-117.066501,,,55,,2041,-49.5,258,0.5
2026-07-29T09:20:29.026270,A85931,QXE2224,33.238815,-117.59035,,,138,,1524,-49.5,78,0.9
2026-07-29T09:20:29.026270,A6D3C2,,32.893433,-116.109943,,,,,,-49.5,13,37.9
2026-07-29T09:20:29.026270,A422CB,,32.813974,-117.36358,,,312,,,-36.8,7,4.2
2026-07-29T09:20:29.026270,AE2125,,33.375366,-118.415918,,,161,,,-49.5,2,2.5
2026-07-29T09:20:34.076775,A3EF2A,CXK234,33.065643,-117.237579,,,77,,5267,-31.2,536,0.2
2026-07-29T09:20:34.076775,AC07DC,SWA1460,32.865326,-117.256531,,,145,,3612,-36.5,1527,6.2
2026-07-29T09:20:34.076775,ABAE8F,SWA3263,32.645176,-116.676262,,,85,,2007,-49.5,594,18.0
2026-07-29T09:20:34.076775,A26E90,N256J,33.332194,-117.52518,,,318,,4635,-36.1,1016,15.1
2026-07-29T09:20:34.076775,A7907C,LXJ587,33.217675,-117.232697,,,65,,7217,-34.0,743,0.3
2026-07-29T09:20:34.076775,ABB930,SWA2499,32.668871,-116.837974,,,88,,1317,-36.5,387,26.3
2026-07-29T09:20:34.076775,781002,CHH7926,32.931565,-117.590201,,,320,,,-35.2,88,16.1
2026-07-29T09:20:34.076775,A923A7,UAL2476,32.73587,-117.058392,,,55,,2041,-49.5,309,0.2
2026-07-29T09:20:34.076775,A85931,QXE2224,33.238815,-117.59035,,,138,,1524,-49.5,78,6.0
2026-07-29T09:20:34.076775,A6D3C2,,32.893433,-116.109943,,,,,,-49.5,17,42.9
2026-07-29T09:20:34.076775,A422CB,,32.813974,-117.36358,,,312,,,-35.6,8,9.2
2026-07-29T09:20:34.076775,AE2125,,33.375366,-118.415918,,,161,,,-35.3,4,7.5
2026-07-29T09:20:39.118246,A3EF2A,CXK234,33.066055,-117.234995,,,79,,5267,-49.5,582,0.2
2026-07-29T09:20:39.118246,AC07DC,SWA1460,32.85615,-117.248896,,,144,,3612,-49.5,1550,1.5
2026-07-29T09:20:39.118246,ABAE8F,SWA3263,32.645176,-116.676262,,,85,,2007,-49.5,594,23.0
2026-07-29T09:20:39.118246,A26E90,N256J,33.341737,-117.535326,,,318,,4635,-37.9,1019,0.9
2026-07-29T09:20:39.118246,A7907C,LXJ587,33.220003,-117.226756,,,64,,7217,-49.5,762,1.4
2026-07-29T09:20:39.118246,ABB930,SWA2499,32.668871,-116.837974,,,88,,1317,-34.9,388,31.4
2026-07-29T09:20:39.118246,781002,CHH7926,32.931565,-117.590201,,,320,,,-35.2,88,21.1
2026-07-29T09:20:39.118246,A923A7,UAL2476,32.740082,-117.051086,,,55,,2041,-33.2,360,0.6
2026-07-29T09:20:39.118246,A85931,QXE2224,33.238815,-117.59035,,,138,,1524,-37.5,79,11.0
2026-07-29T09:20:39.118246,A6D3C2,,32.893433,-116.109943,,,,,,-49.5,22,48.0
2026-07-29T09:20:39.118246,A422CB,,32.813974,-117.36358,,,312,,,-35.6,8,14.3
2026-07-29T09:20:39.118246,AE2125,,33.375366,-118.415918,,,161,,,-35.3,4,12.6
2026-07-29T09:20:44.192952,A3EF2A,CXK234,33.06638,-117.233033,,,79,,5267,-49.5,594,1.4
2026-07-29T09:20:44.192952,AC07DC,SWA1460,32.85615,-117.248896,,,145,,3612,-49.5,1553,6.6
2026-07-29T09:20:44.192952,ABAE8F,SWA3263,32.645176,-116.676262,,,85,,2007,-49.5,594,28.1
2026-07-29T09:20:44.192952,A26E90,N256J,33.341737,-117.535326,,,318,,4635,-49.5,1021,6.0
2026-07-29T09:20:44.192952,A7907C,LXJ587,33.223634,-117.217451,,,64,,7217,-32.8,792,0.3
2026-07-29T09:20:44.192952,ABB930,SWA2499,32.670826,-116.759276,,,88,,1317,-33.5,416,0.0
2026-07-29T09:20:44.192952,781002,CHH7926,32.963974,-117.630945,,,312,,,-49.5,98,0.5
2026-07-29T09:20:44.192952,A923A7,UAL2476,32.74503,-117.042398,,,55,,2041,-32.4,375,0.1
2026-07-29T09:20:44.192952,A85931,QXE2224,33.238815,-117.59035,,,138,,1524,-37.5,79,16.1
2026-07-29T09:20:44.192952,A6D3C2,,32.893433,-116.109943,,,,,,-49.5,22,53.1
2026-07-29T09:20:44.192952,A422CB,,32.813974,-117.36358,,,312,,,-35.6,8,19.4
2026-07-29T09:20:44.192952,AE2125,,33.375366,-118.415918,,,161,,,-35.3,4,17.6
2026-07-29T09:20:49.233010,A3EF2A,CXK234,33.066799,-117.229838,,,81,,5267,-49.5,617,0.2
2026-07-29T09:20:49.233010,AC07DC,SWA1460,32.84523,-117.239832,,,145,,3612,-32.8,1560,0.0
2026-07-29T09:20:49.233010,ABAE8F,SWA3263,32.645176,-116.676262,,,85,,2007,-49.5,594,33.2
2026-07-29T09:20:49.233010,A26E90,N256J,33.341737,-117.535326,,,318,,4635,-49.5,1021,11.1
2026-07-29T09:20:49.233010,A7907C,LXJ587,33.226685,-117.209674,,,65,,7217,-33.8,796,0.2
2026-07-29T09:20:49.233010,ABB930,SWA2499,32.671005,-116.748798,,,89,,1317,-34.7,459,0.3
2026-07-29T09:20:49.233010,781002,CHH7926,32.963974,-117.630945,,,312,,,-36.6,103,5.6
2026-07-29T09:20:49.233010,A923A7,UAL2476,32.749639,-117.034439,,,55,,2041,-30.3,420,0.3
2026-07-29T09:20:49.233010,A85931,QXE2224,33.238815,-117.59035,,,138,,1524,-37.5,79,21.2
2026-07-29T09:20:49.233010,A6D3C2,,32.893433,-116.109943,,,301,,,-36.0,28,58.1
2026-07-29T09:20:49.233010,A422CB,,32.813974,-117.36358,,,312,,,-35.6,8,24.4
2026-07-29T09:20:49.233010,AE2125,,33.375366,-118.415918,,,161,,,-35.3,4,22.7
2026-07-29T09:20:54.312287,A3EF2A,CXK234,33.067125,-117.227316,,,82,,5267,-49.5,666,0.3
2026-07-29T09:20:54.312287,AC07DC,SWA1460,32.843307,-117.238239,,,144,,3612,-35.2,1580,3.0
2026-07-29T09:20:54.312287,ABAE8F,SWA3263,32.645176,-116.676262,,,85,,2007,-49.5,594,38.2
2026-07-29T09:20:54.312287,A26E90,N256J,33.341737,-117.535326,,,318,,4635,-49.5,1021,16.1
2026-07-29T09:20:54.312287,A7907C,LXJ587,33.228708,-117.204559,,,65,,7217,-49.5,814,2.0
2026-07-29T09:20:54.312287,ABB930,SWA2499,32.671005,-116.746655,,,89,,1317,-49.5,469,4.3
2026-07-29T09:20:54.312287,781002,CHH7926,32.974952,-117.645189,,,312,,,-35.4,104,1.7
2026-07-29T09:20:54.312287,A923A7,UAL2476,32.754061,-117.02676,,,55,,2041,-31.9,444,0.5
2026-07-29T09:20:54.312287,A85931,QXE2224,33.238815,-117.59035,,,138,,1524,-37.5,79,26.2
2026-07-29T09:20:54.312287,A6D3C2,,32.958519,-116.234511,,,301,,,-49.5,34,3.6
2026-07-29T09:20:54.312287,A422CB,,32.813974,-117.36358,,,312,,,-35.6,8,29.5
2026-07-29T09:20:54.312287,AE2125,,33.375366,-118.415918,,,161,,,-35.3,4,27.7
2026-07-29T09:20:59.363740,A3EF2A,CXK234,33.067429,-117.22478,,,79,,5267,-49.5,713,0.4
2026-07-29T09:20:59.363740,AC07DC,SWA1460,32.838507,-117.234267,,,144,,3612,-34.8,1584,3.0
2026-07-29T09:20:59.363740,ABAE8F,SWA3263,32.645176,-116.676262,,,85,,2007,-49.5,594,43.3
2026-07-29T09:20:59.363740,A26E90,N256J,33.341737,-117.535326,,,318,,4635,-49.5,1022,21.2
2026-07-29T09:20:59.363740,A7907C,LXJ587,33.232773,-117.194073,,,65,,7217,-32.2,876,0.3
2026-07-29T09:20:59.363740,ABB930,SWA2499,32.671005,-116.746655,,,89,,1317,-49.5,470,9.3
2026-07-29T09:20:59.363740,781002,CHH7926,32.974952,-117.645189,,,312,,,-49.5,106,6.7
2026-07-29T09:20:59.363740,A923A7,UAL2476,32.754061,-117.02676,,,55,,2041,-37.0,447,5.6
2026-07-29T09:20:59.363740,A85931,QXE2224,33.238815,-117.59035,,,138,,1524,-37.5,79,31.3
2026-07-29T09:20:59.363740,A6D3C2,,32.958519,-116.234511,,,301,,,-49.5,34,8.7
2026-07-29T09:20:59.363740,A422CB,,32.840462,-117.398109,,,312,,,-49.5,13,3.5
2026-07-29T09:20:59.363740,AE2125,,33.375366,-118.415918,,,161,,,-35.3,4,32.8
2026-07-29T09:21:04.415809,A3EF2A,CXK234,33.06787,-117.222215,,,79,,5267,-30.1,755,0.5
2026-07-29T09:21:04.415809,AC07DC,SWA1460,32.838507,-117.234267,,,144,,3612,-49.5,1586,8.1
2026-07-29T09:21:04.415809,ABAE8F,SWA3263,32.645176,-116.676262,,,85,,2007,-49.5,594,48.3
2026-07-29T09:21:04.415809,A26E90,N256J,33.341737,-117.535326,,,318,,4635,-38.8,1023,26.2
2026-07-29T09:21:04.415809,A7907C,LXJ587,33.233917,-117.191217,,,65,,7217,-35.2,899,3.6
2026-07-29T09:21:04.415809,ABB930,SWA2499,32.670547,-116.71662,,,90,,1317,-49.5,482,0.2
2026-07-29T09:21:04.415809,781002,CHH7926,32.974952,-117.645189,,,312,,,-37.2,107,11.8
2026-07-29T09:21:04.415809,A923A7,UAL2476,32.763565,-117.010272,,,55,,2041,-29.5,495,0.4
2026-07-29T09:21:04.415809,A85931,QXE2224,33.238815,-117.59035,,,138,,1524,-35.8,80,36.3
2026-07-29T09:21:04.415809,A6D3C2,,32.958519,-116.234511,,,301,,,-49.5,34,13.8
2026-07-29T09:21:04.415809,A422CB,,32.840462,-117.398109,,,312,,,-49.5,13,8.6
2026-07-29T09:21:04.415809,AE2125,,33.375366,-118.415918,,,161,,,-35.3,4,37.8
2026-07-29T09:21:09.477859,A3EF2A,CXK234,33.068207,-117.219562,,,80,,5267,-49.5,809,0.5
2026-07-29T09:21:09.477859,AC07DC,SWA1460,32.838507,-117.234267,,,144,,3612,-49.5,1586,13.1
2026-07-29T09:21:09.477859,ABAE8F,SWA3263,32.645176,-116.676262,,,85,,2007,-38.5,595,53.4
2026-07-29T09:21:09.477859,A26E90,N256J,33.341737,-117.535326,,,318,,4635,-38.8,1023,31.3
2026-07-29T09:21:09.477859,A7907C,LXJ587,33.233917,-117.191217,,,65,,7217,-49.5,902,8.7
2026-07-29T09:21:09.477859,ABB930,SWA2499,32.670454,-116.708156,,,90,,1317,-49.5,490,1.3
2026-07-29T09:21:09.477859,781002,CHH7926,32.974952,-117.645189,,,312,,,-37.2,107,16.9
2026-07-29T09:21:09.477859,A923A7,UAL2476,32.76826,-117.002152,,,55,,2041,-27.8,556,0.4
2026-07-29T09:21:09.477859,A85931,QXE2224,33.191187,-117.540258,,,138,,1524,-33.2,92,0.4
2026-07-29T09:21:09.477859,A6D3C2,,32.958519,-116.234511,,,301,,,-49.5,34,18.8
2026-07-29T09:21:09.477859,A422CB,,32.851914,-117.413075,,,312,,,-49.5,34,0.3
2026-07-29T09:21:09.477859,AE2125,,33.375366,-118.415918,,,161,,,-35.3,4,42.9
2026-07-29T09:21:14.518764,A3EF2A,CXK234,33.068568,-117.217058,,,80,,5267,-49.5,858,0.5
2026-07-29T09:21:14.518764,AC07DC,SWA1460,32.822959,-117.221206,,,142,,3612,-37.5,1591,1.6
2026-07-29T09:21:14.518764,ABAE8F,SWA3263,32.645176,-116.676262,,,85,,2007,-38.5,595,58.4
2026-07-29T09:21:14.518764,A26E90,N256J,33.341737,-117.535326,,,318,,4635,-38.8,1023,36.3
2026-07-29T09:21:14.518764,A7907C,LXJ587,33.241745,-117.171057,,,65,,7217,-32.9,964,1.3
2026-07-29T09:21:14.518764,ABB930,SWA2499,32.670454,-116.708156,,,90,,1317,-49.5,490,6.3
2026-07-29T09:21:14.518764,781002,CHH7926,32.974952,-117.645189,,,312,,,-37.2,107,21.9
2026-07-29T09:21:14.518764,A923A7,UAL2476,32.773008,-116.993969,,,55,,2041,-49.5,609,0.5
2026-07-29T09:21:14.518764,A85931,QXE2224,33.18544,-117.53421,,,138,,1524,-49.5,114,0.4
2026-07-29T09:21:14.518764,A6D3C2,,32.958519,-116.234511,,,301,,,-36.2,36,23.9
2026-07-29T09:21:14.518764,A422CB,,32.856262,-117.418799,,,312,,4705,-49.5,42,0.2
2026-07-29T09:21:14.518764,AE2125,,33.375366,-118.415918,,,161,,,-35.3,4,48.0
2026-07-29T09:21:19.569425,A3EF2A,CXK234,33.06871,-117.216046,,,79,,5267,-49.5,869,3.5
2026-07-29T09:21:19.569425,AC07DC,SWA1460,32.822959,-117.221206,,,142,,3612,-37.5,1591,6.6
2026-07-29T09:21:19.569425,ABAE8F,SWA3263,32.645176,-116.676262,,,85,,2007,-38.5,595,63.5
2026-07-29T09:21:19.569425,A26E90,N256J,33.341737,-117.535326,,,318,,4635,-38.8,1023,41.4
2026-07-29T09:21:19.569425,A7907C,LXJ587,33.241745,-117.171057,,,65,,7217,-49.5,966,6.4
2026-07-29T09:21:19.569425,ABB930,SWA2499,32.670454,-116.708156,,,90,,1317,-49.5,490,11.4
2026-07-29T09:21:19.569425,781002,CHH7926,32.974952,-117.645189,,,312,,,-37.2,107,27.0
2026-07-29T09:21:19.569425,A923A7,UAL2476,32.775055,-116.990387,,,55,,2041,-34.5,628,3.4
2026-07-29T09:21:19.569425,A85931,QXE2224,33.180945,-117.529496,,,138,,1524,-37.3,123,1.6
2026-07-29T09:21:19.569425,A6D3C2,VOI1890,32.987102,-116.289386,,,301,,,-36.8,47,2.6
2026-07-29T09:21:19.569425,A422CB,N366CC,32.859363,-117.422828,,,312,,4705,-33.7,76,1.7
2026-07-29T09:21:19.569425,AE2125,,33.375366,-118.415918,,,161,,,-35.3,4,53.0
2026-07-29T09:21:24.622590,A3EF2A,CXK234,33.06871,-117.216046,,,79,,5267,-49.5,869,8.6
2026-07-29T09:21:24.622590,AC07DC,SWA1460,32.822959,-117.221206,,,142,,3612,-37.5,1591,11.7
2026-07-29T09:21:24.622590,ABAE8F,SWA3263,32.645176,-116.676262,,,85,,2007,-38.5,595,68.6
2026-07-29T09:21:24.622590,A26E90,N256J,33.341737,-117.535326,,,318,,4635,-38.8,1023,46.4
2026-07-29T09:21:24.622590,A7907C,LXJ587,33.24852,-117.153644,,,65,,7217,-49.5,973,1.1
2026-07-29T09:21:24.622590,ABB930,SWA2499,32.670454,-116.708156,,,91,,1317,-35.9,492,16.5
2026-07-29T09:21:24.622590,781002,CHH7926,32.974952,-117.645189,,,312,,,-37.2,107,32.0
2026-07-29T09:21:24.622590,A923A7,UAL2476,32.781667,-116.978835,,,55,,2041,-35.8,639,1.4
2026-07-29T09:21:24.622590,A85931,QXE2224,33.17373,-117.521929,,,138,,1524,-34.4,143,0.3
2026-07-29T09:21:24.622590,A6D3C2,VOI1890,32.987102,-116.289386,,,301,,,-36.8,47,7.7
2026-07-29T09:21:24.622590,A422CB,N366CC,32.861389,-117.4255,,,312,,4705,-49.5,82,4.3
2026-07-29T09:21:24.622590,AE2125,,33.375366,-118.415918,,,161,,,-35.3,4,58.1
2026-07-29T09:21:29.701262,A3EF2A,CXK234,33.069686,-117.209659,,,80,,5267,-49.5,889,0.5
2026-07-29T09:21:29.701262,AC07DC,SWA1460,32.822959,-117.221206,,,142,,3612,-37.5,1591,16.8
2026-07-29T09:21:29.701262,ABAE8F,SWA3263,32.645176,-116.676262,,,85,,2007,-38.5,595,73.6
2026-07-29T09:21:29.701262,A26E90,N256J,33.341737,-117.535326,,,318,,4635,-38.8,1023,51.5
2026-07-29T09:21:29.701262,A7907C,LXJ587,33.251312,-117.146503,,,65,,7217,-37.2,983,1.9
2026-07-29T09:21:29.701262,ABB930,SWA2499,32.670454,-116.708156,,,91,,1317,-35.9,492,21.5
2026-07-29T09:21:29.701262,781002,CHH7926,32.974952,-117.645189,,,312,,,-37.2,107,37.1
2026-07-29T09:21:29.701262,A923A7,UAL2476,32.781667,-116.978835,,,55,,2041,-49.5,642,6.5
2026-07-29T09:21:29.701262,A85931,QXE2224,33.168237,-117.5161,,,138,,1524,-28.1,188,0.6
2026-07-29T09:21:29.701262,A6D3C2,VOI1890,33.000824,-116.315771,,,301,,,-34.6,52,0.1
2026-07-29T09:21:29.701262,A422CB,N366CC,32.861389,-117.4255,,,312,,4705,-49.5,82,9.4
2026-07-29T09:21:29.701262,AE2125,,33.375366,-118.415918,,,161,,,-35.3,4,63.1
2026-07-29T09:21:34.765335,A3EF2A,CXK234,33.069992,-117.207092,,,81,,5267,-49.5,941,0.4
2026-07-29T09:21:34.765335,AC07DC,SWA1460,32.822959,-117.221206,,,142,,3612,-37.5,1591,21.8
2026-07-29T09:21:34.765335,ABAE8F,SWA3263,32.645176,-116.676262,,,85,,2007,-38.5,595,78.7
2026-07-29T09:21:34.765335,A26E90,N256J,33.341737,-117.535326,,,318,,4635,-38.8,1023,56.6
2026-07-29T09:21:34.765335,A7907C,LXJ587,33.251312,-117.146503,,,65,,7217,-37.2,983,7.0
2026-07-29T09:21:34.765335,ABB930,SWA2499,32.670454,-116.708156,,,91,,1317,-35.9,492,26.6
2026-07-29T09:21:34.765335,781002,CHH7926,32.974952,-117.645189,,,312,,,-37.2,107,42.2
2026-07-29T09:21:34.765335,A923A7,UAL2476,32.792084,-116.960614,,,55,,2041,-49.5,649,0.5
2026-07-29T09:21:34.765335,A85931,QXE2224,33.162506,-117.51004,,,138,,1524,-49.5,230,0.7
2026-07-29T09:21:34.765335,A6D3C2,VOI1890,33.003021,-116.319946,,,301,,,-37.2,55,3.2
2026-07-29T09:21:34.765335,A422CB,N366CC,32.861389,-117.4255,,,312,,4705,-49.5,82,14.5
2026-07-29T09:21:39.841391,A3EF2A,CXK234,33.070221,-117.20528,,,81,,5267,-36.5,983,1.7
2026-07-29T09:21:39.841391,AC07DC,SWA1460,32.822959,-117.221206,,,142,,3612,-37.5,1591,26.9
2026-07-29T09:21:39.841391,ABAE8F,SWA3263,32.645176,-116.676262,,,85,,2007,-38.5,595,83.8
2026-07-29T09:21:39.841391,A26E90,N256J,33.341737,-117.535326,,,318,,4635,-38.8,1023,61.6
2026-07-29T09:21:39.841391,A7907C,LXJ587,33.258967,-117.126533,,,65,,7217,-49.5,990,0.6
2026-07-29T09:21:39.841391,ABB930,SWA2499,32.670454,-116.708156,,,91,,1317,-35.9,492,31.7
2026-07-29T09:21:39.841391,781002,CHH7926,32.974952,-117.645189,,,312,,,-37.2,107,47.2
2026-07-29T09:21:39.841391,A923A7,UAL2476,32.79689,-116.952319,,,55,,2041,-49.5,682,0.7
2026-07-29T09:21:39.841391,A85931,QXE2224,33.156143,-117.503394,,,138,,1524,-49.5,277,0.0
2026-07-29T09:21:39.841391,A6D3C2,VOI1890,33.003021,-116.319946,,,301,,,-35.9,59,8.2
2026-07-29T09:21:39.841391,A422CB,N366CC,32.861389,-117.4255,,,312,,4705,-49.5,82,19.5
2026-07-29T09:21:39.841391,A12241,N172SX,32.904285,-117.251811,,,332,,5251,-32.7,28,0.2
2026-07-29T09:21:44.920526,A3EF2A,CXK234,33.070221,-117.20528,,,81,,5267,-36.5,983,6.8
2026-07-29T09:21:44.920526,AC07DC,SWA1460,32.822959,-117.221206,,,103,,3612,-49.5,1593,32.0
2026-07-29T09:21:44.920526,ABAE8F,SWA3263,32.645176,-116.676262,,,85,,2007,-38.5,595,88.8
2026-07-29T09:21:44.920526,A26E90,N256J,33.341737,-117.535326,,,318,,4635,-38.8,1023,66.7
2026-07-29T09:21:44.920526,A7907C,LXJ587,33.262505,-117.117397,,,65,,7217,-35.2,1019,0.4
2026-07-29T09:21:44.920526,ABB930,SWA2499,32.670454,-116.708156,,,91,,1317,-35.9,492,36.7
2026-07-29T09:21:44.920526,781002,CHH7926,32.974952,-117.645189,,,312,,,-37.2,107,52.3
2026-07-29T09:21:44.920526,A923A7,UAL2476,32.801788,-116.944299,,,53,,2041,-32.2,708,0.7
2026-07-29T09:21:44.920526,A85931,QXE2224,33.151385,-117.498387,,,138,,1524,-30.7,323,0.9
2026-07-29T09:21:44.920526,A6D3C2,VOI1890,33.014603,-116.342303,,,301,,,-49.5,66,2.6
2026-07-29T09:21:44.920526,A422CB,N366CC,32.861389,-117.4255,,,312,,4705,-49.5,82,24.6
2026-07-29T09:21:44.920526,A12241,N172SX,32.90593,-117.25285,,,332,,5251,-49.5,54,0.4
2026-07-29T09:21:49.962802,A3EF2A,CXK234,33.070989,-117.199906,,,80,,5267,-49.5,1014,0.7
2026-07-29T09:21:49.962802,AC07DC,SWA1460,32.805362,-117.183034,,,103,,3612,-33.7,1596,5.0
2026-07-29T09:21:49.962802,ABAE8F,SWA3263,32.645176,-116.676262,,,85,,2007,-38.5,595,93.9
2026-07-29T09:21:49.962802,A26E90,N256J,33.341737,-117.535326,,,318,,4635,-38.8,1023,71.8
2026-07-29T09:21:49.962802,A7907C,LXJ587,33.262505,-117.117397,,,65,,7217,-36.1,1027,5.5
2026-07-29T09:21:49.962802,ABB930,SWA2499,32.670454,-116.708156,,,91,,1317,-35.9,492,41.8
2026-07-29T09:21:49.962802,781002,CHH7926,32.974952,-117.645189,,,312,,,-37.2,107,57.4
2026-07-29T09:21:49.962802,A923A7,UAL2476,32.804059,-116.940775,,,52,,2041,-49.5,722,3.7
2026-07-29T09:21:49.962802,A85931,QXE2224,33.145426,-117.492389,,,139,,1524,-35.7,351,0.8
2026-07-29T09:21:49.962802,A6D3C2,VOI1890,33.014603,-116.342303,,,301,,,-49.5,66,7.7
2026-07-29T09:21:49.962802,A422CB,N366CC,32.861389,-117.4255,,,312,,4705,-49.5,82,29.7
2026-07-29T09:21:49.962802,A12241,N172SX,32.906433,-117.253125,,,335,,5251,-49.5,65,4.1
2026-07-29T09:21:55.041799,A3EF2A,CXK234,33.071408,-117.197384,,,78,,5267,-35.6,1055,0.5
2026-07-29T09:21:55.041799,AC07DC,SWA1460,32.802612,-117.170782,,,103,,3612,-49.5,1597,1.1
2026-07-29T09:21:55.041799,ABAE8F,SWA3263,32.645176,-116.676262,,,85,,2007,-38.5,595,99.0
2026-07-29T09:21:55.041799,A26E90,N256J,33.341737,-117.535326,,,318,,4635,-38.8,1023,76.9
2026-07-29T09:21:55.041799,A7907C,LXJ587,33.262505,-117.117397,,,65,,7217,-34.7,1028,10.6
2026-07-29T09:21:55.041799,ABB930,SWA2499,32.670454,-116.708156,,,91,,1317,-35.9,492,46.9
2026-07-29T09:21:55.041799,781002,CHH7926,32.974952,-117.645189,,,312,,,-37.2,107,62.4
2026-07-29T09:21:55.041799,A923A7,UAL2476,32.81281,-116.928555,,,52,,2041,-49.5,726,0.8
2026-07-29T09:21:55.041799,A85931,QXE2224,33.145426,-117.492389,,,139,,1524,-35.7,351,5.9
2026-07-29T09:21:55.041799,A6D3C2,VOI1890,33.014603,-116.342303,,,301,,,-49.5,66,12.7
2026-07-29T09:21:55.041799,A422CB,N366CC,32.861389,-117.4255,,,312,,4705,-37.4,83,34.7
2026-07-29T09:21:55.041799,A12241,N172SX,32.908056,-117.253997,,,336,,5251,-49.5,70,4.4
2026-07-29T09:22:00.120759,A3EF2A,CXK234,33.071408,-117.197384,,,78,,5267,-35.6,1055,5.6
2026-07-29T09:22:00.120759,AC07DC,SWA1460,32.802612,-117.170782,,,103,,3612,-49.5,1597,6.1
2026-07-29T09:22:00.120759,ABAE8F,SWA3263,32.645176,-116.676262,,,85,,2007,-38.5,595,104.1
2026-07-29T09:22:00.120759,A26E90,N256J,33.341737,-117.535326,,,318,,4635,-38.8,1023,82.0
2026-07-29T09:22:00.120759,A7907C,LXJ587,33.27269,-117.090912,,,65,,7217,-35.3,1035,0.7
2026-07-29T09:22:00.120759,ABB930,SWA2499,32.670454,-116.708156,,,91,,1317,-35.9,492,52.0
2026-07-29T09:22:00.120759,781002,CHH7926,32.974952,-117.645189,,,312,,,-37.2,107,67.5
2026-07-29T09:22:00.120759,A923A7,UAL2476,32.81281,-116.928555,,,47,,2041,-49.5,737,5.9
2026-07-29T09:22:00.120759,A85931,QXE2224,33.145426,-117.492389,,,139,,1524,-36.0,356,10.9
2026-07-29T09:22:00.120759,A6D3C2,VOI1890,33.014603,-116.342303,,,301,,,-49.5,66,17.8
2026-07-29T09:22:00.120759,A422CB,N366CC,32.861389,-117.4255,,,312,,4705,-37.4,83,39.8
2026-07-29T09:22:00.120759,A12241,N172SX,32.910507,-117.255267,,,336,,5251,-33.8,84,2.7
2026-07-29T09:22:05.199932,A3EF2A,CXK234,33.072199,-117.192451,,,80,,5267,-49.5,1086,0.3
2026-07-29T09:22:05.199932,AC07DC,SWA1460,32.79959,-117.157418,,,104,,3612,-49.5,1613,1.4
2026-07-29T09:22:05.199932,ABAE8F,SWA3263,32.645176,-116.676262,,,85,,2007,-38.5,595,109.1
2026-07-29T09:22:05.199932,A7907C,LXJ587,33.273445,-117.088978,,,65,,7217,-34.1,1036,4.6
2026-07-29T09:22:05.199932,ABB930,SWA2499,32.670454,-116.708156,,,91,,1317,-35.9,492,57.0
2026-07-29T09:22:05.199932,A923A7,UAL2476,32.825592,-116.913153,,,44,,2041,-30.5,784,0.3
2026-07-29T09:22:05.199932,A85931,QXE2224,33.126755,-117.474994,,,143,,1524,-30.5,387,0.1
2026-07-29T09:22:05.199932,A6D3C2,VOI1890,33.036392,-116.384271,,,301,,,-38.1,71,2.8
2026-07-29T09:22:05.199932,A422CB,N366CC,32.899025,-117.474565,,,312,,4705,-35.7,88,0.9
2026-07-29T09:22:05.199932,A12241,N172SX,32.910507,-117.255267,,,336,,5251,-33.8,84,7.8
2026-07-29T09:22:05.199932,A7FE2D,,33.121312,-117.315151,,,253,,,-34.9,15,0.2
2026-07-29T09:22:10.251244,A3EF2A,CXK234,33.072556,-117.189844,,,80,,5267,-27.5,1144,0.0
2026-07-29T09:22:10.251244,AC07DC,SWA1460,32.79959,-117.157418,,,104,,3612,-49.5,1614,6.4
2026-07-29T09:22:10.251244,A7907C,LXJ587,33.280102,-117.071658,,,65,,7217,-36.5,1043,0.2
2026-07-29T09:22:10.251244,ABB930,SWA2499,32.670454,-116.708156,,,91,,1317,-35.9,492,62.0
2026-07-29T09:22:10.251244,A923A7,UAL2476,32.831497,-116.906781,,,41,,2041,-32.8,828,0.8
2026-07-29T09:22:10.251244,A85931,QXE2224,33.120621,-117.46972,,,144,,1524,-32.5,431,0.0
2026-07-29T09:22:10.251244,A6D3C2,VOI1890,33.043991,-116.398883,,,301,,,-49.5,97,0.8
2026-07-29T09:22:10.251244,A422CB,N366CC,32.899025,-117.474565,,,312,,4705,-49.5,90,5.9
2026-07-29T09:22:10.251244,A12241,N172SX,32.910507,-117.255267,,,336,,5251,-33.8,84,12.8
2026-07-29T09:22:10.251244,A7FE2D,,33.1203,-117.319208,,,253,,,-49.5,29,1.2
2026-07-29T09:22:15.290678,A3EF2A,CXK234,33.072876,-117.187592,,,80,,5267,-49.5,1197,0.7
2026-07-29T09:22:15.290678,AC07DC,SWA1460,32.79959,-117.157418,,,104,,3612,-49.5,1614,11.5
2026-07-29T09:22:15.290678,A7907C,LXJ587,33.283539,-117.062787,,,65,,7217,-49.5,1074,0.3
2026-07-29T09:22:15.290678,ABB930,SWA2499,32.670454,-116.708156,,,91,,1317,-35.9,492,67.1
2026-07-29T09:22:15.290678,A923A7,UAL2476,32.839233,-116.899091,,,39,,2041,-49.5,885,0.0
2026-07-29T09:22:15.290678,A85931,QXE2224,33.115814,-117.465656,,,145,,1524,-30.4,460,1.1
2026-07-29T09:22:15.290678,A6D3C2,VOI1890,33.047201,-116.405023,,,301,,,-37.4,107,2.9
2026-07-29T09:22:15.290678,A422CB,N366CC,32.907715,-117.485925,,,312,,4705,-35.7,119,0.9
2026-07-29T09:22:15.290678,A12241,N172SX,32.910507,-117.255267,,,336,,5251,-33.8,84,17.9
2026-07-29T09:22:15.290678,A7FE2D,,33.1203,-117.319208,,,253,,,-49.5,29,6.3
2026-07-29T09:22:20.327686,A3EF2A,CXK234,33.073224,-117.184884,,,80,,5267,-26.3,1256,0.3
2026-07-29T09:22:20.327686,AC07DC,SWA1460,32.79959,-117.157418,,,104,,3612,-37.2,1615,16.5
2026-07-29T09:22:20.327686,A7907C,LXJ587,33.286433,-117.055402,,,65,,7217,-35.2,1131,1.2
2026-07-29T09:22:20.327686,ABB930,SWA2499,32.670454,-116.708156,,,91,,1317,-35.9,492,72.1
2026-07-29T09:22:20.327686,A923A7,UAL2476,32.845583,-116.893298,,,37,,2041,-29.7,951,0.4
2026-07-29T09:22:20.327686,A85931,QXE2224,33.111923,-117.462469,,,145,,1524,-49.5,477,2.9
2026-07-29T09:22:20.327686,A6D3C2,VOI1890,33.047201,-116.405023,,,301,,,-37.4,107,7.9
2026-07-29T09:22:20.327686,A422CB,N366CC,32.907715,-117.485925,,,312,,4705,-35.7,119,5.9
2026-07-29T09:22:20.327686,A12241,N172SX,32.910507,-117.255267,,,336,,5251,-33.8,84,22.9
2026-07-29T09:22:20.327686,A7FE2D,,33.118149,-117.328656,,,258,,6722,-49.5,54,2.5
2026-07-29T09:22:25.379680,A3EF2A,CXK234,33.073517,-117.182867,,,80,,5267,-49.5,1305,1.3
2026-07-29T09:22:25.379680,AC07DC,SWA1460,32.793365,-117.129419,,,104,,3612,-30.2,1648,1.0
2026-07-29T09:22:25.379680,A7907C,LXJ587,33.286433,-117.055402,,,65,,7217,-49.5,1134,6.2
2026-07-29T09:22:25.379680,A923A7,UAL2476,32.85089,-116.888478,,,37,,2041,-49.5,993,1.7
2026-07-29T09:22:25.379680,A85931,QXE2224,33.102505,-117.454666,,,145,,1524,-49.5,493,0.1
2026-07-29T09:22:25.379680,A6D3C2,VOI1890,33.047201,-116.405023,,,301,,,-37.4,107,13.0
2026-07-29T09:22:25.379680,A422CB,N366CC,32.907715,-117.485925,,,312,,4705,-35.7,119,10.9
2026-07-29T09:22:25.379680,A12241,N172SX,32.919555,-117.259827,,,337,,5251,-36.8,87,2.7
2026-07-29T09:22:25.379680,A7FE2D,,33.117645,-117.336951,,,271,,6722,-32.1,100,0.6
2026-07-29T09:22:30.417871,A3EF2A,CXK234,33.073837,-117.18045,,,80,,5267,-36.2,1311,1.6
2026-07-29T09:22:30.417871,AC07DC,SWA1460,32.792175,-117.124036,,,104,,3612,-34.9,1676,2.1
2026-07-29T09:22:30.417871,A7907C,LXJ587,33.294207,-117.035336,,,65,,7217,-33.9,1191,0.3
2026-07-29T09:22:30.417871,A923A7,UAL2476,32.859223,-116.880854,,,37,,2041,-49.5,1021,0.8
2026-07-29T09:22:30.417871,A85931,QXE2224,33.096732,-117.449845,,,145,,1524,-29.9,536,0.4
2026-07-29T09:22:30.417871,A6D3C2,VOI1890,33.047201,-116.405023,,,301,,,-49.5,109,18.0
2026-07-29T09:22:30.417871,A422CB,N366CC,32.907715,-117.485925,,,312,,4705,-35.7,119,16.0
2026-07-29T09:22:30.417871,A12241,N172SX,32.919555,-117.259827,,,337,,5251,-36.8,87,7.8
2026-07-29T09:22:30.417871,A7FE2D,LXJ614,33.118423,-117.343323,,,277,,6722,-49.5,125,0.3
2026-07-29T09:22:30.417871,A5D713,UAL1276,33.270447,-117.780304,,,138,,,-36.8,3,0.0
2026-07-29T09:22:35.493050,A3EF2A,CXK234,33.074341,-117.177205,,,79,,5267,-49.5,1317,0.3
2026-07-29T09:22:35.493050,AC07DC,SWA1460,32.790939,-117.118542,,,104,,3612,-35.9,1691,3.2
2026-07-29T09:22:35.493050,A7907C,LXJ587,33.296677,-117.028949,,,65,,7217,-37.1,1243,1.8
2026-07-29T09:22:35.493050,A923A7,UAL2476,32.864822,-116.87569,,,37,,2041,-49.5,1049,1.8
2026-07-29T09:22:35.493050,A85931,QXE2224,33.094482,-117.447968,,,145,,1524,-49.5,553,3.6
2026-07-29T09:22:35.493050,A6D3C2,VOI1890,33.072293,-116.453284,,,301,,1312,-33.0,124,0.0
2026-07-29T09:22:35.493050,A422CB,N366CC,32.907715,-117.485925,,,312,,4705,-35.7,119,21.1
2026-07-29T09:22:35.493050,A12241,N172SX,32.924117,-117.262181,,,336,,5251,-34.0,96,0.5
2026-07-29T09:22:35.493050,A7FE2D,LXJ614,33.119962,-117.348894,,,290,,6722,-28.9,147,0.5
2026-07-29T09:22:35.493050,A5D713,UAL1276,33.264646,-117.774166,,,138,,,-30.9,28,0.9
2026-07-29T09:22:35.493050,A5CC4C,AAL345,33.73515,-116.505089,,,91,,,-35.9,7,0.5
2026-07-29T09:22:40.535345,A3EF2A,CXK234,33.074753,-117.174738,,,78,,5267,-23.7,1364,0.3
2026-07-29T09:22:40.535345,AC07DC,SWA1460,32.789474,-117.111896,,,104,,3612,-49.5,1698,3.3
2026-07-29T09:22:40.535345,A7907C,LXJ587,33.296677,-117.028949,,,65,,7217,-37.1,1243,6.9
2026-07-29T09:22:40.535345,A923A7,UAL2476,32.874069,-116.86723,,,37,,2041,-29.2,1107,0.2
2026-07-29T09:22:40.535345,A85931,QXE2224,33.094482,-117.447968,,,145,,1524,-49.5,553,8.6
2026-07-29T09:22:40.535345,A6D3C2,VOI1890,33.077087,-116.462604,,,301,,1312,-49.5,165,0.6
2026-07-29T09:22:40.535345,A422CB,N366CC,32.907715,-117.485925,,,312,,4705,-34.4,120,26.1
2026-07-29T09:22:40.535345,A12241,N172SX,32.926305,-117.26319,,,338,,5251,-49.5,150,0.0
2026-07-29T09:22:40.535345,A7FE2D,LXJ614,33.122269,-117.354309,,,299,,6722,-32.3,171,0.4
2026-07-29T09:22:40.535345,A5D713,UAL1276,33.257767,-117.766846,,,138,,7252,-32.3,67,1.0
2026-07-29T09:22:40.535345,A5CC4C,AAL345,33.734917,-116.496964,,,91,,,-49.5,34,2.5
2026-07-29T09:22:40.535345,A73410,,32.621429,-117.133429,,,92,,2050,-36.6,23,0.3
2026-07-29T09:22:45.589809,A3EF2A,CXK234,33.075119,-117.172321,,,79,,5267,-49.5,1417,0.4
2026-07-29T09:22:45.589809,AC07DC,SWA1460,32.789474,-117.111896,,,104,,3612,-49.5,1698,8.4
2026-07-29T09:22:45.589809,A7907C,LXJ587,33.296677,-117.028949,,,65,,7217,-37.1,1243,11.9
2026-07-29T09:22:45.589809,A923A7,UAL2476,32.880916,-116.8609,,,37,,2041,-49.5,1137,0.5
2026-07-29T09:22:45.589809,A85931,QXE2224,33.094482,-117.447968,,,145,,1524,-49.5,553,13.7
2026-07-29T09:22:45.589809,A6D3C2,VOI1890,33.082767,-116.473576,,,301,,1312,-32.5,200,0.4
2026-07-29T09:22:45.589809,A422CB,N366CC,32.934448,-117.520917,,,312,,4705,-36.1,135,0.0
2026-07-29T09:22:45.589809,A12241,N172SX,32.926305,-117.26319,,,338,,5251,-36.5,151,5.1
2026-07-29T09:22:45.589809,A7FE2D,LXJ614,33.125244,-117.359143,,,309,,6722,-31.0,215,0.4
2026-07-29T09:22:45.589809,A5D713,UAL1276,33.249893,-117.758551,,,138,,7252,-49.5,102,0.4
2026-07-29T09:22:45.589809,A5CC4C,AAL345,33.734405,-116.478252,,,91,,,-36.0,40,0.7
2026-07-29T09:22:45.589809,A73410,SWA120,32.621338,-117.127936,,,91,,2050,-37.6,47,2.6
2026-07-29T09:22:50.638343,A3EF2A,CXK234,33.075551,-117.16975,,,79,,5267,-31.7,1460,0.3
2026-07-29T09:22:50.638343,AC07DC,SWA1460,32.789474,-117.111896,,,104,,3612,-49.5,1698,13.4
2026-07-29T09:22:50.638343,A7907C,LXJ587,33.296677,-117.028949,,,65,,7217,-37.1,1243,17.0
2026-07-29T09:22:50.638343,A923A7,UAL2476,32.880916,-116.8609,,,37,,2041,-49.5,1141,5.6
2026-07-29T09:22:50.638343,A85931,QXE2224,33.073177,-117.430171,,,144,,1524,-49.5,562,1.0
2026-07-29T09:22:50.638343,A6D3C2,VOI1890,33.08812,-116.483917,,,301,,1312,-33.7,224,0.5
2026-07-29T09:22:50.638343,A422CB,N366CC,32.937881,-117.525366,,,312,,4705,-36.4,163,1.1
2026-07-29T09:22:50.638343,A12241,N172SX,32.926305,-117.26319,,,338,,5251,-36.5,151,10.1
2026-07-29T09:22:50.638343,A7FE2D,LXJ614,33.12876,-117.363244,,,318,,6722,-30.6,275,0.6
2026-07-29T09:22:50.638343,A5D713,UAL1276,33.242844,-117.751135,,,138,,7252,-49.5,129,0.4
2026-07-29T09:22:50.638343,A5CC4C,AAL345,33.73407,-116.464607,,,91,,,-36.2,47,0.7
2026-07-29T09:22:50.638343,A73410,SWA120,32.621527,-117.119583,,,84,,2050,-49.5,57,3.6
2026-07-29T09:22:55.692670,A3EF2A,CXK234,33.075877,-117.167284,,,81,,5267,-29.2,1495,0.4
2026-07-29T09:22:55.692670,AC07DC,SWA1460,32.784119,-117.087781,,,105,,3612,-49.5,1710,0.7
2026-07-29T09:22:55.692670,A7907C,LXJ587,33.296677,-117.028949,,,65,,7217,-35.1,1248,22.0
2026-07-29T09:22:55.692670,A923A7,UAL2476,32.895035,-116.847949,,,37,,2041,-49.5,1193,0.5
2026-07-29T09:22:55.692670,A85931,QXE2224,33.066193,-117.424402,,,144,,1524,-33.9,571,0.3
2026-07-29T09:22:55.692670,A6D3C2,VOI1890,33.090355,-116.488205,,,301,,1312,-36.3,235,3.5
2026-07-29T09:22:55.692670,A422CB,N366CC,32.94311,-117.532243,,,312,,4705,-49.5,178,0.0
2026-07-29T09:22:55.692670,A12241,N172SX,32.932343,-117.265869,,,338,,5251,-31.8,196,0.0
2026-07-29T09:22:55.692670,A7FE2D,LXJ614,33.13309,-117.366775,,,328,,6722,-49.5,326,0.4
2026-07-29T09:22:55.692670,A5D713,UAL1276,33.242844,-117.751135,,,138,,7252,-37.1,135,5.5
2026-07-29T09:22:55.692670,A5CC4C,AAL345,33.733795,-116.454069,,,91,,6756,-35.5,71,1.9
2026-07-29T09:22:55.692670,A73410,SWA120,32.622391,-117.108435,,,84,,2050,-49.5,61,3.2
2026-07-29T09:23:00.741180,A3EF2A,CXK234,33.076218,-117.16474,,,79,,5267,-49.5,1542,0.4
2026-07-29T09:23:00.741180,AC07DC,SWA1460,32.783844,-117.086462,,,105,,3612,-49.5,1713,4.8
2026-07-29T09:23:00.741180,A7907C,LXJ587,33.296677,-117.028949,,,65,,7217,-49.5,1249,27.1
2026-07-29T09:23:00.741180,A923A7,UAL2476,32.900841,-116.842626,,,37,,2041,-49.5,1233,1.5
2026-07-29T09:23:00.741180,A85931,QXE2224,33.060379,-117.419513,,,145,,1524,-35.2,595,0.5
2026-07-29T09:23:00.741180,A6D3C2,VOI1890,33.090355,-116.488205,,,301,,1312,-36.3,235,8.6
2026-07-29T09:23:00.741180,A422CB,N366CC,32.944414,-117.533924,,,312,,4705,-49.5,194,3.7
2026-07-29T09:23:00.741180,A12241,N172SX,32.933487,-117.266418,,,338,,5251,-34.6,224,2.2
2026-07-29T09:23:00.741180,A7FE2D,LXJ614,33.137924,-117.36936,,,338,,6722,-32.5,367,0.3
2026-07-29T09:23:00.741180,A5D713,UAL1276,33.242844,-117.751135,,,138,,7252,-37.1,135,10.6
2026-07-29T09:23:00.741180,A5CC4C,AAL345,33.733474,-116.440601,,,91,,6756,-49.5,97,1.9
2026-07-29T09:23:00.741180,A73410,SWA120,32.622391,-117.108435,,,84,,2050,-49.5,61,8.3
2026-07-29T09:23:05.820259,A3EF2A,CXK234,33.07663,-117.162048,,,79,,5267,-49.5,1581,0.0
2026-07-29T09:23:05.820259,AC07DC,SWA1460,32.783844,-117.086462,,,105,,3612,-49.5,1713,9.8
2026-07-29T09:23:05.820259,A7907C,LXJ587,33.296677,-117.028949,,,65,,7217,-49.5,1250,32.2
2026-07-29T09:23:05.820259,A923A7,UAL2476,32.90638,-116.837582,,,37,,2041,-49.5,1246,2.7
2026-07-29T09:23:05.820259,A85931,QXE2224,33.054611,-117.414734,,,144,,1524,-33.6,615,0.7
2026-07-29T09:23:05.820259,A6D3C2,VOI1890,33.10437,-116.515338,,,301,,1312,-49.5,249,0.7
2026-07-29T09:23:05.820259,A422CB,N366CC,32.944414,-117.533924,,,312,,4705,-49.5,194,8.7
2026-07-29T09:23:05.820259,A12241,N172SX,32.93622,-117.267674,,,338,,5251,-33.2,264,0.9
2026-07-29T09:23:05.820259,A7FE2D,LXJ614,33.140808,-117.370349,,,346,,6722,-49.5,397,2.3
2026-07-29T09:23:05.820259,A5D713,UAL1276,33.242844,-117.751135,,,138,,7252,-37.1,135,15.6
2026-07-29T09:23:05.820259,A5CC4C,AAL345,33.733246,-116.432321,,,91,,6756,-37.7,99,3.9
2026-07-29T09:23:05.820259,A73410,SWA120,32.622391,-117.108435,,,75,,2050,-49.5,69,13.3
2026-07-29T09:23:10.873760,A3EF2A,CXK234,33.076996,-117.159521,,,80,,5267,-49.5,1646,0.0
2026-07-29T09:23:10.873760,AC07DC,SWA1460,32.779495,-117.067181,,,104,,3612,-36.3,1723,0.6
2026-07-29T09:23:10.873760,A7907C,LXJ587,33.296677,-117.028949,,,65,,7217,-38.2,1251,37.2
2026-07-29T09:23:10.873760,A923A7,UAL2476,32.91462,-116.830071,,,37,,2041,-49.5,1261,1.9
2026-07-29T09:23:10.873760,A85931,QXE2224,33.048477,-117.409625,,,144,,1524,-49.5,658,0.6
2026-07-29T09:23:10.873760,A6D3C2,VOI1890,33.109863,-116.525775,,,301,,1312,-32.6,276,0.8
2026-07-29T09:23:10.873760,A422CB,N366CC,32.944414,-117.533924,,,312,,4705,-49.5,194,13.8
2026-07-29T09:23:10.873760,A12241,N172SX,32.938522,-117.268781,,,337,,5251,-31.2,328,0.4
2026-07-29T09:23:10.873760,A7FE2D,LXJ614,33.147707,-117.371091,,,359,,6722,-32.1,404,0.5
2026-07-29T09:23:10.873760,A5D713,UAL1276,33.242844,-117.751135,,,138,,7252,-37.1,135,20.7
2026-07-29T09:23:10.873760,A5CC4C,AAL345,33.733246,-116.432321,,,91,,6756,-37.7,99,9.0
2026-07-29T09:23:10.873760,A73410,SWA120,32.622391,-117.108435,,,75,,2050,-49.5,74,18.4
2026-07-29T09:23:10.873760,A8ABE6,,33.266876,-117.620398,,,138,,,-49.5,6,2.2
2026-07-29T09:23:15.923936,A3EF2A,CXK234,33.07732,-117.157474,,,80,,5267,-36.7,1687,1.1
2026-07-29T09:23:15.923936,AC07DC,SWA1460,32.778809,-117.06427,,,104,,3612,-35.7,1728,3.5
2026-07-29T09:23:15.923936,A7907C,LXJ587,33.327119,-116.950304,,,65,,7217,-36.0,1255,0.0
2026-07-29T09:23:15.923936,A923A7,UAL2476,32.91462,-116.830071,,,37,,2041,-49.5,1269,7.0
2026-07-29T09:23:15.923936,A85931,QXE2224,33.042755,-117.404846,,,145,,1524,-49.5,709,1.0
2026-07-29T09:23:15.923936,A6D3C2,VOI1890,33.115446,-116.536018,,,303,,1312,-49.5,293,0.9
2026-07-29T09:23:15.923936,A422CB,N366CC,32.944414,-117.533924,,,312,,4705,-49.5,194,18.9
2026-07-29T09:23:15.923936,A12241,N172SX,32.940262,-117.269659,,,337,,5251,-34.6,356,1.3
2026-07-29T09:23:15.923936,A7FE2D,LXJ614,33.152756,-117.370294,,,12,,6722,-32.2,444,0.4
2026-07-29T09:23:15.923936,A5D713,UAL1276,33.242844,-117.751135,,,138,,7252,-37.1,135,25.8
2026-07-29T09:23:15.923936,A5CC4C,AAL345,33.733246,-116.432321,,,91,,6756,-37.7,99,14.1
2026-07-29T09:23:15.923936,A73410,SWA120,32.631912,-117.064105,,,69,,2050,-34.8,96,1.3
2026-07-29T09:23:15.923936,A8ABE6,,33.258911,-117.611884,,,138,,,-49.5,18,0.9
2026-07-29T09:23:21.002676,A3EF2A,CXK234,33.077693,-117.154448,,,81,,5267,-49.5,1730,0.3
2026-07-29T09:23:21.002676,AC07DC,SWA1460,32.776657,-117.054602,,,105,,3612,-36.6,1739,1.3
2026-07-29T09:23:21.002676,A7907C,LXJ587,33.327818,-116.948454,,,65,,7217,-36.3,1259,4.1
2026-07-29T09:23:21.002676,A923A7,UAL2476,32.91462,-116.830071,,,37,,2041,-49.5,1270,12.0
2026-07-29T09:23:21.002676,A85931,QXE2224,33.03668,-117.39979,,,144,,1524,-49.5,746,0.9
2026-07-29T09:23:21.002676,A6D3C2,VOI1890,33.116501,-116.53797,,,303,,1312,-34.3,300,5.0
2026-07-29T09:23:21.002676,A422CB,N366CC,32.944414,-117.533924,,,312,,4705,-49.5,194,23.9
2026-07-29T09:23:21.002676,A12241,N172SX,32.942368,-117.270703,,,337,,5251,-36.1,383,1.3
2026-07-29T09:23:21.002676,A7FE2D,LXJ614,33.155594,-117.369305,,,21,,6722,-49.5,462,2.5
2026-07-29T09:23:21.002676,A5D713,UAL1276,33.242844,-117.751135,,,138,,7252,-37.1,135,30.8
2026-07-29T09:23:21.002676,A5CC4C,AAL345,33.733246,-116.432321,,,91,,6756,-37.7,99,19.1
2026-07-29T09:23:21.002676,A73410,SWA120,32.631912,-117.064105,,,69,,2050,-34.8,96,6.4
2026-07-29T09:23:21.002676,A8ABE6,,33.255522,-117.60825,,,138,,3267,-49.5,30,3.2
2026-07-29T09:23:26.081886,A3EF2A,CXK234,33.078065,-117.151869,,,80,,5267,-29.7,1763,0.2
2026-07-29T09:23:26.081886,AC07DC,SWA1460,32.776657,-117.054602,,,105,,3612,-35.1,1740,6.4
2026-07-29T09:23:26.081886,A7907C,LXJ587,33.327818,-116.948454,,,65,,7217,-36.3,1259,9.2
2026-07-29T09:23:26.081886,A923A7,UAL2476,32.934952,-116.811584,,,37,,2041,-35.2,1276,2.9
2026-07-29T09:23:26.081886,A85931,QXE2224,33.030582,-117.394689,,,144,,1524,-49.5,770,0.8
2026-07-29T09:23:26.081886,A6D3C2,VOI1890,33.127441,-116.556866,,,305,,1312,-35.6,331,0.7
2026-07-29T09:23:26.081886,A422CB,N366CC,32.944414,-117.533924,,,312,,4705,-38.1,195,29.0
2026-07-29T09:23:26.081886,A12241,N172SX,32.943054,-117.271033,,,337,,5251,-49.5,385,4.8
2026-07-29T09:23:26.081886,A7FE2D,LXJ614,33.161812,-117.365374,,,32,,6722,-49.5,489,0.4
2026-07-29T09:23:26.081886,A5D713,UAL1276,33.242844,-117.751135,,,138,,7252,-37.1,135,35.9
2026-07-29T09:23:26.081886,A5CC4C,AAL345,33.733246,-116.432321,,,91,,6756,-37.7,99,24.2
2026-07-29T09:23:26.081886,A73410,SWA120,32.639053,-117.042572,,,68,,2050,-49.5,117,0.4
2026-07-29T09:23:26.081886,A8ABE6,,33.249344,-117.601721,,,138,,3267,-37.4,35,3.3
2026-07-29T09:23:31.136995,A3EF2A,CXK234,33.078415,-117.149359,,,80,,5267,-30.4,1811,0.3
2026-07-29T09:23:31.136995,AC07DC,SWA1460,32.776657,-117.054602,,,105,,3612,-35.1,1740,11.4
2026-07-29T09:23:31.136995,A7907C,LXJ587,33.327818,-116.948454,,,65,,7217,-36.3,1259,14.2
2026-07-29T09:23:31.136995,A923A7,UAL2476,32.946276,-116.80126,,,37,,2041,-49.5,1301,0.0
2026-07-29T09:23:31.136995,A85931,QXE2224,33.02574,-117.390654,,,144,,1524,-49.5,794,1.8
2026-07-29T09:23:31.136995,A6D3C2,VOI1890,33.13385,-116.567249,,,306,,1312,-49.5,361,0.6
2026-07-29T09:23:31.136995,A422CB,N366CC,32.971367,-117.569294,,,312,,4705,-35.1,200,2.5
2026-07-29T09:23:31.136995,A12241,N172SX,32.945857,-117.272382,,,338,,5251,-36.2,387,3.3
2026-07-29T09:23:31.136995,A7FE2D,LXJ614,33.16571,-117.36145,,,42,,6722,-36.7,503,0.4
2026-07-29T09:23:31.136995,A5D713,UAL1276,33.242844,-117.751135,,,138,,7252,-37.1,135,40.9
2026-07-29T09:23:31.136995,A5CC4C,AAL345,33.733246,-116.432321,,,91,,6756,-37.7,99,29.2
2026-07-29T09:23:31.136995,A73410,SWA120,32.642075,-117.033289,,,68,,2050,-49.5,186,0.8
2026-07-29T09:23:31.136995,A8ABE6,,33.249344,-117.601721,,,138,,3267,-49.5,41,8.4
2026-07-29T09:23:36.187503,A3EF2A,CXK234,33.078717,-117.147273,,,79,,5267,-36.6,1839,1.1
2026-07-29T09:23:36.187503,AC07DC,SWA1460,32.776657,-117.054602,,,105,,3612,-35.1,1740,16.5
2026-07-29T09:23:36.187503,A7907C,LXJ587,33.341217,-116.913812,,,65,,7217,-49.5,1262,0.9
2026-07-29T09:23:36.187503,A923A7,UAL2476,32.953771,-116.794421,,,37,,2041,-35.7,1331,0.0
2026-07-29T09:23:36.187503,A85931,QXE2224,33.018664,-117.384656,,,144,,1524,-49.5,862,1.0
2026-07-29T09:23:36.187503,A6D3C2,VOI1890,33.139206,-116.575708,,,307,,1312,-32.8,383,1.4
2026-07-29T09:23:36.187503,A422CB,N366CC,32.971367,-117.569294,,,312,,4705,-35.1,200,7.5
2026-07-29T09:23:36.187503,A12241,N172SX,32.945857,-117.272382,,,338,,5251,-36.2,387,8.4
2026-07-29T09:23:36.187503,A7FE2D,LXJ614,33.16571,-117.36145,,,42,,6722,-36.3,507,5.5
2026-07-29T09:23:36.187503,A5D713,UAL1276,33.18048,-117.682968,,,138,,7252,-49.5,138,2.1
2026-07-29T09:23:36.187503,A5CC4C,AAL345,33.733246,-116.432321,,,91,,6756,-37.7,99,34.3
2026-07-29T09:23:36.187503,A73410,SWA120,32.643826,-117.027825,,,68,,2050,-49.5,205,3.1
2026-07-29T09:23:36.187503,A8ABE6,,33.249344,-117.601721,,,138,,3267,-49.5,41,13.4
2026-07-29T09:23:41.234623,A3EF2A,CXK234,33.079182,-117.144134,,,79,,5267,-49.5,1869,0.0
2026-07-29T09:23:41.234623,AC07DC,SWA1460,32.776657,-117.054602,,,105,,3612,-35.1,1740,21.6
2026-07-29T09:23:41.234623,A7907C,LXJ587,33.343414,-116.908099,,,65,,7217,-49.5,1269,3.1
2026-07-29T09:23:41.234623,A923A7,UAL2476,32.960861,-116.787964,,,37,,2041,-31.4,1371,0.2
2026-07-29T09:23:41.234623,A85931,QXE2224,33.01181,-117.378864,,,144,,1524,-31.2,931,0.2
2026-07-29T09:23:41.234623,A6D3C2,VOI1890,33.147149,-116.587699,,,308,,1312,-49.5,417,0.3
2026-07-29T09:23:41.234623,A422CB,N366CC,32.971367,-117.569294,,,312,,4705,-35.1,200,12.6
2026-07-29T09:23:41.234623,A12241,N172SX,32.945857,-117.272382,,,338,,5251,-36.2,387,13.4
2026-07-29T09:23:41.234623,A7FE2D,LXJ614,33.16571,-117.36145,,,59,,6722,-36.8,515,10.5
2026-07-29T09:23:41.234623,A5D713,UAL1276,33.172165,-117.67066,,,127,,7252,-34.6,152,0.4
2026-07-29T09:23:41.234623,A5CC4C,AAL345,33.733246,-116.432321,,,91,,6756,-37.7,99,39.3
2026-07-29T09:23:41.234623,A73410,SWA120,32.648853,-117.011962,,,69,,2050,-32.5,232,0.2
2026-07-29T09:23:41.234623,A8ABE6,,33.249344,-117.601721,,,138,,3267,-49.5,41,18.5
2026-07-29T09:23:46.290518,A3EF2A,CXK234,33.079601,-117.14178,,,78,,5267,-23.8,1916,0.3
2026-07-29T09:23:46.290518,AC07DC,SWA1460,32.776657,-117.054602,,,105,,3612,-35.1,1740,26.6
2026-07-29T09:23:46.290518,A7907C,LXJ587,33.343414,-116.908099,,,65,,7217,-49.5,1269,8.1
2026-07-29T09:23:46.290518,A923A7,UAL2476,32.968002,-116.781482,,,37,,2041,-28.0,1424,0.2
2026-07-29T09:23:46.290518,A85931,QXE2224,33.006375,-117.374342,,,144,,1524,-36.7,959,0.6
2026-07-29T09:23:46.290518,A6D3C2,VOI1890,33.148452,-116.589605,,,309,,1312,-35.0,439,4.3
2026-07-29T09:23:46.290518,A422CB,N366CC,32.983246,-117.584857,,,312,,4705,-49.5,206,3.8
2026-07-29T09:23:46.290518,A12241,N172SX,32.953583,-117.275922,,,338,,5251,-35.1,388,1.0
2026-07-29T09:23:46.290518,A7FE2D,LXJ614,33.17373,-117.347325,,,60,,6722,-49.5,541,2.0
2026-07-29T09:23:46.290518,A5D713,UAL1276,33.171076,-117.668899,,,127,,7252,-36.3,155,4.5
2026-07-29T09:23:46.290518,A5CC4C,AAL345,33.733246,-116.432321,,,91,,6756,-37.7,99,44.4
2026-07-29T09:23:46.290518,A73410,SWA120,32.651688,-117.001538,,,72,,2050,-49.5,274,0.1
2026-07-29T09:23:46.290518,A8ABE6,,33.249344,-117.601721,,,138,,3267,-49.5,41,23.5
2026-07-29T09:23:51.352209,A3EF2A,CXK234,33.079927,-117.13993,,,77,,5267,-31.3,1948,1.7
2026-07-29T09:23:51.352209,AC07DC,SWA1460,32.776657,-117.054602,,,105,,3612,-35.1,1740,31.7
2026-07-29T09:23:51.352209,A7907C,LXJ587,33.343414,-116.908099,,,65,,7217,-49.5,1269,13.3
2026-07-29T09:23:51.352209,A923A7,UAL2476,32.975281,-116.774835,,,37,,2041,-49.5,1441,0.3
2026-07-29T09:23:51.352209,A85931,QXE2224,33.000092,-117.369031,,,144,,1524,-49.5,1006,0.3
2026-07-29T09:23:51.352209,A6D3C2,VOI1890,33.154907,-116.598944,,,309,,1312,-34.0,447,4.6
2026-07-29T09:23:51.352209,A422CB,N366CC,32.983246,-117.584857,,,312,,4705,-49.5,206,8.9
2026-07-29T09:23:51.352209,A12241,N172SX,32.953583,-117.275922,,,338,,5251,-35.1,388,6.1
2026-07-29T09:23:51.352209,A7FE2D,LXJ614,33.17373,-117.347325,,,60,,6722,-49.5,542,7.1
2026-07-29T09:23:51.352209,A5D713,UAL1276,33.171076,-117.668899,,,121,,7252,-36.0,160,9.6
2026-07-29T09:23:51.352209,A5CC4C,AAL345,33.733246,-116.432321,,,91,,6756,-37.7,99,49.5
2026-07-29T09:23:51.352209,A73410,SWA120,32.654022,-116.991101,,,75,,2050,-49.5,294,0.2
2026-07-29T09:23:51.352209,A8ABE6,,33.249344,-117.601721,,,138,,3267,-49.5,41,28.6
2026-07-29T09:23:56.428389,A3EF2A,CXK234,33.080439,-117.136847,,,80,,5267,-32.6,1960,0.7
2026-07-29T09:23:56.428389,AC07DC,SWA1460,32.776657,-117.054602,,,105,,3612,-35.1,1740,36.8
2026-07-29T09:23:56.428389,A7907C,LXJ587,33.343414,-116.908099,,,65,,7217,-49.5,1269,18.3
2026-07-29T09:23:56.428389,A923A7,UAL2476,32.982447,-116.768357,,,37,,2041,-34.7,1483,0.6
2026-07-29T09:23:56.428389,A85931,QXE2224,32.994364,-117.364197,,,144,,1524,-32.3,1083,0.4
2026-07-29T09:23:56.428389,A6D3C2,VOI1890,33.167166,-116.615781,,,311,,1312,-29.7,488,0.7
2026-07-29T09:23:56.428389,A422CB,N366CC,32.983246,-117.584857,,,312,,4705,-49.5,206,14.0
2026-07-29T09:23:56.428389,A12241,N172SX,32.958069,-117.278229,,,335,,5251,-34.4,424,0.9
2026-07-29T09:23:56.428389,A7FE2D,LXJ614,33.180247,-117.332639,,,62,,6722,-31.1,580,0.2
2026-07-29T09:23:56.428389,A5D713,UAL1276,33.171076,-117.668899,,,121,,7252,-36.0,160,14.7
2026-07-29T09:23:56.428389,A5CC4C,AAL345,33.733246,-116.432321,,,91,,6756,-37.7,99,54.5
2026-07-29T09:23:56.428389,A73410,SWA120,32.654022,-116.991101,,,75,,2050,-36.6,295,5.3
2026-07-29T09:23:56.428389,A8ABE6,,33.249344,-117.601721,,,138,,3267,-49.5,41,33.7
2026-07-29T09:24:01.505035,A3EF2A,CXK234,33.080841,-117.133978,,,80,,5267,-27.1,2003,0.1
2026-07-29T09:24:01.505035,AC07DC,SWA1460,32.776657,-117.054602,,,105,,3612,-35.1,1740,41.8
2026-07-29T09:24:01.505035,A7907C,LXJ587,33.343414,-116.908099,,,65,,7217,-49.5,1269,23.4
2026-07-29T09:24:01.505035,A923A7,UAL2476,32.990221,-116.761294,,,37,,2041,-31.8,1519,0.2
2026-07-29T09:24:01.505035,A85931,QXE2224,32.988556,-117.359363,,,144,,1524,-33.1,1123,0.3
2026-07-29T09:24:01.505035,A6D3C2,VOI1890,33.171402,-116.621274,,,312,,1312,-35.1,519,2.8
2026-07-29T09:24:01.505035,A422CB,N366CC,32.983246,-117.584857,,,312,,4705,-49.5,206,19.0
2026-07-29T09:24:01.505035,A12241,N172SX,32.960449,-117.279492,,,336,,5251,-36.7,439,0.6
2026-07-29T09:24:01.505035,A7FE2D,LXJ614,33.183151,-117.326019,,,62,,6722,-49.5,645,0.1
2026-07-29T09:24:01.505035,A5D713,UAL1276,33.171076,-117.668899,,,121,,7252,-49.5,161,19.8
2026-07-29T09:24:01.505035,A5CC4C,AAL345,33.733246,-116.432321,,,91,,6756,-37.7,99,59.6
2026-07-29T09:24:01.505035,A73410,SWA120,32.657455,-116.970007,,,81,,2050,-31.8,312,0.4
2026-07-29T09:24:01.505035,A8ABE6,,33.249344,-117.601721,,,138,,3267,-49.5,41,38.8
2026-07-29T09:24:06.581299,A3EF2A,CXK234,33.081137,-117.131914,,,80,,5267,-49.5,2045,1.1
2026-07-29T09:24:06.581299,AC07DC,SWA1460,32.776657,-117.054602,,,105,,3612,-35.1,1740,46.9
2026-07-29T09:24:06.581299,A7907C,LXJ587,33.343414,-116.908099,,,65,,7217,-49.5,1269,28.5
2026-07-29T09:24:06.581299,A923A7,UAL2476,32.995109,-116.756866,,,37,,2041,-49.5,1557,2.1
2026-07-29T09:24:06.581299,A85931,QXE2224,32.983936,-117.355453,,,144,,1524,-49.5,1145,1.3
2026-07-29T09:24:06.581299,A6D3C2,VOI1890,33.179828,-116.632036,,,313,,1312,-49.5,550,1.9
2026-07-29T09:24:06.581299,A422CB,N366CC,32.983246,-117.584857,,,312,,4705,-49.5,210,24.1
2026-07-29T09:24:06.581299,A12241,N172SX,32.96283,-117.280701,,,337,,5251,-49.5,481,0.3
2026-07-29T09:24:06.581299,A7FE2D,LXJ614,33.183151,-117.326019,,,62,,6722,-49.5,653,5.2
2026-07-29T09:24:06.581299,A5D713,UAL1276,33.171076,-117.668899,,,110,,7252,-35.5,164,24.8
2026-07-29T09:24:06.581299,A73410,SWA120,32.658676,-116.958712,,,83,,2050,-49.5,370,0.3
2026-07-29T09:24:06.581299,A8ABE6,,33.249344,-117.601721,,,138,,3267,-49.5,41,43.8
2026-07-29T09:24:11.631199,A3EF2A,CXK234,33.081556,-117.128888,,,80,,5267,-29.8,2095,0.2
2026-07-29T09:24:11.631199,AC07DC,SWA1460,32.776657,-117.054602,,,105,,5202,-49.5,1741,52.0
2026-07-29T09:24:11.631199,A7907C,LXJ587,33.366806,-116.847235,,,65,,7217,-37.3,1271,1.9
2026-07-29T09:24:11.631199,A923A7,UAL2476,33.003954,-116.748794,,,37,,2041,-36.9,1575,1.1
2026-07-29T09:24:11.631199,A85931,QXE2224,32.976814,-117.349511,,,144,,1524,-32.5,1171,0.0
2026-07-29T09:24:11.631199,A6D3C2,VOI1890,33.190063,-116.644482,,,314,,1312,-26.3,592,0.0
2026-07-29T09:24:11.631199,A422CB,N366CC,33.004898,-117.613257,,,312,,4705,-36.1,212,3.9
2026-07-29T09:24:11.631199,A12241,N172SX,32.963928,-117.281195,,,337,,5251,-34.2,508,3.0
2026-07-29T09:24:11.631199,A7FE2D,LXJ614,33.188673,-117.313301,,,62,,6722,-49.5,678,0.9
2026-07-29T09:24:11.631199,A5D713,UAL1276,33.144791,-117.606775,,,108,,7252,-34.5,187,0.8
2026-07-29T09:24:11.631199,A73410,SWA120,32.659421,-116.947893,,,86,,2050,-33.1,423,0.4
2026-07-29T09:24:11.631199,A8ABE6,,33.249344,-117.601721,,,138,,3267,-36.3,47,48.9
2026-07-29T09:24:16.710521,A3EF2A,CXK234,33.081894,-117.126398,,,81,,5267,-26.9,2139,0.4
2026-07-29T09:24:16.710521,AC07DC,SWA1460,32.776657,-117.054602,,,105,,5202,-49.5,1741,57.0
2026-07-29T09:24:16.710521,A7907C,LXJ587,33.371065,-116.83618,,,65,,7217,-49.5,1274,1.1
2026-07-29T09:24:16.710521,A923A7,UAL2476,33.01075,-116.742572,,,37,,2041,-35.2,1623,1.6
2026-07-29T09:24:16.710521,A85931,QXE2224,32.971553,-117.345083,,,144,,1524,-49.5,1217,0.3
2026-07-29T09:24:16.710521,A6D3C2,VOI1890,33.197433,-116.653326,,,314,,1312,-49.5,649,0.0
2026-07-29T09:24:16.710521,A422CB,N366CC,33.004898,-117.613257,,,312,,4705,-36.1,212,8.9
2026-07-29T09:24:16.710521,A12241,N172SX,32.967361,-117.282733,,,340,,5251,-49.5,557,0.4
2026-07-29T09:24:16.710521,A7FE2D,LXJ614,33.188673,-117.313301,,,62,,6722,-49.5,678,6.0
2026-07-29T09:24:16.710521,A5D713,UAL1276,33.1409,-117.593427,,,109,,7252,-49.5,214,0.1
2026-07-29T09:24:16.710521,A73410,SWA120,32.659933,-116.937412,,,86,,2050,-33.6,472,0.7
2026-07-29T09:24:16.710521,A8ABE6,,33.186996,-117.536023,,,138,,3267,-36.8,63,3.1
2026-07-29T09:24:21.760226,A3EF2A,CXK234,33.082255,-117.123787,,,80,,5267,-49.5,2169,0.3
2026-07-29T09:24:21.760226,AC07DC,SWA1460,32.776657,-117.054602,,,105,,5202,-49.5,1741,62.1
2026-07-29T09:24:21.760226,A7907C,LXJ587,33.374975,-116.826035,,,65,,7217,-49.5,1277,1.1
2026-07-29T09:24:21.760226,A923A7,UAL2476,33.017966,-116.735958,,,37,,2041,-49.5,1653,1.7
2026-07-29T09:24:21.760226,A85931,QXE2224,32.966386,-117.340767,,,144,,1524,-34.6,1231,0.5
2026-07-29T09:24:21.760226,A6D3C2,VOI1890,33.203522,-116.660632,,,314,,1312,-32.8,703,1.0
2026-07-29T09:24:21.760226,A422CB,N366CC,33.004898,-117.613257,,,312,,4705,-36.1,212,14.0
2026-07-29T09:24:21.760226,A12241,N172SX,32.969878,-117.283761,,,339,,5251,-35.6,595,0.2
2026-07-29T09:24:21.760226,A7FE2D,LXJ614,33.188673,-117.313301,,,63,,6722,-49.5,686,11.1
2026-07-29T09:24:21.760226,A5D713,UAL1276,33.138153,-117.584033,,,109,,7252,-34.7,247,1.1
2026-07-29T09:24:21.760226,A73410,SWA120,32.660166,-116.933096,,,86,,2050,-35.5,479,3.7
2026-07-29T09:24:21.760226,A8ABE6,,33.177966,-117.526581,,,138,,3267,-35.2,68,0.7
2026-07-29T09:24:26.812227,A3EF2A,CXK234,33.082581,-117.121208,,,79,,5267,-49.5,2206,0.5
2026-07-29T09:24:26.812227,AC07DC,SWA1460,32.776657,-117.054602,,,105,,5202,-49.5,1741,67.1
2026-07-29T09:24:26.812227,A7907C,LXJ587,33.378662,-116.816473,,,65,,7217,-49.5,1278,1.2
2026-07-29T09:24:26.812227,A923A7,UAL2476,33.027183,-116.727494,,,37,,2041,-33.4,1668,0.6
2026-07-29T09:24:26.812227,A85931,QXE2224,32.961265,-117.336451,,,144,,1524,-31.8,1280,0.7
2026-07-29T09:24:26.812227,A6D3C2,VOI1890,33.211075,-116.669696,,,314,,1312,-32.8,743,1.0
2026-07-29T09:24:26.812227,A422CB,N366CC,33.004898,-117.613257,,,312,,4705,-36.1,212,19.0
2026-07-29T09:24:26.812227,A12241,N172SX,32.972019,-117.28477,,,338,,5251,-36.0,619,0.7
2026-07-29T09:24:26.812227,A7FE2D,LXJ614,33.19817,-117.2906,,,63,,6722,-49.5,694,0.5
2026-07-29T09:24:26.812227,A5D713,UAL1276,33.134033,-117.570135,,,109,,7252,-33.1,272,0.2
2026-07-29T09:24:26.812227,A73410,SWA120,32.660166,-116.933096,,,86,,2050,-35.5,479,8.8
2026-07-29T09:24:26.812227,A8ABE6,QXE2290,33.171478,-117.519763,,,138,,3267,-32.8,115,0.3
2026-07-29T09:24:31.862252,A3EF2A,CXK234,33.083,-117.118518,,,79,,5267,-49.5,2258,0.4
2026-07-29T09:24:31.862252,AC07DC,SWA1460,32.776657,-117.054602,,,105,,5202,-49.5,1741,72.2
2026-07-29T09:24:31.862252,A7907C,LXJ587,33.383215,-116.804567,,,65,,7217,-49.5,1293,0.1
2026-07-29T09:24:31.862252,A923A7,UAL2476,33.032684,-116.72243,,,37,,2041,-36.1,1711,1.9
2026-07-29T09:24:31.862252,A85931,QXE2224,32.956833,-117.332721,,,144,,1524,-49.5,1317,1.7
2026-07-29T09:24:31.862252,A6D3C2,VOI1890,33.219863,-116.680242,,,314,,1312,-49.5,761,0.0
2026-07-29T09:24:31.862252,A422CB,N366CC,33.02449,-117.638965,,,312,,4705,-49.5,233,1.1
2026-07-29T09:24:31.862252,A12241,N172SX,32.974548,-117.285974,,,337,,5251,-49.5,641,0.2
2026-07-29T09:24:31.862252,A7FE2D,LXJ614,33.200777,-117.284097,,,64,,6722,-35.1,700,1.1
2026-07-29T09:24:31.862252,A5D713,UAL1276,33.130716,-117.558924,,,109,,7252,-31.4,308,0.4
2026-07-29T09:24:31.862252,A73410,SWA120,32.660166,-116.933096,,,86,,2050,-35.5,479,13.8
2026-07-29T09:24:31.862252,A8ABE6,QXE2290,33.165118,-117.513017,,,138,,3267,-49.5,173,0.0
2026-07-29T09:24:36.916628,A3EF2A,CXK234,33.083405,-117.115906,,,79,,5267,-49.5,2297,0.4
2026-07-29T09:24:36.916628,AC07DC,SWA1460,32.776657,-117.054602,,,105,,5202,-49.5,1741,77.3
2026-07-29T09:24:36.916628,A7907C,LXJ587,33.385496,-116.798681,,,65,,7217,-49.5,1305,2.3
2026-07-29T09:24:36.916628,A923A7,UAL2476,33.042847,-116.713092,,,37,,2041,-33.8,1723,0.3
2026-07-29T09:24:36.916628,A85931,QXE2224,32.95015,-117.327173,,,144,,1524,-30.3,1356,0.3
2026-07-29T09:24:36.916628,A6D3C2,VOI1890,33.227218,-116.689154,,,314,,1312,-49.5,801,0.2
2026-07-29T09:24:36.916628,A422CB,N366CC,33.029558,-117.645581,,,312,,4705,-33.4,276,0.4
2026-07-29T09:24:36.916628,A12241,N172SX,32.976767,-117.287068,,,337,,5251,-33.9,676,0.4
2026-07-29T09:24:36.916628,A7FE2D,LXJ614,33.200777,-117.284097,,,64,,6722,-35.1,700,6.2
2026-07-29T09:24:36.916628,A5D713,UAL1276,33.127075,-117.54668,,,109,,7252,-49.5,342,0.3
2026-07-29T09:24:36.916628,A73410,SWA120,32.660166,-116.933096,,,86,,2050,-35.5,479,18.9
2026-07-29T09:24:36.916628,A8ABE6,QXE2290,33.160183,-117.50786,,,138,,3267,-28.6,223,0.9
2026-07-29T09:24:41.994011,A3EF2A,CXK234,33.083744,-117.113529,,,80,,5267,-29.7,2344,0.8
2026-07-29T09:24:41.994011,AC07DC,SWA1460,32.776657,-117.054602,,,105,,5202,-49.5,1741,82.3
2026-07-29T09:24:41.994011,A7907C,LXJ587,33.387451,-116.79358,,,65,,7217,-35.9,1320,4.6
2026-07-29T09:24:41.994011,A923A7,UAL2476,33.05046,-116.706026,,,37,,2041,-35.8,1763,0.1
2026-07-29T09:24:41.994011,A85931,QXE2224,32.945019,-117.322886,,,144,,1524,-49.5,1410,0.3
2026-07-29T09:24:41.994011,A6D3C2,VOI1890,33.233875,-116.69717,,,314,,1312,-49.5,857,0.7
2026-07-29T09:24:41.994011,A422CB,N366CC,33.034058,-117.651489,,,312,,4705,-36.7,291,0.1
2026-07-29T09:24:41.994011,A12241,N172SX,32.979235,-117.288189,,,338,,5251,-49.5,710,0.0
2026-07-29T09:24:41.994011,A7FE2D,LXJ614,33.200777,-117.284097,,,64,,6722,-35.1,700,11.2
2026-07-29T09:24:41.994011,A5D713,UAL1276,33.124245,-117.537231,,,109,,7252,-33.8,375,1.3
2026-07-29T09:24:41.994011,A73410,SWA120,32.660166,-116.933096,,,86,,2050,-34.5,480,24.0
2026-07-29T09:24:41.994011,A8ABE6,QXE2290,33.154085,-117.50147,,,139,,3267,-29.2,279,0.9
2026-07-29T09:24:47.049458,A3EF2A,CXK234,33.084183,-117.110522,,,80,,5267,-49.5,2386,0.0
2026-07-29T09:24:47.049458,AC07DC,SWA1460,32.776657,-117.054602,,,105,,5202,-49.5,1741,87.4
2026-07-29T09:24:47.049458,A7907C,LXJ587,33.387451,-116.79358,,,65,,7217,-49.5,1322,9.7
2026-07-29T09:24:47.049458,A923A7,UAL2476,33.053485,-116.703279,,,37,,2041,-36.8,1783,3.2
2026-07-29T09:24:47.049458,A85931,QXE2224,32.940353,-117.318988,,,144,,1524,-49.5,1421,0.8
2026-07-29T09:24:47.049458,A6D3C2,VOI1890,33.242115,-116.707147,,,314,,1312,-49.5,933,0.2
2026-07-29T09:24:47.049458,A422CB,N366CC,33.035339,-117.653192,,,312,,4705,-49.5,298,3.7
2026-07-29T09:24:47.049458,A12241,N172SX,32.981469,-117.289254,,,338,,5251,-27.7,767,0.0
2026-07-29T09:24:47.049458,A7FE2D,LXJ614,33.209342,-117.262293,,,64,,6722,-49.5,702,1.7
2026-07-29T09:24:47.049458,A5D713,UAL1276,33.119915,-117.522714,,,109,,7252,-49.5,402,0.2
2026-07-29T09:24:47.049458,A73410,SWA120,32.660166,-116.933096,,,86,,2050,-34.5,480,29.0
2026-07-29T09:24:47.049458,A8ABE6,QXE2290,33.146896,-117.49422,,,139,,3267,-29.9,328,0.2
2026-07-29T09:24:52.097477,A3EF2A,CXK234,33.084489,-117.107924,,,81,,5267,-49.5,2405,0.0
2026-07-29T09:24:52.097477,AC07DC,SWA1460,32.776657,-117.054602,,,105,,5202,-49.5,1741,92.4
2026-07-29T09:24:52.097477,A7907C,LXJ587,33.387451,-116.79358,,,65,,7217,-37.4,1335,14.8
2026-07-29T09:24:52.097477,A923A7,UAL2476,33.059464,-116.697766,,,37,,2041,-36.5,1787,4.3
2026-07-29T09:24:52.097477,A85931,QXE2224,32.934963,-117.314478,,,144,,1524,-49.5,1445,0.5
2026-07-29T09:24:52.097477,A6D3C2,VOI1890,33.249657,-116.716228,,,314,,1312,-26.7,984,0.1
2026-07-29T09:24:52.097477,A422CB,N366CC,33.035339,-117.653192,,,312,,4705,-37.7,299,8.8
2026-07-29T09:24:52.097477,A12241,N172SX,32.983564,-117.290263,,,337,,5251,-49.5,822,0.5
2026-07-29T09:24:52.097477,A7FE2D,LXJ614,33.213181,-117.252576,,,64,,6722,-30.8,763,0.3
2026-07-29T09:24:52.097477,A5D713,UAL1276,33.116657,-117.511727,,,109,,7252,-31.7,440,0.5
2026-07-29T09:24:52.097477,A73410,SWA120,32.660166,-116.933096,,,86,,2050,-34.5,480,34.1
2026-07-29T09:24:52.097477,A8ABE6,QXE2290,33.144562,-117.491913,,,140,,3267,-49.5,349,3.4
2026-07-29T09:24:57.177622,A3EF2A,CXK234,33.084815,-117.105682,,,80,,5267,-49.5,2442,0.7
2026-07-29T09:24:57.177622,AC07DC,SWA1460,32.776657,-117.054602,,,105,,5202,-49.5,1741,97.5
2026-07-29T09:24:57.177622,A7907C,LXJ587,33.387451,-116.79358,,,65,,7217,-49.5,1342,19.8
2026-07-29T09:24:57.177622,A923A7,UAL2476,33.068941,-116.689042,,,37,,2041,-35.0,1796,3.0
2026-07-29T09:24:57.177622,A85931,QXE2224,32.929642,-117.309979,,,144,,1524,-34.4,1467,0.0
2026-07-29T09:24:57.177622,A6D3C2,VOI1890,33.256267,-116.724187,,,314,,1312,-26.4,1031,0.7
2026-07-29T09:24:57.177622,A422CB,N366CC,33.035339,-117.653192,,,312,,4705,-37.7,299,13.9
2026-07-29T09:24:57.177622,A12241,N172SX,32.985892,-117.29144,,,338,,5251,-49.5,886,0.5
2026-07-29T09:24:57.177622,A7FE2D,LXJ614,33.215744,-117.246039,,,64,,6722,-36.4,847,1.0
2026-07-29T09:24:57.177622,A5D713,UAL1276,33.112701,-117.49845,,,109,,7252,-30.7,472,0.0
2026-07-29T09:24:57.177622,A73410,SWA120,32.665054,-116.846796,,,86,,2050,-49.5,486,0.7
2026-07-29T09:24:57.177622,A8ABE6,QXE2290,33.144562,-117.491913,,,140,,3267,-49.5,349,8.4
2026-07-29T09:25:02.257144,A3EF2A,CXK234,33.085236,-117.102777,,,80,,5267,-49.5,2490,0.1
2026-07-29T09:25:02.257144,AC07DC,SWA1460,32.776657,-117.054602,,,105,,5202,-49.5,1741,102.6
2026-07-29T09:25:02.257144,A7907C,LXJ587,33.406165,-116.744702,,,65,,7217,-49.5,1361,0.2
2026-07-29T09:25:02.257144,A923A7,UAL2476,33.068941,-116.689042,,,37,,2041,-49.5,1809,8.1
2026-07-29T09:25:02.257144,A85931,QXE2224,32.924973,-117.306024,,,144,,1524,-32.8,1496,0.3
2026-07-29T09:25:02.257144,A6D3C2,VOI1890,33.26358,-116.733032,,,314,,1312,-26.4,1071,0.8
2026-07-29T09:25:02.257144,A422CB,N366CC,33.035339,-117.653192,,,312,,4705,-37.7,299,18.9
2026-07-29T09:25:02.257144,A12241,N172SX,32.987428,-117.292113,,,337,,5251,-33.6,920,2.1
2026-07-29T09:25:02.257144,A7FE2D,LXJ614,33.216934,-117.243018,,,64,,6722,-49.5,850,4.0
2026-07-29T09:25:02.257144,A5D713,UAL1276,33.109909,-117.489001,,,109,,7252,-34.3,511,0.9
2026-07-29T09:25:02.257144,A73410,SWA120,32.665741,-116.835205,,,86,,2050,-36.3,503,0.6
2026-07-29T09:25:02.257144,A8ABE6,QXE2290,33.128202,-117.476582,,,142,,3267,-49.5,361,0.3
2026-07-29T09:25:07.325063,A3EF2A,CXK234,33.085556,-117.100415,,,80,,5267,-49.5,2538,0.5
2026-07-29T09:25:07.325063,AC07DC,SWA1460,32.776657,-117.054602,,,105,,5202,-49.5,1741,107.6
2026-07-29T09:25:07.325063,A7907C,LXJ587,33.409149,-116.736987,,,65,,7217,-49.5,1389,1.3
2026-07-29T09:25:07.325063,A923A7,UAL2476,33.088586,-116.670993,,,37,,2041,-28.7,1860,0.2
2026-07-29T09:25:07.325063,A85931,QXE2224,32.919983,-117.301849,,,144,,1524,-49.5,1546,0.1
2026-07-29T09:25:07.325063,A6D3C2,VOI1890,33.27095,-116.741876,,,314,,1312,-49.5,1122,0.9
2026-07-29T09:25:07.325063,A422CB,N366CC,33.035339,-117.653192,,,312,,4705,-37.7,299,24.0
2026-07-29T09:25:07.325063,A12241,N172SX,32.987428,-117.292113,,,337,,5251,-49.5,921,7.1
2026-07-29T09:25:07.325063,A7FE2D,LXJ614,33.216934,-117.243018,,,64,,6722,-49.5,850,9.1
2026-07-29T09:25:07.325063,A5D713,UAL1276,33.106183,-117.47647,,,109,,7252,-36.0,531,0.9
2026-07-29T09:25:07.325063,A73410,SWA120,32.665741,-116.835205,,,86,,2050,-36.3,503,5.7
2026-07-29T09:25:07.325063,A8ABE6,QXE2290,33.121948,-117.471094,,,143,,3267,-34.3,403,0.5
2026-07-29T09:25:12.405485,A3EF2A,CXK234,33.085932,-117.09761,,,80,,5267,-49.5,2609,0.2
2026-07-29T09:25:12.405485,A7907C,LXJ587,33.412077,-116.729288,,,65,,7217,-49.5,1398,2.5
2026-07-29T09:25:12.405485,A923A7,UAL2476,33.094451,-116.665556,,,37,,2041,-34.0,1899,1.3
2026-07-29T09:25:12.405485,A85931,QXE2224,32.915132,-117.297774,,,144,,1524,-33.4,1567,0.2
2026-07-29T09:25:12.405485,A6D3C2,VOI1890,33.278503,-116.75094,,,314,,1312,-30.7,1176,0.9
2026-07-29T09:25:12.405485,A422CB,N366CC,33.035339,-117.653192,,,312,,4705,-37.7,299,29.1
2026-07-29T09:25:12.405485,A12241,N172SX,32.992722,-117.294928,,,335,,5251,-33.1,944,0.3
2026-07-29T09:25:12.405485,A7FE2D,LXJ614,33.216934,-117.243018,,,64,,6722,-49.5,854,14.2
2026-07-29T09:25:12.405485,A5D713,UAL1276,33.104879,-117.472098,,,109,,7252,-35.3,540,4.1
2026-07-29T09:25:12.405485,A73410,SWA120,32.665741,-116.835205,,,86,,2050,-36.3,503,10.7
2026-07-29T09:25:12.405485,A8ABE6,QXE2290,33.11554,-117.465652,,,144,,3267,-49.5,433,0.6
2026-07-29T09:25:17.478874,A3EF2A,CXK234,33.086243,-117.095306,,,80,,5267,-30.7,2664,0.8
2026-07-29T09:25:17.478874,A7907C,LXJ587,33.416748,-116.717157,,,65,,7217,-49.5,1413,1.5
2026-07-29T09:25:17.478874,A923A7,UAL2476,33.103855,-116.656868,,,37,,2041,-49.5,1929,0.1
2026-07-29T09:25:17.478874,A85931,QXE2224,32.911222,-117.294467,,,144,,1524,-34.0,1591,1.3
2026-07-29T09:25:17.478874,A6D3C2,VOI1890,33.287064,-116.761267,,,314,,1312,-49.5,1218,0.1
2026-07-29T09:25:17.478874,A422CB,N366CC,33.063812,-117.690656,,,312,,4705,-49.5,306,0.8
2026-07-29T09:25:17.478874,A12241,N172SX,32.995062,-117.296149,,,336,,5251,-49.5,993,0.0
2026-07-29T09:25:17.478874,A7FE2D,LXJ614,33.216934,-117.243018,,,64,,6722,-34.9,856,19.3
2026-07-29T09:25:17.478874,A5D713,UAL1276,33.104879,-117.472098,,,109,,7252,-49.5,542,9.2
2026-07-29T09:25:17.478874,A73410,SWA120,32.665741,-116.835205,,,86,,2050,-36.3,503,15.9
2026-07-29T09:25:17.478874,A8ABE6,QXE2290,33.110092,-117.461096,,,144,,3267,-49.5,473,1.5
2026-07-29T09:25:22.682551,A3EF2A,CXK234,33.086655,-117.09256,,,81,,5267,-49.5,2706,0.5
2026-07-29T09:25:22.682551,A7907C,LXJ587,33.421248,-116.705409,,,65,,7217,-49.5,1437,0.8
2026-07-29T09:25:22.682551,A923A7,UAL2476,33.108557,-116.652552,,,37,,2041,-36.7,1939,2.3
2026-07-29T09:25:22.682551,A85931,QXE2224,32.905334,-117.2896,,,144,,1524,-24.7,1640,0.4
2026-07-29T09:25:22.682551,A6D3C2,VOI1890,33.294673,-116.770431,,,314,,1312,-49.5,1258,0.2
2026-07-29T09:25:22.682551,A422CB,N366CC,33.066846,-117.694571,,,312,,4705,-36.5,319,2.5
2026-07-29T09:25:22.682551,A12241,N172SX,32.995621,-117.296429,,,335,,5251,-36.3,1003,4.1
2026-07-29T09:25:22.682551,A7FE2D,LXJ614,33.216934,-117.243018,,,64,,6722,-34.9,856,24.5
2026-07-29T09:25:22.682551,A5D713,UAL1276,33.104879,-117.472098,,,109,,7252,-35.6,547,14.4
2026-07-29T09:25:22.682551,A73410,SWA120,32.665741,-116.835205,,,86,,2050,-36.3,503,21.0
2026-07-29T09:25:22.682551,A8ABE6,QXE2290,33.102598,-117.45489,,,144,,3267,-49.5,498,0.9
2026-07-29T09:25:22.682551,AB635D,,33.264404,-117.617816,,,138,,,-35.7,11,0.5
2026-07-29T09:25:27.747371,A3EF2A,CXK234,33.087003,-117.089763,,,81,,5267,-49.5,2769,0.0
2026-07-29T09:25:27.747371,A7907C,LXJ587,33.424274,-116.697394,,,65,,7217,-49.5,1450,1.8
2026-07-29T09:25:27.747371,A923A7,UAL2476,33.108557,-116.652552,,,37,,2041,-49.5,1942,7.4
2026-07-29T09:25:27.747371,A85931,QXE2224,32.90062,-117.285645,,,145,,1524,-30.6,1707,0.4
2026-07-29T09:25:27.747371,A6D3C2,VOI1890,33.297466,-116.773794,,,314,,1312,-37.1,1267,3.3
2026-07-29T09:25:27.747371,A422CB,N366CC,33.066846,-117.694571,,,312,,4705,-35.1,320,7.5
2026-07-29T09:25:27.747371,A12241,N172SX,32.999542,-117.298663,,,334,,5251,-49.5,1021,0.2
2026-07-29T09:25:27.747371,A7FE2D,LXJ614,33.216934,-117.243018,,,64,,6722,-49.5,858,29.5
2026-07-29T09:25:27.747371,A5D713,UAL1276,33.091461,-117.427039,,,109,,7252,-49.5,582,0.7
2026-07-29T09:25:27.747371,A73410,SWA120,32.665741,-116.835205,,,86,,2050,-36.3,503,26.1
2026-07-29T09:25:27.747371,A8ABE6,QXE2290,33.096176,-117.449561,,,144,,3267,-31.1,539,0.9
2026-07-29T09:25:27.747371,AB635D,,33.25827,-117.611279,,,138,,1746,-49.5,30,0.7
2026-07-29T09:25:27.747371,A1589D,,32.622391,-117.142328,,,95,,,-49.5,2,0.1
2026-07-29T09:25:32.784843,A3EF2A,CXK234,33.087329,-117.087184,,,79,,5267,-49.5,2825,0.0
2026-07-29T09:25:32.784843,A7907C,LXJ587,33.428743,-116.685735,,,65,,7217,-33.6,1464,1.0
2026-07-29T09:25:32.784843,A923A7,UAL2476,33.108557,-116.652552,,,37,,2041,-49.5,1942,12.4
2026-07-29T09:25:32.784843,A85931,QXE2224,32.895487,-117.281407,,,144,,1524,-30.2,1768,0.3
2026-07-29T09:25:32.784843,A6D3C2,VOI1890,33.297466,-116.773794,,,314,,1312,-37.2,1279,8.4
2026-07-29T09:25:32.784843,A422CB,N366CC,33.066846,-117.694571,,,312,,4705,-49.5,321,12.6
2026-07-29T09:25:32.784843,A12241,N172SX,33.000788,-117.299344,,,334,,5251,-49.5,1030,2.4
2026-07-29T09:25:32.784843,A7FE2D,LXJ614,33.236023,-117.194238,,,65,,6722,-36.7,879,1.6
2026-07-29T09:25:32.784843,A5D713,UAL1276,33.087387,-117.413251,,,109,,7252,-27.3,624,0.0
2026-07-29T09:25:32.784843,A73410,SWA120,32.665741,-116.835205,,,86,,2050,-36.3,503,31.1
2026-07-29T09:25:32.784843,A8ABE6,QXE2290,33.09231,-117.446314,,,144,,3267,-35.5,563,3.0
2026-07-29T09:25:32.784843,AB635D,,33.255661,-117.608478,,,138,,1746,-35.1,44,3.8
2026-07-29T09:25:32.784843,A1589D,,32.62162,-117.133316,,,95,,,-32.8,24,0.1
2026-07-29T09:25:37.849223,A3EF2A,CXK234,33.087753,-117.08476,,,78,,5267,-31.6,2872,0.2
2026-07-29T09:25:37.849223,A7907C,LXJ587,33.432281,-116.676486,,,65,,7217,-37.1,1475,1.5
2026-07-29T09:25:37.849223,A923A7,UAL2476,33.108557,-116.652552,,,37,,2041,-49.5,1942,17.5
2026-07-29T09:25:37.849223,A85931,QXE2224,32.891464,-117.278064,,,144,,1524,-49.5,1790,1.1
2026-07-29T09:25:37.849223,A6D3C2,VOI1890,33.317322,-116.797742,,,314,,1312,-32.1,1323,0.0
2026-07-29T09:25:37.849223,A422CB,N366CC,33.066846,-117.694571,,,312,,4705,-35.8,328,17.6
2026-07-29T09:25:37.849223,A12241,N172SX,33.004074,-117.3013,,,334,,5251,-49.5,1050,0.0
2026-07-29T09:25:37.849223,A7FE2D,LXJ614,33.236023,-117.194238,,,65,,6722,-36.7,879,6.7
2026-07-29T09:25:37.849223,A5D713,UAL1276,33.084862,-117.404723,,,109,,7252,-49.5,665,1.5
2026-07-29T09:25:37.849223,A73410,SWA120,32.665741,-116.835205,,,86,,2050,-35.1,504,36.2
2026-07-29T09:25:37.849223,A8ABE6,QXE2290,33.09231,-117.446314,,,144,,3267,-34.7,564,8.0
2026-07-29T09:25:37.849223,AB635D,,33.24677,-117.598945,,,138,,1746,-37.5,47,1.8
2026-07-29T09:25:37.849223,A1589D,,32.621475,-117.131506,,,95,,,-49.5,30,4.1
2026-07-29T09:25:42.924560,A3EF2A,CXK234,33.088165,-117.082123,,,79,,5267,-25.3,2924,0.1
2026-07-29T09:25:42.924560,A7907C,LXJ587,33.432281,-116.676486,,,65,,7217,-49.5,1477,6.6
2026-07-29T09:25:42.924560,A923A7,UAL2476,33.108557,-116.652552,,,37,,2041,-49.5,1942,22.6
2026-07-29T09:25:42.924560,A85931,QXE2224,32.885696,-117.273285,,,144,,1524,-30.9,1859,0.1
2026-07-29T09:25:42.924560,A6D3C2,VOI1890,33.320572,-116.801642,,,314,,1312,-34.2,1355,2.9
2026-07-29T09:25:42.924560,A422CB,N366CC,33.083817,-117.716968,,,312,,4705,-36.7,331,2.9
2026-07-29T09:25:42.924560,A12241,N172SX,33.005585,-117.302124,,,335,,5251,-49.5,1077,1.6
2026-07-29T09:25:42.924560,A7FE2D,LXJ614,33.242674,-117.176588,,,65,,6722,-49.5,886,0.0
2026-07-29T09:25:42.924560,A5D713,UAL1276,33.080795,-117.391003,,,109,,7252,-32.1,696,1.0
2026-07-29T09:25:42.924560,A73410,SWA120,32.665741,-116.835205,,,86,,2050,-35.1,504,41.3
2026-07-29T09:25:42.924560,A8ABE6,QXE2290,33.09231,-117.446314,,,144,,3267,-49.5,565,13.1
2026-07-29T09:25:42.924560,AB635D,,33.239365,-117.591119,,,138,,1746,-35.4,56,1.1
2026-07-29T09:25:42.924560,A1589D,,32.621475,-117.131506,,,95,,,-37.0,31,9.2
2026-07-29T09:25:47.968093,A3EF2A,CXK234,33.088531,-117.079486,,,82,,5267,-24.3,2972,0.0
2026-07-29T09:25:47.968093,A7907C,LXJ587,33.432281,-116.676486,,,65,,7217,-37.8,1479,11.6
2026-07-29T09:25:47.968093,A923A7,UAL2476,33.108557,-116.652552,,,37,,2041,-49.5,1942,27.6
2026-07-29T09:25:47.968093,A85931,QXE2224,32.883408,-117.271362,,,145,,1524,-34.5,1900,2.8
2026-07-29T09:25:47.968093,A6D3C2,VOI1890,33.331329,-116.814606,,,314,,1312,-33.3,1387,0.6
2026-07-29T09:25:47.968093,A422CB,N366CC,33.083817,-117.716968,,,312,,4705,-36.7,331,7.9
2026-07-29T09:25:47.968093,A12241,N172SX,33.008376,-117.303604,,,335,,5251,-34.5,1119,0.4
2026-07-29T09:25:47.968093,A7FE2D,LXJ614,33.244815,-117.170815,,,66,,6722,-49.5,929,1.3
2026-07-29T09:25:47.968093,A5D713,UAL1276,33.076715,-117.377201,,,109,,7252,-30.4,728,0.3
2026-07-29T09:25:47.968093,A73410,SWA120,32.665741,-116.835205,,,86,,2050,-35.1,504,46.3
2026-07-29T09:25:47.968093,A8ABE6,QXE2290,33.073782,-117.430899,,,145,,3267,-34.6,572,3.6
2026-07-29T09:25:47.968093,AB635D,,33.237946,-117.589581,,,138,,1746,-49.5,58,5.0
2026-07-29T09:25:47.968093,A1589D,,32.621475,-117.131506,,,95,,,-37.0,31,14.2
2026-07-29T09:25:53.030036,A3EF2A,CXK234,33.088806,-117.076959,,,82,,5267,-49.5,3029,0.2
2026-07-29T09:25:53.030036,A7907C,LXJ587,33.432281,-116.676486,,,65,,7217,-49.5,1482,16.7
2026-07-29T09:25:53.030036,A923A7,UAL2476,33.108557,-116.652552,,,37,,2041,-49.5,1942,32.7
2026-07-29T09:25:53.030036,A85931,QXE2224,32.87668,-117.265768,,,145,,1524,-49.5,1954,0.8
2026-07-29T09:25:53.030036,A6D3C2,VOI1890,33.334305,-116.818176,,,314,,1312,-49.5,1402,3.7
2026-07-29T09:25:53.030036,A422CB,N366CC,33.083817,-117.716968,,,312,,4705,-36.7,331,13.0
2026-07-29T09:25:53.030036,A12241,N172SX,33.010803,-117.304926,,,335,,5251,-49.5,1166,0.0
2026-07-29T09:25:53.030036,A7FE2D,LXJ614,33.244815,-117.170815,,,66,,6722,-49.5,929,6.4
2026-07-29T09:25:53.030036,A5D713,UAL1276,33.072898,-117.364365,,,109,,7252,-30.1,759,0.1
2026-07-29T09:25:53.030036,A73410,SWA120,32.665741,-116.835205,,,86,,2050,-35.1,504,51.4
2026-07-29T09:25:53.030036,A8ABE6,QXE2290,33.062759,-117.42171,,,144,,3267,-35.8,591,0.2
2026-07-29T09:25:53.030036,AB635D,,33.237946,-117.589581,,,138,,1746,-38.0,59,10.1
2026-07-29T09:25:53.030036,A1589D,,32.621475,-117.131506,,,95,,,-37.0,31,19.3
2026-07-29T09:25:58.105815,A3EF2A,CXK234,33.089098,-117.074236,,,80,,5267,-49.5,3093,0.0
2026-07-29T09:25:58.105815,A7907C,LXJ587,33.432281,-116.676486,,,65,,7217,-37.3,1483,21.8
2026-07-29T09:25:58.105815,A923A7,UAL2476,33.108557,-116.652552,,,37,,2041,-49.5,1942,37.8
2026-07-29T09:25:58.105815,A85931,QXE2224,32.872537,-117.262349,,,145,,1524,-49.5,1978,1.5
2026-07-29T09:25:58.105815,A6D3C2,VOI1890,33.334305,-116.818176,,,314,,1312,-49.5,1405,8.8
2026-07-29T09:25:58.105815,A422CB,N366CC,33.083817,-117.716968,,,312,,4705,-36.7,331,18.1
2026-07-29T09:25:58.105815,A12241,N172SX,33.012817,-117.306024,,,335,,5251,-35.3,1211,0.4
2026-07-29T09:25:58.105815,A7FE2D,LXJ614,33.244815,-117.170815,,,66,,6722,-49.5,929,11.5
2026-07-29T09:25:58.105815,A5D713,UAL1276,33.069214,-117.351892,,,109,,7252,-49.5,790,0.0
2026-07-29T09:25:58.105815,A73410,SWA120,32.665741,-116.835205,,,86,,2050,-35.1,504,56.5
2026-07-29T09:25:58.105815,A8ABE6,QXE2290,33.056791,-117.416774,,,144,,3267,-49.5,598,0.6
2026-07-29T09:25:58.105815,AB635D,,33.237946,-117.589581,,,138,,1746,-38.0,59,15.2
2026-07-29T09:25:58.105815,A1589D,,32.621475,-117.131506,,,95,,,-49.5,33,24.4
2026-07-29T09:26:03.150785,A3EF2A,CXK234,33.08947,-117.071938,,,79,,5267,-25.6,3143,0.5
2026-07-29T09:26:03.150785,A7907C,LXJ587,33.432281,-116.676486,,,65,,7217,-37.3,1483,26.8
2026-07-29T09:26:03.150785,A923A7,UAL2476,33.172706,-116.59336,,,37,,2041,-36.4,1955,0.8
2026-07-29T09:26:03.150785,A85931,QXE2224,32.869308,-117.259717,,,145,,1524,-49.5,2001,3.1
2026-07-29T09:26:03.150785,A6D3C2,VOI1890,33.348633,-116.835425,,,314,,1312,-49.5,1410,4.1
2026-07-29T09:26:03.150785,A422CB,N366CC,33.083817,-117.716968,,,312,,4705,-36.7,331,23.1
2026-07-29T09:26:03.150785,A12241,N172SX,33.015173,-117.307247,,,336,,5251,-49.5,1229,0.2
2026-07-29T09:26:03.150785,A7FE2D,LXJ614,33.252594,-117.150458,,,66,,6722,-49.5,930,3.2
2026-07-29T09:26:03.150785,A5D713,UAL1276,33.066193,-117.341785,,,109,,7252,-28.2,816,1.0
2026-07-29T09:26:03.150785,A73410,SWA120,32.665741,-116.835205,,,86,,2050,-35.1,504,61.5
2026-07-29T09:26:03.150785,A8ABE6,QXE2290,33.049896,-117.410999,,,144,,3267,-34.6,615,0.3
2026-07-29T09:26:03.150785,AB635D,,33.237946,-117.589581,,,138,,1746,-38.0,59,20.2
2026-07-29T09:26:03.150785,A1589D,,32.62674,-117.081628,,,95,,,-49.5,42,2.2
2026-07-29T09:26:08.213245,A3EF2A,CXK234,33.089843,-117.069247,,,80,,5267,-33.5,3191,0.4
2026-07-29T09:26:08.213245,A7907C,LXJ587,33.432281,-116.676486,,,65,,7217,-37.3,1483,31.9
2026-07-29T09:26:08.213245,A923A7,UAL2476,33.175638,-116.59067,,,37,,2041,-36.3,1968,4.1
2026-07-29T09:26:08.213245,A85931,QXE2224,32.864365,-117.255597,,,144,,1524,-35.8,2011,3.1
2026-07-29T09:26:08.213245,A6D3C2,VOI1890,33.359194,-116.848176,,,314,,1312,-49.5,1422,2.1
2026-07-29T09:26:08.213245,A422CB,N366CC,33.083817,-117.716968,,,312,,4705,-36.7,331,28.2
2026-07-29T09:26:08.213245,A12241,N172SX,33.017314,-117.308256,,,337,,5251,-49.5,1289,0.5
2026-07-29T09:26:08.213245,A7FE2D,LXJ614,33.252594,-117.150458,,,66,,6722,-49.5,930,8.3
2026-07-29T09:26:08.213245,A5D713,UAL1276,33.062393,-117.328986,,,109,,7252,-49.5,854,0.8
2026-07-29T09:26:08.213245,A73410,SWA120,32.665741,-116.835205,,,86,,2050,-35.1,504,66.6
2026-07-29T09:26:08.213245,A8ABE6,QXE2290,33.043477,-117.405676,,,144,,3267,-49.5,666,0.3
2026-07-29T09:26:08.213245,AB635D,,33.237946,-117.589581,,,138,,1746,-38.0,59,25.3
2026-07-29T09:26:08.213245,A1589D,,32.62674,-117.081628,,,69,,,-36.9,51,7.3
2026-07-29T09:26:13.269546,A3EF2A,CXK234,33.090169,-117.066781,,,80,,5267,-49.5,3241,0.5
2026-07-29T09:26:13.269546,A7907C,LXJ587,33.432281,-116.676486,,,65,,7217,-37.3,1483,36.9
2026-07-29T09:26:13.269546,A923A7,UAL2476,33.175638,-116.59067,,,37,,2041,-36.3,1968,9.1
2026-07-29T09:26:13.269546,A85931,QXE2224,32.856766,-117.24928,,,144,,1524,-49.5,2038,0.0
2026-07-29T09:26:13.269546,A6D3C2,VOI1890,33.369278,-116.860309,,,314,,1312,-34.4,1432,0.2
2026-07-29T09:26:13.269546,A422CB,N366CC,33.083817,-117.716968,,,312,,4705,-36.7,331,33.2
2026-07-29T09:26:13.269546,A12241,N172SX,33.019782,-117.309433,,,338,,5251,-29.6,1348,0.0
2026-07-29T09:26:13.269546,A7FE2D,LXJ614,33.252594,-117.150458,,,66,,6722,-49.5,930,13.3
2026-07-29T09:26:13.269546,A5D713,UAL1276,33.058141,-117.314646,,,109,,7252,-24.3,888,0.0
2026-07-29T09:26:13.269546,A73410,SWA120,32.665741,-116.835205,,,86,,2050,-35.1,504,71.6
2026-07-29T09:26:13.269546,A8ABE6,QXE2290,33.03717,-117.400397,,,144,,3267,-49.5,714,0.4
2026-07-29T09:26:13.269546,AB635D,,33.237946,-117.589581,,,138,,1746,-38.0,59,30.3
2026-07-29T09:26:13.269546,A1589D,,32.63242,-117.06353,,,69,,,-35.5,64,2.1
2026-07-29T09:26:13.269546,A2C5A3,,33.118798,-117.333816,,,257,,,-49.5,6,0.4
2026-07-29T09:26:18.316433,A3EF2A,CXK234,33.090588,-117.064091,,,79,,5267,-49.5,3289,0.4
2026-07-29T09:26:18.316433,A7907C,LXJ587,33.432281,-116.676486,,,65,,7217,-37.3,1483,42.0
2026-07-29T09:26:18.316433,A923A7,UAL2476,33.175638,-116.59067,,,37,,2041,-36.3,1968,14.1
2026-07-29T09:26:18.316433,A85931,QXE2224,32.853012,-117.246149,,,145,,1524,-34.2,2068,1.2
2026-07-29T09:26:18.316433,A6D3C2,VOI1890,33.376744,-116.869308,,,314,,1312,-49.5,1461,0.3
2026-07-29T09:26:18.316433,A422CB,N366CC,33.083817,-117.716968,,,312,,4705,-35.4,332,38.3
2026-07-29T09:26:18.316433,A12241,N172SX,33.021504,-117.310274,,,339,,5251,-34.2,1384,1.3
2026-07-29T09:26:18.316433,A7FE2D,LXJ614,33.261246,-117.12821,,,64,,6722,-49.5,938,4.0
2026-07-29T09:26:18.316433,A5D713,UAL1276,33.05452,-117.302563,,,109,,7252,-27.2,919,0.1
2026-07-29T09:26:18.316433,A73410,SWA120,32.665741,-116.835205,,,86,,2050,-35.1,504,76.7
2026-07-29T09:26:18.316433,A8ABE6,QXE2290,33.033646,-117.397375,,,144,,3267,-49.5,729,2.6
2026-07-29T09:26:18.316433,AB635D,,33.237946,-117.589581,,,138,,1746,-35.9,63,35.4
2026-07-29T09:26:18.316433,A1589D,,32.63242,-117.06353,,,69,,,-35.5,64,7.2
2026-07-29T09:26:18.316433,A2C5A3,,33.118286,-117.336511,,,257,,4766,-34.7,28,3.0
2026-07-29T09:26:23.386462,A3EF2A,CXK234,33.091007,-117.0614,,,79,,5267,-49.5,3341,0.2
2026-07-29T09:26:23.386462,A7907C,LXJ587,33.432281,-116.676486,,,65,,7217,-37.3,1483,47.1
2026-07-29T09:26:23.386462,A923A7,UAL2476,33.175638,-116.59067,,,37,,2041,-36.3,1968,19.2
2026-07-29T09:26:23.386462,A85931,QXE2224,32.853012,-117.246149,,,145,,1524,-34.7,2080,6.3
2026-07-29T09:26:23.386462,A6D3C2,VOI1890,33.380841,-116.874296,,,314,,1312,-49.5,1474,2.5
2026-07-29T09:26:23.386462,A422CB,N366CC,33.083817,-117.716968,,,312,,4705,-35.4,332,43.4
2026-07-29T09:26:23.386462,A12241,N172SX,33.024251,-117.311507,,,339,,5251,-49.5,1394,0.4
2026-07-29T09:26:23.386462,A7FE2D,LXJ614,33.261246,-117.12821,,,64,,6722,-49.5,953,9.0
2026-07-29T09:26:23.386462,A5D713,UAL1276,33.050785,-117.290039,,,109,,7252,-24.1,952,0.0
2026-07-29T09:26:23.386462,A73410,SWA120,32.665741,-116.835205,,,86,,2050,-35.1,504,81.7
2026-07-29T09:26:23.386462,A8ABE6,QXE2290,33.033646,-117.397375,,,144,,3267,-49.5,738,7.7
2026-07-29T09:26:23.386462,AB635D,,33.187602,-117.536559,,,138,,1746,-49.5,78,0.7
2026-07-29T09:26:23.386462,A1589D,,32.63242,-117.06353,,,69,,,-35.5,64,12.3
2026-07-29T09:26:23.386462,A2C5A3,,33.116821,-117.344037,,,256,,4766,-49.5,38,1.0
2026-07-29T09:26:23.386462,A2BE6D,,33.195602,-117.59024,,,,,,-36.6,3,0.3
2026-07-29T09:26:28.435120,A3EF2A,CXK234,33.091415,-117.058667,,,79,,5267,-29.7,3384,0.0
2026-07-29T09:26:28.435120,A7907C,LXJ587,33.432281,-116.676486,,,65,,7217,-37.3,1483,52.1
2026-07-29T09:26:28.435120,A923A7,UAL2476,33.175638,-116.59067,,,37,,2041,-36.3,1968,24.3
2026-07-29T09:26:28.435120,A85931,QXE2224,32.84265,-117.237574,,,145,,1524,-49.5,2126,0.3
2026-07-29T09:26:28.435120,A6D3C2,VOI1890,33.391571,-116.887225,,,314,,1312,-36.8,1491,0.4
2026-07-29T09:26:28.435120,A422CB,N366CC,33.083817,-117.716968,,,312,,4705,-35.4,332,48.4
2026-07-29T09:26:28.435120,A12241,N172SX,33.026596,-117.312616,,,338,,5251,-49.5,1409,0.4
2026-07-29T09:26:28.435120,A7FE2D,LXJ614,33.268341,-117.110248,,,64,,6722,-49.5,954,2.5
2026-07-29T09:26:28.435120,A5D713,UAL1276,33.047104,-117.27757,,,109,,7252,-49.5,1001,0.0
2026-07-29T09:26:28.435120,A73410,SWA120,32.665741,-116.835205,,,86,,2050,-35.1,504,86.8
2026-07-29T09:26:28.435120,A8ABE6,QXE2290,33.017826,-117.384095,,,144,,3267,-33.3,775,0.1
2026-07-29T09:26:28.435120,AB635D,,33.187602,-117.536559,,,138,,1746,-49.5,78,5.8
2026-07-29T09:26:28.435120,A1589D,SKW3122,32.64229,-117.033374,,,68,,1373,-34.5,103,0.4
2026-07-29T09:26:28.435120,A2C5A3,,33.115723,-117.34964,,,257,,4766,-36.0,47,1.1
2026-07-29T09:26:28.435120,A2BE6D,,33.191001,-117.582578,,,125,,,-35.8,23,0.4
2026-07-29T09:26:33.515292,A3EF2A,CXK234,33.091844,-117.056243,,,78,,5267,-30.2,3428,0.4
2026-07-29T09:26:33.515292,A7907C,LXJ587,33.432281,-116.676486,,,65,,7217,-37.3,1483,57.2
2026-07-29T09:26:33.515292,A923A7,UAL2476,33.175638,-116.59067,,,37,,2041,-36.3,1968,29.3
2026-07-29T09:26:33.515292,A85931,QXE2224,32.837952,-117.233734,,,145,,1524,-36.0,2131,0.3
2026-07-29T09:26:33.515292,A6D3C2,VOI1890,33.399078,-116.896289,,,314,,1312,-33.0,1516,0.3
2026-07-29T09:26:33.515292,A422CB,N366CC,33.083817,-117.716968,,,312,,4705,-35.4,332,53.5
2026-07-29T09:26:33.515292,A12241,N172SX,33.026596,-117.312616,,,338,,5251,-49.5,1409,5.4
2026-07-29T09:26:33.515292,A7FE2D,LXJ614,33.268341,-117.110248,,,64,,6722,-49.5,954,7.5
2026-07-29T09:26:33.515292,A5D713,UAL1276,33.043625,-117.265869,,,109,,7252,-49.5,1050,0.3
2026-07-29T09:26:33.515292,A73410,SWA120,32.665741,-116.835205,,,86,,2050,-35.1,504,91.8
2026-07-29T09:26:33.515292,A8ABE6,QXE2290,33.012314,-117.379468,,,144,,3267,-49.5,838,0.7
2026-07-29T09:26:33.515292,AB635D,,33.187602,-117.536559,,,138,,1746,-36.9,79,10.8
2026-07-29T09:26:33.515292,A1589D,SKW3122,32.643174,-117.030627,,,69,,1373,-37.1,115,3.9
2026-07-29T09:26:33.515292,A2C5A3,,33.115307,-117.351753,,,257,,4766,-36.2,51,4.2
2026-07-29T09:26:33.515292,A2BE6D,SKW3716,33.189232,-117.579719,,,125,,,-34.6,36,3.5
2026-07-29T09:26:38.568700,A3EF2A,CXK234,33.092263,-117.053553,,,79,,5267,-25.2,3475,0.2
2026-07-29T09:26:38.568700,A7907C,LXJ587,33.432281,-116.676486,,,65,,7217,-37.3,1483,62.2
2026-07-29T09:26:38.568700,A923A7,UAL2476,33.175638,-116.59067,,,37,,2041,-36.3,1968,34.4
2026-07-29T09:26:38.568700,A85931,QXE2224,32.833247,-117.229782,,,144,,1524,-49.5,2138,0.3
2026-07-29T09:26:38.568700,A6D3C2,VOI1890,33.405075,-116.903595,,,314,,1312,-49.5,1550,1.2
2026-07-29T09:26:38.568700,A422CB,N366CC,33.083817,-117.716968,,,312,,4705,-35.4,332,58.5
2026-07-29T09:26:38.568700,A12241,N172SX,33.026596,-117.312616,,,338,,5251,-49.5,1409,10.5
2026-07-29T09:26:38.568700,A7FE2D,LXJ614,33.268341,-117.110248,,,64,,6722,-49.5,954,12.6
2026-07-29T09:26:38.568700,A5D713,UAL1276,33.03978,-117.25296,,,109,,7252,-29.7,1091,0.0
2026-07-29T09:26:38.568700,A8ABE6,QXE2290,33.009633,-117.377201,,,144,,3267,-49.5,857,3.6
2026-07-29T09:26:38.568700,AB635D,SWA1017,33.168137,-117.516138,,,138,,1746,-31.5,111,0.3
2026-07-29T09:26:38.568700,A1589D,SKW3122,32.643174,-117.030627,,,69,,1373,-37.1,115,9.0
2026-07-29T09:26:38.568700,A2C5A3,,33.115307,-117.351753,,,257,,4766,-36.2,51,9.3
2026-07-29T09:26:38.568700,A2BE6D,SKW3716,33.182922,-117.569257,,,125,,,-49.5,53,1.5
2026-07-29T09:26:38.568700,AB0ACB,,33.250029,-116.909161,,,238,,,-49.5,10,0.4
2026-07-29T09:26:43.618637,A3EF2A,CXK234,33.092636,-117.050974,,,81,,5267,-49.5,3529,0.3
2026-07-29T09:26:43.618637,A7907C,LXJ587,33.432281,-116.676486,,,65,,7217,-37.3,1483,67.3
2026-07-29T09:26:43.618637,A923A7,UAL2476,33.175638,-116.59067,,,37,,2041,-36.3,1968,39.4
2026-07-29T09:26:43.618637,A85931,QXE2224,32.833247,-117.229782,,,144,,1524,-49.5,2138,5.3
2026-07-29T09:26:43.618637,A6D3C2,VOI1890,33.413567,-116.913869,,,314,,1312,-34.6,1579,0.5
2026-07-29T09:26:43.618637,A422CB,N366CC,33.083817,-117.716968,,,312,,4705,-35.4,332,63.6
2026-07-29T09:26:43.618637,A12241,N172SX,33.033515,-117.315935,,,338,,5251,-31.9,1440,0.1
2026-07-29T09:26:43.618637,A7FE2D,LXJ614,33.268341,-117.110248,,,64,,6722,-37.9,955,17.6
2026-07-29T09:26:43.618637,A5D713,UAL1276,33.036168,-117.240881,,,109,,7252,-21.9,1128,0.2
2026-07-29T09:26:43.618637,A8ABE6,QXE2290,32.999771,-117.368921,,,144,,3267,-30.0,896,0.3
2026-07-29T09:26:43.618637,AB635D,SWA1017,33.162418,-117.510214,,,138,,1746,-30.0,167,0.8
2026-07-29T09:26:43.618637,A1589D,SKW3122,32.643174,-117.030627,,,69,,1373,-34.6,120,14.0
2026-07-29T09:26:43.618637,A2C5A3,,33.112198,-117.368646,,,257,,4766,-49.5,54,0.5
2026-07-29T09:26:43.618637,A2BE6D,SKW3716,33.177567,-117.560413,,,125,,4723,-49.5,82,0.5
2026-07-29T09:26:43.618637,AB0ACB,EJA810,33.246872,-116.915405,,,238,,4727,-32.3,39,0.5
2026-07-29T09:26:48.681255,A3EF2A,CXK234,33.092972,-117.04823,,,81,,5267,-49.5,3574,0.0
2026-07-29T09:26:48.681255,A7907C,LXJ587,33.432281,-116.676486,,,65,,7217,-37.3,1483,72.4
2026-07-29T09:26:48.681255,A923A7,UAL2476,33.175638,-116.59067,,,37,,2041,-36.3,1968,44.5
2026-07-29T09:26:48.681255,A85931,QXE2224,32.833247,-117.229782,,,144,,1524,-35.0,2140,10.4
2026-07-29T09:26:48.681255,A6D3C2,VOI1890,33.4151,-116.915735,,,314,,1312,-35.8,1607,4.6
2026-07-29T09:26:48.681255,A422CB,N366CC,33.083817,-117.716968,,,312,,4705,-35.4,332,68.7
2026-07-29T09:26:48.681255,A12241,N172SX,33.035609,-117.316888,,,337,,5251,-31.8,1488,0.6
2026-07-29T09:26:48.681255,A7FE2D,LXJ614,33.268341,-117.110248,,,64,,6722,-37.9,955,22.7
2026-07-29T09:26:48.681255,A5D713,UAL1276,33.032351,-117.227989,,,109,,7252,-17.2,1160,0.0
2026-07-29T09:26:48.681255,A8ABE6,QXE2290,32.993591,-117.363757,,,144,,3267,-30.8,951,0.3
2026-07-29T09:26:48.681255,AB635D,SWA1017,33.156006,-117.503503,,,138,,1746,-30.6,203,0.6
2026-07-29T09:26:48.681255,A1589D,SKW3122,32.652578,-117.001424,,,69,,1373,-49.5,142,3.2
2026-07-29T09:26:48.681255,A2C5A3,EJA278,33.111053,-117.375238,,,258,,4766,-49.5,81,0.5
2026-07-29T09:26:48.681255,A2BE6D,SKW3716,33.173032,-117.552982,,,125,,4723,-49.5,110,0.6
2026-07-29T09:26:48.681255,AB0ACB,EJA810,33.243698,-116.921605,,,238,,4727,-31.6,63,0.6
2026-07-29T09:26:53.759165,A3EF2A,CXK234,33.093288,-117.045761,,,80,,5267,-49.5,3630,0.4
2026-07-29T09:26:53.759165,A7907C,LXJ587,33.432281,-116.676486,,,65,,7217,-37.3,1483,77.4
2026-07-29T09:26:53.759165,A923A7,UAL2476,33.175638,-116.59067,,,37,,2041,-36.3,1968,49.6
2026-07-29T09:26:53.759165,A85931,QXE2224,32.822912,-117.221038,,,141,,1524,-49.5,2162,4.4
2026-07-29T09:26:53.759165,A6D3C2,VOI1890,33.4151,-116.915735,,,314,,1312,-49.5,1609,9.7
2026-07-29T09:26:53.759165,A422CB,N366CC,33.083817,-117.716968,,,312,,4705,-35.4,332,73.7
2026-07-29T09:26:53.759165,A12241,N172SX,33.037146,-117.317673,,,335,,5251,-49.5,1513,2.4
2026-07-29T09:26:53.759165,A7FE2D,LXJ614,33.268341,-117.110248,,,64,,6722,-37.9,955,27.8
2026-07-29T09:26:53.759165,A5D713,UAL1276,33.028976,-117.21665,,,109,,7252,-34.9,1211,0.5
2026-07-29T09:26:53.759165,A8ABE6,QXE2290,32.990799,-117.361395,,,144,,3267,-35.4,971,3.0
2026-07-29T09:26:53.759165,AB635D,SWA1017,33.150873,-117.498107,,,138,,1746,-49.5,234,1.6
2026-07-29T09:26:53.759165,A1589D,SKW3122,32.652578,-117.001424,,,69,,1373,-35.5,144,8.3
2026-07-29T09:26:53.759165,A2C5A3,EJA278,33.11055,-117.37793,,,257,,4766,-49.5,101,3.7
2026-07-29T09:26:53.759165,A2BE6D,SKW3716,33.16864,-117.545801,,,125,,4723,-34.1,132,0.7
2026-07-29T09:26:53.759165,AB0ACB,EJA810,33.240143,-116.928589,,,238,,4727,-49.5,97,0.2
2026-07-29T09:26:58.839417,A3EF2A,CXK234,33.093707,-117.043239,,,78,,5267,-49.5,3682,0.5
2026-07-29T09:26:58.839417,A923A7,UAL2476,33.175638,-116.59067,,,37,,2041,-36.3,1968,54.7
2026-07-29T09:26:58.839417,A85931,QXE2224,32.815371,-117.212238,,,128,,1524,-35.0,2168,0.1
2026-07-29T09:26:58.839417,A6D3C2,VOI1890,33.436703,-116.941784,,,314,,1312,-49.5,1642,0.1
2026-07-29T09:26:58.839417,A422CB,N366CC,33.083817,-117.716968,,,312,,4705,-35.4,332,78.8
2026-07-29T09:26:58.839417,A12241,N172SX,33.038544,-117.318439,,,335,,5251,-49.5,1522,4.4
2026-07-29T09:26:58.839417,A7FE2D,LXJ614,33.286852,-117.061849,,,65,,6722,-49.5,973,1.9
2026-07-29T09:26:58.839417,A5D713,UAL1276,33.024994,-117.203247,,,109,,7252,-23.2,1251,0.2
2026-07-29T09:26:58.839417,A8ABE6,QXE2290,32.981702,-117.353771,,,144,,3267,-32.7,988,0.1
2026-07-29T09:26:58.839417,AB635D,SWA1017,33.143692,-117.490594,,,138,,1746,-36.8,255,0.9
2026-07-29T09:26:58.839417,A1589D,SKW3122,32.652578,-117.001424,,,69,,1373,-49.5,153,13.4
2026-07-29T09:26:58.839417,A2C5A3,EJA278,33.108557,-117.388972,,,257,,4766,-49.5,117,0.8
2026-07-29T09:26:58.839417,A2BE6D,SKW3716,33.164062,-117.538275,,,125,,4723,-49.5,154,0.5
2026-07-29T09:26:58.839417,AB0ACB,EJA810,33.236755,-116.935181,,,238,,4727,-31.8,127,0.2
2026-07-29T09:27:03.918100,A3EF2A,CXK234,33.094126,-117.040605,,,78,,5267,-49.5,3730,0.4
2026-07-29T09:27:03.918100,A923A7,UAL2476,33.175638,-116.59067,,,37,,2041,-36.3,1968,59.7
2026-07-29T09:27:03.918100,A85931,QXE2224,32.815371,-117.212238,,,127,,1524,-35.3,2172,5.2
2026-07-29T09:27:03.918100,A6D3C2,VOI1890,33.444305,-116.950946,,,314,,1312,-29.2,1679,0.0
2026-07-29T09:27:03.918100,A422CB,N366CC,33.083817,-117.716968,,,312,,4705,-35.4,332,83.9
2026-07-29T09:27:03.918100,A12241,N172SX,33.038544,-117.318439,,,335,,5251,-49.5,1522,9.4
2026-07-29T09:27:03.918100,A7FE2D,LXJ614,33.289691,-117.054562,,,64,,6722,-49.5,994,2.5
2026-07-29T09:27:03.918100,A5D713,UAL1276,33.021225,-117.190714,,,109,,7252,-49.5,1309,0.2
2026-07-29T09:27:03.918100,A8ABE6,QXE2290,32.976883,-117.34975,,,144,,3267,-49.5,1010,1.1
2026-07-29T09:27:03.918100,AB635D,SWA1017,33.140945,-117.487903,,,138,,1746,-35.1,260,3.9
2026-07-29T09:27:03.918100,A1589D,SKW3122,32.662216,-116.967261,,,74,,1373,-33.6,187,0.2
2026-07-29T09:27:03.918100,A2C5A3,EJA278,33.107437,-117.394574,,,257,,4766,-36.9,123,1.9
2026-07-29T09:27:03.918100,A2BE6D,SKW3716,33.16144,-117.53398,,,126,,4723,-34.8,168,2.6
2026-07-29T09:27:03.918100,AB0ACB,EJA810,33.233551,-116.941498,,,238,,4727,-49.5,157,0.2
2026-07-29T09:27:08.985975,A3EF2A,CXK234,33.094528,-117.037848,,,79,,5267,-21.7,3787,0.0
2026-07-29T09:27:08.985975,A85931,QXE2224,32.815371,-117.212238,,,127,,1524,-35.3,2172,10.2
2026-07-29T09:27:08.985975,A6D3C2,VOI1890,33.450027,-116.957922,,,314,,1312,-49.5,1717,1.2
2026-07-29T09:27:08.985975,A422CB,N366CC,33.083817,-117.716968,,,312,,4705,-35.4,332,88.9
2026-07-29T09:27:08.985975,A12241,N172SX,33.038544,-117.318439,,,335,,5251,-49.5,1522,14.5
2026-07-29T09:27:08.985975,A7FE2D,LXJ614,33.289691,-117.054562,,,64,,6722,-49.5,994,7.5
2026-07-29T09:27:08.985975,A5D713,UAL1276,33.01778,-117.179055,,,109,,7252,-49.5,1350,0.5
2026-07-29T09:27:08.985975,A8ABE6,QXE2290,32.970062,-117.344037,,,144,,3267,-31.7,1036,0.0
2026-07-29T09:27:08.985975,AB635D,SWA1017,33.131653,-117.479224,,,144,,1746,-32.9,272,1.7
2026-07-29T09:27:08.985975,A1589D,SKW3122,32.664551,-116.957263,,,74,,1373,-31.5,244,0.0
2026-07-29T09:27:08.985975,A2C5A3,EJA278,33.107437,-117.394574,,,257,,4766,-36.9,123,7.0
2026-07-29T09:27:08.985975,A2BE6D,SKW3716,33.16144,-117.53398,,,126,,4723,-49.5,170,7.6
2026-07-29T09:27:08.985975,AB0ACB,EJA810,33.230164,-116.94809,,,238,,4727,-34.8,175,0.0
2026-07-29T09:27:14.037511,A3EF2A,CXK234,33.094917,-117.035448,,,79,,5267,-49.5,3842,0.4
2026-07-29T09:27:14.037511,A85931,QXE2224,32.815371,-117.212238,,,127,,1524,-35.3,2172,15.3
2026-07-29T09:27:14.037511,A6D3C2,VOI1890,33.458725,-116.968414,,,314,,1312,-31.0,1752,0.3
2026-07-29T09:27:14.037511,A422CB,N366CC,33.083817,-117.716968,,,312,,4705,-35.4,332,94.0
2026-07-29T09:27:14.037511,A12241,N172SX,33.038544,-117.318439,,,336,,5251,-49.5,1525,19.5
2026-07-29T09:27:14.037511,A7FE2D,LXJ614,33.289691,-117.054562,,,64,,6722,-35.8,999,12.6
2026-07-29T09:27:14.037511,A5D713,UAL1276,33.013962,-117.166333,,,109,,7252,-19.6,1392,0.4
2026-07-29T09:27:14.037511,A8ABE6,QXE2290,32.965781,-117.34043,,,144,,3267,-34.9,1043,1.3
2026-07-29T09:27:14.037511,AB635D,SWA1017,33.123322,-117.472192,,,145,,1746,-34.4,319,0.5
2026-07-29T09:27:14.037511,A1589D,SKW3122,32.667068,-116.94809,,,70,,1373,-34.1,303,0.2
2026-07-29T09:27:14.037511,A2C5A3,EJA278,33.107437,-117.394574,,,257,,4766,-36.9,123,12.0
2026-07-29T09:27:14.037511,A2BE6D,SKW3716,33.16144,-117.53398,,,126,,4723,-49.5,170,12.7
2026-07-29T09:27:14.037511,AB0ACB,EJA810,33.227463,-116.953418,,,238,,4727,-49.5,186,1.0
2026-07-29T09:27:19.100351,A3EF2A,CXK234,33.095336,-117.032645,,,79,,5267,-23.5,3900,0.0
2026-07-29T09:27:19.100351,A85931,QXE2224,32.815371,-117.212238,,,127,,1524,-35.3,2172,20.4
2026-07-29T09:27:19.100351,A6D3C2,VOI1890,33.466171,-116.977377,,,314,,1312,-49.5,1793,0.3
2026-07-29T09:27:19.100351,A12241,N172SX,33.047104,-117.322998,,,337,,5251,-37.9,1527,5.0
2026-07-29T09:27:19.100351,A7FE2D,LXJ614,33.299789,-117.029004,,,64,,6722,-49.5,1017,1.5
2026-07-29T09:27:19.100351,A5D713,UAL1276,33.010425,-117.154448,,,109,,7252,-25.8,1436,0.6
2026-07-29T09:27:19.100351,A8ABE6,QXE2290,32.960175,-117.335742,,,144,,3267,-28.0,1088,1.4
2026-07-29T09:27:19.100351,AB635D,SWA1017,33.116547,-117.466534,,,144,,1746,-49.5,337,0.5
2026-07-29T09:27:19.100351,A1589D,SKW3122,32.670221,-116.938757,,,67,,1373,-49.5,334,0.3
2026-07-29T09:27:19.100351,A2C5A3,EJA278,33.102598,-117.418848,,,256,,4766,-49.5,141,0.6
2026-07-29T09:27:19.100351,A2BE6D,SKW3716,33.16144,-117.53398,,,126,,4723,-49.5,170,17.8
2026-07-29T09:27:19.100351,AB0ACB,EJA810,33.226241,-116.955797,,,238,,4727,-38.2,191,4.1
2026-07-29T09:27:24.174677,A3EF2A,CXK234,33.095718,-117.030103,,,79,,5267,-23.2,3944,0.2
2026-07-29T09:27:24.174677,A85931,QXE2224,32.805084,-117.183362,,,104,,1524,-33.9,2176,2.2
2026-07-29T09:27:24.174677,A6D3C2,VOI1890,33.46929,-116.981133,,,314,,1312,-49.5,1805,3.3
2026-07-29T09:27:24.174677,A12241,N172SX,33.047104,-117.322998,,,337,,5251,-37.9,1527,10.1
2026-07-29T09:27:24.174677,A7FE2D,LXJ614,33.299789,-117.029004,,,64,,6722,-49.5,1017,6.6
2026-07-29T09:27:24.174677,A5D713,UAL1276,33.007678,-117.145143,,,109,,7252,-27.4,1471,2.0
2026-07-29T09:27:24.174677,A8ABE6,QXE2290,32.953305,-117.329949,,,144,,3267,-49.5,1122,0.2
2026-07-29T09:27:24.174677,AB635D,SWA1017,33.110279,-117.46128,,,144,,1746,-29.0,384,0.9
2026-07-29T09:27:24.174677,A1589D,SKW3122,32.670221,-116.938757,,,67,,1373,-49.5,334,5.4
2026-07-29T09:27:24.174677,A2C5A3,EJA278,33.101015,-117.426471,,,256,,4766,-32.1,180,0.5
2026-07-29T09:27:24.174677,A2BE6D,SKW3716,33.16144,-117.53398,,,126,,4723,-49.5,170,22.8
2026-07-29T09:27:24.174677,AB0ACB,EJA810,33.226241,-116.955797,,,238,,4727,-38.2,191,9.2
2026-07-29T09:27:24.174677,ABB507,,32.621201,-117.134493,,,95,,6761,-49.5,9,1.8
2026-07-29T09:27:29.252086,A3EF2A,CXK234,33.096127,-117.027488,,,80,,5267,-22.5,3988,0.3
2026-07-29T09:27:29.252086,A85931,QXE2224,32.805084,-117.183362,,,104,,1524,-33.9,2176,7.2
2026-07-29T09:27:29.252086,A6D3C2,VOI1890,33.481068,-116.995426,,,314,,1312,-32.7,1836,0.4
2026-07-29T09:27:29.252086,A12241,N172SX,33.047104,-117.322998,,,337,,5251,-37.9,1527,15.2
2026-07-29T09:27:29.252086,A7FE2D,LXJ614,33.299789,-117.029004,,,64,,6722,-49.5,1017,11.7
2026-07-29T09:27:29.252086,A5D713,UAL1276,33.003954,-117.132811,,,109,,7252,-49.5,1506,2.0
2026-07-29T09:27:29.252086,A8ABE6,QXE2290,32.947906,-117.325415,,,144,,3267,-49.5,1170,0.4
2026-07-29T09:27:29.252086,AB635D,SWA1017,33.103762,-117.455843,,,144,,1746,-49.5,433,1.0
2026-07-29T09:27:29.252086,A1589D,SKW3122,32.670221,-116.938757,,,67,,1373,-49.5,334,10.4
2026-07-29T09:27:29.252086,A2C5A3,EJA278,33.099339,-117.434711,,,256,,4766,-49.5,218,0.0
2026-07-29T09:27:29.252086,A2BE6D,SKW3716,33.16144,-117.53398,,,126,,4723,-49.5,170,27.9
2026-07-29T09:27:29.252086,AB0ACB,EJA810,33.226241,-116.955797,,,238,,4727,-38.2,191,14.2
2026-07-29T09:27:29.252086,ABB507,,32.621201,-117.134493,,,95,,6761,-49.5,9,6.9
2026-07-29T09:27:34.299447,A3EF2A,CXK234,33.096497,-117.024774,,,80,,5267,-28.6,4039,0.2
2026-07-29T09:27:34.299447,A85931,QXE2224,32.8022,-117.170123,,,104,,1524,-49.5,2186,2.2
2026-07-29T09:27:34.299447,A6D3C2,VOI1890,33.488205,-117.004065,,,314,,1312,-31.8,1876,0.5
2026-07-29T09:27:34.299447,A12241,N172SX,33.047104,-117.322998,,,337,,5251,-37.9,1527,20.2
2026-07-29T09:27:34.299447,A7FE2D,LXJ614,33.299789,-117.029004,,,64,,6722,-49.5,1017,16.7
2026-07-29T09:27:34.299447,A5D713,UAL1276,32.999392,-117.117453,,,109,,7252,-49.5,1537,0.9
2026-07-29T09:27:34.299447,A8ABE6,QXE2290,32.945531,-117.32339,,,144,,3267,-36.2,1199,3.0
2026-07-29T09:27:34.299447,AB635D,SWA1017,33.097229,-117.450385,,,144,,1746,-29.7,468,1.0
2026-07-29T09:27:34.299447,A1589D,SKW3122,32.670221,-116.938757,,,67,,1373,-49.5,334,15.5
2026-07-29T09:27:34.299447,A2C5A3,EJA278,33.09785,-117.441718,,,255,,4766,-31.6,248,0.3
2026-07-29T09:27:34.299447,A2BE6D,SKW3716,33.16144,-117.53398,,,126,,4723,-49.5,170,32.9
2026-07-29T09:27:34.299447,AB0ACB,EJA810,33.214188,-116.979401,,,238,,4727,-49.5,193,0.2
2026-07-29T09:27:34.299447,ABB507,,32.621201,-117.134493,,,95,,6761,-49.5,10,12.0
2026-07-29T09:27:39.350488,A3EF2A,CXK234,33.096872,-117.022107,,,80,,5267,-49.5,4082,0.3
2026-07-29T09:27:39.350488,A85931,QXE2224,32.8022,-117.170123,,,104,,1524,-35.1,2188,7.2
2026-07-29T09:27:39.350488,A6D3C2,VOI1890,33.49585,-117.013348,,,314,,1312,-34.6,1911,0.4
2026-07-29T09:27:39.350488,A12241,N172SX,33.047104,-117.322998,,,337,,5251,-37.9,1527,25.3
2026-07-29T09:27:39.350488,A7FE2D,LXJ614,33.299789,-117.029004,,,64,,6722,-49.5,1017,21.8
2026-07-29T09:27:39.350488,A5D713,UAL1276,32.99501,-117.102667,,,109,,7252,-22.4,1579,0.0
2026-07-29T09:27:39.350488,A8ABE6,QXE2290,32.939898,-117.318738,,,144,,3267,-49.5,1218,3.0
2026-07-29T09:27:39.350488,AB635D,SWA1017,33.090546,-117.444781,,,144,,1746,-33.8,500,0.9
2026-07-29T09:27:39.350488,A1589D,SKW3122,32.670221,-116.938757,,,67,,1373,-36.5,335,20.5
2026-07-29T09:27:39.350488,A2C5A3,EJA278,33.096359,-117.448901,,,256,,4766,-36.1,271,0.4
2026-07-29T09:27:39.350488,A2BE6D,SKW3716,33.16144,-117.53398,,,126,,4723,-49.5,170,38.0
2026-07-29T09:27:39.350488,AB0ACB,EJA810,33.211075,-116.985443,,,238,,4727,-35.6,215,0.2
2026-07-29T09:27:39.350488,ABB507,,32.621201,-117.134493,,,95,,6761,-37.4,11,17.0
2026-07-29T09:27:44.401816,A3EF2A,CXK234,33.097229,-117.019446,,,81,,5267,-49.5,4141,0.3
2026-07-29T09:27:44.401816,A85931,QXE2224,32.798891,-117.154616,,,104,,1524,-35.5,2219,0.4
2026-07-29T09:27:44.401816,A6D3C2,VOI1890,33.497452,-117.015271,,,314,,1312,-35.5,1924,4.4
2026-07-29T09:27:44.401816,A12241,N172SX,33.059418,-117.32915,,,336,,5251,-36.7,1551,3.3
2026-07-29T09:27:44.401816,A7FE2D,LXJ614,33.299789,-117.029004,,,64,,6722,-49.5,1017,26.8
2026-07-29T09:27:44.401816,A5D713,UAL1276,32.991431,-117.090604,,,109,,7252,-21.8,1631,0.2
2026-07-29T09:27:44.401816,A8ABE6,QXE2290,32.933762,-117.31355,,,144,,3267,-49.5,1246,2.2
2026-07-29T09:27:44.401816,AB635D,SWA1017,33.083279,-117.438691,,,144,,1746,-34.6,504,0.3
2026-07-29T09:27:44.401816,A1589D,SKW3122,32.695825,-116.900024,,,38,,1373,-49.5,350,1.2
2026-07-29T09:27:44.401816,A2C5A3,EJA278,33.096359,-117.448901,,,256,,4766,-34.5,272,5.4
2026-07-29T09:27:44.401816,A2BE6D,SKW3716,33.16144,-117.53398,,,126,,4723,-49.5,170,43.0
2026-07-29T09:27:44.401816,AB0ACB,EJA810,33.211075,-116.985443,,,238,,4727,-49.5,217,5.3
2026-07-29T09:27:44.401816,ABB507,,32.621201,-117.134493,,,95,,6761,-37.4,11,22.1
2026-07-29T09:27:49.455960,A3EF2A,CXK234,33.09757,-117.016838,,,80,,5267,-49.5,4189,0.5
2026-07-29T09:27:49.455960,A85931,QXE2224,32.797714,-117.149139,,,104,,1524,-49.5,2230,1.2
2026-07-29T09:27:49.455960,A6D3C2,VOI1890,33.497452,-117.015271,,,314,,1312,-35.5,1924,9.4
2026-07-29T09:27:49.455960,A12241,N172SX,33.061523,-117.330249,,,336,,5251,-36.5,1559,3.7
2026-07-29T09:27:49.455960,A7FE2D,LXJ614,33.318787,-116.980334,,,65,,6722,-49.5,1022,1.7
2026-07-29T09:27:49.455960,A5D713,UAL1276,32.987567,-117.077768,,,109,,7252,-25.6,1680,0.1
2026-07-29T09:27:49.455960,A8ABE6,QXE2290,32.926258,-117.307303,,,144,,3267,-49.5,1266,0.2
2026-07-29T09:27:49.455960,AB635D,SWA1017,33.082115,-117.437738,,,144,,1746,-34.5,512,4.5
2026-07-29T09:27:49.455960,A1589D,SKW3122,32.695825,-116.900024,,,38,,1373,-49.5,350,6.3
2026-07-29T09:27:49.455960,A2C5A3,EJA278,33.096359,-117.448901,,,256,,4766,-49.5,273,10.5
2026-07-29T09:27:49.455960,A2BE6D,SKW3716,33.16144,-117.53398,,,126,,4723,-49.5,170,48.1
2026-07-29T09:27:49.455960,AB0ACB,EJA810,33.205758,-116.995875,,,238,,4727,-37.4,227,1.6
2026-07-29T09:27:49.455960,ABB507,,32.621201,-117.134493,,,74,,6761,-49.5,13,27.1
2026-07-29T09:27:54.554912,A3EF2A,CXK234,33.097943,-117.014036,,,80,,5267,-32.0,4239,0.3
2026-07-29T09:27:54.554912,A85931,QXE2224,32.796021,-117.141284,,,104,,1524,-37.2,2231,0.3
2026-07-29T09:27:54.554912,A6D3C2,VOI1890,33.497452,-117.015271,,,314,,1312,-49.5,1925,14.6
2026-07-29T09:27:54.554912,A12241,N172SX,33.064984,-117.331966,,,336,,5251,-49.5,1561,1.4
2026-07-29T09:27:54.554912,A7FE2D,LXJ614,33.318787,-116.980334,,,65,,6722,-36.9,1023,6.8
2026-07-29T09:27:54.554912,A5D713,UAL1276,32.983795,-117.064984,,,109,,7252,-19.6,1752,0.2
2026-07-29T09:27:54.554912,A8ABE6,QXE2290,32.921173,-117.303003,,,144,,3267,-35.0,1331,0.4
2026-07-29T09:27:54.554912,AB635D,SWA1017,33.071594,-117.428961,,,144,,1746,-49.5,533,1.4
2026-07-29T09:27:54.554912,A1589D,SKW3122,32.695825,-116.900024,,,38,,1373,-49.5,350,11.4
2026-07-29T09:27:54.554912,A2C5A3,EJA278,33.096359,-117.448901,,,256,,4766,-49.5,273,15.6
2026-07-29T09:27:54.554912,A2BE6D,SKW3716,33.16144,-117.53398,,,126,,4723,-49.5,173,53.2
2026-07-29T09:27:54.554912,AB0ACB,EJA810,33.205758,-116.995875,,,238,,4727,-37.4,227,6.8
2026-07-29T09:27:54.554912,ABB507,,32.626099,-117.082233,,,74,,6761,-36.9,15,3.7
2026-07-29T09:27:59.640523,A3EF2A,CXK234,33.098328,-117.011316,,,81,,5267,-29.0,4284,0.2
2026-07-29T09:27:59.640523,A85931,QXE2224,32.796021,-117.141284,,,104,,1524,-49.5,2234,5.4
2026-07-29T09:27:59.640523,A6D3C2,VOI1890,33.497452,-117.015271,,,314,,1312,-49.5,1925,19.6
2026-07-29T09:27:59.640523,A12241,N172SX,33.067591,-117.3332,,,337,,5251,-35.7,1583,0.9
2026-07-29T09:27:59.640523,A7FE2D,LXJ614,33.325882,-116.961603,,,65,,6722,-49.5,1041,0.2
2026-07-29T09:27:59.640523,A5D713,UAL1276,32.979886,-117.051983,,,109,,7252,-18.6,1799,0.0
2026-07-29T09:27:59.640523,A8ABE6,QXE2290,32.917599,-117.300016,,,144,,3267,-49.5,1366,2.0
2026-07-29T09:27:59.640523,AB635D,SWA1017,33.064087,-117.422699,,,144,,1746,-34.1,548,0.7
2026-07-29T09:27:59.640523,A1589D,SKW3122,32.719299,-116.882172,,,31,,1373,-49.5,362,0.2
2026-07-29T09:27:59.640523,A2C5A3,EJA278,33.096359,-117.448901,,,256,,4766,-49.5,273,20.7
2026-07-29T09:27:59.640523,A2BE6D,SKW3716,33.113022,-117.454504,,,125,,4723,-49.5,202,0.4
2026-07-29T09:27:59.640523,AB0ACB,EJA810,33.205758,-116.995875,,,238,,4727,-37.4,227,11.8
2026-07-29T09:27:59.640523,ABB507,,32.630558,-117.067734,,,68,,6761,-49.5,29,0.5
2026-07-29T09:27:59.640523,ABB5BF,,32.820724,-117.3508,,,307,,,-36.3,3,3.3
2026-07-29T09:28:04.704067,A3EF2A,CXK234,33.098688,-117.008823,,,80,,5267,-27.1,4335,0.4
2026-07-29T09:28:04.704067,A85931,QXE2224,32.793072,-117.127542,,,104,,1524,-49.5,2285,0.0
2026-07-29T09:28:04.704067,A6D3C2,VOI1890,33.497452,-117.015271,,,314,,1312,-49.5,1925,24.7
2026-07-29T09:28:04.704067,A12241,N172SX,33.070058,-117.334433,,,337,,5251,-49.5,1630,0.5
2026-07-29T09:28:04.704067,A7FE2D,LXJ614,33.326561,-116.959833,,,65,,6722,-49.5,1045,4.2
2026-07-29T09:28:04.704067,A5D713,UAL1276,32.976348,-117.040156,,,109,,7252,-49.5,1861,0.4
2026-07-29T09:28:04.704067,A8ABE6,QXE2290,32.911408,-117.29486,,,144,,3267,-34.8,1399,1.1
2026-07-29T09:28:04.704067,AB635D,SWA1017,33.057954,-117.417615,,,144,,1746,-34.9,559,1.0
2026-07-29T09:28:04.704067,A1589D,SKW3122,32.721987,-116.880238,,,31,,1373,-35.4,364,3.4
2026-07-29T09:28:04.704067,A2C5A3,EJA278,33.096359,-117.448901,,,256,,4766,-49.5,273,25.7
2026-07-29T09:28:04.704067,A2BE6D,SKW3716,33.109131,-117.448022,,,125,,4723,-35.0,220,0.9
2026-07-29T09:28:04.704067,AB0ACB,EJA810,33.205758,-116.995875,,,238,,4727,-37.4,227,16.9
2026-07-29T09:28:04.704067,ABB507,,32.631629,-117.064539,,,68,,6761,-35.4,48,3.7
2026-07-29T09:28:04.704067,ABB5BF,,32.820724,-117.3508,,,307,,,-36.3,3,8.4
2026-07-29T09:28:09.773568,A3EF2A,CXK234,33.099014,-117.006468,,,77,,5267,-24.8,4375,1.0
2026-07-29T09:28:09.773568,A85931,QXE2224,32.791809,-117.121454,,,104,,1524,-49.5,2321,0.4
2026-07-29T09:28:09.773568,A6D3C2,VOI1890,33.534742,-117.060503,,,314,,1312,-49.5,1933,4.5
2026-07-29T09:28:09.773568,A12241,N172SX,33.072601,-117.335632,,,338,,5251,-31.4,1679,0.1
2026-07-29T09:28:09.773568,A7FE2D,LXJ614,33.332153,-116.944904,,,66,,6722,-35.0,1063,0.2
2026-07-29T09:28:09.773568,A5D713,UAL1276,32.97281,-117.028329,,,109,,7252,-49.5,1913,0.9
2026-07-29T09:28:09.773568,A8ABE6,QXE2290,32.905334,-117.289764,,,144,,3267,-29.1,1467,0.4
2026-07-29T09:28:09.773568,AB635D,SWA1017,33.050491,-117.411328,,,145,,1746,-49.5,598,0.4
2026-07-29T09:28:09.773568,A1589D,SKW3122,32.721987,-116.880238,,,31,,1373,-35.4,364,8.6
2026-07-29T09:28:09.773568,A2C5A3,EJA278,33.096359,-117.448901,,,256,,4766,-49.5,273,30.9
2026-07-29T09:28:09.773568,A2BE6D,SKW3716,33.104233,-117.440057,,,126,,4723,-34.0,263,0.0
2026-07-29T09:28:09.773568,AB0ACB,EJA810,33.205758,-116.995875,,,238,,4727,-37.4,227,22.1
2026-07-29T09:28:09.773568,ABB507,,32.631629,-117.064539,,,68,,6761,-35.4,48,8.9
2026-07-29T09:28:09.773568,ABB5BF,,32.820724,-117.3508,,,307,,,-36.3,3,13.6
2026-07-29T09:28:15.418967,A3EF2A,CXK234,33.100021,-117.003351,,,61,,5267,-27.8,4431,0.0
2026-07-29T09:28:15.418967,A85931,QXE2224,32.790745,-117.116556,,,104,,1524,-35.7,2343,2.1
2026-07-29T09:28:15.418967,A6D3C2,VOI1890,33.54517,-117.073231,,,314,,1312,-35.2,1940,3.0
2026-07-29T09:28:15.418967,A12241,N172SX,33.075225,-117.336899,,,338,,5251,-49.5,1729,0.0
2026-07-29T09:28:15.418967,A7FE2D,LXJ614,33.335266,-116.936459,,,66,,6722,-49.5,1090,0.7
2026-07-29T09:28:15.418967,A5D713,UAL1276,32.968481,-117.013755,,,109,,7252,-9.5,1948,0.7
2026-07-29T09:28:15.418967,A8ABE6,QXE2290,32.899398,-117.284826,,,144,,3267,-49.5,1553,0.2
2026-07-29T09:28:15.418967,AB635D,SWA1017,33.043304,-117.405396,,,144,,1746,-49.5,654,0.4
2026-07-29T09:28:15.418967,A1589D,SKW3122,32.721987,-116.880238,,,31,,1373,-35.4,364,14.1
2026-07-29T09:28:15.418967,A2C5A3,EJA278,33.096359,-117.448901,,,256,,4766,-49.5,273,36.5
2026-07-29T09:28:15.418967,A2BE6D,SKW3716,33.099976,-117.433081,,,126,,4723,-49.5,321,0.4
2026-07-29T09:28:15.418967,AB0ACB,EJA810,33.205758,-116.995875,,,238,,4727,-34.3,236,27.6
2026-07-29T09:28:15.418967,ABB507,SWA4511,32.639776,-117.039708,,,69,,6761,-49.5,65,0.4
2026-07-29T09:28:15.418967,ABB5BF,,32.820724,-117.3508,,,307,,,-36.3,3,19.1
2026-07-29T09:28:20.501677,A3EF2A,CXK234,33.101388,-117.0012,,,45,,5267,-49.5,4489,0.0
2026-07-29T09:28:20.501677,A85931,QXE2224,32.789932,-117.112775,,,104,,1524,-49.5,2354,4.5
2026-07-29T09:28:20.501677,A6D3C2,VOI1890,33.553736,-117.083588,,,314,,1312,-34.2,1960,2.4
2026-07-29T09:28:20.501677,A12241,N172SX,33.07608,-117.33728,,,338,,5251,-36.0,1751,3.4
2026-07-29T09:28:20.501677,A7FE2D,LXJ614,33.336594,-116.932983,,,66,,6722,-34.2,1112,4.0
2026-07-29T09:28:20.501677,A5D713,UAL1276,32.964523,-117.00033,,,109,,7252,-19.8,1988,0.7
2026-07-29T09:28:20.501677,A8ABE6,QXE2290,32.894323,-117.280622,,,144,,3267,-34.0,1599,0.7
2026-07-29T09:28:20.501677,AB635D,SWA1017,33.036255,-117.399518,,,144,,1746,-33.2,699,0.3
2026-07-29T09:28:20.501677,A1589D,SKW3122,32.746124,-116.863,,,31,,1373,-35.0,368,3.2
2026-07-29T09:28:20.501677,A2C5A3,EJA278,33.096359,-117.448901,,,256,,4766,-49.5,273,41.8
2026-07-29T09:28:20.501677,A2BE6D,SKW3716,33.095941,-117.426471,,,125,,4723,-49.5,358,0.7
2026-07-29T09:28:20.501677,AB0ACB,EJA810,33.186493,-117.033563,,,238,,4727,-49.5,258,0.6
2026-07-29T09:28:20.501677,ABB507,SWA4511,32.642522,-117.0313,,,69,,6761,-33.6,119,0.8
2026-07-29T09:28:20.501677,ABB5BF,,32.820724,-117.3508,,,307,,,-36.3,3,24.4
2026-07-29T09:28:25.793460,A3EF2A,CXK234,33.103157,-116.999518,,,33,,5267,-30.0,4539,0.1
2026-07-29T09:28:25.793460,A85931,QXE2224,32.789932,-117.112775,,,104,,1524,-49.5,2354,9.5
2026-07-29T09:28:25.793460,A6D3C2,VOI1890,33.553736,-117.083588,,,314,,1312,-34.2,1960,7.5
2026-07-29T09:28:25.793460,A12241,N172SX,33.079462,-117.338861,,,337,,5251,-34.9,1760,1.1
2026-07-29T09:28:25.793460,A7FE2D,LXJ614,33.340897,-116.921228,,,66,,6722,-49.5,1126,1.8
2026-07-29T09:28:25.793460,A5D713,UAL1276,32.960614,-116.987242,,,109,,7252,-16.2,2027,0.5
2026-07-29T09:28:25.793460,A8ABE6,QXE2290,32.88913,-117.276306,,,145,,3267,-30.8,1640,0.7
2026-07-29T09:28:25.793460,AB635D,SWA1017,33.031373,-117.395362,,,144,,1746,-49.5,741,1.2
2026-07-29T09:28:25.793460,A1589D,SKW3122,32.758484,-116.854117,,,31,,1373,-34.1,380,0.0
2026-07-29T09:28:25.793460,A2C5A3,EJA278,33.096359,-117.448901,,,256,,4766,-49.5,273,46.8
2026-07-29T09:28:25.793460,A2BE6D,SKW3716,33.091873,-117.419843,,,125,,4723,-29.1,396,0.8
2026-07-29T09:28:25.793460,AB0ACB,EJA810,33.184204,-117.03797,,,238,,4727,-49.5,278,1.3
2026-07-29T09:28:25.793460,ABB507,SWA4511,32.642522,-117.0313,,,69,,6761,-35.6,124,5.8
2026-07-29T09:28:25.793460,ABB5BF,,32.820724,-117.3508,,,307,,,-36.3,3,29.5
2026-07-29T09:28:30.852722,A3EF2A,CXK234,33.105011,-116.998352,,,20,,5267,-32.6,4580,0.3
2026-07-29T09:28:30.852722,A85931,QXE2224,32.789932,-117.112775,,,104,,1524,-35.4,2360,14.6
2026-07-29T09:28:30.852722,A6D3C2,VOI1890,33.553736,-117.083588,,,314,,1312,-34.2,1960,12.6
2026-07-29T09:28:30.852722,A12241,N172SX,33.080206,-117.339253,,,336,,5251,-35.3,1764,4.7
2026-07-29T09:28:30.852722,A7FE2D,LXJ614,33.340897,-116.921228,,,66,,6722,-35.3,1128,6.9
2026-07-29T09:28:30.852722,A5D713,UAL1276,32.956377,-116.973061,,,109,,7252,-49.5,2078,0.0
2026-07-29T09:28:30.852722,A8ABE6,QXE2290,32.883244,-117.27143,,,145,,3267,-35.6,1699,0.0
2026-07-29T09:28:30.852722,AB635D,SWA1017,33.02318,-117.388412,,,144,,1746,-31.8,779,0.3
2026-07-29T09:28:30.852722,A1589D,SKW3122,32.766212,-116.848568,,,31,,1373,-49.5,421,0.0
2026-07-29T09:28:30.852722,A2C5A3,EJA278,33.096359,-117.448901,,,256,,4766,-49.5,273,51.9
2026-07-29T09:28:30.852722,A2BE6D,SKW3716,33.087189,-117.412178,,,125,,4723,-32.0,440,0.0
2026-07-29T09:28:30.852722,AB0ACB,EJA810,33.184204,-117.03797,,,238,,4727,-49.5,278,6.3
2026-07-29T09:28:30.852722,ABB507,SWA4511,32.648804,-117.01181,,,69,,6761,-34.3,132,0.0
2026-07-29T09:28:30.852722,ABB5BF,SWA2140,32.846561,-117.39071,,,307,,,-49.5,25,2.1
2026-07-29T09:28:35.931900,A3EF2A,CXK234,33.106934,-116.997748,,,8,,5267,-49.5,4610,0.7
2026-07-29T09:28:35.931900,A85931,QXE2224,32.784805,-117.088824,,,104,,1524,-34.6,2388,0.9
2026-07-29T09:28:35.931900,A6D3C2,VOI1890,33.553736,-117.083588,,,314,,1312,-34.2,1960,17.6
2026-07-29T09:28:35.931900,A12241,N172SX,33.080206,-117.339253,,,336,,5251,-35.3,1764,9.8
2026-07-29T09:28:35.931900,A7FE2D,LXJ614,33.340897,-116.921228,,,66,,6722,-49.5,1130,12.0
2026-07-29T09:28:35.931900,A5D713,UAL1276,32.953026,-116.961907,,,109,,7252,-19.5,2119,0.6
2026-07-29T09:28:35.931900,A8ABE6,QXE2290,32.878143,-117.267188,,,144,,3267,-30.6,1744,0.1
2026-07-29T09:28:35.931900,AB635D,SWA1017,33.016296,-117.382599,,,144,,1746,-29.3,844,0.1
2026-07-29T09:28:35.931900,A1589D,SKW3122,32.772537,-116.843994,,,31,,1373,-49.5,453,1.0
2026-07-29T09:28:35.931900,A2C5A3,EJA278,33.096359,-117.448901,,,256,,4766,-49.5,273,57.0
2026-07-29T09:28:35.931900,A2BE6D,SKW3716,33.085513,-117.409431,,,126,,4723,-33.7,468,3.0
2026-07-29T09:28:35.931900,AB0ACB,EJA810,33.184204,-117.03797,,,238,,4727,-49.5,278,11.4
2026-07-29T09:28:35.931900,ABB507,SWA4511,32.651688,-117.002911,,,69,,6761,-32.5,156,0.0
2026-07-29T09:28:35.931900,ABB5BF,SWA2140,32.846561,-117.39071,,,307,,,-49.5,25,7.2
2026-07-29T09:28:41.018736,A3EF2A,CXK234,33.107579,-116.997668,,,8,,5267,-34.4,4616,4.2
2026-07-29T09:28:41.018736,A85931,QXE2224,32.783707,-117.083716,,,104,,1524,-36.8,2403,2.1
2026-07-29T09:28:41.018736,A6D3C2,VOI1890,33.553736,-117.083588,,,314,,1312,-49.5,1961,22.7
2026-07-29T09:28:41.018736,A12241,N172SX,33.080206,-117.339253,,,336,,5251,-35.3,1764,14.9
2026-07-29T09:28:41.018736,A7FE2D,LXJ614,33.340897,-116.921228,,,66,,6722,-49.5,1130,17.1
2026-07-29T09:28:41.018736,A5D713,UAL1276,32.949302,-116.949407,,,109,,7252,-26.0,2167,0.8
2026-07-29T09:28:41.018736,A8ABE6,QXE2290,32.874259,-117.263975,,,144,,3267,-49.5,1762,1.4
2026-07-29T09:28:41.018736,AB635D,SWA1017,33.009726,-117.377145,,,144,,1746,-49.5,905,0.1
2026-07-29T09:28:41.018736,A1589D,SKW3122,32.781601,-116.837402,,,31,,1373,-33.7,479,0.0
2026-07-29T09:28:41.018736,A2C5A3,EJA278,33.096359,-117.448901,,,256,,4766,-49.5,273,62.1
2026-07-29T09:28:41.018736,A2BE6D,SKW3716,33.08137,-117.402649,,,125,,4723,-49.5,486,3.0
2026-07-29T09:28:41.018736,AB0ACB,EJA810,33.184204,-117.03797,,,238,,4727,-49.5,278,16.5
2026-07-29T09:28:41.018736,ABB507,SWA4511,32.653415,-116.997724,,,68,,6761,-49.5,181,2.2
2026-07-29T09:28:41.018736,ABB5BF,SWA2140,32.855359,-117.404274,,,307,,,-49.5,49,1.4
2026-07-29T09:28:46.096858,A3EF2A,CXK234,33.107579,-116.997668,,,8,,5267,-34.4,4616,9.3
2026-07-29T09:28:46.096858,A85931,QXE2224,32.783707,-117.083716,,,104,,1524,-36.8,2403,7.2
2026-07-29T09:28:46.096858,A6D3C2,VOI1890,33.553736,-117.083588,,,314,,1312,-49.5,1962,27.8
2026-07-29T09:28:46.096858,A12241,N172SX,33.080206,-117.339253,,,336,,5251,-35.3,1764,19.9
2026-07-29T09:28:46.096858,A7FE2D,LXJ614,33.340897,-116.921228,,,66,,6722,-49.5,1130,22.1
2026-07-29T09:28:46.096858,A5D713,UAL1276,32.944931,-116.934906,,,109,,7252,-49.5,2210,0.1
2026-07-29T09:28:46.096858,A8ABE6,QXE2290,32.86979,-117.260219,,,144,,3267,-49.5,1781,2.1
2026-07-29T09:28:46.096858,AB635D,SWA1017,33.003768,-117.3721,,,144,,1746,-36.2,911,0.6
2026-07-29T09:28:46.096858,A1589D,SKW3122,32.788925,-116.832129,,,31,,1373,-49.5,522,0.2
2026-07-29T09:28:46.096858,A2BE6D,SKW3716,33.077316,-117.395947,,,125,,4723,-49.5,494,3.0
2026-07-29T09:28:46.096858,AB0ACB,EJA810,33.184204,-117.03797,,,238,,4727,-49.5,278,21.6
2026-07-29T09:28:46.096858,ABB507,SWA4511,32.655624,-116.990771,,,69,,6761,-49.5,193,3.4
2026-07-29T09:28:46.096858,ABB5BF,SWA2140,32.855359,-117.404274,,,307,,1362,-49.5,62,6.4
2026-07-29T09:28:51.180436,A3EF2A,CXK234,33.107579,-116.997668,,,8,,5267,-34.4,4616,14.3
2026-07-29T09:28:51.180436,A85931,QXE2224,32.780457,-117.068687,,,104,,1524,-49.5,2406,0.3
2026-07-29T09:28:51.180436,A6D3C2,VOI1890,33.553736,-117.083588,,,314,,1312,-49.5,1962,32.9
2026-07-29T09:28:51.180436,A12241,N172SX,33.090363,-117.344092,,,338,,5251,-49.5,1773,2.3
2026-07-29T09:28:51.180436,A7FE2D,LXJ614,33.340897,-116.921228,,,66,,6722,-49.5,1130,27.2
2026-07-29T09:28:51.180436,A5D713,UAL1276,32.941341,-116.922894,,,109,,7252,-30.7,2271,0.4
2026-07-29T09:28:51.180436,A8ABE6,QXE2290,32.865875,-117.25697,,,144,,3267,-49.5,1785,3.3
2026-07-29T09:28:51.180436,AB635D,SWA1017,32.996887,-117.366339,,,144,,1746,-49.5,966,0.3
2026-07-29T09:28:51.180436,A1589D,SKW3122,32.796982,-116.826306,,,31,,1373,-35.4,563,0.0
2026-07-29T09:28:51.180436,A2BE6D,SKW3716,33.077316,-117.395947,,,125,,4723,-49.5,494,8.1
2026-07-29T09:28:51.180436,AB0ACB,EJA810,33.184204,-117.03797,,,238,,4727,-49.5,278,26.7
2026-07-29T09:28:51.180436,ABB507,SWA4511,32.659836,-116.976105,,,73,,6761,-35.2,203,0.4
2026-07-29T09:28:51.180436,ABB5BF,SWA2140,32.86441,-117.418414,,,306,,1362,-35.5,107,0.4
2026-07-29T09:28:56.252238,A3EF2A,CXK234,33.114934,-116.999518,,,327,,5267,-49.5,4633,1.9
2026-07-29T09:28:56.252238,A85931,QXE2224,32.779037,-117.062347,,,104,,1524,-36.7,2419,0.2
2026-07-29T09:28:56.252238,A6D3C2,VOI1890,33.553736,-117.083588,,,314,,1312,-49.5,1962,38.0
2026-07-29T09:28:56.252238,A12241,N172SX,33.091612,-117.34469,,,338,,5251,-37.4,1775,4.6
2026-07-29T09:28:56.252238,A7FE2D,LXJ614,33.340897,-116.921228,,,66,,6722,-49.5,1130,32.3
2026-07-29T09:28:56.252238,A5D713,UAL1276,32.937663,-116.910674,,,109,,7252,-30.5,2319,0.6
2026-07-29T09:28:56.252238,A8ABE6,QXE2290,32.865875,-117.25697,,,145,,3267,-33.5,1800,8.4
2026-07-29T09:28:56.252238,AB635D,SWA1017,32.991486,-117.361835,,,144,,1746,-35.6,1023,1.1
2026-07-29T09:28:56.252238,A1589D,SKW3122,32.796982,-116.826306,,,31,,1373,-49.5,565,5.1
2026-07-29T09:28:56.252238,A2BE6D,SKW3716,33.077316,-117.395947,,,125,,4723,-35.8,496,13.2
2026-07-29T09:28:56.252238,AB0ACB,EJA810,33.184204,-117.03797,,,238,,4727,-49.5,278,31.7
2026-07-29T09:28:56.252238,ABB507,SWA4511,32.661935,-116.966783,,,75,,6761,-49.5,245,0.4
2026-07-29T09:28:56.252238,ABB5BF,SWA2140,32.867706,-117.423523,,,307,,1362,-49.5,125,1.2
2026-07-29T09:28:56.252238,AB1FFE,,33.734964,-116.503773,,,,,,-49.5,13,0.4
2026-07-29T09:29:01.334636,A3EF2A,CXK234,33.117402,-117.001368,,,327,,5267,-34.2,4644,0.2
2026-07-29T09:29:01.334636,A85931,QXE2224,32.777663,-117.055963,,,104,,1524,-49.5,2453,0.3
2026-07-29T09:29:01.334636,A6D3C2,VOI1890,33.553736,-117.083588,,,314,,1312,-49.5,1962,43.0
2026-07-29T09:29:01.334636,A12241,N172SX,33.091612,-117.34469,,,338,,5251,-37.4,1775,9.7
2026-07-29T09:29:01.334636,A7FE2D,LXJ614,33.340897,-116.921228,,,66,,6722,-49.5,1130,37.4
2026-07-29T09:29:01.334636,A5D713,UAL1276,32.933624,-116.897278,,,109,,7252,-49.5,2357,0.4
2026-07-29T09:29:01.334636,A8ABE6,QXE2290,32.853149,-117.246423,,,144,,3267,-49.5,1834,0.7
2026-07-29T09:29:01.334636,AB635D,SWA1017,32.986404,-117.357583,,,144,,1746,-35.9,1035,2.2
2026-07-29T09:29:01.334636,A1589D,SKW3122,32.811228,-116.815945,,,31,,1373,-35.7,568,0.9
2026-07-29T09:29:01.334636,A2BE6D,SKW3716,33.062842,-117.372324,,,126,,4723,-49.5,521,0.4
2026-07-29T09:29:01.334636,AB0ACB,EJA810,33.184204,-117.03797,,,238,,4727,-49.5,278,36.8
2026-07-29T09:29:01.334636,ABB507,SWA4511,32.663704,-116.95731,,,78,,6761,-29.8,311,0.4
2026-07-29T09:29:01.334636,ABB5BF,SWA2140,32.867706,-117.423523,,,307,,1362,-49.5,125,6.3
2026-07-29T09:29:01.334636,AB1FFE,,33.734824,-116.496735,,,91,,,-37.3,31,2.9
2026-07-29T09:29:06.402021,A3EF2A,CXK234,33.118103,-117.001923,,,327,,5267,-37.4,4659,3.3
2026-07-29T09:29:06.402021,A85931,QXE2224,32.776593,-117.050974,,,104,,1524,-49.5,2470,1.5
2026-07-29T09:29:06.402021,A6D3C2,VOI1890,33.553736,-117.083588,,,314,,1312,-49.5,1962,48.1
2026-07-29T09:29:06.402021,A12241,N172SX,33.091612,-117.34469,,,338,,5251,-36.6,1779,14.8
2026-07-29T09:29:06.402021,A7FE2D,LXJ614,33.340897,-116.921228,,,66,,6722,-38.1,1131,42.5
2026-07-29T09:29:06.402021,A5D713,UAL1276,32.929936,-116.885058,,,109,,7252,-30.5,2400,0.7
2026-07-29T09:29:06.402021,A8ABE6,QXE2290,32.847977,-117.242139,,,145,,3267,-49.5,1849,0.7
2026-07-29T09:29:06.402021,AB635D,SWA1017,32.977661,-117.350299,,,144,,1746,-49.5,1065,0.4
2026-07-29T09:29:06.402021,A1589D,SKW3122,32.817931,-116.811013,,,31,,1373,-49.5,606,1.6
2026-07-29T09:29:06.402021,A2BE6D,SKW3716,33.059025,-117.366047,,,125,,4723,-49.5,557,0.7
2026-07-29T09:29:06.402021,AB0ACB,EJA810,33.184204,-117.03797,,,238,,4727,-49.5,278,41.9
2026-07-29T09:29:06.402021,ABB507,SWA4511,32.6651,-116.947613,,,81,,6761,-49.5,366,0.4
2026-07-29T09:29:06.402021,ABB5BF,SWA2140,32.867706,-117.423523,,,307,,1362,-49.5,125,11.3
2026-07-29T09:29:06.402021,AB1FFE,,33.734344,-116.477948,,,91,,,-36.3,59,1.1
2026-07-29T09:29:11.495606,A3EF2A,CXK234,33.118103,-117.001923,,,327,,5267,-37.4,4659,8.3
2026-07-29T09:29:11.495606,A85931,QXE2224,32.776593,-117.050974,,,104,,1524,-49.5,2470,6.5
2026-07-29T09:29:11.495606,A6D3C2,VOI1890,33.553736,-117.083588,,,314,,1312,-49.5,1962,53.2
2026-07-29T09:29:11.495606,A12241,N172SX,33.091612,-117.34469,,,338,,5251,-36.6,1779,19.9
2026-07-29T09:29:11.495606,A7FE2D,LXJ614,33.340897,-116.921228,,,66,,6722,-38.1,1131,47.5
2026-07-29T09:29:11.495606,A5D713,UAL1276,32.926117,-116.872394,,,109,,7252,-28.9,2448,0.8
2026-07-29T09:29:11.495606,A8ABE6,QXE2290,32.844931,-117.239592,,,144,,3267,-49.5,1873,2.6
2026-07-29T09:29:11.495606,AB635D,SWA1017,32.971181,-117.344859,,,144,,1746,-30.5,1104,0.2
2026-07-29T09:29:11.495606,A1589D,SKW3122,32.824123,-116.806529,,,31,,1373,-34.9,620,2.6
2026-07-29T09:29:11.495606,A2BE6D,SKW3716,33.054463,-117.358592,,,125,,4723,-49.5,590,0.3
2026-07-29T09:29:11.495606,AB0ACB,EJA810,33.16023,-117.086904,,,249,,4727,-49.5,282,2.3
2026-07-29T09:29:11.495606,ABB507,SWA4511,32.666171,-116.937524,,,83,,6761,-33.9,411,0.3
2026-07-29T09:29:11.495606,ABB5BF,SWA2140,32.867706,-117.423523,,,307,,1362,-49.5,125,16.4
2026-07-29T09:29:11.495606,AB1FFE,,33.73407,-116.467129,,,91,,,-49.5,78,2.1
2026-07-29T09:29:16.566297,A3EF2A,CXK234,33.118103,-117.001923,,,327,,5267,-37.4,4659,13.4
2026-07-29T09:29:16.566297,A85931,QXE2224,32.776593,-117.050974,,,104,,1524,-49.5,2470,11.6
2026-07-29T09:29:16.566297,A6D3C2,VOI1890,33.553736,-117.083588,,,314,,1312,-49.5,1962,58.3
2026-07-29T09:29:16.566297,A12241,N172SX,33.102493,-117.349915,,,339,,5251,-49.5,1798,1.3
2026-07-29T09:29:16.566297,A7FE2D,LXJ614,33.340897,-116.921228,,,66,,6722,-38.1,1131,52.6
2026-07-29T09:29:16.566297,A5D713,UAL1276,32.922162,-116.859274,,,109,,7252,-49.5,2486,0.7
2026-07-29T09:29:16.566297,A8ABE6,QXE2290,32.844931,-117.239592,,,144,,3267,-49.5,1874,7.7
2026-07-29T09:29:16.566297,AB635D,SWA1017,32.965302,-117.339862,,,144,,1746,-35.3,1127,0.5
2026-07-29T09:29:16.566297,A1589D,SKW3122,32.831431,-116.801204,,,31,,1373,-49.5,638,2.8
2026-07-29T09:29:16.566297,A2BE6D,SKW3716,33.052002,-117.354639,,,126,,4723,-34.5,620,2.4
2026-07-29T09:29:16.566297,AB0ACB,EJA810,33.16023,-117.086904,,,249,,4727,-36.2,283,7.4
2026-07-29T09:29:16.566297,ABB507,SWA4511,32.66631,-116.935562,,,84,,6761,-49.5,418,4.3
2026-07-29T09:29:16.566297,ABB5BF,SWA2140,32.867706,-117.423523,,,307,,1362,-49.5,125,21.5
2026-07-29T09:29:16.566297,AB1FFE,,33.73407,-116.467129,,,91,,,-49.5,89,7.2
2026-07-29T09:29:16.566297,A1219F,,33.202194,-117.27702,,,123,,,-36.0,3,0.5
2026-07-29T09:29:21.639729,A3EF2A,CXK234,33.118103,-117.001923,,,327,,5267,-37.4,4659,18.5
2026-07-29T09:29:21.639729,A85931,QXE2224,32.776593,-117.050974,,,104,,1524,-49.5,2470,16.7
2026-07-29T09:29:21.639729,A6D3C2,VOI1890,33.553736,-117.083588,,,314,,1312,-49.5,1962,63.3
2026-07-29T09:29:21.639729,A12241,N172SX,33.103576,-117.350408,,,337,,5251,-34.6,1804,3.8
2026-07-29T09:29:21.639729,A7FE2D,LXJ614,33.376139,-116.827885,,,66,,6722,-36.4,1132,3.8
2026-07-29T09:29:21.639729,A5D713,UAL1276,32.919983,-116.851959,,,109,,7252,-35.4,2515,0.5
2026-07-29T09:29:21.639729,A8ABE6,QXE2290,32.844931,-117.239592,,,144,,3267,-49.5,1874,12.8
2026-07-29T09:29:21.639729,AB635D,SWA1017,32.961731,-117.336843,,,144,,1746,-49.5,1153,0.4
2026-07-29T09:29:21.639729,A1589D,SKW3122,32.841952,-116.793524,,,31,,1373,-38.3,639,0.0
2026-07-29T09:29:21.639729,A2BE6D,SKW3716,33.052002,-117.354639,,,126,,4723,-35.3,624,7.5
2026-07-29T09:29:21.639729,AB0ACB,EJA810,33.16023,-117.086904,,,249,,4727,-36.2,283,12.4
2026-07-29T09:29:21.639729,ABB507,SWA4511,32.66631,-116.935562,,,84,,6761,-49.5,418,9.4
2026-07-29T09:29:21.639729,ABB5BF,SWA2140,32.867706,-117.423523,,,307,,1362,-49.5,125,26.6
2026-07-29T09:29:21.639729,AB1FFE,,33.73407,-116.467129,,,91,,,-35.7,92,12.3
2026-07-29T09:29:21.639729,A1219F,,33.202194,-117.27702,,,123,,,-34.6,4,5.6
2026-07-29T09:29:21.639729,A0C3C9,,33.073782,-116.822728,,,,,,-49.5,2,6.1
2026-07-29T09:29:26.707292,A3EF2A,CXK234,33.118103,-117.001923,,,327,,5267,-37.4,4659,23.6
2026-07-29T09:29:26.707292,A85931,QXE2224,32.776593,-117.050974,,,104,,1524,-49.5,2470,21.8
2026-07-29T09:29:26.707292,A6D3C2,VOI1890,33.553736,-117.083588,,,314,,1312,-49.5,1962,68.4
2026-07-29T09:29:26.707292,A12241,N172SX,33.103576,-117.350408,,,337,,5251,-34.6,1804,8.9
2026-07-29T09:29:26.707292,A7FE2D,LXJ614,33.376139,-116.827885,,,66,,6722,-36.4,1132,8.9
2026-07-29T09:29:26.707292,A5D713,UAL1276,32.918335,-116.846576,,,109,,7252,-36.7,2519,5.1
2026-07-29T09:29:26.707292,A8ABE6,QXE2290,32.844931,-117.239592,,,144,,3267,-49.5,1874,17.8
2026-07-29T09:29:26.707292,AB635D,SWA1017,32.953217,-117.32959,,,144,,1746,-49.5,1202,0.6
2026-07-29T09:29:26.707292,A1589D,SKW3122,32.850769,-116.787085,,,31,,1373,-49.5,686,0.3
2026-07-29T09:29:26.707292,A2BE6D,SKW3716,33.041016,-117.339972,,,137,,4723,-30.7,647,0.4
2026-07-29T09:29:26.707292,AB0ACB,EJA810,33.16023,-117.086904,,,249,,4727,-36.2,283,17.5
2026-07-29T09:29:26.707292,ABB507,SWA4511,32.66631,-116.935562,,,84,,6761,-49.5,418,14.5
2026-07-29T09:29:26.707292,ABB5BF,SWA2140,32.892838,-117.463019,,,307,,1362,-34.9,144,1.5
2026-07-29T09:29:26.707292,AB1FFE,,33.73407,-116.467129,,,91,,,-38.4,99,17.4
2026-07-29T09:29:26.707292,A1219F,,33.202194,-117.27702,,,123,,,-34.6,4,10.7
2026-07-29T09:29:26.707292,A0C3C9,,33.073782,-116.822728,,,,,,-49.5,2,11.2
2026-07-29T09:29:31.774531,A3EF2A,CXK234,33.118103,-117.001923,,,327,,5267,-37.4,4659,28.6
2026-07-29T09:29:31.774531,A85931,QXE2224,32.776593,-117.050974,,,104,,1524,-49.5,2470,26.9
2026-07-29T09:29:31.774531,A6D3C2,VOI1890,33.553736,-117.083588,,,314,,1312,-49.5,1962,73.5
2026-07-29T09:29:31.774531,A12241,N172SX,33.103576,-117.350408,,,337,,5251,-34.6,1804,14.0
2026-07-29T09:29:31.774531,A7FE2D,LXJ614,33.376139,-116.827885,,,66,,6722,-36.4,1132,13.9
2026-07-29T09:29:31.774531,A5D713,UAL1276,32.918335,-116.846576,,,109,,7252,-35.4,2520,10.1
2026-07-29T09:29:31.774531,A8ABE6,QXE2290,32.823532,-117.221649,,,144,,3267,-49.5,1877,0.8
2026-07-29T09:29:31.774531,AB635D,SWA1017,32.946487,-117.323932,,,144,,1746,-49.5,1241,0.0
2026-07-29T09:29:31.774531,A1589D,SKW3122,32.858597,-116.781372,,,31,,1373,-49.5,733,0.1
2026-07-29T09:29:31.774531,A2BE6D,SKW3716,33.035237,-117.334489,,,144,,4723,-49.5,702,0.0
2026-07-29T09:29:31.774531,AB0ACB,EJA810,33.16023,-117.086904,,,249,,4727,-36.2,283,22.6
2026-07-29T09:29:31.774531,ABB507,SWA4511,32.66631,-116.935562,,,84,,6761,-49.5,418,19.5
2026-07-29T09:29:31.774531,ABB5BF,SWA2140,32.898102,-117.471259,,,307,,1362,-36.2,151,0.6
2026-07-29T09:29:31.774531,AB1FFE,,33.73407,-116.467129,,,91,,,-38.4,99,22.4
2026-07-29T09:29:31.774531,A1219F,,33.202194,-117.27702,,,123,,,-34.6,4,15.8
2026-07-29T09:29:31.774531,A0C3C9,,33.073782,-116.822728,,,,,,-49.5,2,16.2
2026-07-29T09:29:36.851478,A3EF2A,CXK234,33.118103,-117.001923,,,327,,5267,-37.4,4659,33.7
2026-07-29T09:29:36.851478,A85931,QXE2224,32.776593,-117.050974,,,104,,1524,-49.5,2470,31.9
2026-07-29T09:29:36.851478,A6D3C2,VOI1890,33.553736,-117.083588,,,314,,1312,-49.5,1962,78.6
2026-07-29T09:29:36.851478,A12241,N172SX,33.103576,-117.350408,,,337,,5251,-34.6,1804,19.0
2026-07-29T09:29:36.851478,A7FE2D,LXJ614,33.388755,-116.795094,,,66,,6722,-35.3,1136,0.4
2026-07-29T09:29:36.851478,A5D713,UAL1276,32.918335,-116.846576,,,109,,7252,-35.4,2520,15.2
2026-07-29T09:29:36.851478,A8ABE6,QXE2290,32.823532,-117.221649,,,144,,3267,-49.5,1877,5.9
2026-07-29T09:29:36.851478,AB635D,SWA1017,32.940811,-117.319208,,,144,,1746,-31.8,1275,0.3
2026-07-29T09:29:36.851478,A1589D,SKW3122,32.866516,-116.775549,,,31,,1373,-33.4,787,0.1
2026-07-29T09:29:36.851478,A2BE6D,SKW3716,33.030209,-117.330621,,,149,,4723,-31.8,748,0.7
2026-07-29T09:29:36.851478,AB0ACB,EJA810,33.16023,-117.086904,,,249,,4727,-36.2,283,27.7
2026-07-29T09:29:36.851478,ABB507,SWA4511,32.667709,-116.887775,,,88,,6761,-34.1,432,0.7
2026-07-29T09:29:36.851478,ABB5BF,SWA2140,32.90112,-117.47591,,,307,,1362,-49.5,166,2.3
2026-07-29T09:29:36.851478,AB1FFE,,33.73407,-116.467129,,,91,,,-49.5,101,27.5
2026-07-29T09:29:36.851478,A1219F,,33.202194,-117.27702,,,123,,,-34.6,4,20.8
2026-07-29T09:29:36.851478,A0C3C9,,33.073782,-116.822728,,,,,,-49.5,2,21.3
2026-07-29T09:29:41.935940,A3EF2A,CXK234,33.118103,-117.001923,,,328,,5267,-36.3,4660,38.8
2026-07-29T09:29:41.935940,A85931,QXE2224,32.776593,-117.050974,,,104,,1524,-49.5,2470,37.0
2026-07-29T09:29:41.935940,A6D3C2,VOI1890,33.553736,-117.083588,,,314,,1312,-49.5,1962,83.6
2026-07-29T09:29:41.935940,A12241,N172SX,33.103576,-117.350408,,,337,,5251,-34.6,1804,24.1
2026-07-29T09:29:41.935940,A7FE2D,LXJ614,33.391222,-116.788704,,,65,,6722,-49.5,1173,1.9
2026-07-29T09:29:41.935940,A5D713,UAL1276,32.918335,-116.846576,,,109,,7252,-35.4,2520,20.3
2026-07-29T09:29:41.935940,A8ABE6,QXE2290,32.816666,-117.213959,,,144,,3267,-49.5,1885,2.8
2026-07-29T09:29:41.935940,AB635D,SWA1017,32.934814,-117.314209,,,144,,1746,-49.5,1306,0.2
2026-07-29T09:29:41.935940,A1589D,SKW3122,32.87114,-116.772224,,,31,,1373,-49.5,822,2.2
2026-07-29T09:29:41.935940,A2BE6D,SKW3716,33.025589,-117.327722,,,154,,4723,-49.5,777,2.0
2026-07-29T09:29:41.935940,AB0ACB,EJA810,33.16023,-117.086904,,,259,,4727,-49.5,298,32.7
2026-07-29T09:29:41.935940,ABB507,SWA4511,32.667847,-116.881622,,,88,,6761,-35.1,444,2.9
2026-07-29T09:29:41.935940,ABB5BF,SWA2140,32.907358,-117.485663,,,307,,1362,-49.5,182,0.6
2026-07-29T09:29:41.935940,AB1FFE,,33.73407,-116.467129,,,91,,,-49.5,102,32.6
2026-07-29T09:29:41.935940,A1219F,,33.202194,-117.27702,,,123,,,-34.6,4,25.9
2026-07-29T09:29:41.935940,A0C3C9,,33.073782,-116.822728,,,,,,-49.5,2,26.4
2026-07-29T09:29:41.935940,A2C5A3,,33.136505,-117.626715,,,311,,,-36.4,3,0.6
2026-07-29T09:29:47.009633,A3EF2A,CXK234,33.118103,-117.001923,,,327,,5267,-49.5,4666,43.8
2026-07-29T09:29:47.009633,A85931,QXE2224,32.776593,-117.050974,,,104,,1524,-49.5,2470,42.0
2026-07-29T09:29:47.009633,A12241,N172SX,33.103576,-117.350408,,,337,,5251,-34.6,1804,29.2
2026-07-29T09:29:47.009633,A7FE2D,LXJ614,33.393311,-116.783185,,,65,,6722,-34.7,1196,3.8
2026-07-29T09:29:47.009633,A5D713,UAL1276,32.918335,-116.846576,,,109,,7252,-35.4,2520,25.3
2026-07-29T09:29:47.009633,A8ABE6,QXE2290,32.816666,-117.213959,,,144,,3267,-49.5,1885,7.9
2026-07-29T09:29:47.009633,AB635D,SWA1017,32.930215,-117.310386,,,144,,1746,-32.1,1323,1.3
2026-07-29T09:29:47.009633,A1589D,SKW3122,32.87114,-116.772224,,,31,,1373,-37.1,823,7.3
2026-07-29T09:29:47.009633,A2BE6D,SKW3716,33.016895,-117.323503,,,159,,4723,-49.5,829,0.1
2026-07-29T09:29:47.009633,AB0ACB,EJA810,33.16023,-117.086904,,,258,,4727,-37.0,299,37.8
2026-07-29T09:29:47.009633,ABB507,SWA4511,32.667847,-116.881622,,,88,,6761,-35.1,444,7.9
2026-07-29T09:29:47.009633,ABB5BF,SWA2140,32.907358,-117.485663,,,307,,1362,-34.5,188,5.7
2026-07-29T09:29:47.009633,AB1FFE,,33.73407,-116.467129,,,91,,,-49.5,102,37.6
2026-07-29T09:29:47.009633,A1219F,,33.202194,-117.27702,,,123,,,-34.6,4,31.0
2026-07-29T09:29:47.009633,A0C3C9,,33.073782,-116.822728,,,,,,-49.5,2,31.4
2026-07-29T09:29:47.009633,A2C5A3,EJA278,33.139979,-117.631456,,,311,,4766,-33.9,31,1.7
2026-07-29T09:29:52.064416,A3EF2A,CXK234,33.135697,-117.014596,,,328,,5267,-34.7,4687,0.3
2026-07-29T09:29:52.064416,A85931,QXE2224,32.776593,-117.050974,,,104,,1524,-49.5,2470,47.1
2026-07-29T09:29:52.064416,A12241,N172SX,33.103576,-117.350408,,,337,,5251,-34.6,1804,34.2
2026-07-29T09:29:52.064416,A7FE2D,LXJ614,33.398158,-116.770487,,,65,,6722,-49.5,1209,1.8
2026-07-29T09:29:52.064416,A5D713,UAL1276,32.896683,-116.774561,,,109,,7252,-35.7,2531,2.6
2026-07-29T09:29:52.064416,A8ABE6,QXE2290,32.816666,-117.213959,,,144,,3267,-49.5,1886,12.9
2026-07-29T09:29:52.064416,AB635D,SWA1017,32.923465,-117.304725,,,144,,1746,-29.8,1376,0.4
2026-07-29T09:29:52.064416,A1589D,SKW3122,32.87114,-116.772224,,,31,,1373,-37.1,823,12.3
2026-07-29T09:29:52.064416,A2BE6D,SKW3716,33.011993,-117.32135,,,159,,4723,-31.8,892,1.2
2026-07-29T09:29:52.064416,AB0ACB,EJA810,33.16023,-117.086904,,,258,,4727,-37.0,299,42.9
2026-07-29T09:29:52.064416,ABB507,SWA4511,32.667847,-116.881622,,,88,,6761,-35.1,444,13.0
2026-07-29T09:29:52.064416,ABB5BF,SWA2140,32.913317,-117.494968,,,307,,1362,-49.5,190,4.4
2026-07-29T09:29:52.064416,AB1FFE,,33.73407,-116.467129,,,91,,,-49.5,102,42.7
2026-07-29T09:29:52.064416,A1219F,,33.202194,-117.27702,,,123,,,-34.6,4,36.0
2026-07-29T09:29:52.064416,A0C3C9,,33.073782,-116.822728,,,,,,-49.5,2,36.5
2026-07-29T09:29:52.064416,A2C5A3,EJA278,33.145193,-117.638463,,,311,,4766,-31.4,68,1.0
2026-07-29T09:29:57.137567,A3EF2A,CXK234,33.137512,-117.015885,,,329,,5267,-49.5,4733,0.4
2026-07-29T09:29:57.137567,A85931,QXE2224,32.776593,-117.050974,,,104,,1524,-49.5,2470,52.2
2026-07-29T09:29:57.137567,A12241,N172SX,33.120026,-117.358484,,,335,,5251,-36.1,1808,2.3
2026-07-29T09:29:57.137567,A7FE2D,LXJ614,33.401642,-116.761377,,,65,,6722,-49.5,1237,1.8
2026-07-29T09:29:57.137567,A5D713,UAL1276,32.896683,-116.774561,,,109,,7252,-35.5,2543,7.7
2026-07-29T09:29:57.137567,A8ABE6,QXE2290,32.816666,-117.213959,,,144,,3267,-49.5,1886,18.0
2026-07-29T09:29:57.137567,AB635D,SWA1017,32.917648,-117.299872,,,144,,1746,-33.6,1439,0.3
2026-07-29T09:29:57.137567,A1589D,SKW3122,32.87114,-116.772224,,,31,,1373,-37.1,823,17.4
2026-07-29T09:29:57.137567,A2BE6D,SKW3716,33.00428,-117.318065,,,160,,4723,-30.1,932,0.2
2026-07-29T09:29:57.137567,AB0ACB,EJA810,33.16023,-117.086904,,,258,,4727,-37.0,299,48.0
2026-07-29T09:29:57.137567,ABB507,SWA4511,32.668671,-116.844379,,,88,,6761,-35.1,451,0.4
2026-07-29T09:29:57.137567,ABB5BF,SWA2140,32.92002,-117.50545,,,307,,1362,-35.5,192,2.6
2026-07-29T09:29:57.137567,AB1FFE,,33.73407,-116.467129,,,91,,,-49.5,102,47.8
2026-07-29T09:29:57.137567,A1219F,,33.202194,-117.27702,,,123,,,-34.6,4,41.1
2026-07-29T09:29:57.137567,A0C3C9,,33.073782,-116.822728,,,,,,-49.5,2,41.6
2026-07-29T09:29:57.137567,A2C5A3,EJA278,33.150467,-117.645612,,,311,,4766,-34.1,103,0.2
2026-07-29T09:30:02.219114,A3EF2A,CXK234,33.139514,-117.017231,,,330,,5267,-49.5,4782,0.0
2026-07-29T09:30:02.219114,A85931,QXE2224,32.776593,-117.050974,,,104,,1524,-49.5,2470,57.3
2026-07-29T09:30:02.219114,A12241,N172SX,33.122709,-117.359993,,,335,,5251,-49.5,1809,1.2
2026-07-29T09:30:02.219114,A7FE2D,LXJ614,33.405716,-116.75061,,,65,,6722,-34.3,1279,0.8
2026-07-29T09:30:02.219114,A5D713,UAL1276,32.887299,-116.743414,,,109,,7252,-34.6,2563,0.5
2026-07-29T09:30:02.219114,A8ABE6,QXE2290,32.816666,-117.213959,,,144,,3267,-36.2,1888,23.1
2026-07-29T09:30:02.219114,AB635D,SWA1017,32.91192,-117.295084,,,144,,1746,-49.5,1457,0.3
2026-07-29T09:30:02.219114,A1589D,SKW3122,32.902313,-116.749457,,,31,,1373,-49.5,833,2.2
2026-07-29T09:30:02.219114,A2BE6D,SKW3716,32.999112,-117.315879,,,160,,4723,-49.5,1006,1.2
2026-07-29T09:30:02.219114,AB0ACB,EJA810,33.16023,-117.086904,,,258,,4727,-37.0,299,53.0
2026-07-29T09:30:02.219114,ABB507,SWA4511,32.668824,-116.837862,,,88,,6761,-49.5,462,2.4
2026-07-29T09:30:02.219114,ABB5BF,SWA2140,32.92002,-117.50545,,,307,,1362,-36.2,195,7.6
2026-07-29T09:30:02.219114,AB1FFE,,33.73407,-116.467129,,,91,,,-49.5,102,52.9
2026-07-29T09:30:02.219114,A1219F,,33.202194,-117.27702,,,123,,,-34.6,4,46.2
2026-07-29T09:30:02.219114,A0C3C9,,33.073782,-116.822728,,,,,,-49.5,2,46.7
2026-07-29T09:30:02.219114,A2C5A3,EJA278,33.154724,-117.651434,,,311,,4766,-49.5,134,0.4
2026-07-29T09:30:07.309457,A3EF2A,CXK234,33.141004,-117.01824,,,329,,5267,-49.5,4825,1.0
2026-07-29T09:30:07.309457,A12241,N172SX,33.122709,-117.359993,,,335,,5251,-35.4,1812,6.3
2026-07-29T09:30:07.309457,A7FE2D,LXJ614,33.409698,-116.740173,,,65,,6722,-33.6,1351,0.1
2026-07-29T09:30:07.309457,A5D713,UAL1276,32.88357,-116.731082,,,109,,7252,-49.5,2590,0.7
2026-07-29T09:30:07.309457,A8ABE6,QXE2290,32.805083,-117.183427,,,105,,3267,-49.5,1890,3.5
2026-07-29T09:30:07.309457,AB635D,SWA1017,32.906473,-117.290487,,,144,,1746,-49.5,1522,0.4
2026-07-29T09:30:07.309457,A1589D,SKW3122,32.902313,-116.749457,,,31,,1373,-49.5,833,7.3
2026-07-29T09:30:07.309457,A2BE6D,SKW3716,32.992905,-117.31333,,,160,,4723,-37.0,1043,1.4
2026-07-29T09:30:07.309457,AB0ACB,EJA810,33.16023,-117.086904,,,258,,4727,-37.0,299,58.1
2026-07-29T09:30:07.309457,ABB507,SWA4511,32.668824,-116.837862,,,88,,6761,-49.5,462,7.5
2026-07-29T09:30:07.309457,ABB5BF,SWA2140,32.932822,-117.525236,,,307,,1362,-35.0,231,0.2
2026-07-29T09:30:07.309457,AB1FFE,,33.73407,-116.467129,,,91,,,-49.5,102,57.9
2026-07-29T09:30:07.309457,A1219F,,33.202194,-117.27702,,,123,,,-34.6,4,51.3
2026-07-29T09:30:07.309457,A0C3C9,,33.073782,-116.822728,,,,,,-49.5,2,51.8
2026-07-29T09:30:07.309457,A2C5A3,EJA278,33.159112,-117.657408,,,310,,4766,-49.5,165,0.7
2026-07-29T09:30:12.380248,A3EF2A,CXK234,33.143145,-117.019697,,,329,,5267,-49.5,4874,0.3
2026-07-29T09:30:12.380248,A12241,N172SX,33.122709,-117.359993,,,335,,5251,-35.4,1812,11.4
2026-07-29T09:30:12.380248,A7FE2D,LXJ614,33.413132,-116.731165,,,65,,6722,-49.5,1409,0.2
2026-07-29T09:30:12.380248,A5D713,UAL1276,32.880497,-116.72088,,,109,,7252,-36.4,2611,1.7
2026-07-29T09:30:12.380248,A8ABE6,QXE2290,32.805083,-117.183427,,,105,,3267,-49.5,1890,8.6
2026-07-29T09:30:12.380248,AB635D,SWA1017,32.900841,-117.285779,,,145,,1746,-30.0,1592,0.5
2026-07-29T09:30:12.380248,A1589D,SKW3122,32.91746,-116.738368,,,31,,1373,-49.5,837,2.6
2026-07-29T09:30:12.380248,A2BE6D,SKW3716,32.992905,-117.31333,,,160,,4723,-34.8,1048,6.5
2026-07-29T09:30:12.380248,AB0ACB,EJA810,33.16023,-117.086904,,,258,,4727,-37.0,299,63.2
2026-07-29T09:30:12.380248,ABB507,SWA4511,32.668824,-116.837862,,,88,,6761,-49.5,462,12.6
2026-07-29T09:30:12.380248,ABB5BF,SWA2140,32.938222,-117.533644,,,307,,1362,-34.5,264,0.0
2026-07-29T09:30:12.380248,AB1FFE,,33.73407,-116.467129,,,91,,,-49.5,102,63.0
2026-07-29T09:30:12.380248,A1219F,,33.202194,-117.27702,,,123,,,-34.6,4,56.4
2026-07-29T09:30:12.380248,A0C3C9,,33.073782,-116.822728,,,,,,-49.5,2,56.8
2026-07-29T09:30:12.380248,A2C5A3,EJA278,33.163284,-117.663135,,,311,,4766,-49.5,193,1.0
2026-07-29T09:30:17.464467,A3EF2A,CXK234,33.144821,-117.020874,,,330,,5267,-35.5,4892,0.8
2026-07-29T09:30:17.464467,A12241,N172SX,33.128947,-117.363244,,,335,,5251,-49.5,1814,2.6
2026-07-29T09:30:17.464467,A7FE2D,LXJ614,33.416565,-116.722156,,,65,,6722,-49.5,1449,0.4
2026-07-29T09:30:17.464467,A5D713,UAL1276,32.880497,-116.72088,,,109,,7252,-49.5,2614,6.9
2026-07-29T09:30:17.464467,A8ABE6,QXE2290,32.802196,-117.170254,,,104,,3267,-36.8,1899,3.7
2026-07-29T09:30:17.464467,AB635D,SWA1017,32.897396,-117.282976,,,145,,1746,-49.5,1618,2.5
2026-07-29T09:30:17.464467,A1589D,SKW3122,32.92812,-116.730521,,,31,,1373,-49.5,846,0.8
2026-07-29T09:30:17.464467,A2BE6D,SKW3716,32.978806,-117.307507,,,160,,4723,-29.2,1119,0.4
2026-07-29T09:30:17.464467,AB0ACB,EJA810,33.16023,-117.086904,,,258,,4727,-37.0,299,68.3
2026-07-29T09:30:17.464467,ABB507,SWA4511,32.668824,-116.837862,,,88,,6761,-49.5,462,17.7
2026-07-29T09:30:17.464467,ABB5BF,SWA2140,32.938222,-117.533644,,,307,,1362,-37.3,271,5.2
2026-07-29T09:30:17.464467,AB1FFE,,33.73407,-116.467129,,,91,,,-49.5,102,68.2
2026-07-29T09:30:17.464467,A0C3C9,,33.073782,-116.822728,,,,,,-49.5,2,62.0
2026-07-29T09:30:17.464467,A2C5A3,EJA278,33.165164,-117.665704,,,311,,4766,-49.5,205,4.0
2026-07-29T09:30:22.564695,A3EF2A,CXK234,33.144821,-117.020874,,,330,,5267,-35.5,4892,5.9
2026-07-29T09:30:22.564695,A12241,N172SX,33.128947,-117.363244,,,338,,5251,-49.5,1817,7.6
2026-07-29T09:30:22.564695,A7FE2D,LXJ614,33.419945,-116.713257,,,65,,6722,-33.0,1484,0.5
2026-07-29T09:30:22.564695,A5D713,UAL1276,32.880497,-116.72088,,,109,,7252,-49.5,2614,11.9
2026-07-29T09:30:22.564695,A8ABE6,QXE2290,32.802196,-117.170254,,,104,,3267,-34.8,1904,8.7
2026-07-29T09:30:22.564695,AB635D,SWA1017,32.889771,-117.276746,,,145,,1746,-49.5,1645,0.7
2026-07-29T09:30:22.564695,A1589D,SKW3122,32.929596,-116.729462,,,31,,1373,-49.5,853,5.0
2026-07-29T09:30:22.564695,A2BE6D,SKW3716,32.971926,-117.304669,,,160,,4723,-34.2,1151,0.0
2026-07-29T09:30:22.564695,AB0ACB,EJA810,33.16023,-117.086904,,,258,,4727,-37.0,299,73.4
2026-07-29T09:30:22.564695,ABB507,SWA4511,32.668824,-116.837862,,,88,,6761,-49.5,462,22.8
2026-07-29T09:30:22.564695,ABB5BF,SWA2140,32.938222,-117.533644,,,307,,1362,-37.3,271,10.3
2026-07-29T09:30:22.564695,AB1FFE,,33.73407,-116.467129,,,91,,,-49.5,102,73.2
2026-07-29T09:30:22.564695,A2C5A3,EJA278,33.165164,-117.665704,,,311,,4766,-49.5,205,9.1
2026-07-29T09:30:27.669813,A3EF2A,CXK234,33.144821,-117.020874,,,330,,5267,-35.5,4892,11.0
2026-07-29T09:30:27.669813,A12241,N172SX,33.128947,-117.363244,,,338,,5251,-49.5,1817,12.7
2026-07-29T09:30:27.669813,A7FE2D,LXJ614,33.422104,-116.707654,,,65,,6722,-49.5,1506,2.5
2026-07-29T09:30:27.669813,A5D713,UAL1276,32.880497,-116.72088,,,109,,7252,-49.5,2614,17.0
2026-07-29T09:30:27.669813,A8ABE6,QXE2290,32.799637,-117.158478,,,104,,3267,-35.9,1912,4.8
2026-07-29T09:30:27.669813,AB635D,SWA1017,32.88382,-117.271857,,,145,,1746,-49.5,1698,0.4
2026-07-29T09:30:27.669813,A1589D,SKW3122,32.929596,-116.729462,,,31,,1373,-35.9,855,10.1
2026-07-29T09:30:27.669813,A2BE6D,SKW3716,32.96606,-117.302146,,,160,,4723,-49.5,1206,0.4
2026-07-29T09:30:27.669813,AB0ACB,EJA810,33.16023,-117.086904,,,258,,4727,-37.0,299,78.5
2026-07-29T09:30:27.669813,ABB507,SWA4511,32.668824,-116.837862,,,88,,6761,-49.5,462,27.9
2026-07-29T09:30:27.669813,ABB5BF,SWA2140,32.954178,-117.55827,,,307,,1362,-34.7,276,0.2
2026-07-29T09:30:27.669813,AB1FFE,,33.73407,-116.467129,,,91,,,-49.5,102,78.3
2026-07-29T09:30:27.669813,A2C5A3,EJA278,33.165164,-117.665704,,,311,,4766,-49.5,205,14.2
2026-07-29T09:30:32.756210,A3EF2A,CXK234,33.144821,-117.020874,,,330,,5267,-35.5,4892,16.0
2026-07-29T09:30:32.756210,A12241,N172SX,33.128947,-117.363244,,,338,,5251,-49.5,1817,17.8
2026-07-29T09:30:32.756210,A7FE2D,LXJ614,33.424786,-116.700533,,,65,,6722,-34.9,1531,3.7
2026-07-29T09:30:32.756210,A5D713,UAL1276,32.880497,-116.72088,,,109,,7252,-49.5,2614,22.1
2026-07-29T09:30:32.756210,A8ABE6,QXE2290,32.799637,-117.158478,,,104,,3267,-35.9,1912,9.9
2026-07-29T09:30:32.756210,AB635D,SWA1017,32.878693,-117.267627,,,145,,1746,-49.5,1730,0.8
2026-07-29T09:30:32.756210,A1589D,SKW3122,32.952048,-116.712977,,,31,,1373,-49.5,874,0.8
2026-07-29T09:30:32.756210,A2BE6D,SKW3716,32.960102,-117.29968,,,160,,4723,-32.1,1232,0.7
2026-07-29T09:30:32.756210,AB0ACB,EJA810,33.16023,-117.086904,,,258,,4727,-37.0,299,83.6
2026-07-29T09:30:32.756210,ABB507,SWA4511,32.668824,-116.837862,,,88,,6761,-49.5,462,33.0
2026-07-29T09:30:32.756210,ABB5BF,SWA2140,32.959167,-117.565961,,,307,,1362,-34.8,296,0.5
2026-07-29T09:30:32.756210,AB1FFE,,33.73407,-116.467129,,,91,,,-49.5,102,83.4
2026-07-29T09:30:32.756210,A2C5A3,EJA278,33.165164,-117.665704,,,311,,4766,-49.5,205,19.3
2026-07-29T09:30:37.838245,A3EF2A,CXK234,33.144821,-117.020874,,,330,,5267,-35.5,4892,21.1
2026-07-29T09:30:37.838245,A12241,N172SX,33.128947,-117.363244,,,338,,5251,-49.5,1817,22.9
2026-07-29T09:30:37.838245,A7FE2D,LXJ614,33.428146,-116.691614,,,65,,6722,-49.5,1553,3.9
2026-07-29T09:30:37.838245,A5D713,UAL1276,32.880497,-116.72088,,,109,,7252,-49.5,2614,27.2
2026-07-29T09:30:37.838245,A8ABE6,QXE2290,32.799637,-117.158478,,,104,,3267,-35.9,1912,15.0
2026-07-29T09:30:37.838245,AB635D,SWA1017,32.877658,-117.266777,,,145,,1746,-34.8,1744,5.0
2026-07-29T09:30:37.838245,A1589D,SKW3122,32.96109,-116.706335,,,31,,1373,-34.9,935,0.2
2026-07-29T09:30:37.838245,A2BE6D,SKW3716,32.953491,-117.29696,,,160,,4723,-32.1,1308,0.3
2026-07-29T09:30:37.838245,AB0ACB,EJA810,33.16023,-117.086904,,,258,,4727,-37.0,299,88.6
2026-07-29T09:30:37.838245,ABB507,SWA4511,32.670733,-116.753335,,,89,,6761,-49.5,482,0.3
2026-07-29T09:30:37.838245,ABB5BF,SWA2140,32.962709,-117.57148,,,307,,1362,-35.6,307,2.2
2026-07-29T09:30:37.838245,AB1FFE,,33.73407,-116.467129,,,91,,,-49.5,102,88.5
2026-07-29T09:30:37.838245,A2C5A3,EJA278,33.165164,-117.665704,,,311,,4766,-49.5,205,24.3
2026-07-29T09:30:37.838245,A0C3C9,N1487V,33.103867,-116.839435,,,344,,,-49.5,21,0.5
2026-07-29T09:30:42.910964,A3EF2A,CXK234,33.144821,-117.020874,,,285,,5267,-49.5,4894,26.6
2026-07-29T09:30:42.910964,A12241,N172SX,33.128947,-117.363244,,,338,,5251,-49.5,1817,28.3
2026-07-29T09:30:42.910964,A7FE2D,LXJ614,33.428146,-116.691614,,,65,,6722,-49.5,1565,9.3
2026-07-29T09:30:42.910964,A5D713,UAL1276,32.880497,-116.72088,,,109,,7252,-49.5,2614,32.6
2026-07-29T09:30:42.910964,A8ABE6,QXE2290,32.79391,-117.132307,,,104,,3267,-49.5,1921,0.0
2026-07-29T09:30:42.910964,AB635D,SWA1017,32.869812,-117.260321,,,145,,1746,-49.5,1758,2.4
2026-07-29T09:30:42.910964,A1589D,SKW3122,32.968993,-116.700533,,,31,,1373,-49.5,993,0.6
2026-07-29T09:30:42.910964,A2BE6D,SKW3716,32.948789,-117.294972,,,160,,4723,-49.5,1362,1.8
2026-07-29T09:30:42.910964,ABB507,SWA4511,32.670733,-116.753335,,,89,,6761,-36.2,499,5.7
2026-07-29T09:30:42.910964,ABB5BF,SWA2140,32.962709,-117.57148,,,307,,1362,-35.6,307,7.7
2026-07-29T09:30:42.910964,A2C5A3,EJA278,33.165164,-117.665704,,,311,,4766,-49.5,205,29.8
2026-07-29T09:30:42.910964,A0C3C9,N1487V,33.104279,-116.839545,,,344,,,-49.5,26,4.8
2026-07-29T09:30:42.910964,A8B5AD,,32.8461,-117.390234,,,307,,,-49.5,9,3.3
2026-07-29T09:30:48.360373,A3EF2A,CXK234,33.152939,-117.029883,,,280,,5267,-35.5,4904,4.8
2026-07-29T09:30:48.360373,A12241,N172SX,33.128947,-117.363244,,,338,,5251,-49.5,1817,33.4
2026-07-29T09:30:48.360373,A7FE2D,LXJ614,33.428146,-116.691614,,,65,,6722,-49.5,1565,14.4
2026-07-29T09:30:48.360373,A5D713,UAL1276,32.880497,-116.72088,,,109,,7252,-49.5,2614,37.7
2026-07-29T09:30:48.360373,A8ABE6,QXE2290,32.792514,-117.125973,,,104,,3267,-33.8,1967,0.4
2026-07-29T09:30:48.360373,AB635D,SWA1017,32.869812,-117.260321,,,144,,1746,-35.1,1764,7.4
2026-07-29T09:30:48.360373,A1589D,SKW3122,32.970566,-116.699414,,,31,,1373,-34.8,1008,4.7
2026-07-29T09:30:48.360373,A2BE6D,SKW3716,32.941132,-117.291797,,,160,,4723,-49.5,1370,0.4
2026-07-29T09:30:48.360373,ABB507,SWA4511,32.670733,-116.753335,,,89,,6761,-36.2,499,10.8
2026-07-29T09:30:48.360373,ABB5BF,SWA2140,32.974766,-117.590145,,,307,,1362,-49.5,313,1.4
2026-07-29T09:30:48.360373,A2C5A3,EJA278,33.165164,-117.665704,,,311,,4766,-49.5,205,34.8
2026-07-29T09:30:48.360373,A0C3C9,N1487V,33.104279,-116.839545,,,344,,,-35.9,28,9.9
2026-07-29T09:30:48.360373,A8B5AD,,32.8461,-117.390234,,,307,,,-49.5,9,8.4
2026-07-29T09:30:48.360373,A217EF,,33.320276,-116.771103,,,238,,,-49.5,2,5.4
2026-07-29T09:30:53.402215,A3EF2A,CXK234,33.152939,-117.029883,,,280,,5267,-35.5,4904,9.8
2026-07-29T09:30:53.402215,A12241,N172SX,33.128947,-117.363244,,,338,,5251,-49.5,1817,38.4
2026-07-29T09:30:53.402215,A7FE2D,LXJ614,33.428146,-116.691614,,,65,,6722,-49.5,1565,19.4
2026-07-29T09:30:53.402215,A5D713,UAL1276,32.880497,-116.72088,,,109,,7252,-49.5,2614,42.7
2026-07-29T09:30:53.402215,A8ABE6,QXE2290,32.791122,-117.119696,,,104,,3267,-49.5,2006,0.6
2026-07-29T09:30:53.402215,AB635D,SWA1017,32.856903,-117.2495,,,144,,1746,-34.7,1771,1.3
2026-07-29T09:30:53.402215,A1589D,SKW3122,32.984774,-116.68893,,,31,,1373,-49.5,1058,0.8
2026-07-29T09:30:53.402215,A2BE6D,SKW3716,32.934917,-117.289198,,,160,,4723,-34.1,1387,0.0
2026-07-29T09:30:53.402215,ABB507,SWA4511,32.670733,-116.753335,,,89,,6761,-36.2,499,15.8
2026-07-29T09:30:53.402215,ABB5BF,SWA2140,32.974766,-117.590145,,,307,,1362,-38.2,315,6.5
2026-07-29T09:30:53.402215,A2C5A3,EJA278,33.165164,-117.665704,,,311,,4766,-49.5,205,39.9
2026-07-29T09:30:53.402215,A0C3C9,N1487V,33.10986,-116.841505,,,344,,,-49.5,29,0.5
2026-07-29T09:30:53.402215,A8B5AD,,32.853544,-117.401752,,,307,,,-49.5,21,4.1
2026-07-29T09:30:53.402215,A217EF,,33.320276,-116.771103,,,238,,,-49.5,2,10.5
2026-07-29T09:30:58.483152,A3EF2A,CXK234,33.152939,-117.029883,,,280,,5267,-35.5,4904,14.9
2026-07-29T09:30:58.483152,A12241,N172SX,33.128947,-117.363244,,,338,,5251,-49.5,1817,43.5
2026-07-29T09:30:58.483152,A7FE2D,LXJ614,33.428146,-116.691614,,,65,,6722,-49.5,1565,24.5
2026-07-29T09:30:58.483152,A5D713,UAL1276,32.880497,-116.72088,,,109,,7252,-49.5,2614,47.8
2026-07-29T09:30:58.483152,A8ABE6,QXE2290,32.78972,-117.113305,,,104,,3267,-49.5,2018,0.8
2026-07-29T09:30:58.483152,AB635D,SWA1017,32.856903,-117.2495,,,144,,1746,-33.5,1772,6.3
2026-07-29T09:30:58.483152,A1589D,SKW3122,32.991152,-116.684278,,,31,,1373,-49.5,1102,1.8
2026-07-29T09:30:58.483152,A2BE6D,SKW3716,32.929424,-117.2869,,,160,,4723,-49.5,1457,0.3
2026-07-29T09:30:58.483152,ABB507,SWA4511,32.670733,-116.753335,,,89,,6761,-36.2,499,20.9
2026-07-29T09:30:58.483152,ABB5BF,SWA2140,32.974766,-117.590145,,,307,,1362,-49.5,318,11.6
2026-07-29T09:30:58.483152,A2C5A3,EJA278,33.165164,-117.665704,,,311,,4766,-49.5,205,45.0
2026-07-29T09:30:58.483152,A0C3C9,N1487V,33.10986,-116.841505,,,338,,,-36.6,35,5.6
2026-07-29T09:30:58.483152,A8B5AD,,32.853544,-117.401752,,,307,,,-49.5,22,9.2
2026-07-29T09:30:58.483152,A217EF,,33.320276,-116.771103,,,238,,,-49.5,2,15.6
2026-07-29T09:31:03.548239,A3EF2A,CXK234,33.152939,-117.029883,,,280,,5267,-35.5,4904,20.0
2026-07-29T09:31:03.548239,A12241,N172SX,33.128947,-117.363244,,,338,,5251,-49.5,1817,48.6
2026-07-29T09:31:03.548239,A7FE2D,LXJ614,33.428146,-116.691614,,,65,,6722,-49.5,1565,29.6
2026-07-29T09:31:03.548239,A5D713,UAL1276,32.880497,-116.72088,,,109,,7252,-49.5,2614,52.9
2026-07-29T09:31:03.548239,A8ABE6,QXE2290,32.789429,-117.112006,,,104,,3267,-49.5,2021,4.8
2026-07-29T09:31:03.548239,AB635D,SWA1017,32.847538,-117.241666,,,144,,1746,-35.5,1776,2.5
2026-07-29T09:31:03.548239,A1589D,SKW3122,33.000788,-116.677215,,,31,,1373,-49.5,1133,0.8
2026-07-29T09:31:03.548239,A2BE6D,SKW3716,32.923599,-117.284491,,,160,,4723,-49.5,1513,0.0
2026-07-29T09:31:03.548239,ABB507,SWA4511,32.670733,-116.753335,,,89,,6761,-36.2,499,26.0
2026-07-29T09:31:03.548239,ABB5BF,SWA2140,32.974766,-117.590145,,,307,,1362,-49.5,318,16.6
2026-07-29T09:31:03.548239,A2C5A3,EJA278,33.165164,-117.665704,,,311,,4766,-49.5,205,50.1
2026-07-29T09:31:03.548239,A0C3C9,N1487V,33.113617,-116.84317,,,338,,,-35.3,36,0.6
2026-07-29T09:31:03.548239,A8B5AD,QXE2281,32.862156,-117.415093,,,307,,4615,-49.5,41,3.4
2026-07-29T09:31:03.548239,A217EF,,33.320276,-116.771103,,,238,,,-49.5,2,20.6
2026-07-29T09:31:08.600431,A3EF2A,CXK234,33.152939,-117.029883,,,280,,5267,-35.5,4904,25.0
2026-07-29T09:31:08.600431,A12241,N172SX,33.128947,-117.363244,,,338,,5251,-49.5,1817,53.6
2026-07-29T09:31:08.600431,A7FE2D,LXJ614,33.428146,-116.691614,,,65,,6722,-49.5,1566,34.6
2026-07-29T09:31:08.600431,A5D713,UAL1276,32.880497,-116.72088,,,109,,7252,-49.5,2614,57.9
2026-07-29T09:31:08.600431,A8ABE6,QXE2290,32.789429,-117.112006,,,104,,3267,-49.5,2021,9.8
2026-07-29T09:31:08.600431,AB635D,SWA1017,32.847538,-117.241666,,,144,,1746,-35.5,1776,7.6
2026-07-29T09:31:08.600431,A1589D,SKW3122,33.008606,-116.671454,,,31,,1373,-35.5,1167,0.9
2026-07-29T09:31:08.600431,A2BE6D,SKW3716,32.919462,-117.282752,,,160,,4723,-49.5,1557,1.3
2026-07-29T09:31:08.600431,ABB507,SWA4511,32.670733,-116.753335,,,89,,6761,-36.2,499,31.0
2026-07-29T09:31:08.600431,ABB5BF,SWA2140,32.974766,-117.590145,,,307,,1362,-49.5,318,21.7
2026-07-29T09:31:08.600431,A2C5A3,EJA278,33.165164,-117.665704,,,311,,4766,-49.5,205,55.1
2026-07-29T09:31:08.600431,A0C3C9,N1487V,33.11554,-116.843748,,,345,,,-37.3,39,0.8
2026-07-29T09:31:08.600431,A8B5AD,QXE2281,32.862156,-117.415093,,,307,,4615,-49.5,42,8.5
2026-07-29T09:31:08.600431,A217EF,,33.320276,-116.771103,,,238,,,-49.5,2,25.7
2026-07-29T09:31:13.651383,A3EF2A,CXK234,33.152939,-117.029883,,,280,,5267,-35.5,4904,30.0
2026-07-29T09:31:13.651383,A12241,N172SX,33.128947,-117.363244,,,338,,5251,-49.5,1817,58.7
2026-07-29T09:31:13.651383,A7FE2D,LXJ614,33.428146,-116.691614,,,65,,6722,-49.5,1569,39.6
2026-07-29T09:31:13.651383,A8ABE6,QXE2290,32.789429,-117.112006,,,104,,3267,-49.5,2021,14.9
2026-07-29T09:31:13.651383,AB635D,SWA1017,32.847538,-117.241666,,,144,,1746,-49.5,1777,12.6
2026-07-29T09:31:13.651383,A1589D,SKW3122,33.017715,-116.664807,,,31,,1373,-33.6,1208,0.2
2026-07-29T09:31:13.651383,A2BE6D,SKW3716,32.913757,-117.280371,,,160,,4723,-49.5,1617,0.9
2026-07-29T09:31:13.651383,ABB507,SWA4511,32.670733,-116.753335,,,89,,6761,-36.2,499,36.0
2026-07-29T09:31:13.651383,ABB5BF,SWA2140,32.974766,-117.590145,,,307,,1362,-49.5,318,26.7
2026-07-29T09:31:13.651383,A2C5A3,EJA278,33.165164,-117.665704,,,311,,4766,-49.5,205,60.1
2026-07-29T09:31:13.651383,A0C3C9,N1487V,33.116089,-116.843939,,,346,,,-37.6,43,4.3
2026-07-29T09:31:13.651383,A8B5AD,QXE2281,32.862156,-117.415093,,,307,,4615,-49.5,42,13.5
2026-07-29T09:31:13.651383,A217EF,,33.320276,-116.771103,,,238,,,-49.5,2,30.7
2026-07-29T09:31:18.688380,A3EF2A,CXK234,33.155228,-117.047736,,,279,,5267,-49.5,4921,0.1
2026-07-29T09:31:18.688380,A12241,N172SX,33.128947,-117.363244,,,338,,5251,-49.5,1818,63.7
2026-07-29T09:31:18.688380,A7FE2D,LXJ614,33.428146,-116.691614,,,65,,6722,-49.5,1569,44.7
2026-07-29T09:31:18.688380,A8ABE6,QXE2290,32.783981,-117.087286,,,104,,3267,-49.5,2038,0.4
2026-07-29T09:31:18.688380,AB635D,SWA1017,32.847538,-117.241666,,,144,,1746,-49.5,1777,17.7
2026-07-29T09:31:18.688380,A1589D,SKW3122,33.018478,-116.664211,,,31,,1373,-35.2,1227,4.9
2026-07-29T09:31:18.688380,A2BE6D,SKW3716,32.90744,-117.277679,,,160,,4723,-49.5,1673,0.0
2026-07-29T09:31:18.688380,ABB507,SWA4511,32.670733,-116.753335,,,89,,6761,-36.2,499,41.1
2026-07-29T09:31:18.688380,ABB5BF,SWA2140,32.974766,-117.590145,,,307,,1362,-49.5,318,31.8
2026-07-29T09:31:18.688380,A0C3C9,N1487V,33.116089,-116.843939,,,346,,,-37.6,43,9.3
2026-07-29T09:31:18.688380,A8B5AD,QXE2281,32.862156,-117.415093,,,307,,4615,-49.5,42,18.6
2026-07-29T09:31:18.688380,A217EF,,33.320276,-116.771103,,,238,,,-49.5,2,35.8
2026-07-29T09:31:23.772531,A3EF2A,CXK234,33.155548,-117.050317,,,278,,5267,-49.5,4954,0.0
2026-07-29T09:31:23.772531,A12241,N172SX,33.128947,-117.363244,,,338,,5251,-49.5,1818,68.8
2026-07-29T09:31:23.772531,A7FE2D,LXJ614,33.428146,-116.691614,,,65,,6722,-49.5,1569,49.8
2026-07-29T09:31:23.772531,A8ABE6,QXE2290,32.78389,-117.086792,,,104,,3267,-35.0,2044,5.0
2026-07-29T09:31:23.772531,AB635D,SWA1017,32.847538,-117.241666,,,144,,1746,-49.5,1777,22.8
2026-07-29T09:31:23.772531,A1589D,SKW3122,33.034027,-116.652832,,,31,,1373,-35.6,1255,0.2
2026-07-29T09:31:23.772531,A2BE6D,SKW3716,32.90382,-117.276194,,,160,,4723,-35.9,1711,1.6
2026-07-29T09:31:23.772531,ABB507,SWA4511,32.670733,-116.753335,,,89,,6761,-36.2,499,46.2
2026-07-29T09:31:23.772531,ABB5BF,SWA2140,32.974766,-117.590145,,,307,,1362,-49.5,318,36.9
2026-07-29T09:31:23.772531,A0C3C9,N1487V,33.116089,-116.843939,,,346,,,-37.6,43,14.4
2026-07-29T09:31:23.772531,A8B5AD,QXE2281,32.862156,-117.415093,,,307,,4615,-49.5,42,23.6
2026-07-29T09:31:23.772531,A217EF,,33.320276,-116.771103,,,238,,,-49.5,2,40.8
2026-07-29T09:31:23.772531,A6F78A,,33.260605,-117.770361,,,138,,7215,-32.5,24,0.6
2026-07-29T09:31:28.847510,A3EF2A,CXK234,33.155823,-117.052625,,,277,,5267,-33.9,4980,0.6
2026-07-29T09:31:28.847510,A12241,N172SX,33.128947,-117.363244,,,338,,5251,-49.5,1818,73.9
2026-07-29T09:31:28.847510,A7FE2D,LXJ614,33.428146,-116.691614,,,65,,6722,-49.5,1569,54.9
2026-07-29T09:31:28.847510,A8ABE6,QXE2290,32.78389,-117.086792,,,104,,3267,-35.0,2044,10.0
2026-07-29T09:31:28.847510,AB635D,SWA1017,32.847538,-117.241666,,,144,,1746,-49.5,1778,27.9
2026-07-29T09:31:28.847510,A1589D,SKW3122,33.034836,-116.652228,,,31,,1373,-36.2,1259,4.7
2026-07-29T09:31:28.847510,A2BE6D,SKW3716,32.897489,-117.27356,,,160,,4723,-35.1,1744,0.6
2026-07-29T09:31:28.847510,ABB507,SWA4511,32.670733,-116.753335,,,89,,6761,-36.2,499,51.3
2026-07-29T09:31:28.847510,ABB5BF,SWA2140,32.974766,-117.590145,,,307,,1362,-49.5,318,41.9
2026-07-29T09:31:28.847510,A0C3C9,N1487V,33.116089,-116.843939,,,346,,,-37.6,43,19.5
2026-07-29T09:31:28.847510,A8B5AD,QXE2281,32.862156,-117.415093,,,307,,4615,-49.5,42,28.7
2026-07-29T09:31:28.847510,A217EF,,33.320276,-116.771103,,,238,,,-49.5,2,45.9
2026-07-29T09:31:28.847510,A6F78A,,33.253474,-117.762844,,,138,,7215,-30.7,52,0.7
2026-07-29T09:31:33.922870,A3EF2A,CXK234,33.15604,-117.054506,,,277,,5267,-49.5,5001,2.1
2026-07-29T09:31:33.922870,A12241,N172SX,33.128947,-117.363244,,,338,,5251,-49.5,1818,79.1
2026-07-29T09:31:33.922870,A7FE2D,LXJ614,33.428146,-116.691614,,,65,,6722,-49.5,1569,60.0
2026-07-29T09:31:33.922870,A8ABE6,QXE2290,32.779665,-117.067846,,,104,,3267,-49.5,2062,0.1
2026-07-29T09:31:33.922870,AB635D,SWA1017,32.847538,-117.241666,,,144,,1746,-49.5,1778,33.0
2026-07-29T09:31:33.922870,A1589D,SKW3122,33.050599,-116.640613,,,31,,1373,-49.5,1289,0.1
2026-07-29T09:31:33.922870,A2BE6D,SKW3716,32.891418,-117.271033,,,160,,4723,-31.3,1772,0.0
2026-07-29T09:31:33.922870,ABB507,SWA4511,32.670733,-116.753335,,,89,,6761,-36.2,499,56.4
2026-07-29T09:31:33.922870,ABB5BF,SWA2140,32.974766,-117.590145,,,307,,1362,-49.5,322,47.1
2026-07-29T09:31:33.922870,A0C3C9,N1487V,33.116089,-116.843939,,,349,,,-49.5,50,24.7
2026-07-29T09:31:33.922870,A8B5AD,QXE2281,32.862156,-117.415093,,,307,,4615,-38.1,43,33.9
2026-07-29T09:31:33.922870,A217EF,,33.320276,-116.771103,,,238,,,-49.5,2,51.1
2026-07-29T09:31:33.922870,A6F78A,VOC4063,33.245094,-117.753987,,,138,,7215,-30.5,84,0.0
2026-07-29T09:31:33.922870,A5CE02,,33.04248,-116.395917,,,301,,,-49.5,9,4.4
2026-07-29T09:31:39.059154,A3EF2A,CXK234,33.15604,-117.054506,,,277,,5267,-49.5,5001,7.1
2026-07-29T09:31:39.059154,A12241,N172SX,33.128947,-117.363244,,,338,,5251,-49.5,1818,84.1
2026-07-29T09:31:39.059154,A7FE2D,LXJ614,33.428146,-116.691614,,,65,,6722,-49.5,1569,65.1
2026-07-29T09:31:39.059154,A8ABE6,QXE2290,32.779083,-117.065149,,,104,,3267,-37.5,2075,3.1
2026-07-29T09:31:39.059154,AB635D,SWA1017,32.847538,-117.241666,,,144,,1746,-49.5,1778,38.1
2026-07-29T09:31:39.059154,A1589D,SKW3122,33.053858,-116.638258,,,31,,1373,-49.5,1302,3.3
2026-07-29T09:31:39.059154,A2BE6D,SKW3716,32.88613,-117.268795,,,160,,4723,-49.5,1830,0.1
2026-07-29T09:31:39.059154,ABB507,SWA4511,32.670733,-116.753335,,,89,,6761,-36.2,499,61.5
2026-07-29T09:31:39.059154,ABB5BF,SWA2140,32.974766,-117.590145,,,307,,1362,-49.5,329,52.1
2026-07-29T09:31:39.059154,A0C3C9,N1487V,33.126297,-116.846631,,,349,,,-34.9,64,3.6
2026-07-29T09:31:39.059154,A8B5AD,QXE2281,32.893112,-117.463184,,,307,,4615,-34.2,60,0.7
2026-07-29T09:31:39.059154,A217EF,,33.320276,-116.771103,,,238,,,-49.5,2,56.1
2026-07-29T09:31:39.059154,A6F78A,VOC4063,33.238037,-117.746576,,,138,,7215,-49.5,110,0.2
2026-07-29T09:31:39.059154,A5CE02,,33.04248,-116.395917,,,301,,,-49.5,9,9.4
2026-07-29T09:31:44.139986,A3EF2A,CXK234,33.15604,-117.054506,,,277,,5267,-49.5,5001,12.2
2026-07-29T09:31:44.139986,A12241,N172SX,33.128947,-117.363244,,,338,,5251,-49.5,1818,89.2
2026-07-29T09:31:44.139986,A7FE2D,LXJ614,33.428146,-116.691614,,,65,,6722,-49.5,1569,70.2
2026-07-29T09:31:44.139986,A8ABE6,QXE2290,32.776825,-117.055234,,,104,,3267,-36.5,2095,0.3
2026-07-29T09:31:44.139986,AB635D,SWA1017,32.847538,-117.241666,,,144,,1746,-49.5,1778,43.1
2026-07-29T09:31:44.139986,A1589D,SKW3122,33.053858,-116.638258,,,31,,1373,-49.5,1302,8.3
2026-07-29T09:31:44.139986,A2BE6D,SKW3716,32.880684,-117.266553,,,160,,4723,-34.4,1844,0.0
2026-07-29T09:31:44.139986,ABB5BF,SWA2140,32.974766,-117.590145,,,307,,1362,-49.5,329,57.2
2026-07-29T09:31:44.139986,A0C3C9,N1487V,33.126297,-116.846631,,,349,,,-34.9,64,8.6
2026-07-29T09:31:44.139986,A8B5AD,QXE2281,32.897095,-117.469336,,,307,,4615,-35.0,68,1.0
2026-07-29T09:31:44.139986,A217EF,,33.320276,-116.771103,,,238,,,-49.5,2,61.2
2026-07-29T09:31:44.139986,A6F78A,VOC4063,33.235382,-117.743774,,,138,,7215,-37.0,119,3.5
2026-07-29T09:31:44.139986,A5CE02,,33.04248,-116.395917,,,301,,,-49.5,9,14.5
2026-07-29T09:31:49.208428,A3EF2A,CXK234,33.15604,-117.054506,,,277,,5267,-49.5,5001,17.3
2026-07-29T09:31:49.208428,A12241,N172SX,33.128947,-117.363244,,,338,,5251,-49.5,1818,94.2
2026-07-29T09:31:49.208428,A7FE2D,LXJ614,33.428146,-116.691614,,,65,,6722,-49.5,1569,75.2
2026-07-29T09:31:49.208428,A8ABE6,QXE2290,32.776825,-117.055234,,,105,,3267,-34.2,2100,5.3
2026-07-29T09:31:49.208428,AB635D,SWA1017,32.847538,-117.241666,,,144,,1746,-49.5,1778,48.2
2026-07-29T09:31:49.208428,A1589D,SKW3122,33.073224,-116.624021,,,31,,1373,-49.5,1309,1.4
2026-07-29T09:31:49.208428,A2BE6D,SKW3716,32.876358,-117.264496,,,156,,4723,-32.3,1856,0.9
2026-07-29T09:31:49.208428,ABB5BF,SWA2140,32.974766,-117.590145,,,307,,1362,-49.5,329,62.3
2026-07-29T09:31:49.208428,A0C3C9,N1487V,33.126297,-116.846631,,,349,,,-34.9,64,13.7
2026-07-29T09:31:49.208428,A8B5AD,QXE2281,32.901398,-117.476038,,,307,,4615,-49.5,89,0.8
2026-07-29T09:31:49.208428,A6F78A,VOC4063,33.235382,-117.743774,,,138,,7215,-37.0,119,8.6
2026-07-29T09:31:49.208428,A5CE02,,33.04248,-116.395917,,,301,,,-49.5,9,19.6
2026-07-29T09:31:54.266922,A3EF2A,CXK234,33.15604,-117.054506,,,277,,5267,-49.5,5001,22.9
2026-07-29T09:31:54.266922,A12241,N172SX,33.128947,-117.363244,,,338,,5251,-49.5,1818,99.9
2026-07-29T09:31:54.266922,A7FE2D,LXJ614,33.428146,-116.691614,,,65,,6722,-49.5,1569,80.8
2026-07-29T09:31:54.266922,A8ABE6,QXE2290,32.776825,-117.055234,,,105,,3267,-34.2,2100,10.9
2026-07-29T09:31:54.266922,AB635D,SWA1017,32.847538,-117.241666,,,104,,1746,-49.5,1782,53.8
2026-07-29T09:31:54.266922,A1589D,SKW3122,33.073224,-116.624021,,,31,,1373,-49.5,1314,7.0
2026-07-29T09:31:54.266922,A2BE6D,SKW3716,32.876358,-117.264496,,,156,,4723,-32.3,1856,6.5
2026-07-29T09:31:54.266922,ABB5BF,SWA2140,32.974766,-117.590145,,,307,,1362,-49.5,329,67.9
2026-07-29T09:31:54.266922,A0C3C9,N1487V,33.126297,-116.846631,,,349,,,-34.9,64,19.3
2026-07-29T09:31:54.266922,A8B5AD,QXE2281,32.90593,-117.483124,,,307,,4615,-49.5,94,0.9
2026-07-29T09:31:54.266922,A6F78A,VOC4063,33.235382,-117.743774,,,138,,7215,-37.0,119,14.2
2026-07-29T09:31:54.266922,A5CE02,UAL718,33.068802,-116.446674,,,301,,,-49.5,18,1.3
2026-07-29T09:31:59.908098,A3EF2A,CXK234,33.15604,-117.054506,,,277,,5267,-49.5,5001,28.0
2026-07-29T09:31:59.908098,A12241,N172SX,33.128947,-117.363244,,,338,,5251,-49.5,1818,105.0
2026-07-29T09:31:59.908098,A7FE2D,LXJ614,33.428146,-116.691614,,,65,,6722,-49.5,1569,85.9
2026-07-29T09:31:59.908098,A8ABE6,QXE2290,32.776825,-117.055234,,,105,,3267,-34.2,2100,16.0
2026-07-29T09:31:59.908098,AB635D,SWA1017,32.847538,-117.241666,,,104,,1746,-34.7,1784,58.9
2026-07-29T09:31:59.908098,A1589D,SKW3122,33.073224,-116.624021,,,31,,1373,-32.5,1328,12.1
2026-07-29T09:31:59.908098,A2BE6D,SKW3716,32.876358,-117.264496,,,147,,4723,-49.5,1861,11.6
2026-07-29T09:31:59.908098,ABB5BF,SWA2140,32.974766,-117.590145,,,307,,1362,-49.5,329,73.0
2026-07-29T09:31:59.908098,A0C3C9,N1487V,33.126297,-116.846631,,,349,,,-49.5,65,24.4
2026-07-29T09:31:59.908098,A8B5AD,QXE2281,32.907623,-117.485706,,,307,,4615,-35.4,100,4.1
2026-07-29T09:31:59.908098,A6F78A,VOC4063,33.235382,-117.743774,,,138,,7215,-37.0,119,19.3
2026-07-29T09:31:59.908098,A5CE02,UAL718,33.075714,-116.459912,,,301,,,-49.5,34,0.3
2026-07-29T09:32:04.962457,A3EF2A,CXK234,33.15604,-117.054506,,,277,,5267,-49.5,5001,33.0
2026-07-29T09:32:04.962457,A12241,N172SX,33.128947,-117.363244,,,338,,5251,-49.5,1818,110.0
2026-07-29T09:32:04.962457,A7FE2D,LXJ614,33.428146,-116.691614,,,65,,6722,-49.5,1569,91.0
2026-07-29T09:32:04.962457,A8ABE6,QXE2290,32.776825,-117.055234,,,105,,3267,-34.2,2100,21.1
2026-07-29T09:32:04.962457,AB635D,SWA1017,32.847538,-117.241666,,,104,,1746,-34.7,1784,64.0
2026-07-29T09:32:04.962457,A1589D,SKW3122,33.100662,-116.603833,,,31,,1373,-31.1,1368,0.1
2026-07-29T09:32:04.962457,A2BE6D,SKW3716,32.876358,-117.264496,,,138,,4723,-36.3,1863,16.7
2026-07-29T09:32:04.962457,ABB5BF,SWA2140,32.974766,-117.590145,,,307,,1362,-49.5,329,78.0
2026-07-29T09:32:04.962457,A0C3C9,N1487V,33.137186,-116.848792,,,351,,,-49.5,69,1.5
2026-07-29T09:32:04.962457,A8B5AD,QXE2281,32.907623,-117.485706,,,307,,4615,-35.4,100,9.1
2026-07-29T09:32:04.962457,A6F78A,VOC4063,33.235382,-117.743774,,,138,,7215,-35.8,120,24.3
2026-07-29T09:32:04.962457,A5CE02,UAL718,33.081116,-116.470349,,,301,,,-34.9,59,0.4
2026-07-29T09:32:04.962457,A12E70,,32.896977,-117.226531,,,68,,4606,-49.5,29,0.1
2026-07-29T09:32:10.013952,A3EF2A,CXK234,33.15604,-117.054506,,,277,,5267,-49.5,5001,38.1
2026-07-29T09:32:10.013952,A12241,N172SX,33.128947,-117.363244,,,338,,5251,-49.5,1818,115.0
2026-07-29T09:32:10.013952,A7FE2D,LXJ614,33.428146,-116.691614,,,65,,6722,-49.5,1569,96.0
2026-07-29T09:32:10.013952,A8ABE6,QXE2290,32.776825,-117.055234,,,105,,3267,-34.2,2100,26.1
2026-07-29T09:32:10.013952,AB635D,SWA1017,32.847538,-117.241666,,,104,,1746,-34.7,1784,69.0
2026-07-29T09:32:10.013952,A1589D,SKW3122,33.108582,-116.597955,,,31,,1373,-49.5,1402,0.2
2026-07-29T09:32:10.013952,A2BE6D,SKW3716,32.876358,-117.264496,,,138,,4723,-36.3,1863,21.7
2026-07-29T09:32:10.013952,ABB5BF,SWA2140,32.974766,-117.590145,,,307,,1362,-49.5,329,83.1
2026-07-29T09:32:10.013952,A0C3C9,N1487V,33.137186,-116.848792,,,351,,,-49.5,70,6.5
2026-07-29T09:32:10.013952,A8B5AD,QXE2281,32.907623,-117.485706,,,307,,4615,-35.4,100,14.1
2026-07-29T09:32:10.013952,A6F78A,VOC4063,33.195423,-117.701634,,,138,,7215,-35.3,127,2.0
2026-07-29T09:32:10.013952,A5CE02,UAL718,33.084443,-116.476771,,,301,,2077,-49.5,74,2.5
2026-07-29T09:32:10.013952,A12E70,CXK654,32.897278,-117.225659,,,67,,4606,-33.8,60,3.1
2026-07-29T09:32:15.055033,A3EF2A,CXK234,33.15604,-117.054506,,,277,,5267,-49.5,5001,43.1
2026-07-29T09:32:15.055033,A12241,N172SX,33.128947,-117.363244,,,338,,5251,-49.5,1818,120.1
2026-07-29T09:32:15.055033,A8ABE6,QXE2290,32.776825,-117.055234,,,105,,3267,-34.2,2100,31.2
2026-07-29T09:32:15.055033,AB635D,SWA1017,32.847538,-117.241666,,,104,,1746,-49.5,1789,74.1
2026-07-29T09:32:15.055033,A1589D,SKW3122,33.115036,-116.593231,,,31,,1373,-49.5,1425,1.3
2026-07-29T09:32:15.055033,A2BE6D,SKW3716,32.856491,-117.243512,,,120,,4723,-49.5,1878,0.5
2026-07-29T09:32:15.055033,ABB5BF,SWA2140,32.974766,-117.590145,,,307,,1362,-49.5,330,88.1
2026-07-29T09:32:15.055033,A0C3C9,N1487V,33.137186,-116.848792,,,351,,,-38.2,71,11.6
2026-07-29T09:32:15.055033,A8B5AD,QXE2281,32.907623,-117.485706,,,307,,4615,-35.4,100,19.2
2026-07-29T09:32:15.055033,A6F78A,VOC4063,33.185182,-117.690872,,,138,,7215,-34.4,147,0.1
2026-07-29T09:32:15.055033,A5CE02,UAL718,33.084443,-116.476771,,,301,,2077,-49.5,74,7.5
2026-07-29T09:32:15.055033,A12E70,CXK654,32.897278,-117.225659,,,67,,4606,-33.8,60,8.1
2026-07-29T09:32:20.117473,A3EF2A,CXK234,33.15604,-117.054506,,,277,,5267,-49.5,5001,48.2
2026-07-29T09:32:20.117473,A8ABE6,QXE2290,32.776825,-117.055234,,,105,,3267,-49.5,2102,36.2
2026-07-29T09:32:20.117473,AB635D,SWA1017,32.847538,-117.241666,,,104,,1746,-49.5,1789,79.1
2026-07-29T09:32:20.117473,A1589D,SKW3122,33.115036,-116.593231,,,31,,1373,-49.5,1429,6.4
2026-07-29T09:32:20.117473,A2BE6D,SKW3716,32.856491,-117.243512,,,120,,4723,-49.5,1878,5.6
2026-07-29T09:32:20.117473,ABB5BF,SWA2140,32.974766,-117.590145,,,317,,1362,-38.1,331,93.2
2026-07-29T09:32:20.117473,A0C3C9,N1487V,33.137186,-116.848792,,,351,,,-36.6,72,16.6
2026-07-29T09:32:20.117473,A8B5AD,QXE2281,32.907623,-117.485706,,,307,,4615,-35.4,100,24.3
2026-07-29T09:32:20.117473,A6F78A,VOC4063,33.179176,-117.684538,,,138,,7215,-33.5,172,1.1
2026-07-29T09:32:20.117473,A5CE02,UAL718,33.084443,-116.476771,,,301,,2077,-49.5,74,12.6
2026-07-29T09:32:20.117473,A12E70,CXK654,32.897278,-117.225659,,,67,,4606,-33.8,60,13.2
2026-07-29T09:32:20.117473,A217EF,,33.259805,-116.889991,,,238,,,-35.0,4,2.4
2026-07-29T09:32:25.168857,A3EF2A,CXK234,33.15604,-117.054506,,,277,,5267,-49.5,5001,53.2
2026-07-29T09:32:25.168857,A8ABE6,QXE2290,32.776825,-117.055234,,,105,,3267,-49.5,2102,41.3
2026-07-29T09:32:25.168857,AB635D,SWA1017,32.847538,-117.241666,,,104,,1746,-49.5,1790,84.2
2026-07-29T09:32:25.168857,A1589D,SKW3122,33.115036,-116.593231,,,31,,1373,-49.5,1430,11.4
2026-07-29T09:32:25.168857,A2BE6D,SKW3716,32.856491,-117.243512,,,120,,4723,-49.5,1878,10.6
2026-07-29T09:32:25.168857,ABB5BF,SWA2140,32.974766,-117.590145,,,317,,1362,-38.1,331,98.2
2026-07-29T09:32:25.168857,A0C3C9,N1487V,33.137186,-116.848792,,,351,,,-36.6,72,21.7
2026-07-29T09:32:25.168857,A8B5AD,QXE2281,32.930328,-117.521082,,,307,,4615,-35.4,104,1.9
2026-07-29T09:32:25.168857,A6F78A,VOC4063,33.174475,-117.679605,,,138,,7215,-49.5,178,3.0
2026-07-29T09:32:25.168857,A5CE02,UAL718,33.101946,-116.51057,,,301,,2077,-49.5,86,1.8
2026-07-29T09:32:25.168857,A12E70,CXK654,32.897278,-117.225659,,,67,,4606,-33.8,60,18.2
2026-07-29T09:32:25.168857,A217EF,,33.255524,-116.898376,,,238,,,-49.5,13,0.5
2026-07-29T09:32:30.220594,A3EF2A,CXK234,33.15604,-117.054506,,,277,,5267,-49.5,5001,58.3
2026-07-29T09:32:30.220594,A8ABE6,QXE2290,32.776825,-117.055234,,,105,,3267,-49.5,2102,46.3
2026-07-29T09:32:30.220594,AB635D,SWA1017,32.847538,-117.241666,,,104,,1746,-37.6,1791,89.2
2026-07-29T09:32:30.220594,A1589D,SKW3122,33.115036,-116.593231,,,31,,1373,-49.5,1430,16.5
2026-07-29T09:32:30.220594,A2BE6D,SKW3716,32.856491,-117.243512,,,120,,4723,-49.5,1878,15.7
2026-07-29T09:32:30.220594,ABB5BF,SWA2140,32.974766,-117.590145,,,317,,1362,-35.6,336,103.3
2026-07-29T09:32:30.220594,A0C3C9,N1487V,33.137186,-116.848792,,,351,,,-36.6,72,26.7
2026-07-29T09:32:30.220594,A8B5AD,QXE2281,32.935289,-117.528824,,,307,,4615,-37.7,107,1.2
2026-07-29T09:32:30.220594,A6F78A,VOC4063,33.174475,-117.679605,,,138,,7215,-49.5,182,8.0
2026-07-29T09:32:30.220594,A5CE02,UAL718,33.108627,-116.523358,,,302,,2077,-30.7,120,0.7
2026-07-29T09:32:30.220594,A12E70,CXK654,32.897278,-117.225659,,,67,,4606,-33.8,60,23.3
2026-07-29T09:32:30.220594,A217EF,LXJ234,33.252543,-116.904172,,,238,,4742,-49.5,42,0.7
2026-07-29T09:32:30.220594,A1BD0A,,33.117262,-117.374454,,,264,,5210,-35.4,12,0.7
2026-07-29T09:32:35.271915,A3EF2A,CXK234,33.15604,-117.054506,,,277,,5267,-49.5,5002,63.3
2026-07-29T09:32:35.271915,A8ABE6,QXE2290,32.776825,-117.055234,,,105,,3267,-49.5,2102,51.4
2026-07-29T09:32:35.271915,AB635D,SWA1017,32.792793,-117.127374,,,104,,1746,-49.5,1822,0.3
2026-07-29T09:32:35.271915,A1589D,SKW3122,33.115036,-116.593231,,,31,,1373,-49.5,1430,21.5
2026-07-29T09:32:35.271915,A2BE6D,SKW3716,32.856491,-117.243512,,,120,,4723,-49.5,1878,20.7
2026-07-29T09:32:35.271915,ABB5BF,SWA2140,32.974766,-117.590145,,,317,,1362,-35.6,336,108.3
2026-07-29T09:32:35.271915,A0C3C9,N1487V,33.137186,-116.848792,,,351,,,-36.6,72,31.8
2026-07-29T09:32:35.271915,A8B5AD,QXE2281,32.937195,-117.531793,,,307,,4615,-49.5,110,3.9
2026-07-29T09:32:35.271915,A6F78A,VOC4063,33.159622,-117.663959,,,138,,7215,-49.5,193,3.0
2026-07-29T09:32:35.271915,A5CE02,UAL718,33.114395,-116.53396,,,303,,2077,-31.4,164,0.9
2026-07-29T09:32:35.271915,A12E70,CXK654,32.901489,-117.214178,,,67,,4606,-35.4,64,0.7
2026-07-29T09:32:35.271915,A217EF,LXJ234,33.249191,-116.91073,,,238,,4742,-31.5,75,0.1
2026-07-29T09:32:35.271915,A1BD0A,,33.117076,-117.377145,,,264,,5210,-49.5,30,0.1
2026-07-29T09:32:40.333924,A3EF2A,CXK234,33.15604,-117.054506,,,270,,5267,-34.4,5004,68.4
2026-07-29T09:32:40.333924,A8ABE6,QXE2290,32.776825,-117.055234,,,105,,3267,-49.5,2102,56.5
2026-07-29T09:32:40.333924,AB635D,SWA1017,32.792793,-117.127374,,,104,,1746,-49.5,1837,5.4
2026-07-29T09:32:40.333924,A1589D,SKW3122,33.115036,-116.593231,,,31,,1373,-49.5,1430,26.6
2026-07-29T09:32:40.333924,A2BE6D,SKW3716,32.856491,-117.243512,,,120,,4723,-37.3,1879,25.8
2026-07-29T09:32:40.333924,ABB5BF,SWA2140,32.974766,-117.590145,,,317,,1362,-35.6,336,113.4
2026-07-29T09:32:40.333924,A0C3C9,N1487V,33.137186,-116.848792,,,351,,,-36.6,72,36.9
2026-07-29T09:32:40.333924,A8B5AD,QXE2281,32.937195,-117.531793,,,307,,4615,-49.5,110,9.0
2026-07-29T09:32:40.333924,A6F78A,VOC4063,33.149231,-117.652917,,,138,,7215,-49.5,206,0.9
2026-07-29T09:32:40.333924,A5CE02,UAL718,33.121262,-116.546045,,,304,,2077,-36.4,179,0.2
2026-07-29T09:32:40.333924,A12E70,CXK654,32.901855,-117.213135,,,67,,4606,-49.5,65,3.4
2026-07-29T09:32:40.333924,A217EF,LXJ234,33.246584,-116.915831,,,238,,4742,-29.4,104,0.8
2026-07-29T09:32:40.333924,A1BD0A,,33.116913,-117.379083,,,263,,5210,-35.5,52,1.1
2026-07-29T09:32:45.400969,A3EF2A,CXK234,33.155182,-117.089703,,,272,,5267,-49.5,5021,1.9
2026-07-29T09:32:45.400969,A8ABE6,QXE2290,32.776825,-117.055234,,,105,,3267,-49.5,2102,61.5
2026-07-29T09:32:45.400969,AB635D,SWA1017,32.792793,-117.127374,,,104,,1746,-35.8,1840,10.4
2026-07-29T09:32:45.400969,A1589D,SKW3122,33.115036,-116.593231,,,31,,1373,-49.5,1430,31.6
2026-07-29T09:32:45.400969,A2BE6D,SKW3716,32.856491,-117.243512,,,120,,4723,-36.2,1880,30.8
2026-07-29T09:32:45.400969,ABB5BF,SWA2140,32.974766,-117.590145,,,317,,1362,-35.6,336,118.5
2026-07-29T09:32:45.400969,A0C3C9,N1487V,33.137186,-116.848792,,,351,,,-36.6,72,41.9
2026-07-29T09:32:45.400969,A8B5AD,QXE2281,32.937195,-117.531793,,,307,,4615,-49.5,110,14.0
2026-07-29T09:32:45.400969,A6F78A,VOC4063,33.149231,-117.652917,,,138,,7215,-49.5,206,6.0
2026-07-29T09:32:45.400969,A5CE02,UAL718,33.121262,-116.546045,,,304,,2077,-36.4,179,5.2
2026-07-29T09:32:45.400969,A12E70,CXK654,32.901855,-117.213135,,,67,,4606,-49.5,65,8.4
2026-07-29T09:32:45.400969,A217EF,LXJ234,33.243301,-116.922272,,,238,,4742,-49.5,137,0.1
2026-07-29T09:32:45.400969,A1BD0A,N2108Z,33.116703,-117.381069,,,262,,5210,-49.5,62,1.9
2026-07-29T09:32:50.438459,A3EF2A,CXK234,33.155202,-117.091613,,,268,,5267,-49.5,5029,2.8
2026-07-29T09:32:50.438459,A8ABE6,QXE2290,32.776825,-117.055234,,,105,,3267,-49.5,2102,66.6
2026-07-29T09:32:50.438459,AB635D,SWA1017,32.792793,-117.127374,,,104,,1746,-35.8,1840,15.5
2026-07-29T09:32:50.438459,A1589D,SKW3122,33.115036,-116.593231,,,31,,1373,-49.5,1430,36.7
2026-07-29T09:32:50.438459,A2BE6D,SKW3716,32.856491,-117.243512,,,120,,4723,-36.2,1880,35.9
2026-07-29T09:32:50.438459,ABB5BF,SWA2140,32.974766,-117.590145,,,317,,1362,-35.6,336,123.5
2026-07-29T09:32:50.438459,A0C3C9,N1487V,33.137186,-116.848792,,,351,,,-36.6,72,47.0
2026-07-29T09:32:50.438459,A8B5AD,QXE2281,32.937195,-117.531793,,,307,,4615,-49.5,110,19.1
2026-07-29T09:32:50.438459,A6F78A,VOC4063,33.149231,-117.652917,,,138,,7215,-49.5,206,11.0
2026-07-29T09:32:50.438459,A5CE02,UAL718,33.121262,-116.546045,,,304,,2077,-36.4,179,10.3
2026-07-29T09:32:50.438459,A12E70,CXK654,32.903961,-117.207642,,,66,,4606,-49.5,105,0.1
2026-07-29T09:32:50.438459,A217EF,LXJ234,33.240486,-116.92777,,,238,,4742,-49.5,170,0.3
2026-07-29T09:32:50.438459,A1BD0A,N2108Z,33.116331,-117.384039,,,260,,5210,-49.5,74,0.5
2026-07-29T09:32:55.520438,A3EF2A,CXK234,33.155202,-117.091613,,,268,,5267,-49.5,5029,7.9
2026-07-29T09:32:55.520438,A8ABE6,QXE2290,32.776825,-117.055234,,,105,,3267,-49.5,2102,71.6
2026-07-29T09:32:55.520438,AB635D,SWA1017,32.792793,-117.127374,,,104,,1746,-35.8,1840,20.6
2026-07-29T09:32:55.520438,A1589D,SKW3122,33.115036,-116.593231,,,31,,1373,-49.5,1430,41.8
2026-07-29T09:32:55.520438,A2BE6D,SKW3716,32.856491,-117.243512,,,120,,4723,-36.2,1880,41.0
2026-07-29T09:32:55.520438,ABB5BF,SWA2140,32.974766,-117.590145,,,317,,1362,-35.6,336,128.6
2026-07-29T09:32:55.520438,A0C3C9,N1487V,33.137186,-116.848792,,,351,,,-36.6,72,52.0
2026-07-29T09:32:55.520438,A8B5AD,QXE2281,32.937195,-117.531793,,,307,,4615,-49.5,110,24.2
2026-07-29T09:32:55.520438,A6F78A,VOC4063,33.149231,-117.652917,,,138,,7215,-49.5,206,16.1
2026-07-29T09:32:55.520438,A5CE02,UAL718,33.121262,-116.546045,,,307,,2077,-35.1,183,15.3
2026-07-29T09:32:55.520438,A12E70,CXK654,32.904704,-117.205568,,,67,,4606,-33.1,152,0.3
2026-07-29T09:32:55.520438,A217EF,LXJ234,33.237553,-116.933544,,,238,,4742,-31.0,203,0.2
2026-07-29T09:32:55.520438,A1BD0A,N2108Z,33.116043,-117.386279,,,264,,5210,-49.5,105,0.9
2026-07-29T09:33:00.586250,A3EF2A,CXK234,33.155202,-117.091613,,,268,,5267,-49.5,5029,12.9
2026-07-29T09:33:00.586250,A8ABE6,QXE2290,32.776825,-117.055234,,,105,,3267,-49.5,2102,76.7
2026-07-29T09:33:00.586250,AB635D,SWA1017,32.792793,-117.127374,,,104,,1746,-35.8,1840,25.7
2026-07-29T09:33:00.586250,A1589D,SKW3122,33.115036,-116.593231,,,31,,1373,-49.5,1433,46.9
2026-07-29T09:33:00.586250,A2BE6D,SKW3716,32.856491,-117.243512,,,120,,4723,-36.2,1880,46.1
2026-07-29T09:33:00.586250,ABB5BF,SWA2140,32.974766,-117.590145,,,317,,1362,-35.6,336,133.7
2026-07-29T09:33:00.586250,A0C3C9,N1487V,33.137186,-116.848792,,,351,,,-36.6,72,57.1
2026-07-29T09:33:00.586250,A8B5AD,QXE2281,32.937195,-117.531793,,,307,,4615,-49.5,110,29.3
2026-07-29T09:33:00.586250,A6F78A,VOC4063,33.149231,-117.652917,,,138,,7215,-49.5,206,21.2
2026-07-29T09:33:00.586250,A5CE02,UAL718,33.146311,-116.586185,,,308,,2077,-49.5,214,0.6
2026-07-29T09:33:00.586250,A12E70,CXK654,32.904877,-117.205115,,,66,,4606,-49.5,169,4.3
2026-07-29T09:33:00.586250,A217EF,LXJ234,33.234899,-116.938813,,,238,,4742,-49.5,234,0.4
2026-07-29T09:33:00.586250,A1BD0A,N2108Z,33.115997,-117.388971,,,273,,5210,-49.5,118,0.4
2026-07-29T09:33:05.703294,A3EF2A,CXK234,33.155202,-117.091613,,,268,,5267,-49.5,5029,18.1
2026-07-29T09:33:05.703294,A8ABE6,QXE2290,32.776825,-117.055234,,,105,,3267,-49.5,2102,81.8
2026-07-29T09:33:05.703294,AB635D,SWA1017,32.792793,-117.127374,,,104,,1746,-49.5,1846,30.8
2026-07-29T09:33:05.703294,A1589D,SKW3122,33.115036,-116.593231,,,31,,1373,-37.2,1435,52.0
2026-07-29T09:33:05.703294,A2BE6D,SKW3716,32.856491,-117.243512,,,120,,4723,-36.2,1880,51.2
2026-07-29T09:33:05.703294,ABB5BF,SWA2140,32.974766,-117.590145,,,317,,1362,-35.6,336,138.8
2026-07-29T09:33:05.703294,A0C3C9,N1487V,33.137186,-116.848792,,,351,,,-36.6,72,62.2
2026-07-29T09:33:05.703294,A8B5AD,QXE2281,32.937195,-117.531793,,,307,,4615,-37.5,111,34.4
2026-07-29T09:33:05.703294,A6F78A,VOC4063,33.149231,-117.652917,,,138,,7215,-49.5,206,26.3
2026-07-29T09:33:05.703294,A5CE02,UAL718,33.153305,-116.596417,,,309,,2077,-49.5,238,0.5
2026-07-29T09:33:05.703294,A12E70,CXK654,32.904877,-117.205115,,,66,,4606,-49.5,169,9.4
2026-07-29T09:33:05.703294,A217EF,LXJ234,33.232013,-116.944418,,,238,,4742,-33.3,267,0.4
2026-07-29T09:33:05.703294,A1BD0A,N2108Z,33.116471,-117.391719,,,287,,5210,-35.5,139,0.0
2026-07-29T09:33:10.770578,A3EF2A,CXK234,33.155202,-117.091613,,,268,,5267,-49.5,5029,23.1
2026-07-29T09:33:10.770578,A8ABE6,QXE2290,32.776825,-117.055234,,,105,,3267,-49.5,2102,86.9
2026-07-29T09:33:10.770578,AB635D,SWA1017,32.792793,-117.127374,,,104,,1746,-49.5,1849,35.8
2026-07-29T09:33:10.770578,A1589D,SKW3122,33.115036,-116.593231,,,31,,1373,-37.2,1435,57.0
2026-07-29T09:33:10.770578,A2BE6D,SKW3716,32.856491,-117.243512,,,120,,4723,-36.2,1880,56.2
2026-07-29T09:33:10.770578,ABB5BF,SWA2140,32.974766,-117.590145,,,317,,1362,-35.6,336,143.8
2026-07-29T09:33:10.770578,A0C3C9,N1487V,33.137186,-116.848792,,,351,,,-36.6,72,67.3
2026-07-29T09:33:10.770578,A8B5AD,QXE2281,32.972305,-117.586505,,,307,,4615,-35.3,127,0.6
2026-07-29T09:33:10.770578,A6F78A,VOC4063,33.149231,-117.652917,,,136,,7215,-49.5,209,31.4
2026-07-29T09:33:10.770578,A5CE02,UAL718,33.157288,-116.60202,,,310,,2077,-49.5,261,2.7
2026-07-29T09:33:10.770578,A12E70,CXK654,32.904877,-117.205115,,,66,,4606,-49.5,170,14.5
2026-07-29T09:33:10.770578,A217EF,LXJ234,33.22934,-116.949628,,,238,,4742,-35.4,287,0.5
2026-07-29T09:33:10.770578,A1BD0A,N2108Z,33.116959,-117.393036,,,299,,5210,-49.5,154,2.2
2026-07-29T09:33:10.770578,A1219F,N172LK,33.206772,-117.293225,,,328,,,-49.5,14,0.4
2026-07-29T09:33:15.834308,A3EF2A,CXK234,33.155202,-117.091613,,,268,,5267,-49.5,5029,28.2
2026-07-29T09:33:15.834308,A8ABE6,QXE2290,32.776825,-117.055234,,,105,,3267,-49.5,2102,92.0
2026-07-29T09:33:15.834308,AB635D,SWA1017,32.792793,-117.127374,,,104,,1746,-49.5,1849,40.9
2026-07-29T09:33:15.834308,A1589D,SKW3122,33.115036,-116.593231,,,31,,1373,-37.2,1435,62.1
2026-07-29T09:33:15.834308,A2BE6D,SKW3716,32.856491,-117.243512,,,120,,4723,-49.5,1881,61.3
2026-07-29T09:33:15.834308,ABB5BF,SWA2140,32.974766,-117.590145,,,317,,1362,-35.6,336,148.9
2026-07-29T09:33:15.834308,A0C3C9,N1487V,33.137186,-116.848792,,,351,,,-36.6,72,72.3
2026-07-29T09:33:15.834308,A8B5AD,QXE2281,32.975189,-117.59101,,,307,,4615,-37.1,143,2.6
2026-07-29T09:33:15.834308,A6F78A,VOC4063,33.149231,-117.652917,,,136,,7215,-32.9,220,36.4
2026-07-29T09:33:15.834308,A5CE02,UAL718,33.165802,-116.613721,,,311,,2077,-49.5,281,1.7
2026-07-29T09:33:15.834308,A12E70,CXK654,32.907211,-117.198743,,,64,,4606,-35.6,176,4.3
2026-07-29T09:33:15.834308,A217EF,LXJ234,33.226706,-116.954844,,,238,,4742,-34.9,307,0.7
2026-07-29T09:33:15.834308,A1BD0A,N2108Z,33.116959,-117.393036,,,299,,5210,-49.5,154,7.3
2026-07-29T09:33:15.834308,A1219F,N172LK,33.207962,-117.293939,,,328,,,-49.5,17,2.9
2026-07-29T09:33:20.911606,A3EF2A,CXK234,33.155202,-117.091613,,,268,,5267,-49.5,5029,33.3
2026-07-29T09:33:20.911606,AB635D,SWA1017,32.779805,-117.068407,,,104,,1746,-35.2,1852,2.3
2026-07-29T09:33:20.911606,A1589D,SKW3122,33.115036,-116.593231,,,31,,1373,-37.2,1435,67.2
2026-07-29T09:33:20.911606,A2BE6D,SKW3716,32.827428,-117.176532,,,120,,4723,-49.5,1882,2.7
2026-07-29T09:33:20.911606,ABB5BF,SWA2140,32.974766,-117.590145,,,317,,1362,-35.6,336,154.0
2026-07-29T09:33:20.911606,A8B5AD,QXE2281,32.981655,-117.601075,,,307,,4615,-35.7,155,0.6
2026-07-29T09:33:20.911606,A6F78A,VOC4063,33.092926,-117.59035,,,136,,7215,-34.9,244,2.8
2026-07-29T09:33:20.911606,A5CE02,UAL718,33.169819,-116.619032,,,311,,2077,-36.5,291,3.9
2026-07-29T09:33:20.911606,A12E70,CXK654,32.907211,-117.198743,,,64,,4606,-35.6,176,9.4
2026-07-29T09:33:20.911606,A217EF,LXJ234,33.226148,-116.955909,,,238,,4742,-49.5,310,4.7
2026-07-29T09:33:20.911606,A1BD0A,N2108Z,33.116959,-117.393036,,,299,,5210,-49.5,154,12.3
2026-07-29T09:33:20.911606,A1219F,N172LK,33.207962,-117.293939,,,328,,,-49.5,17,8.0
2026-07-29T09:33:20.911606,AB0B11,,32.820786,-117.350574,,,307,,,-35.8,7,0.3
2026-07-29T09:33:25.985752,A3EF2A,CXK234,33.155202,-117.091613,,,268,,5267,-49.5,5029,38.3
2026-07-29T09:33:25.985752,AB635D,SWA1017,32.779805,-117.068407,,,104,,1746,-35.2,1852,7.4
2026-07-29T09:33:25.985752,A1589D,SKW3122,33.115036,-116.593231,,,31,,1373,-37.2,1435,72.2
2026-07-29T09:33:25.985752,A2BE6D,SKW3716,32.827428,-117.176532,,,120,,4723,-49.5,1882,7.8
2026-07-29T09:33:25.985752,ABB5BF,SWA2140,32.974766,-117.590145,,,317,,1362,-35.6,336,159.1
2026-07-29T09:33:25.985752,A8B5AD,QXE2281,32.985752,-117.607465,,,307,,4615,-35.8,175,1.4
2026-07-29T09:33:25.985752,A6F78A,VOC4063,33.092926,-117.59035,,,136,,7215,-34.9,244,7.9
2026-07-29T09:33:25.985752,A5CE02,UAL718,33.181595,-116.6341,,,313,,2077,-33.2,308,0.9
2026-07-29T09:33:25.985752,A12E70,CXK654,32.909499,-117.19318,,,64,,4606,-49.5,182,1.4
2026-07-29T09:33:25.985752,A217EF,LXJ234,33.226148,-116.955909,,,238,,4742,-49.5,310,9.8
2026-07-29T09:33:25.985752,A1BD0A,N2108Z,33.116959,-117.393036,,,299,,5210,-49.5,154,17.4
2026-07-29T09:33:25.985752,A1219F,N172LK,33.207962,-117.293939,,,328,,,-49.5,17,13.1
2026-07-29T09:33:25.985752,AB0B11,,32.822845,-117.35376,,,307,,,-49.5,9,2.8
2026-07-29T09:33:31.031121,A3EF2A,CXK234,33.155202,-117.091613,,,268,,5267,-49.5,5029,43.4
2026-07-29T09:33:31.031121,AB635D,SWA1017,32.776593,-117.054169,,,105,,1746,-49.5,1870,1.4
2026-07-29T09:33:31.031121,A1589D,SKW3122,33.115036,-116.593231,,,31,,1373,-37.2,1435,77.3
2026-07-29T09:33:31.031121,A2BE6D,SKW3716,32.827428,-117.176532,,,120,,4723,-49.5,1882,12.8
2026-07-29T09:33:31.031121,A8B5AD,QXE2281,32.989334,-117.613037,,,307,,4615,-49.5,193,2.5
2026-07-29T09:33:31.031121,A6F78A,VOC4063,33.092926,-117.59035,,,136,,7215,-49.5,246,12.9
2026-07-29T09:33:31.031121,A5CE02,UAL718,33.189092,-116.643191,,,314,,2077,-49.5,349,1.0
2026-07-29T09:33:31.031121,A12E70,CXK654,32.909499,-117.19318,,,64,,4606,-49.5,182,6.4
2026-07-29T09:33:31.031121,A217EF,LXJ234,33.226148,-116.955909,,,238,,4742,-49.5,310,14.8
2026-07-29T09:33:31.031121,A1BD0A,N2108Z,33.116959,-117.393036,,,299,,5210,-49.5,154,22.5
2026-07-29T09:33:31.031121,A1219F,N172LK,33.207962,-117.293939,,,328,,,-49.5,17,18.1
2026-07-29T09:33:31.031121,AB0B11,,32.822845,-117.35376,,,307,,,-38.7,11,7.8
2026-07-29T09:33:36.101995,A3EF2A,CXK234,33.155202,-117.091613,,,268,,5267,-49.5,5029,48.4
2026-07-29T09:33:36.101995,AB635D,SWA1017,32.775467,-117.049438,,,105,,1746,-37.1,1871,2.8
2026-07-29T09:33:36.101995,A1589D,SKW3122,33.115036,-116.593231,,,31,,1373,-37.2,1435,82.4
2026-07-29T09:33:36.101995,A2BE6D,SKW3716,32.827428,-117.176532,,,120,,4723,-49.5,1882,17.9
2026-07-29T09:33:36.101995,A8B5AD,QXE2281,32.989334,-117.613037,,,307,,4615,-49.5,198,7.5
2026-07-29T09:33:36.101995,A6F78A,VOC4063,33.067108,-117.561182,,,136,,7215,-49.5,274,0.3
2026-07-29T09:33:36.101995,A5CE02,UAL718,33.198077,-116.654065,,,314,,2077,-49.5,393,0.1
2026-07-29T09:33:36.101995,A12E70,CXK654,32.909499,-117.19318,,,64,,4606,-49.5,182,11.5
2026-07-29T09:33:36.101995,A217EF,LXJ234,33.226148,-116.955909,,,238,,4742,-49.5,313,19.9
2026-07-29T09:33:36.101995,A1BD0A,N2108Z,33.116959,-117.393036,,,299,,5210,-49.5,154,27.5
2026-07-29T09:33:36.101995,A1219F,N172LK,33.207962,-117.293939,,,328,,,-49.5,17,23.2
2026-07-29T09:33:36.101995,AB0B11,,32.822845,-117.35376,,,307,,,-49.5,13,12.9
2026-07-29T09:33:41.163320,A3EF2A,CXK234,33.155202,-117.091613,,,268,,5267,-49.5,5029,53.5
2026-07-29T09:33:41.163320,AB635D,SWA1017,32.775467,-117.049438,,,105,,1746,-37.1,1871,7.8
2026-07-29T09:33:41.163320,A1589D,SKW3122,33.115036,-116.593231,,,31,,1373,-37.2,1435,87.4
2026-07-29T09:33:41.163320,A2BE6D,SKW3716,32.827428,-117.176532,,,120,,4723,-49.5,1882,22.9
2026-07-29T09:33:41.163320,A8B5AD,QXE2281,32.997623,-117.626019,,,307,,4615,-49.5,201,3.7
2026-07-29T09:33:41.163320,A6F78A,VOC4063,33.06102,-117.554315,,,136,,7215,-49.5,297,1.1
2026-07-29T09:33:41.163320,A5CE02,UAL718,33.205307,-116.66272,,,314,,2077,-49.5,434,0.2
2026-07-29T09:33:41.163320,A12E70,CXK654,32.909499,-117.19318,,,64,,4606,-49.5,182,16.5
2026-07-29T09:33:41.163320,A217EF,LXJ234,33.214091,-116.979563,,,238,,4742,-33.4,328,2.0
2026-07-29T09:33:41.163320,A1BD0A,N2108Z,33.116959,-117.393036,,,299,,5210,-49.5,154,32.6
2026-07-29T09:33:41.163320,A1219F,N172LK,33.207962,-117.293939,,,328,,,-49.5,17,28.2
2026-07-29T09:33:41.163320,AB0B11,,32.822845,-117.35376,,,307,,,-49.5,13,17.9
2026-07-29T09:33:46.204437,A3EF2A,CXK234,33.155202,-117.091613,,,268,,5267,-49.5,5029,58.6
2026-07-29T09:33:46.204437,AB635D,SWA1017,32.775467,-117.049438,,,105,,1746,-37.1,1871,12.9
2026-07-29T09:33:46.204437,A1589D,SKW3122,33.115036,-116.593231,,,31,,1373,-37.2,1435,92.5
2026-07-29T09:33:46.204437,A2BE6D,SKW3716,32.827428,-117.176532,,,120,,4723,-49.5,1882,28.0
2026-07-29T09:33:46.204437,A8B5AD,QXE2281,32.997623,-117.626019,,,307,,4615,-49.5,202,8.8
2026-07-29T09:33:46.204437,A6F78A,VOC4063,33.059304,-117.552422,,,136,,7215,-37.5,299,5.1
2026-07-29T09:33:46.204437,A5CE02,UAL718,33.209976,-116.668323,,,314,,2077,-49.5,469,2.3
2026-07-29T09:33:46.204437,A12E70,CXK654,32.909499,-117.19318,,,64,,4606,-49.5,182,21.6
2026-07-29T09:33:46.204437,A217EF,LXJ234,33.211391,-116.984776,,,238,,4742,-49.5,342,1.8
2026-07-29T09:33:46.204437,A1BD0A,N2108Z,33.116959,-117.393036,,,299,,5210,-49.5,154,37.7
2026-07-29T09:33:46.204437,A1219F,N172LK,33.207962,-117.293939,,,328,,,-49.5,17,33.3
2026-07-29T09:33:46.204437,AB0B11,,32.822845,-117.35376,,,307,,,-38.3,15,23.0
2026-07-29T09:33:46.204437,A0C3C9,,33.174801,-116.852716,,,,,,-49.5,2,8.3
2026-07-29T09:33:51.293453,A3EF2A,CXK234,33.155202,-117.091613,,,268,,5267,-49.5,5030,63.7
2026-07-29T09:33:51.293453,AB635D,SWA1017,32.775467,-117.049438,,,105,,1746,-37.1,1871,18.0
2026-07-29T09:33:51.293453,A1589D,SKW3122,33.115036,-116.593231,,,31,,1373,-37.2,1435,97.6
2026-07-29T09:33:51.293453,A2BE6D,SKW3716,32.827428,-117.176532,,,120,,4723,-49.5,1882,33.1
2026-07-29T09:33:51.293453,A8B5AD,QXE2281,32.997623,-117.626019,,,307,,4615,-49.5,202,13.9
2026-07-29T09:33:51.293453,A6F78A,VOC4063,33.059304,-117.552422,,,136,,7215,-36.0,300,10.1
2026-07-29T09:33:51.293453,A5CE02,UAL718,33.209976,-116.668323,,,314,,2077,-35.9,475,7.4
2026-07-29T09:33:51.293453,A12E70,CXK654,32.909499,-117.19318,,,64,,4606,-49.5,182,26.7
2026-07-29T09:33:51.293453,A217EF,LXJ234,33.211391,-116.984776,,,238,,4742,-34.9,344,6.9
2026-07-29T09:33:51.293453,A1BD0A,N2108Z,33.116959,-117.393036,,,299,,5210,-49.5,154,42.7
2026-07-29T09:33:51.293453,A1219F,N172LK,33.207962,-117.293939,,,328,,,-49.5,17,38.4
2026-07-29T09:33:51.293453,AB0B11,,32.822845,-117.35376,,,307,,,-36.3,19,28.1
2026-07-29T09:33:51.293453,A0C3C9,,33.174801,-116.852716,,,,,,-49.5,2,13.4
2026-07-29T09:33:56.378050,A3EF2A,CXK234,33.159348,-117.12085,,,325,,5267,-34.8,5048,1.3
2026-07-29T09:33:56.378050,AB635D,SWA1017,32.775467,-117.049438,,,105,,1746,-37.1,1871,23.1
2026-07-29T09:33:56.378050,A1589D,SKW3122,33.115036,-116.593231,,,31,,1373,-37.2,1435,102.7
2026-07-29T09:33:56.378050,A2BE6D,SKW3716,32.827428,-117.176532,,,120,,4723,-49.5,1882,38.2
2026-07-29T09:33:56.378050,A8B5AD,QXE2281,32.997623,-117.626019,,,307,,4615,-49.5,202,19.0
2026-07-29T09:33:56.378050,A6F78A,VOC4063,33.059304,-117.552422,,,136,,7215,-36.0,300,15.2
2026-07-29T09:33:56.378050,A5CE02,UAL718,33.22773,-116.689659,,,314,,2077,-31.4,504,0.7
2026-07-29T09:33:56.378050,A12E70,CXK654,32.909499,-117.19318,,,64,,4606,-37.2,183,31.8
2026-07-29T09:33:56.378050,A217EF,LXJ234,33.205385,-116.996547,,,238,,4742,-34.0,352,0.5
2026-07-29T09:33:56.378050,A1BD0A,N2108Z,33.116959,-117.393036,,,299,,5210,-49.5,154,47.8
2026-07-29T09:33:56.378050,A1219F,N172LK,33.207962,-117.293939,,,328,,,-49.5,17,43.5
2026-07-29T09:33:56.378050,AB0B11,,32.846561,-117.39071,,,307,,,-49.5,41,3.5
2026-07-29T09:33:56.378050,A0C3C9,,33.174801,-116.852716,,,,,,-49.5,2,18.5
2026-07-29T09:33:56.378050,AB1839,AAL115,32.784622,-116.575708,,,270,,,-35.7,23,0.6
2026-07-29T09:34:01.450335,A3EF2A,CXK234,33.159348,-117.12085,,,325,,5267,-37.2,5051,6.3
2026-07-29T09:34:01.450335,AB635D,SWA1017,32.775467,-117.049438,,,105,,1746,-37.1,1871,28.1
2026-07-29T09:34:01.450335,A1589D,SKW3122,33.115036,-116.593231,,,31,,1373,-37.2,1435,107.7
2026-07-29T09:34:01.450335,A2BE6D,SKW3716,32.827428,-117.176532,,,117,,4723,-34.9,1884,43.2
2026-07-29T09:34:01.450335,A8B5AD,QXE2281,32.997623,-117.626019,,,307,,4615,-38.5,203,24.0
2026-07-29T09:34:01.450335,A6F78A,VOC4063,33.02948,-117.519049,,,136,,7215,-32.5,304,0.0
2026-07-29T09:34:01.450335,A5CE02,UAL718,33.23616,-116.699799,,,314,,2077,-25.0,548,0.0
2026-07-29T09:34:01.450335,A12E70,CXK654,32.909499,-117.19318,,,64,,4606,-37.2,183,36.8
2026-07-29T09:34:01.450335,A217EF,LXJ234,33.205385,-116.996547,,,238,,4742,-37.0,355,5.5
2026-07-29T09:34:01.450335,A1BD0A,N2108Z,33.116959,-117.393036,,,299,,5210,-49.5,154,52.9
2026-07-29T09:34:01.450335,A1219F,N172LK,33.207962,-117.293939,,,328,,,-49.5,17,48.5
2026-07-29T09:34:01.450335,AB0B11,,32.853218,-117.401023,,,307,,,-32.3,48,0.4
2026-07-29T09:34:01.450335,A0C3C9,,33.174801,-116.852716,,,,,,-49.5,2,23.5
2026-07-29T09:34:01.450335,AB1839,AAL115,32.784668,-116.589386,,,270,,,-49.5,61,0.4
2026-07-29T09:34:06.517774,A3EF2A,CXK234,33.159348,-117.12085,,,325,,5267,-35.8,5052,11.4
2026-07-29T09:34:06.517774,AB635D,SWA1017,32.775467,-117.049438,,,105,,1746,-37.1,1871,33.2
2026-07-29T09:34:06.517774,A2BE6D,SKW3716,32.805641,-117.126141,,,117,,4723,-49.5,1929,0.3
2026-07-29T09:34:06.517774,A8B5AD,QXE2281,33.023621,-117.66665,,,307,,4615,-49.5,210,1.2
2026-07-29T09:34:06.517774,A6F78A,VOC4063,33.022018,-117.510699,,,136,,7215,-49.5,341,0.1
2026-07-29T09:34:06.517774,A5CE02,UAL718,33.243668,-116.708807,,,314,,2077,-49.5,593,0.2
2026-07-29T09:34:06.517774,A12E70,CXK654,32.909499,-117.19318,,,64,,4606,-37.2,183,41.9
2026-07-29T09:34:06.517774,A217EF,LXJ234,33.205385,-116.996547,,,238,,4742,-37.0,355,10.6
2026-07-29T09:34:06.517774,A1BD0A,N2108Z,33.116959,-117.393036,,,299,,5210,-49.5,154,57.9
2026-07-29T09:34:06.517774,A1219F,N172LK,33.207962,-117.293939,,,328,,,-49.5,17,53.6
2026-07-29T09:34:06.517774,AB0B11,,32.854111,-117.402429,,,307,,,-49.5,70,4.4
2026-07-29T09:34:06.517774,A0C3C9,,33.174801,-116.852716,,,,,,-49.5,2,28.6
2026-07-29T09:34:06.517774,AB1839,AAL115,32.784646,-116.602777,,,270,,3070,-31.1,120,0.4
2026-07-29T09:34:06.517774,A44C70,,33.262598,-117.615649,,,138,,,-49.5,9,1.6
2026-07-29T09:34:11.596067,A3EF2A,CXK234,33.163768,-117.122946,,,325,,5267,-49.5,5053,4.9
2026-07-29T09:34:11.596067,AB635D,SWA1017,32.775467,-117.049438,,,105,,1746,-37.1,1871,38.3
2026-07-29T09:34:11.596067,A2BE6D,SKW3716,32.805269,-117.125188,,,117,,4723,-49.5,1942,4.5
2026-07-29T09:34:11.596067,A8B5AD,QXE2281,33.023621,-117.66665,,,307,,4615,-49.5,210,6.3
2026-07-29T09:34:11.596067,A6F78A,VOC4063,33.017532,-117.505701,,,136,,7215,-35.6,351,2.1
2026-07-29T09:34:11.596067,A5CE02,UAL718,33.251312,-116.718036,,,314,,2077,-49.5,633,0.0
2026-07-29T09:34:11.596067,A12E70,CXK654,32.909499,-117.19318,,,64,,4606,-37.2,183,47.0
2026-07-29T09:34:11.596067,A217EF,LXJ234,33.205385,-116.996547,,,238,,4742,-37.0,355,15.7
2026-07-29T09:34:11.596067,A1219F,N172LK,33.207962,-117.293939,,,328,,,-49.5,17,58.7
2026-07-29T09:34:11.596067,AB0B11,,32.861618,-117.41413,,,307,,,-30.8,88,0.3
2026-07-29T09:34:11.596067,A0C3C9,,33.174801,-116.852716,,,,,,-49.5,2,33.7
2026-07-29T09:34:11.596067,AB1839,AAL115,32.784622,-116.613556,,,269,,3070,-34.9,155,1.4
2026-07-29T09:34:11.596067,A44C70,,33.255057,-117.607578,,,138,,,-49.5,22,0.8
2026-07-29T09:34:16.668484,A3EF2A,CXK234,33.163768,-117.122946,,,345,,5267,-35.1,5056,10.0
2026-07-29T09:34:16.668484,AB635D,SWA1017,32.775467,-117.049438,,,105,,1746,-37.1,1871,43.3
2026-07-29T09:34:16.668484,A2BE6D,SKW3716,32.801079,-117.115491,,,117,,4723,-34.7,1952,0.4
2026-07-29T09:34:16.668484,A8B5AD,QXE2281,33.023621,-117.66665,,,307,,4615,-49.5,210,11.3
2026-07-29T09:34:16.668484,A6F78A,VOC4063,33.007352,-117.494407,,,136,,7215,-49.5,362,0.3
2026-07-29T09:34:16.668484,A5CE02,UAL718,33.25882,-116.7271,,,314,,2077,-27.4,676,0.2
2026-07-29T09:34:16.668484,A12E70,CXK654,32.917465,-117.171002,,,68,,4606,-36.5,203,0.2
2026-07-29T09:34:16.668484,A217EF,LXJ234,33.205385,-116.996547,,,238,,4742,-37.0,355,20.7
2026-07-29T09:34:16.668484,AB0B11,N810TM,32.86441,-117.418469,,,307,,,-49.5,125,1.9
2026-07-29T09:34:16.668484,A0C3C9,,33.174801,-116.852716,,,,,,-49.5,2,38.8
2026-07-29T09:34:16.668484,AB1839,AAL115,32.784576,-116.63031,,,269,,3070,-49.5,197,0.0
2026-07-29T09:34:16.668484,A44C70,,33.255057,-117.607578,,,138,,,-36.9,23,5.9
2026-07-29T09:34:21.717847,A3EF2A,CXK234,33.170013,-117.124365,,,349,,5267,-49.5,5085,0.3
2026-07-29T09:34:21.717847,AB635D,SWA1017,32.775467,-117.049438,,,105,,1746,-37.1,1871,48.4
2026-07-29T09:34:21.717847,A2BE6D,SKW3716,32.801079,-117.115491,,,117,,4723,-34.7,1952,5.4
2026-07-29T09:34:21.717847,A8B5AD,QXE2281,33.023621,-117.66665,,,307,,4615,-49.5,210,16.4
2026-07-29T09:34:21.717847,A6F78A,VOC4063,32.999718,-117.485943,,,136,,7215,-34.9,395,0.3
2026-07-29T09:34:21.717847,A5CE02,UAL718,33.266647,-116.736493,,,314,,2077,-49.5,725,0.1
2026-07-29T09:34:21.717847,A12E70,CXK654,32.917465,-117.171002,,,68,,4606,-35.2,204,5.2
2026-07-29T09:34:21.717847,A217EF,LXJ234,33.205385,-116.996547,,,238,,4742,-37.0,355,25.8
2026-07-29T09:34:21.717847,AB0B11,N810TM,32.86441,-117.418469,,,307,,,-37.8,127,7.0
2026-07-29T09:34:21.717847,A0C3C9,,33.174801,-116.852716,,,,,,-49.5,2,43.8
2026-07-29T09:34:21.717847,AB1839,AAL115,32.784553,-116.632709,,,269,,3070,-49.5,209,4.3
2026-07-29T09:34:21.717847,A44C70,,33.255057,-117.607578,,,138,,,-36.9,23,11.0
2026-07-29T09:34:26.791947,A3EF2A,CXK234,33.172165,-117.124805,,,351,,5267,-33.4,5127,0.4
2026-07-29T09:34:26.791947,AB635D,SWA1017,32.775467,-117.049438,,,105,,1746,-37.1,1871,53.5
2026-07-29T09:34:26.791947,A2BE6D,SKW3716,32.801079,-117.115491,,,117,,4723,-34.7,1952,10.5
2026-07-29T09:34:26.791947,A8B5AD,QXE2281,33.023621,-117.66665,,,307,,4615,-49.5,210,21.5
2026-07-29T09:34:26.791947,A6F78A,VOC4063,32.998306,-117.484387,,,136,,7215,-36.5,407,4.3
2026-07-29T09:34:26.791947,A5CE02,UAL718,33.272781,-116.743909,,,314,,2077,-49.5,761,1.0
2026-07-29T09:34:26.791947,A12E70,CXK654,32.917465,-117.171002,,,68,,4606,-35.2,204,10.3
2026-07-29T09:34:26.791947,A217EF,LXJ234,33.205385,-116.996547,,,238,,4742,-49.5,358,30.9
2026-07-29T09:34:26.791947,AB0B11,N810TM,32.86441,-117.418469,,,307,,,-37.8,127,12.0
2026-07-29T09:34:26.791947,A0C3C9,,33.174801,-116.852716,,,,,,-37.6,3,48.9
2026-07-29T09:34:26.791947,AB1839,AAL115,32.784553,-116.632709,,,269,,3070,-49.5,210,9.3
2026-07-29T09:34:26.791947,A44C70,,33.255057,-117.607578,,,138,,,-49.5,25,16.0
2026-07-29T09:34:31.868254,A3EF2A,CXK234,33.174475,-117.125244,,,350,,5267,-34.2,5164,0.4
2026-07-29T09:34:31.868254,AB635D,SWA1017,32.775467,-117.049438,,,105,,1746,-37.1,1871,58.5
2026-07-29T09:34:31.868254,A2BE6D,SKW3716,32.801079,-117.115491,,,117,,4723,-34.7,1952,15.6
2026-07-29T09:34:31.868254,A8B5AD,QXE2281,33.023621,-117.66665,,,307,,4615,-49.5,210,26.5
2026-07-29T09:34:31.868254,A6F78A,VOC4063,32.984309,-117.468847,,,136,,7215,-34.3,443,0.0
2026-07-29T09:34:31.868254,A5CE02,UAL718,33.281917,-116.754904,,,314,,2077,-49.5,809,0.0
2026-07-29T09:34:31.868254,A12E70,CXK654,32.917465,-117.171002,,,68,,4606,-35.2,204,15.3
2026-07-29T09:34:31.868254,A217EF,LXJ234,33.185074,-117.02851,,,223,,4742,-36.0,371,0.0
2026-07-29T09:34:31.868254,AB0B11,N810TM,32.86441,-117.418469,,,307,,,-37.8,127,17.1
2026-07-29T09:34:31.868254,A0C3C9,N1487V,33.196152,-116.855035,,,354,,,-34.6,16,0.0
2026-07-29T09:34:31.868254,AB1839,AAL115,32.78446,-116.668303,,,269,,3070,-49.5,217,0.7
2026-07-29T09:34:31.868254,A44C70,,33.255057,-117.607578,,,138,,,-49.5,26,21.1
2026-07-29T09:34:36.936007,A3EF2A,CXK234,33.175598,-117.125464,,,350,,5267,-35.1,5176,3.0
2026-07-29T09:34:36.936007,A2BE6D,SKW3716,32.801079,-117.115491,,,117,,4723,-34.7,1952,20.6
2026-07-29T09:34:36.936007,A8B5AD,QXE2281,33.023621,-117.66665,,,307,,4615,-49.5,210,31.6
2026-07-29T09:34:36.936007,A6F78A,VOC4063,32.978117,-117.462009,,,136,,7215,-34.0,459,0.9
2026-07-29T09:34:36.936007,A5CE02,UAL718,33.289398,-116.763959,,,314,,2077,-49.5,846,0.0
2026-07-29T09:34:36.936007,A12E70,CXK654,32.917465,-117.171002,,,68,,4606,-35.2,204,20.4
2026-07-29T09:34:36.936007,A217EF,LXJ234,33.183105,-117.030762,,,223,,4742,-49.5,385,2.1
2026-07-29T09:34:36.936007,AB0B11,N810TM,32.86441,-117.418469,,,307,,,-37.8,127,22.2
2026-07-29T09:34:36.936007,A0C3C9,N1487V,33.197937,-116.855145,,,357,,5254,-49.5,45,0.3
2026-07-29T09:34:36.936007,AB1839,AAL115,32.78446,-116.670937,,,269,,3070,-35.1,220,4.9
2026-07-29T09:34:36.936007,A44C70,,33.255057,-117.607578,,,138,,,-49.5,26,26.2
2026-07-29T09:34:42.005558,A3EF2A,CXK234,33.175598,-117.125464,,,350,,5267,-49.5,5177,8.0
2026-07-29T09:34:42.005558,A2BE6D,SKW3716,32.801079,-117.115491,,,117,,4723,-49.5,1954,25.7
2026-07-29T09:34:42.005558,A8B5AD,QXE2281,33.023621,-117.66665,,,307,,4615,-49.5,210,36.7
2026-07-29T09:34:42.005558,A6F78A,VOC4063,32.975045,-117.45859,,,136,,7215,-34.9,475,3.9
2026-07-29T09:34:42.005558,A5CE02,UAL718,33.296768,-116.772803,,,314,,2077,-32.7,896,0.2
2026-07-29T09:34:42.005558,A12E70,CXK654,32.92137,-117.160333,,,67,,4606,-49.5,221,0.5
2026-07-29T09:34:42.005558,A217EF,LXJ234,33.178619,-117.035815,,,223,,4742,-49.5,414,0.3
2026-07-29T09:34:42.005558,AB0B11,N810TM,32.86441,-117.418469,,,307,,,-37.8,127,27.2
2026-07-29T09:34:42.005558,A0C3C9,N1487V,33.199997,-116.855255,,,355,,5254,-33.3,72,0.3
2026-07-29T09:34:42.005558,AB1839,AAL115,32.78446,-116.670937,,,269,,3070,-49.5,221,9.9
2026-07-29T09:34:42.005558,A44C70,,33.255057,-117.607578,,,138,,,-49.5,26,31.2
2026-07-29T09:34:47.120511,A3EF2A,CXK234,33.175598,-117.125464,,,350,,5267,-49.5,5177,13.2
2026-07-29T09:34:47.120511,A2BE6D,SKW3716,32.788788,-117.087231,,,117,,4723,-49.5,1966,4.0
2026-07-29T09:34:47.120511,A8B5AD,QXE2281,33.023621,-117.66665,,,307,,4615,-49.5,210,41.9
2026-07-29T09:34:47.120511,A6F78A,VOC4063,32.968918,-117.451758,,,136,,7215,-36.2,483,5.1
2026-07-29T09:34:47.120511,A5CE02,UAL718,33.304402,-116.782033,,,314,,2077,-49.5,929,0.3
2026-07-29T09:34:47.120511,A12E70,CXK654,32.922226,-117.158038,,,66,,4606,-49.5,266,0.5
2026-07-29T09:34:47.120511,A217EF,LXJ234,33.175406,-117.039484,,,223,,4742,-31.5,435,0.7
2026-07-29T09:34:47.120511,AB0B11,N810TM,32.891391,-117.460327,,,307,,,-49.5,150,1.3
2026-07-29T09:34:47.120511,A0C3C9,N1487V,33.201965,-116.855475,,,355,,5254,-31.7,112,0.1
2026-07-29T09:34:47.120511,AB1839,AAL115,32.784413,-116.709613,,,269,,3070,-49.5,226,0.3
2026-07-29T09:34:47.120511,A44C70,,33.255057,-117.607578,,,138,,,-49.5,26,36.4
2026-07-29T09:34:52.302056,A3EF2A,CXK234,33.175598,-117.125464,,,350,,5267,-49.5,5177,18.3
2026-07-29T09:34:52.302056,A2BE6D,SKW3716,32.788788,-117.087231,,,117,,4723,-49.5,1966,9.1
2026-07-29T09:34:52.302056,A8B5AD,QXE2281,33.023621,-117.66665,,,307,,4615,-49.5,210,47.0
2026-07-29T09:34:52.302056,A6F78A,VOC4063,32.954096,-117.435328,,,136,,7215,-49.5,509,0.3
2026-07-29T09:34:52.302056,A5CE02,UAL718,33.311757,-116.79089,,,314,,2077,-31.7,956,0.5
2026-07-29T09:34:52.302056,A12E70,CXK654,32.923141,-117.155621,,,65,,4606,-49.5,318,0.0
2026-07-29T09:34:52.302056,A217EF,LXJ234,33.171982,-117.043286,,,223,,4742,-33.0,459,0.6
2026-07-29T09:34:52.302056,AB0B11,N810TM,32.896545,-117.468347,,,307,,,-49.5,161,0.9
2026-07-29T09:34:52.302056,A0C3C9,N1487V,33.203942,-116.855687,,,354,,5254,-49.5,149,0.2
2026-07-29T09:34:52.302056,AB1839,AAL115,32.784413,-116.723178,,,269,,3070,-29.6,272,0.2
2026-07-29T09:34:52.302056,A44C70,,33.255057,-117.607578,,,138,,,-49.5,26,41.5
2026-07-29T09:34:52.302056,0D10E4,,33.096593,-116.559672,,,293,,4356,-36.9,15,1.4
2026-07-29T09:34:57.359353,A3EF2A,CXK234,33.175598,-117.125464,,,350,,5267,-49.5,5177,23.4
2026-07-29T09:34:57.359353,A2BE6D,SKW3716,32.788788,-117.087231,,,117,,4723,-49.5,1966,14.1
2026-07-29T09:34:57.359353,A8B5AD,QXE2281,33.023621,-117.66665,,,307,,4615,-49.5,210,52.0
2026-07-29T09:34:57.359353,A6F78A,VOC4063,32.946487,-117.426874,,,136,,7215,-49.5,541,0.3
2026-07-29T09:34:57.359353,A5CE02,UAL718,33.317459,-116.797742,,,314,,2077,-49.5,993,1.7
2026-07-29T09:34:57.359353,A12E70,CXK654,32.923931,-117.153551,,,65,,4606,-26.9,388,0.1
2026-07-29T09:34:57.359353,A217EF,LXJ234,33.168609,-117.047107,,,223,,4742,-49.5,478,0.5
2026-07-29T09:34:57.359353,AB0B11,N810TM,32.899017,-117.472192,,,307,,,-35.5,176,3.4
2026-07-29T09:34:57.359353,A0C3C9,N1487V,33.205897,-116.855911,,,354,,5254,-31.2,191,0.1
2026-07-29T09:34:57.359353,AB1839,AAL115,32.784393,-116.736987,,,269,,3070,-30.3,320,0.0
2026-07-29T09:34:57.359353,A44C70,,33.255057,-117.607578,,,138,,,-49.5,26,46.6
2026-07-29T09:34:57.359353,0D10E4,,33.101295,-116.57234,,,293,,4356,-34.9,43,0.5
2026-07-29T09:34:57.359353,A3C649,,33.267288,-117.777118,,,,,,-49.5,2,0.6
2026-07-29T09:35:02.428748,A3EF2A,CXK234,33.175598,-117.125464,,,350,,5267,-49.5,5177,28.4
2026-07-29T09:35:02.428748,A2BE6D,SKW3716,32.780736,-117.068126,,,115,,4723,-36.4,1979,0.8
2026-07-29T09:35:02.428748,A8B5AD,QXE2281,33.023621,-117.66665,,,307,,4615,-49.5,210,57.1
2026-07-29T09:35:02.428748,A6F78A,VOC4063,32.939758,-117.419458,,,136,,7215,-49.5,565,0.8
2026-07-29T09:35:02.428748,A5CE02,UAL718,33.322083,-116.803345,,,314,,2077,-36.5,1003,3.7
2026-07-29T09:35:02.428748,A12E70,CXK654,32.924768,-117.151365,,,65,,4606,-34.1,447,0.2
2026-07-29T09:35:02.428748,A217EF,LXJ234,33.167911,-117.047891,,,225,,4742,-32.9,488,4.6
2026-07-29T09:35:02.428748,AB0B11,N810TM,32.907125,-117.484766,,,307,,,-49.5,186,0.2
2026-07-29T09:35:02.428748,A0C3C9,N1487V,33.207825,-116.856134,,,354,,5254,-49.5,233,0.2
2026-07-29T09:35:02.428748,AB1839,AAL115,32.784348,-116.748962,,,269,,3070,-49.5,373,0.4
2026-07-29T09:35:02.428748,A44C70,DAL2508,33.191071,-117.540198,,,138,,1626,-49.5,34,0.8
2026-07-29T09:35:02.428748,0D10E4,VOI1712,33.105484,-116.583495,,,293,,4356,-49.5,94,0.2
2026-07-29T09:35:02.428748,A3C649,AAL2546,33.260643,-117.770018,,,138,,,-49.5,26,0.7
2026-07-29T09:35:07.466628,A3EF2A,CXK234,33.175598,-117.125464,,,350,,5267,-49.5,5177,33.5
2026-07-29T09:35:07.466628,A2BE6D,SKW3716,32.779083,-117.063556,,,111,,4723,-49.5,1985,1.9
2026-07-29T09:35:07.466628,A6F78A,VOC4063,32.930878,-117.40957,,,136,,7215,-49.5,581,0.2
2026-07-29T09:35:07.466628,A5CE02,UAL718,33.334195,-116.817963,,,314,,2077,-30.8,1043,0.7
2026-07-29T09:35:07.466628,A12E70,CXK654,32.925606,-117.149123,,,65,,4606,-31.0,519,0.1
2026-07-29T09:35:07.466628,A217EF,LXJ234,33.167911,-117.047891,,,225,,4742,-32.9,488,9.7
2026-07-29T09:35:07.466628,AB0B11,N810TM,32.907623,-117.485541,,,307,,,-35.4,188,4.7
2026-07-29T09:35:07.466628,A0C3C9,N1487V,33.209994,-116.856359,,,354,,5254,-49.5,278,0.0
2026-07-29T09:35:07.466628,AB1839,AAL115,32.78432,-116.762751,,,269,,3070,-49.5,433,0.2
2026-07-29T09:35:07.466628,A44C70,DAL2508,33.191071,-117.540198,,,138,,1626,-37.3,39,5.9
2026-07-29T09:35:07.466628,0D10E4,VOI1712,33.109395,-116.593977,,,294,,4356,-49.5,130,0.2
2026-07-29T09:35:07.466628,A3C649,AAL2546,33.253939,-117.762956,,,138,,,-33.5,59,0.9
2026-07-29T09:35:07.466628,A8B5AD,,33.087375,-117.753483,,,,,,-49.5,2,0.4
2026-07-29T09:35:12.551057,A3EF2A,CXK234,33.175598,-117.125464,,,350,,5267,-49.5,5177,38.6
2026-07-29T09:35:12.551057,A2BE6D,SKW3716,32.776872,-117.056243,,,108,,4723,-34.7,2000,0.4
2026-07-29T09:35:12.551057,A6F78A,VOC4063,32.924606,-117.402649,,,136,,7215,-33.1,607,1.1
2026-07-29T09:35:12.551057,A5CE02,UAL718,33.341858,-116.82713,,,314,,2077,-34.1,1080,0.7
2026-07-29T09:35:12.551057,A12E70,CXK654,32.926117,-117.147821,,,65,,4606,-33.8,560,2.0
2026-07-29T09:35:12.551057,A217EF,LXJ234,33.167911,-117.047891,,,225,,4742,-32.9,488,14.8
2026-07-29T09:35:12.551057,AB0B11,N810TM,32.914061,-117.495528,,,307,,,-49.5,189,3.4
2026-07-29T09:35:12.551057,A0C3C9,N1487V,33.211856,-116.856528,,,356,,5254,-49.5,314,0.5
2026-07-29T09:35:12.551057,AB1839,AAL115,32.784256,-116.775549,,,269,,3070,-49.5,502,0.4
2026-07-29T09:35:12.551057,A44C70,DAL2508,33.191071,-117.540198,,,138,,1626,-37.3,39,11.0
2026-07-29T09:35:12.551057,0D10E4,VOI1712,33.110279,-116.596275,,,294,,4356,-35.9,148,4.3
2026-07-29T09:35:12.551057,A3C649,AAL2546,33.246817,-117.755445,,,138,,7244,-49.5,89,0.7
2026-07-29T09:35:12.551057,A8B5AD,,33.087375,-117.753483,,,,,,-49.5,6,5.5
2026-07-29T09:35:17.637684,A3EF2A,CXK234,33.175598,-117.125464,,,350,,5267,-49.5,5177,43.6
2026-07-29T09:35:17.637684,A2BE6D,SKW3716,32.775708,-117.051703,,,107,,4723,-49.5,2006,1.4
2026-07-29T09:35:17.637684,A6F78A,VOC4063,32.915272,-117.392335,,,136,,7215,-49.5,626,0.0
2026-07-29T09:35:17.637684,A5CE02,UAL718,33.341858,-116.82713,,,314,,2077,-34.1,1080,5.7
2026-07-29T09:35:17.637684,A12E70,CXK654,32.926817,-117.14604,,,64,,4606,-37.4,571,3.0
2026-07-29T09:35:17.637684,A217EF,LXJ234,33.160928,-117.062017,,,225,,4742,-49.5,489,4.6
2026-07-29T09:35:17.637684,AB0B11,N810TM,32.914061,-117.495528,,,307,,,-49.5,194,8.4
2026-07-29T09:35:17.637684,A0C3C9,N1487V,33.213867,-116.856683,,,357,,5254,-32.3,356,0.5
2026-07-29T09:35:17.637684,AB1839,AAL115,32.78421,-116.789612,,,269,,3070,-33.6,552,0.0
2026-07-29T09:35:17.637684,A44C70,DAL2508,33.174774,-117.523169,,,138,,1626,-49.5,57,3.1
2026-07-29T09:35:17.637684,0D10E4,VOI1712,33.115723,-116.610809,,,294,,4356,-49.5,149,2.4
2026-07-29T09:35:17.637684,A3C649,AAL2546,33.241196,-117.749487,,,138,,7244,-49.5,106,1.8
2026-07-29T09:35:17.637684,A8B5AD,,33.087375,-117.753483,,,,,,-38.2,7,10.5
2026-07-29T09:35:22.690911,A3EF2A,CXK234,33.175598,-117.125464,,,350,,5267,-49.5,5177,48.7
2026-07-29T09:35:22.690911,A2BE6D,SKW3716,32.775708,-117.051703,,,107,,4723,-49.5,2006,6.5
2026-07-29T09:35:22.690911,A6F78A,VOC4063,32.910756,-117.38729,,,136,,7215,-34.4,643,2.1
2026-07-29T09:35:22.690911,A5CE02,UAL718,33.341858,-116.82713,,,314,,2077,-49.5,1081,10.8
2026-07-29T09:35:22.690911,A12E70,CXK654,32.928223,-117.142712,,,61,,4606,-32.7,611,0.2
2026-07-29T09:35:22.690911,A217EF,LXJ234,33.160928,-117.062017,,,225,,4742,-49.5,489,9.7
2026-07-29T09:35:22.690911,AB0B11,N810TM,32.923558,-117.510214,,,307,,,-36.4,199,4.0
2026-07-29T09:35:22.690911,A0C3C9,N1487V,33.215999,-116.856808,,,357,,5254,-49.5,393,0.0
2026-07-29T09:35:22.690911,AB1839,AAL115,32.78421,-116.802081,,,269,,3070,-49.5,590,0.2
2026-07-29T09:35:22.690911,A44C70,DAL2508,33.164932,-117.512787,,,138,,1626,-32.2,95,0.1
2026-07-29T09:35:22.690911,0D10E4,VOI1712,33.115723,-116.610809,,,294,,4356,-49.5,149,7.5
2026-07-29T09:35:22.690911,A3C649,AAL2546,33.241196,-117.749487,,,138,,7244,-49.5,106,6.8
2026-07-29T09:35:22.690911,A8B5AD,,33.087375,-117.753483,,,,,,-38.2,7,15.6
2026-07-29T09:35:22.690911,A1BD0A,,33.170937,-117.400743,,,341,,,-49.5,6,0.1
2026-07-29T09:35:27.777551,A3EF2A,CXK234,33.175598,-117.125464,,,350,,5267,-49.5,5177,54.1
2026-07-29T09:35:27.777551,A2BE6D,SKW3716,32.775708,-117.051703,,,107,,4723,-49.5,2006,11.8
2026-07-29T09:35:27.777551,A6F78A,VOC4063,32.901865,-117.377537,,,137,,7215,-26.3,672,1.7
2026-07-29T09:35:27.777551,A5CE02,UAL718,33.341858,-116.82713,,,314,,2077,-49.5,1081,16.2
2026-07-29T09:35:27.777551,A12E70,CXK654,32.929051,-117.140883,,,61,,4606,-49.5,674,1.0
2026-07-29T09:35:27.777551,A217EF,LXJ234,33.160928,-117.062017,,,225,,4742,-49.5,489,15.1
2026-07-29T09:35:27.777551,AB0B11,N810TM,32.931891,-117.523162,,,307,,,-49.5,217,1.1
2026-07-29T09:35:27.777551,A0C3C9,N1487V,33.217758,-116.856903,,,357,,5254,-49.5,417,0.7
2026-07-29T09:35:27.777551,AB1839,AAL115,32.784164,-116.814606,,,269,,3070,-30.3,648,0.0
2026-07-29T09:35:27.777551,A44C70,DAL2508,33.160172,-117.507733,,,138,,1626,-29.6,136,1.6
2026-07-29T09:35:27.777551,0D10E4,VOI1712,33.115723,-116.610809,,,294,,4356,-49.5,149,12.8
2026-07-29T09:35:27.777551,A3C649,AAL2546,33.241196,-117.749487,,,138,,7244,-49.5,106,12.2
2026-07-29T09:35:27.777551,A8B5AD,,33.087375,-117.753483,,,,,,-36.9,8,21.0
2026-07-29T09:35:27.777551,A1BD0A,,33.171542,-117.401023,,,341,,,-49.5,9,4.1
2026-07-29T09:35:33.101207,A3EF2A,CXK234,33.175598,-117.125464,,,350,,5267,-49.5,5177,59.1
2026-07-29T09:35:33.101207,A2BE6D,SKW3716,32.775708,-117.051703,,,107,,4723,-49.5,2006,16.9
2026-07-29T09:35:33.101207,A6F78A,VOC4063,32.892927,-117.367672,,,137,,7215,-30.8,719,0.9
2026-07-29T09:35:33.101207,A5CE02,UAL718,33.373581,-116.865308,,,314,,2077,-33.9,1091,0.0
2026-07-29T09:35:33.101207,A12E70,CXK654,32.930099,-117.138428,,,64,,4606,-28.2,747,0.1
2026-07-29T09:35:33.101207,A217EF,LXJ234,33.160928,-117.062017,,,263,,4742,-37.9,491,20.1
2026-07-29T09:35:33.101207,AB0B11,N810TM,32.932434,-117.523993,,,307,,,-36.6,228,5.0
2026-07-29T09:35:33.101207,A0C3C9,N1487V,33.21991,-116.857032,,,357,,5254,-49.5,461,0.3
2026-07-29T09:35:33.101207,AB1839,AAL115,32.784119,-116.829163,,,269,,3070,-49.5,705,0.3
2026-07-29T09:35:33.101207,A44C70,DAL2508,33.152874,-117.500012,,,138,,1626,-32.2,179,0.5
2026-07-29T09:35:33.101207,0D10E4,VOI1712,33.115723,-116.610809,,,294,,4356,-49.5,149,17.8
2026-07-29T09:35:33.101207,A3C649,AAL2546,33.241196,-117.749487,,,138,,7244,-49.5,106,17.2
2026-07-29T09:35:33.101207,A8B5AD,,33.087375,-117.753483,,,,,,-36.9,8,26.0
2026-07-29T09:35:33.101207,A1BD0A,,33.171542,-117.401023,,,341,,,-49.5,10,9.1
2026-07-29T09:35:38.157265,A3EF2A,CXK234,33.175598,-117.125464,,,350,,5267,-49.5,5177,64.2
2026-07-29T09:35:38.157265,A2BE6D,SKW3716,32.775708,-117.051703,,,107,,4723,-49.5,2006,22.0
2026-07-29T09:35:38.157265,A6F78A,VOC4063,32.885246,-117.359152,,,137,,7215,-49.5,738,1.0
2026-07-29T09:35:38.157265,A5CE02,UAL718,33.376418,-116.868747,,,314,,2077,-34.3,1108,3.2
2026-07-29T09:35:38.157265,A12E70,CXK654,32.931006,-117.136287,,,63,,4606,-49.5,825,0.2
2026-07-29T09:35:38.157265,A217EF,LXJ234,33.158615,-117.08811,,,259,,4742,-49.5,497,1.3
2026-07-29T09:35:38.157265,AB0B11,N810TM,32.932434,-117.523993,,,307,,,-49.5,229,10.1
2026-07-29T09:35:38.157265,A0C3C9,N1487V,33.221924,-116.857123,,,358,,5254,-49.5,486,0.4
2026-07-29T09:35:38.157265,AB1839,AAL115,32.784088,-116.842458,,,269,,3070,-49.5,770,0.2
2026-07-29T09:35:38.157265,A44C70,DAL2508,33.146667,-117.493561,,,138,,1626,-34.9,204,0.8
2026-07-29T09:35:38.157265,0D10E4,VOI1712,33.115723,-116.610809,,,294,,4356,-49.5,149,22.9
2026-07-29T09:35:38.157265,A3C649,AAL2546,33.241196,-117.749487,,,138,,7244,-49.5,106,22.3
2026-07-29T09:35:38.157265,A8B5AD,,33.125381,-117.792059,,,,,,-49.5,9,0.0
2026-07-29T09:35:38.157265,A1BD0A,,33.171542,-117.401023,,,341,,,-49.5,10,14.2
2026-07-29T09:35:43.235250,A2BE6D,SKW3716,32.775708,-117.051703,,,107,,4723,-49.5,2006,27.0
2026-07-29T09:35:43.235250,A6F78A,VOC4063,32.877285,-117.350296,,,136,,7215,-49.5,781,0.9
2026-07-29T09:35:43.235250,A5CE02,UAL718,33.386398,-116.880853,,,314,,2077,-36.0,1111,1.5
2026-07-29T09:35:43.235250,A12E70,CXK654,32.931839,-117.134198,,,64,,4606,-49.5,898,0.3
2026-07-29T09:35:43.235250,A217EF,LXJ234,33.158615,-117.08811,,,259,,4742,-49.5,497,6.4
2026-07-29T09:35:43.235250,AB0B11,N810TM,32.932434,-117.523993,,,307,,,-49.5,229,15.2
2026-07-29T09:35:43.235250,A0C3C9,N1487V,33.222336,-116.857178,,,358,,5254,-49.5,490,4.4
2026-07-29T09:35:43.235250,AB1839,AAL115,32.784027,-116.85575,,,269,,3070,-29.3,835,0.3
2026-07-29T09:35:43.235250,A44C70,DAL2508,33.144333,-117.491144,,,139,,1626,-37.1,223,3.9
2026-07-29T09:35:43.235250,0D10E4,VOI1712,33.115723,-116.610809,,,294,,4356,-49.5,149,28.0
2026-07-29T09:35:43.235250,A3C649,AAL2546,33.241196,-117.749487,,,138,,7244,-49.5,106,27.4
2026-07-29T09:35:43.235250,A8B5AD,,33.125381,-117.792059,,,,,,-49.5,10,5.1
2026-07-29T09:35:43.235250,A1BD0A,,33.171542,-117.401023,,,341,,,-49.5,10,19.3
2026-07-29T09:35:48.304972,A2BE6D,SKW3716,32.775708,-117.051703,,,107,,4723,-49.5,2006,32.1
2026-07-29T09:35:48.304972,A6F78A,VOC4063,32.868347,-117.34043,,,136,,7215,-49.5,814,0.0
2026-07-29T09:35:48.304972,A5CE02,UAL718,33.386398,-116.880853,,,314,,2077,-36.0,1111,6.6
2026-07-29T09:35:48.304972,A12E70,CXK654,32.932682,-117.132083,,,66,,4606,-49.5,961,0.5
2026-07-29T09:35:48.304972,A217EF,LXJ234,33.158615,-117.08811,,,259,,4742,-49.5,497,11.5
2026-07-29T09:35:48.304972,AB0B11,N810TM,32.932434,-117.523993,,,307,,,-38.0,231,20.3
2026-07-29T09:35:48.304972,A0C3C9,N1487V,33.222336,-116.857178,,,358,,5254,-36.2,492,9.5
2026-07-29T09:35:48.304972,AB1839,AAL115,32.783981,-116.868768,,,269,,3070,-49.5,898,0.4
2026-07-29T09:35:48.304972,A44C70,DAL2508,33.144333,-117.491144,,,139,,1626,-37.1,223,9.0
2026-07-29T09:35:48.304972,0D10E4,VOI1712,33.115723,-116.610809,,,294,,4356,-49.5,149,33.1
2026-07-29T09:35:48.304972,A3C649,AAL2546,33.241196,-117.749487,,,138,,7244,-49.5,106,32.4
2026-07-29T09:35:48.304972,A8B5AD,,33.125381,-117.792059,,,,,,-37.7,11,10.2
2026-07-29T09:35:48.304972,A1BD0A,,33.171542,-117.401023,,,341,,,-49.5,10,24.3
2026-07-29T09:35:53.353249,A2BE6D,SKW3716,32.775708,-117.051703,,,107,,4723,-49.5,2006,37.2
2026-07-29T09:35:53.353249,A6F78A,VOC4063,32.860573,-117.331854,,,137,,7215,-49.5,857,0.0
2026-07-29T09:35:53.353249,A5CE02,UAL718,33.402674,-116.900473,,,314,,2077,-49.5,1133,0.8
2026-07-29T09:35:53.353249,A12E70,CXK654,32.933487,-117.129749,,,66,,4606,-23.3,1024,0.3
2026-07-29T09:35:53.353249,A217EF,LXJ234,33.158615,-117.08811,,,259,,4742,-49.5,497,16.5
2026-07-29T09:35:53.353249,AB0B11,N810TM,32.957428,-117.562939,,,307,,,-35.8,243,1.6
2026-07-29T09:35:53.353249,A0C3C9,N1487V,33.222336,-116.857178,,,358,,5254,-49.5,493,14.6
2026-07-29T09:35:53.353249,AB1839,AAL115,32.783948,-116.882536,,,269,,3070,-49.5,962,0.0
2026-07-29T09:35:53.353249,A44C70,DAL2508,33.127364,-117.475573,,,145,,1626,-49.5,250,0.8
2026-07-29T09:35:53.353249,0D10E4,VOI1712,33.115723,-116.610809,,,294,,4356,-49.5,149,38.1
2026-07-29T09:35:53.353249,A3C649,AAL2546,33.190256,-117.695636,,,137,,7244,-34.2,120,0.6
2026-07-29T09:35:53.353249,A8B5AD,,33.125381,-117.792059,,,,,,-37.7,11,15.3
2026-07-29T09:35:53.353249,A1BD0A,,33.171542,-117.401023,,,341,,,-49.5,10,29.4
2026-07-29T09:35:58.431601,A2BE6D,SKW3716,32.775708,-117.051703,,,107,,4723,-49.5,2006,42.3
2026-07-29T09:35:58.431601,A6F78A,VOC4063,32.854149,-117.324792,,,137,,7215,-49.5,901,0.9
2026-07-29T09:35:58.431601,A5CE02,UAL718,33.409653,-116.908978,,,314,,2077,-49.5,1158,1.1
2026-07-29T09:35:58.431601,A12E70,CXK654,32.934265,-117.127654,,,65,,4606,-49.5,1085,0.5
2026-07-29T09:35:58.431601,A217EF,LXJ234,33.158615,-117.08811,,,259,,4742,-49.5,497,21.6
2026-07-29T09:35:58.431601,AB0B11,N810TM,32.963733,-117.572713,,,307,,,-49.5,258,0.6
2026-07-29T09:35:58.431601,A0C3C9,N1487V,33.22966,-116.857397,,,0,,5254,-49.5,505,1.2
2026-07-29T09:35:58.431601,AB1839,AAL115,32.783901,-116.895596,,,269,,3070,-49.5,1029,0.1
2026-07-29T09:35:58.431601,A44C70,DAL2508,33.12323,-117.472137,,,145,,1626,-49.5,269,2.8
2026-07-29T09:35:58.431601,0D10E4,VOI1712,33.139747,-116.699916,,,279,,4356,-35.4,171,1.4
2026-07-29T09:35:58.431601,A3C649,AAL2546,33.183273,-117.687565,,,134,,7244,-36.0,131,0.6
2026-07-29T09:35:58.431601,A8B5AD,,33.125381,-117.792059,,,,,,-37.7,11,20.3
2026-07-29T09:35:58.431601,A1BD0A,,33.171542,-117.401023,,,341,,,-49.5,10,34.5
2026-07-29T09:36:03.510768,A2BE6D,SKW3716,32.775708,-117.051703,,,107,,4723,-49.5,2006,47.3
2026-07-29T09:36:03.510768,A6F78A,VOC4063,32.845047,-117.314758,,,137,,7215,-49.5,949,0.0
2026-07-29T09:36:03.510768,A5CE02,UAL718,33.415787,-116.916394,,,314,,2077,-49.5,1173,2.1
2026-07-29T09:36:03.510768,A12E70,CXK654,32.935181,-117.125409,,,64,,4606,-49.5,1158,0.3
2026-07-29T09:36:03.510768,A217EF,LXJ234,33.158615,-117.08811,,,259,,4742,-49.5,497,26.7
2026-07-29T09:36:03.510768,AB0B11,N810TM,32.963733,-117.572713,,,307,,,-37.6,267,5.7
2026-07-29T09:36:03.510768,A0C3C9,N1487V,33.231857,-116.857397,,,0,,5254,-49.5,534,0.8
2026-07-29T09:36:03.510768,AB1839,AAL115,32.783808,-116.909105,,,269,,3070,-22.7,1095,0.0
2026-07-29T09:36:03.510768,A44C70,DAL2508,33.113113,-117.463678,,,144,,1626,-35.2,295,0.0
2026-07-29T09:36:03.510768,0D10E4,VOI1712,33.141586,-116.713531,,,279,,4356,-35.6,227,0.3
2026-07-29T09:36:03.510768,A3C649,AAL2546,33.18187,-117.685822,,,130,,7244,-35.5,143,4.5
2026-07-29T09:36:03.510768,A8B5AD,,33.125381,-117.792059,,,,,,-37.7,11,25.4
2026-07-29T09:36:03.510768,A1BD0A,,33.171542,-117.401023,,,341,,,-49.5,10,39.6
2026-07-29T09:36:08.589968,A2BE6D,SKW3716,32.775708,-117.051703,,,107,,4723,-49.5,2006,52.4
2026-07-29T09:36:08.589968,A6F78A,VOC4063,32.83753,-117.306519,,,137,,7215,-49.5,986,0.3
2026-07-29T09:36:08.589968,A5CE02,UAL718,33.424393,-116.926831,,,314,,2077,-33.9,1184,1.4
2026-07-29T09:36:08.589968,A12E70,CXK654,32.936081,-117.123226,,,64,,4606,-49.5,1242,0.1
2026-07-29T09:36:08.589968,A217EF,LXJ234,33.158615,-117.08811,,,261,,4742,-33.7,499,31.8
2026-07-29T09:36:08.589968,AB0B11,N810TM,32.974486,-117.589473,,,307,,,-49.5,298,0.4
2026-07-29T09:36:08.589968,A0C3C9,N1487V,33.234062,-116.857424,,,357,,5254,-49.5,554,0.4
2026-07-29T09:36:08.589968,AB1839,AAL115,32.783752,-116.922382,,,269,,3070,-26.6,1160,0.0
2026-07-29T09:36:08.589968,A44C70,DAL2508,33.106508,-117.458141,,,144,,1626,-31.7,328,0.1
2026-07-29T09:36:08.589968,0D10E4,VOI1712,33.142819,-116.72273,,,279,,4356,-49.5,269,1.1
2026-07-29T09:36:08.589968,A3C649,AAL2546,33.172256,-117.672308,,,128,,7244,-49.5,154,1.7
2026-07-29T09:36:08.589968,A8B5AD,,33.125381,-117.792059,,,,,,-37.7,11,30.5
2026-07-29T09:36:08.589968,A1BD0A,,33.171542,-117.401023,,,341,,,-49.5,10,44.6
2026-07-29T09:36:13.669049,A2BE6D,SKW3716,32.775708,-117.051703,,,107,,4723,-49.5,2006,57.5
2026-07-29T09:36:13.669049,A6F78A,VOC4063,32.830081,-117.298279,,,137,,7215,-49.5,1018,0.4
2026-07-29T09:36:13.669049,A5CE02,UAL718,33.429162,-116.932647,,,314,,2077,-38.2,1187,3.3
2026-07-29T09:36:13.669049,A12E70,CXK654,32.936874,-117.121124,,,64,,4606,-49.5,1282,0.3
2026-07-29T09:36:13.669049,A217EF,LXJ234,33.158615,-117.08811,,,261,,4742,-49.5,505,36.8
2026-07-29T09:36:13.669049,AB0B11,N810TM,32.977661,-117.59447,,,307,,,-49.5,321,2.3
2026-07-29T09:36:13.669049,A0C3C9,N1487V,33.234421,-116.857452,,,357,,5254,-37.1,563,4.5
2026-07-29T09:36:13.669049,AB1839,AAL115,32.783707,-116.934906,,,269,,3070,-49.5,1213,0.2
2026-07-29T09:36:13.669049,A44C70,DAL2508,33.10025,-117.452856,,,144,,1626,-49.5,369,0.4
2026-07-29T09:36:13.669049,0D10E4,VOI1712,33.142819,-116.72273,,,279,,4356,-49.5,270,6.1
2026-07-29T09:36:13.669049,A3C649,AAL2546,33.172256,-117.672308,,,128,,7244,-49.5,154,6.8
2026-07-29T09:36:13.669049,A8B5AD,,33.125381,-117.792059,,,,,,-37.7,11,35.5
2026-07-29T09:36:13.669049,A1BD0A,,33.171542,-117.401023,,,341,,,-49.5,10,49.7
2026-07-29T09:36:18.719205,A6F78A,VOC4063,32.822354,-117.289759,,,137,,7215,-49.5,1042,0.5
2026-07-29T09:36:18.719205,A5CE02,UAL718,33.441079,-116.947053,,,314,,2077,-33.7,1212,0.3
2026-07-29T09:36:18.719205,A12E70,CXK654,32.937744,-117.118982,,,65,,4606,-49.5,1326,0.4
2026-07-29T09:36:18.719205,A217EF,LXJ234,33.158615,-117.08811,,,261,,4742,-49.5,505,41.9
2026-07-29T09:36:18.719205,AB0B11,N810TM,32.98288,-117.6026,,,307,,,-35.7,332,2.4
2026-07-29T09:36:18.719205,A0C3C9,N1487V,33.234421,-116.857452,,,357,,5254,-37.1,563,9.5
2026-07-29T09:36:18.719205,AB1839,AAL115,32.783622,-116.948174,,,269,,3070,-49.5,1270,0.2
2026-07-29T09:36:18.719205,A44C70,DAL2508,33.093846,-117.447491,,,144,,1626,-31.1,408,0.6
2026-07-29T09:36:18.719205,0D10E4,VOI1712,33.142819,-116.72273,,,279,,4356,-49.5,270,11.2
2026-07-29T09:36:18.719205,A3C649,AAL2546,33.172256,-117.672308,,,128,,7244,-49.5,154,11.8
2026-07-29T09:36:18.719205,A8B5AD,,33.125381,-117.792059,,,,,,-37.7,11,40.6
2026-07-29T09:36:18.719205,A1BD0A,,33.171542,-117.401023,,,341,,,-49.5,10,54.7
2026-07-29T09:36:23.773190,A6F78A,VOC4063,32.81456,-117.281195,,,137,,7215,-22.8,1084,0.5
2026-07-29T09:36:23.773190,A5CE02,UAL718,33.448388,-116.955909,,,314,,2077,-49.5,1249,0.4
2026-07-29T09:36:23.773190,A12E70,CXK654,32.938568,-117.116785,,,66,,4606,-49.5,1385,0.4
2026-07-29T09:36:23.773190,A217EF,LXJ234,33.158615,-117.08811,,,261,,4742,-49.5,505,46.9
2026-07-29T09:36:23.773190,AB0B11,N810TM,32.988693,-117.611664,,,307,,,-36.8,347,1.8
2026-07-29T09:36:23.773190,A0C3C9,N1487V,33.234421,-116.857452,,,357,,5254,-35.7,564,14.6
2026-07-29T09:36:23.773190,AB1839,AAL115,32.783569,-116.961987,,,269,,3070,-49.5,1321,0.0
2026-07-29T09:36:23.773190,A44C70,DAL2508,33.091053,-117.445137,,,144,,1626,-49.5,430,3.6
2026-07-29T09:36:23.773190,0D10E4,VOI1712,33.142819,-116.72273,,,279,,4356,-49.5,270,16.3
2026-07-29T09:36:23.773190,A3C649,AAL2546,33.172256,-117.672308,,,128,,7244,-49.5,154,16.9
2026-07-29T09:36:23.773190,A8B5AD,,33.125381,-117.792059,,,,,,-37.7,11,45.7
2026-07-29T09:36:23.773190,A1BD0A,,33.171542,-117.401023,,,341,,,-49.5,10,59.8
2026-07-29T09:36:28.851178,A6F78A,VOC4063,32.806458,-117.272296,,,137,,7215,-23.5,1124,0.3
2026-07-29T09:36:28.851178,A5CE02,UAL718,33.450165,-116.958032,,,314,,2077,-35.9,1264,4.3
2026-07-29T09:36:28.851178,A12E70,CXK654,32.939392,-117.114478,,,66,,4606,-26.3,1423,0.1
2026-07-29T09:36:28.851178,A217EF,LXJ234,33.158615,-117.08811,,,261,,4742,-49.5,505,52.0
2026-07-29T09:36:28.851178,AB0B11,N810TM,32.991757,-117.616434,,,307,,,-35.9,356,3.9
2026-07-29T09:36:28.851178,A0C3C9,N1487V,33.242065,-116.857837,,,356,,5254,-36.9,571,0.4
2026-07-29T09:36:28.851178,AB1839,AAL115,32.783524,-116.975006,,,269,,3070,-49.5,1361,0.0
2026-07-29T09:36:28.851178,A44C70,DAL2508,33.091053,-117.445137,,,144,,1626,-49.5,430,8.7
2026-07-29T09:36:28.851178,0D10E4,VOI1712,33.14929,-116.768188,,,279,,4356,-49.5,273,0.4
2026-07-29T09:36:28.851178,A3C649,AAL2546,33.172256,-117.672308,,,128,,7244,-37.3,155,22.0
2026-07-29T09:36:28.851178,A8B5AD,,33.125381,-117.792059,,,,,,-37.7,11,50.7
2026-07-29T09:36:28.851178,A1BD0A,,33.171542,-117.401023,,,341,,,-49.5,10,64.9
2026-07-29T09:36:33.931196,A6F78A,VOC4063,32.798538,-117.263562,,,137,,7215,-27.1,1179,0.3
2026-07-29T09:36:33.931196,A5CE02,UAL718,33.463145,-116.973734,,,314,,2077,-31.5,1276,0.8
2026-07-29T09:36:33.931196,A12E70,CXK654,32.940177,-117.112352,,,66,,4606,-26.1,1496,0.4
2026-07-29T09:36:33.931196,A217EF,LXJ234,33.158615,-117.08811,,,261,,4742,-49.5,505,57.1
2026-07-29T09:36:33.931196,AB0B11,N810TM,32.991757,-117.616434,,,307,,,-49.5,361,9.0
2026-07-29T09:36:33.931196,A0C3C9,N1487V,33.243896,-116.858002,,,356,,5254,-35.6,587,1.2
2026-07-29T09:36:33.931196,AB1839,AAL115,32.783482,-116.987747,,,269,,3070,-49.5,1405,0.3
2026-07-29T09:36:33.931196,A44C70,DAL2508,33.073968,-117.430843,,,144,,1626,-49.5,438,0.9
2026-07-29T09:36:33.931196,0D10E4,VOI1712,33.150966,-116.779735,,,279,,4356,-49.5,329,0.3
2026-07-29T09:36:33.931196,A3C649,AAL2546,33.149643,-117.623749,,,128,,7244,-35.3,156,2.5
2026-07-29T09:36:33.931196,A8B5AD,,33.125381,-117.792059,,,,,,-37.7,11,55.9
2026-07-29T09:36:33.931196,AD99F9,,32.845676,-117.390093,,,307,,,-49.5,2,1.5
2026-07-29T09:36:39.011247,A6F78A,VOC4063,32.790985,-117.255267,,,137,,7215,-29.9,1216,0.5
2026-07-29T09:36:39.011247,A5CE02,UAL718,33.470593,-116.982758,,,314,,2077,-35.2,1303,0.9
2026-07-29T09:36:39.011247,A12E70,CXK654,32.940922,-117.110222,,,67,,4606,-49.5,1574,0.4
2026-07-29T09:36:39.011247,A217EF,LXJ234,33.158615,-117.08811,,,261,,4742,-49.5,505,62.2
2026-07-29T09:36:39.011247,AB0B11,N810TM,32.991757,-117.616434,,,307,,,-49.5,365,14.1
2026-07-29T09:36:39.011247,A0C3C9,N1487V,33.246094,-116.858221,,,356,,5254,-49.5,613,0.9
2026-07-29T09:36:39.011247,AB1839,AAL115,32.783389,-117.000247,,,269,,3070,-29.0,1463,0.6
2026-07-29T09:36:39.011247,A44C70,DAL2508,33.073968,-117.430843,,,144,,1626,-49.5,438,6.0
2026-07-29T09:36:39.011247,0D10E4,VOI1712,33.152502,-116.790161,,,279,,4356,-32.1,383,0.5
2026-07-29T09:36:39.011247,A3C649,AAL2546,33.14502,-117.608258,,,128,,7244,-35.6,160,0.4
2026-07-29T09:36:39.011247,A8B5AD,,33.125381,-117.792059,,,,,,-37.7,11,60.9
2026-07-29T09:36:39.011247,AD99F9,,32.845676,-117.390093,,,307,,,-49.5,2,6.6
2026-07-29T09:36:44.091804,A6F78A,VOC4063,32.782837,-117.246259,,,136,,7215,-49.5,1257,0.3
2026-07-29T09:36:44.091804,A5CE02,UAL718,33.470593,-116.982758,,,314,,2077,-33.9,1304,6.0
2026-07-29T09:36:44.091804,A12E70,CXK654,32.941772,-117.107886,,,67,,4606,-28.6,1651,0.2
2026-07-29T09:36:44.091804,A217EF,LXJ234,33.158615,-117.08811,,,261,,4742,-49.5,505,67.3
2026-07-29T09:36:44.091804,AB0B11,N810TM,32.991757,-117.616434,,,307,,,-37.7,367,19.2
2026-07-29T09:36:44.091804,A0C3C9,N1487V,33.247655,-116.858321,,,356,,5254,-49.5,622,2.1
2026-07-29T09:36:44.091804,AB1839,AAL115,32.78334,-117.013513,,,269,,3070,-35.3,1511,0.5
2026-07-29T09:36:44.091804,A44C70,DAL2508,33.073968,-117.430843,,,144,,1626,-49.5,438,11.1
2026-07-29T09:36:44.091804,0D10E4,VOI1712,33.154129,-116.801147,,,279,,4356,-35.2,420,0.5
2026-07-29T09:36:44.091804,A3C649,AAL2546,33.14502,-117.608258,,,109,,7244,-49.5,169,5.4
2026-07-29T09:36:44.091804,A8B5AD,,33.125381,-117.792059,,,,,,-37.7,11,66.0
2026-07-29T09:36:44.091804,AD99F9,,32.845676,-117.390093,,,307,,,-49.5,2,11.7
2026-07-29T09:36:49.167917,A6F78A,VOC4063,32.776245,-117.239008,,,137,,7215,-49.5,1289,1.0
2026-07-29T09:36:49.167917,A5CE02,UAL718,33.48549,-117.000751,,,314,,2077,-33.9,1328,1.0
2026-07-29T09:36:49.167917,A12E70,CXK654,32.942505,-117.105682,,,68,,4606,-17.1,1720,0.1
2026-07-29T09:36:49.167917,A217EF,LXJ234,33.158615,-117.08811,,,261,,4742,-49.5,505,72.3
2026-07-29T09:36:49.167917,AB0B11,N810TM,33.017082,-117.656007,,,307,,,-49.5,386,0.3
2026-07-29T09:36:49.167917,A0C3C9,N1487V,33.247655,-116.858321,,,356,,5254,-49.5,630,7.1
2026-07-29T09:36:49.167917,AB1839,AAL115,32.783295,-117.021863,,,269,,3070,-34.1,1551,2.3
2026-07-29T09:36:49.167917,A44C70,DAL2508,33.052734,-117.413141,,,145,,1626,-31.2,460,0.0
2026-07-29T09:36:49.167917,0D10E4,VOI1712,33.15564,-116.811804,,,279,,4356,-34.1,424,0.6
2026-07-29T09:36:49.167917,A3C649,AAL2546,33.139654,-117.590482,,,109,,7244,-34.2,184,2.2
2026-07-29T09:36:49.167917,AD99F9,,32.845676,-117.390093,,,307,,,-49.5,2,16.7
2026-07-29T09:36:54.230785,A6F78A,VOC4063,32.767096,-117.228886,,,137,,7215,-49.5,1321,0.2
2026-07-29T09:36:54.230785,A5CE02,UAL718,33.493264,-117.010168,,,314,,2077,-49.5,1361,0.9
2026-07-29T09:36:54.230785,A12E70,CXK654,32.94325,-117.10344,,,68,,4606,-49.5,1802,0.2
2026-07-29T09:36:54.230785,A217EF,LXJ234,33.158615,-117.08811,,,261,,4742,-49.5,505,77.4
2026-07-29T09:36:54.230785,AB0B11,N810TM,33.022342,-117.664303,,,307,,,-49.5,433,0.4
2026-07-29T09:36:54.230785,A0C3C9,N1487V,33.251633,-116.858661,,,356,,5254,-37.8,639,2.2
2026-07-29T09:36:54.230785,AB1839,AAL115,32.783203,-117.040045,,,269,,3070,-27.8,1616,0.4
2026-07-29T09:36:54.230785,A44C70,DAL2508,33.046223,-117.40775,,,145,,1626,-28.1,504,0.2
2026-07-29T09:36:54.230785,0D10E4,VOI1712,33.156924,-116.820598,,,279,,4356,-35.9,451,1.6
2026-07-29T09:36:54.230785,A3C649,AAL2546,33.135231,-117.575628,,,109,,7244,-36.6,195,0.5
2026-07-29T09:36:54.230785,AD99F9,ASA222,32.862396,-117.415778,,,307,,,-34.3,19,0.8
2026-07-29T09:36:59.305913,A6F78A,VOC4063,32.759043,-117.219973,,,137,,7215,-49.5,1357,0.0
2026-07-29T09:36:59.305913,A5CE02,UAL718,33.500381,-117.018842,,,314,,2077,-37.2,1383,1.1
2026-07-29T09:36:59.305913,A12E70,CXK654,32.944061,-117.101184,,,65,,4606,-49.5,1874,0.2
2026-07-29T09:36:59.305913,A217EF,LXJ234,33.158615,-117.08811,,,261,,4742,-49.5,505,82.5
2026-07-29T09:36:59.305913,AB0B11,N810TM,33.027145,-117.671759,,,307,,,-35.6,483,0.9
2026-07-29T09:36:59.305913,A0C3C9,N1487V,33.254471,-116.85899,,,356,,5254,-35.4,644,0.4
2026-07-29T09:36:59.305913,AB1839,AAL115,32.783157,-117.053329,,,269,,3070,-28.5,1663,0.4
2026-07-29T09:36:59.305913,A44C70,DAL2508,33.04073,-117.403209,,,145,,1626,-49.5,561,1.0
2026-07-29T09:36:59.305913,0D10E4,VOI1712,33.158844,-116.833447,,,279,,4356,-33.8,464,0.7
2026-07-29T09:36:59.305913,A3C649,AAL2546,33.135231,-117.575628,,,109,,7244,-37.5,199,5.6
2026-07-29T09:36:59.305913,AD99F9,ASA222,32.865463,-117.420557,,,307,,,-49.5,22,1.9
2026-07-29T09:37:04.349682,A6F78A,VOC4063,32.752945,-117.2133,,,137,,7215,-49.5,1385,1.2
2026-07-29T09:37:04.349682,A5CE02,UAL718,33.500381,-117.018842,,,314,,2077,-37.2,1383,6.2
2026-07-29T09:37:04.349682,A12E70,CXK654,32.944977,-117.099042,,,61,,4606,-49.5,1954,0.3
2026-07-29T09:37:04.349682,A217EF,LXJ234,33.158615,-117.08811,,,261,,4742,-49.5,505,87.5
2026-07-29T09:37:04.349682,AB0B11,N810TM,33.028301,-117.673608,,,307,,1363,-49.5,493,4.9
2026-07-29T09:37:04.349682,A0C3C9,N1487V,33.256546,-116.859218,,,355,,5254,-32.7,676,0.3
2026-07-29T09:37:04.349682,AB1839,AAL115,32.783066,-117.067126,,,269,,3070,-49.5,1697,0.2
2026-07-29T09:37:04.349682,A44C70,DAL2508,33.037844,-117.400799,,,144,,1626,-49.5,570,3.9
2026-07-29T09:37:04.349682,0D10E4,VOI1712,33.160602,-116.845541,,,279,,4356,-49.5,518,0.0
2026-07-29T09:37:04.349682,A3C649,AAL2546,33.135231,-117.575628,,,109,,7244,-37.5,199,10.6
2026-07-29T09:37:04.349682,AD99F9,ASA222,32.867889,-117.424347,,,306,,,-49.5,33,3.8
2026-07-29T09:37:09.432607,A6F78A,VOC4063,32.752945,-117.2133,,,137,,7215,-34.9,1388,6.3
2026-07-29T09:37:09.432607,A5CE02,UAL718,33.500381,-117.018842,,,314,,2077,-37.2,1383,11.3
2026-07-29T09:37:09.432607,A12E70,CXK654,32.94595,-117.096994,,,59,,4606,-24.8,2039,0.4
2026-07-29T09:37:09.432607,A217EF,LXJ234,33.158615,-117.08811,,,261,,4742,-49.5,505,92.6
2026-07-29T09:37:09.432607,AB0B11,N810TM,33.028301,-117.673608,,,307,,1363,-49.5,494,10.0
2026-07-29T09:37:09.432607,A0C3C9,N1487V,33.258636,-116.85943,,,356,,5254,-49.5,714,0.3
2026-07-29T09:37:09.432607,AB1839,AAL115,32.783017,-117.080346,,,269,,3070,-49.5,1741,0.1
2026-07-29T09:37:09.432607,A44C70,DAL2508,33.02709,-117.391831,,,144,,1626,-35.3,587,0.7
2026-07-29T09:37:09.432607,0D10E4,VOI1712,33.16214,-116.855914,,,279,,4356,-29.5,583,0.3
2026-07-29T09:37:09.432607,A3C649,AAL2546,33.125427,-117.542725,,,109,,7244,-49.5,202,0.7
2026-07-29T09:37:09.432607,AD99F9,ASA222,32.867889,-117.424347,,,306,,,-49.5,33,8.9
2026-07-29T09:37:14.510685,A6F78A,VOC4063,32.735999,-117.194581,,,137,,7215,-30.0,1415,0.3
2026-07-29T09:37:14.510685,A5CE02,UAL718,33.500381,-117.018842,,,314,,2077,-37.2,1383,16.3
2026-07-29T09:37:14.510685,A12E70,CXK654,32.946991,-117.094757,,,61,,4606,-49.5,2113,0.1
2026-07-29T09:37:14.510685,AB0B11,N810TM,33.028301,-117.673608,,,307,,1363,-35.6,504,15.0
2026-07-29T09:37:14.510685,A0C3C9,N1487V,33.260457,-116.859554,,,356,,5254,-49.5,753,1.0
2026-07-29T09:37:14.510685,AB1839,AAL115,32.78297,-117.09335,,,269,,3070,-23.6,1791,0.2
2026-07-29T09:37:14.510685,A44C70,DAL2508,33.020325,-117.386169,,,144,,1626,-49.5,609,0.4
2026-07-29T09:37:14.510685,0D10E4,VOI1712,33.163488,-116.865328,,,279,,4356,-49.5,626,0.7
2026-07-29T09:37:14.510685,A3C649,AAL2546,33.125427,-117.542725,,,109,,7244,-49.5,209,5.8
2026-07-29T09:37:14.510685,AD99F9,ASA222,32.867889,-117.424347,,,306,,,-49.5,33,14.0
2026-07-29T09:37:19.560409,A6F78A,VOC4063,32.728455,-117.186218,,,136,,7215,-49.5,1454,0.5
2026-07-29T09:37:19.560409,A5CE02,UAL718,33.500381,-117.018842,,,314,,2077,-37.2,1383,21.4
2026-07-29T09:37:19.560409,A12E70,CXK654,32.947952,-117.092615,,,62,,4606,-49.5,2194,0.3
2026-07-29T09:37:19.560409,AB0B11,N810TM,33.028301,-117.673608,,,307,,1363,-35.6,504,20.1
2026-07-29T09:37:19.560409,A0C3C9,N1487V,33.262691,-116.859666,,,358,,5254,-34.1,784,0.7
2026-07-29T09:37:19.560409,AB1839,AAL115,32.782924,-117.106298,,,269,,3070,-29.2,1844,0.3
2026-07-29T09:37:19.560409,A44C70,DAL2508,33.013869,-117.380732,,,144,,1626,-32.9,655,0.5
2026-07-29T09:37:19.560409,0D10E4,VOI1712,33.165253,-116.877393,,,279,,4356,-26.6,680,0.3
2026-07-29T09:37:19.560409,A3C649,AAL2546,33.120893,-117.52731,,,109,,7244,-35.4,216,3.9
2026-07-29T09:37:19.560409,AD99F9,ASA222,32.867889,-117.424347,,,306,,,-49.5,33,19.0
2026-07-29T09:37:24.612383,A6F78A,VOC4063,32.721085,-117.178143,,,137,,7215,-49.5,1497,0.8
2026-07-29T09:37:24.612383,A5CE02,UAL718,33.500381,-117.018842,,,314,,2077,-37.2,1383,26.4
2026-07-29T09:37:24.612383,A12E70,CXK654,32.948789,-117.090716,,,63,,4606,-49.5,2282,0.8
2026-07-29T09:37:24.612383,AB0B11,N810TM,33.028301,-117.673608,,,307,,1363,-35.6,504,25.1
2026-07-29T09:37:24.612383,A0C3C9,N1487V,33.265091,-116.859705,,,359,,5254,-49.5,810,0.0
2026-07-29T09:37:24.612383,AB1839,AAL115,32.782837,-117.119037,,,269,,3070,-31.9,1900,0.4
2026-07-29T09:37:24.612383,A44C70,DAL2508,33.010331,-117.377705,,,144,,1626,-32.7,675,2.7
2026-07-29T09:37:24.612383,0D10E4,VOI1712,33.166607,-116.886852,,,279,,4356,-49.5,750,0.9
2026-07-29T09:37:24.612383,A3C649,AAL2546,33.120893,-117.52731,,,109,,7244,-35.4,216,8.9
2026-07-29T09:37:24.612383,AD99F9,ASA222,32.867889,-117.424347,,,306,,,-49.5,33,24.1
2026-07-29T09:37:29.678776,A6F78A,VOC4063,32.713189,-117.169414,,,137,,7215,-49.5,1537,0.7
2026-07-29T09:37:29.678776,A5CE02,UAL718,33.500381,-117.018842,,,314,,2077,-37.2,1383,31.5
2026-07-29T09:37:29.678776,A12E70,CXK654,32.949829,-117.088165,,,63,,4606,-15.4,2364,0.0
2026-07-29T09:37:29.678776,AB0B11,N810TM,33.028301,-117.673608,,,307,,1363,-35.6,504,30.2
2026-07-29T09:37:29.678776,A0C3C9,N1487V,33.267253,-116.859779,,,358,,5254,-33.7,832,0.0
2026-07-29T09:37:29.678776,AB1839,AAL115,32.782745,-117.133044,,,269,,3070,-36.7,1959,0.0
2026-07-29T09:37:29.678776,A44C70,DAL2508,33.001785,-117.370514,,,144,,1626,-49.5,690,0.9
2026-07-29T09:37:29.678776,0D10E4,VOI1712,33.16832,-116.898376,,,279,,4356,-49.5,814,0.5
2026-07-29T09:37:29.678776,A3C649,AAL2546,33.120893,-117.52731,,,109,,7244,-35.4,216,14.0
2026-07-29T09:37:29.678776,AD99F9,ASA222,32.867889,-117.424347,,,306,,,-49.5,34,29.2
2026-07-29T09:37:29.678776,AD0343,,32.927608,-117.258818,,,333,,,-31.4,24,0.3
2026-07-29T09:37:34.749557,A6F78A,VOC4063,32.705566,-117.16106,,,137,,7215,-32.8,1563,0.9
2026-07-29T09:37:34.749557,A5CE02,UAL718,33.500381,-117.018842,,,314,,2077,-37.2,1383,36.6
2026-07-29T09:37:34.749557,A12E70,CXK654,32.950698,-117.086119,,,63,,4606,-49.5,2445,0.1
2026-07-29T09:37:34.749557,AB0B11,N810TM,33.028301,-117.673608,,,307,,1363,-49.5,505,35.3
2026-07-29T09:37:34.749557,A0C3C9,N1487V,33.269257,-116.859814,,,359,,5254,-49.5,862,0.4
2026-07-29T09:37:34.749557,AB1839,AAL115,32.782691,-117.144694,,,269,,3070,-49.5,2009,0.7
2026-07-29T09:37:34.749557,A44C70,DAL2508,32.994923,-117.364757,,,144,,1626,-49.5,737,0.5
2026-07-29T09:37:34.749557,0D10E4,VOI1712,33.170006,-116.910002,,,279,,4356,-29.1,879,0.0
2026-07-29T09:37:34.749557,A3C649,AAL2546,33.120893,-117.52731,,,109,,7244,-35.4,216,19.1
2026-07-29T09:37:34.749557,AD99F9,ASA222,32.893661,-117.464941,,,306,,,-36.9,39,1.6
2026-07-29T09:37:34.749557,AD0343,,32.92868,-117.259442,,,333,,4664,-34.5,56,2.4
2026-07-29T09:37:39.795878,A6F78A,VOC4063,32.69764,-117.152374,,,137,,7215,-49.5,1597,0.8
2026-07-29T09:37:39.795878,A5CE02,UAL718,33.500381,-117.018842,,,314,,2077,-36.0,1384,41.7
2026-07-29T09:37:39.795878,A12E70,CXK654,32.951614,-117.08399,,,63,,4606,-20.3,2511,0.1
2026-07-29T09:37:39.795878,AB0B11,N810TM,33.072572,-117.736835,,,307,,1363,-37.9,511,1.6
2026-07-29T09:37:39.795878,A0C3C9,N1487V,33.271396,-116.859891,,,358,,5254,-49.5,901,0.3
2026-07-29T09:37:39.795878,AB1839,AAL115,32.782598,-117.158708,,,269,,3070,-25.1,2035,0.2
2026-07-29T09:37:39.795878,A44C70,DAL2508,32.988498,-117.359376,,,144,,1626,-49.5,781,0.3
2026-07-29T09:37:39.795878,0D10E4,VOI1712,33.171542,-116.92054,,,279,,4356,-49.5,954,0.0
2026-07-29T09:37:39.795878,A3C649,AAL2546,33.120893,-117.52731,,,109,,7244,-35.4,216,24.1
2026-07-29T09:37:39.795878,AD99F9,ASA222,32.893661,-117.464941,,,306,,,-35.5,48,6.6
2026-07-29T09:37:39.795878,AD0343,,32.930541,-117.260611,,,331,,4664,-49.5,65,2.1
2026-07-29T09:37:44.875034,A6F78A,VOC4063,32.694397,-117.14881,,,137,,7215,-49.5,1605,3.8
2026-07-29T09:37:44.875034,A5CE02,UAL718,33.500381,-117.018842,,,314,,2077,-36.0,1384,46.7
2026-07-29T09:37:44.875034,A12E70,CXK654,32.95256,-117.081803,,,62,,4606,-49.5,2586,0.0
2026-07-29T09:37:44.875034,AB0B11,N810TM,33.072572,-117.736835,,,307,,1363,-36.5,516,6.6
2026-07-29T09:37:44.875034,A0C3C9,N1487V,33.273285,-116.859924,,,0,,5254,-49.5,937,0.9
2026-07-29T09:37:44.875034,AB1839,AAL115,32.782562,-117.170343,,,269,,3070,-49.5,2098,0.8
2026-07-29T09:37:44.875034,A44C70,DAL2508,32.988498,-117.359376,,,144,,1626,-33.5,784,5.3
2026-07-29T09:37:44.875034,0D10E4,VOI1712,33.172989,-116.930347,,,279,,4356,-29.8,1004,0.5
2026-07-29T09:37:44.875034,A3C649,AAL2546,33.102412,-117.464419,,,109,,7244,-49.5,237,0.7
2026-07-29T09:37:44.875034,AD99F9,ASA222,32.901031,-117.476697,,,307,,,-37.2,59,2.5
2026-07-29T09:37:44.875034,AD0343,CXK240,32.932938,-117.262189,,,329,,4664,-32.4,92,0.0
2026-07-29T09:37:44.875034,0D0DDB,,33.258179,-117.76734,,,138,,2063,-49.5,49,0.4
2026-07-29T09:37:49.952036,A6F78A,VOC4063,32.680801,-117.133868,,,137,,7215,-49.5,1637,0.1
2026-07-29T09:37:49.952036,A5CE02,UAL718,33.500381,-117.018842,,,314,,2077,-36.0,1384,51.8
2026-07-29T09:37:49.952036,A12E70,CXK654,32.953491,-117.079706,,,62,,4606,-49.5,2653,0.2
2026-07-29T09:37:49.952036,AB0B11,N810TM,33.087845,-117.753552,,,307,,1363,-49.5,518,0.2
2026-07-29T09:37:49.952036,A0C3C9,N1487V,33.275726,-116.859891,,,359,,5254,-34.8,956,0.0
2026-07-29T09:37:49.952036,AB1839,AAL115,32.782365,-117.182978,,,268,,3070,-49.5,2157,0.9
2026-07-29T09:37:49.952036,A44C70,DAL2508,32.976562,-117.34931,,,144,,1626,-33.9,807,0.3
2026-07-29T09:37:49.952036,0D10E4,VOI1712,33.174521,-116.940943,,,279,,4356,-49.5,1058,0.5
2026-07-29T09:37:49.952036,A3C649,AAL2546,33.099289,-117.453845,,,109,,7244,-49.5,261,0.9
2026-07-29T09:37:49.952036,AD99F9,ASA222,32.907172,-117.48628,,,307,,1055,-33.8,84,0.0
2026-07-29T09:37:49.952036,AD0343,CXK240,32.934311,-117.263123,,,329,,4664,-49.5,154,1.0
2026-07-29T09:37:49.952036,0D0DDB,AMX649,33.2511,-117.759873,,,138,,2063,-49.5,85,0.4
2026-07-29T09:37:55.003725,A6F78A,VOC4063,32.6759,-117.128495,,,137,,7215,-34.3,1660,2.0
2026-07-29T09:37:55.003725,A5CE02,UAL718,33.500381,-117.018842,,,314,,2077,-36.0,1384,56.8
2026-07-29T09:37:55.003725,A12E70,CXK654,32.954453,-117.077618,,,61,,4606,-49.5,2714,0.3
2026-07-29T09:37:55.003725,AB0B11,N810TM,33.093474,-117.759256,,,319,,1363,-36.8,535,1.2
2026-07-29T09:37:55.003725,A0C3C9,N1487V,33.277681,-116.859947,,,357,,5254,-49.5,973,0.3
2026-07-29T09:37:55.003725,AB1839,AAL115,32.781993,-117.195927,,,267,,3070,-49.5,2214,1.0
2026-07-29T09:37:55.003725,A44C70,DAL2508,32.970483,-117.344186,,,144,,1626,-29.4,840,0.0
2026-07-29T09:37:55.003725,0D10E4,VOI1712,33.175964,-116.950752,,,279,,4356,-33.2,1111,0.8
2026-07-29T09:37:55.003725,A3C649,AAL2546,33.096127,-117.443007,,,109,,7244,-49.5,297,1.2
2026-07-29T09:37:55.003725,AD99F9,ASA222,32.907172,-117.48628,,,307,,1055,-36.5,95,5.1
2026-07-29T09:37:55.003725,AD0343,CXK240,32.936279,-117.264496,,,330,,4664,-49.5,178,0.4
2026-07-29T09:37:55.003725,0D0DDB,AMX649,33.243988,-117.752344,,,138,,2063,-32.8,112,0.3
2026-07-29T09:38:00.055165,A6F78A,VOC4063,32.66645,-117.117845,,,135,,7215,-49.5,1681,1.0
2026-07-29T09:38:00.055165,A5CE02,UAL718,33.500381,-117.018842,,,314,,2077,-36.0,1384,61.9
2026-07-29T09:38:00.055165,A12E70,CXK654,32.955368,-117.075586,,,61,,4606,-29.4,2779,0.5
2026-07-29T09:38:00.055165,AB0B11,N810TM,33.093474,-117.759256,,,319,,1363,-35.6,536,6.3
2026-07-29T09:38:00.055165,A0C3C9,N1487V,33.279648,-116.860089,,,356,,5254,-49.5,982,0.7
2026-07-29T09:38:00.055165,AB1839,AAL115,32.781341,-117.210893,,,266,,3070,-22.5,2271,0.4
2026-07-29T09:38:00.055165,A44C70,DAL2508,32.970483,-117.344186,,,144,,1626,-31.1,844,5.2
2026-07-29T09:38:00.055165,0D10E4,VOI1712,33.177594,-116.962075,,,279,,4356,-33.3,1155,0.4
2026-07-29T09:38:00.055165,A3C649,AAL2546,33.092468,-117.430664,,,109,,7244,-49.5,329,0.5
2026-07-29T09:38:00.055165,AD99F9,ASA222,32.907172,-117.48628,,,307,,1055,-35.1,96,10.1
2026-07-29T09:38:00.055165,AD0343,CXK240,32.938065,-117.265649,,,332,,4664,-29.7,232,0.3
2026-07-29T09:38:00.055165,0D0DDB,AMX649,33.237167,-117.745148,,,138,,2063,-34.1,128,0.5
2026-07-29T09:38:00.055165,A1BD0A,,33.240417,-117.418964,,,,,,-49.5,2,0.0
2026-07-29T09:38:05.136720,A6F78A,VOC4063,32.658051,-117.107611,,,133,,7215,-32.6,1712,0.4
2026-07-29T09:38:05.136720,A5CE02,UAL718,33.500381,-117.018842,,,314,,2077,-36.0,1384,67.0
2026-07-29T09:38:05.136720,A12E70,CXK654,32.956377,-117.073339,,,62,,4606,-49.5,2846,0.4
2026-07-29T09:38:05.136720,AB0B11,N810TM,33.093474,-117.759256,,,319,,1363,-35.6,536,11.3
2026-07-29T09:38:05.136720,A0C3C9,N1487V,33.281964,-116.860339,,,354,,5254,-49.5,998,0.0
2026-07-29T09:38:05.136720,AB1839,AAL115,32.780736,-117.221711,,,265,,3070,-49.5,2318,1.2
2026-07-29T09:38:05.136720,A44C70,DAL2508,32.958893,-117.334424,,,144,,1626,-49.5,881,0.1
2026-07-29T09:38:05.136720,0D10E4,VOI1712,33.179169,-116.972589,,,279,,4356,-49.5,1190,0.5
2026-07-29T09:38:05.136720,A3C649,AAL2546,33.089127,-117.419183,,,109,,7244,-49.5,358,0.4
2026-07-29T09:38:05.136720,AD99F9,ASA222,32.907172,-117.48628,,,307,,1055,-49.5,98,15.2
2026-07-29T09:38:05.136720,AD0343,CXK240,32.939941,-117.266803,,,332,,4664,-49.5,302,0.0
2026-07-29T09:38:05.136720,0D0DDB,AMX649,33.237167,-117.745148,,,138,,2063,-49.5,129,5.6
2026-07-29T09:38:05.136720,A1BD0A,,33.242386,-117.419678,,,341,,,-37.5,15,0.5
2026-07-29T09:38:05.136720,A6E258,,33.265366,-117.619025,,,137,,3736,-36.1,7,1.6
2026-07-29T09:38:10.231031,A6F78A,VOC4063,32.652671,-117.100637,,,132,,7215,-49.5,1725,1.7
2026-07-29T09:38:10.231031,A5CE02,UAL718,33.500381,-117.018842,,,314,,2077,-36.0,1384,72.1
2026-07-29T09:38:10.231031,A12E70,CXK654,32.957308,-117.071153,,,62,,4606,-49.5,2913,0.4
2026-07-29T09:38:10.231031,AB0B11,N810TM,33.093474,-117.759256,,,319,,1363,-35.6,536,16.4
2026-07-29T09:38:10.231031,A0C3C9,N1487V,33.284042,-116.860583,,,353,,5254,-49.5,1013,0.0
2026-07-29T09:38:10.231031,AB1839,AAL115,32.779758,-117.236621,,,265,,3070,-27.2,2371,0.5
2026-07-29T09:38:10.231031,A44C70,DAL2508,32.953629,-117.330029,,,144,,1626,-30.6,908,0.5
2026-07-29T09:38:10.231031,0D10E4,VOI1712,33.180759,-116.983543,,,279,,4356,-32.4,1252,0.2
2026-07-29T09:38:10.231031,A3C649,AAL2546,33.085876,-117.408142,,,109,,7244,-31.2,387,0.6
2026-07-29T09:38:10.231031,AD99F9,ASA222,32.907172,-117.48628,,,307,,1055,-49.5,105,20.3
2026-07-29T09:38:10.231031,AD0343,CXK240,32.941635,-117.267902,,,331,,4664,-32.9,356,0.0
2026-07-29T09:38:10.231031,0D0DDB,AMX649,33.237167,-117.745148,,,138,,2063,-49.5,129,10.6
2026-07-29T09:38:10.231031,A1BD0A,,33.242386,-117.419678,,,341,,,-37.5,15,5.6
2026-07-29T09:38:10.231031,A6E258,,33.26027,-117.613519,,,137,,3736,-49.5,21,2.7
2026-07-29T09:38:15.303560,A6F78A,VOC4063,32.644409,-117.089539,,,131,,7215,-26.6,1752,0.9
2026-07-29T09:38:15.303560,A5CE02,UAL718,33.500381,-117.018842,,,314,,2077,-36.0,1384,77.1
2026-07-29T09:38:15.303560,A12E70,CXK654,32.95824,-117.068967,,,63,,4606,-49.5,2981,0.5
2026-07-29T09:38:15.303560,AB0B11,N810TM,33.093474,-117.759256,,,319,,1363,-35.6,536,21.5
2026-07-29T09:38:15.303560,A0C3C9,N1487V,33.285688,-116.860844,,,353,,5254,-36.1,1027,1.1
2026-07-29T09:38:15.303560,AB1839,AAL115,32.778809,-117.248676,,,264,,3070,-28.9,2423,0.8
2026-07-29T09:38:15.303560,A44C70,DAL2508,32.947905,-117.325296,,,144,,1626,-30.6,951,0.4
2026-07-29T09:38:15.303560,0D10E4,VOI1712,33.181737,-116.990381,,,279,,4356,-49.5,1290,2.0
2026-07-29T09:38:15.303560,A3C649,AAL2546,33.082672,-117.397321,,,109,,7244,-49.5,422,0.7
2026-07-29T09:38:15.303560,AD99F9,ASA222,32.907172,-117.48628,,,307,,1055,-49.5,105,25.4
2026-07-29T09:38:15.303560,AD0343,CXK240,32.943389,-117.268907,,,334,,4664,-31.2,412,0.1
2026-07-29T09:38:15.303560,0D0DDB,AMX649,33.237167,-117.745148,,,138,,2063,-49.5,129,15.7
2026-07-29T09:38:15.303560,A1BD0A,,33.242386,-117.419678,,,341,,,-37.5,15,10.7
2026-07-29T09:38:15.303560,A6E258,,33.251541,-117.603754,,,136,,3736,-49.5,41,0.9
2026-07-29T09:38:20.372189,A6F78A,VOC4063,32.636032,-117.078387,,,131,,7215,-49.5,1785,0.0
2026-07-29T09:38:20.372189,A5CE02,UAL718,33.500381,-117.018842,,,314,,2077,-36.0,1384,82.2
2026-07-29T09:38:20.372189,A12E70,CXK654,32.959167,-117.066742,,,64,,4606,-19.2,3047,0.5
2026-07-29T09:38:20.372189,AB0B11,N810TM,33.093474,-117.759256,,,319,,1363,-35.6,536,26.5
2026-07-29T09:38:20.372189,A0C3C9,N1487V,33.288109,-116.86118,,,352,,5254,-35.6,1055,0.0
2026-07-29T09:38:20.372189,AB1839,AAL115,32.777664,-117.261475,,,263,,3070,-49.5,2474,0.9
2026-07-29T09:38:20.372189,A44C70,DAL2508,32.942458,-117.3207,,,144,,1626,-32.9,991,0.5
2026-07-29T09:38:20.372189,0D10E4,VOI1712,33.183739,-117.004507,,,279,,4356,-32.1,1335,0.2
2026-07-29T09:38:20.372189,A3C649,AAL2546,33.079462,-117.386506,,,109,,7244,-49.5,453,0.9
2026-07-29T09:38:20.372189,AD99F9,ASA222,32.932022,-117.524982,,,307,,1055,-33.2,152,0.2
2026-07-29T09:38:20.372189,AD0343,CXK240,32.944786,-117.269692,,,335,,4664,-49.5,465,1.0
2026-07-29T09:38:20.372189,0D0DDB,AMX649,33.237167,-117.745148,,,138,,2063,-49.5,129,20.8
2026-07-29T09:38:20.372189,A1BD0A,,33.246964,-117.423578,,,341,,,-37.6,19,2.8
2026-07-29T09:38:20.372189,A6E258,,33.245327,-117.596872,,,136,,3736,-36.5,51,0.8
2026-07-29T09:38:25.428008,A6F78A,VOC4063,32.636032,-117.078387,,,131,,7215,-49.5,1789,5.1
2026-07-29T09:38:25.428008,A5CE02,UAL718,33.500381,-117.018842,,,314,,2077,-36.0,1384,87.3
2026-07-29T09:38:25.428008,A12E70,CXK654,32.960055,-117.064595,,,64,,4606,-49.5,3114,0.3
2026-07-29T09:38:25.428008,AB0B11,N810TM,33.093474,-117.759256,,,319,,1363,-49.5,537,31.6
2026-07-29T09:38:25.428008,A0C3C9,N1487V,33.290039,-116.861462,,,352,,5254,-32.2,1088,0.3
2026-07-29T09:38:25.428008,AB1839,AAL115,32.776313,-117.274512,,,262,,3070,-49.5,2509,0.8
2026-07-29T09:38:25.428008,A44C70,DAL2508,32.939665,-117.318346,,,144,,1626,-30.6,1023,2.7
2026-07-29T09:38:25.428008,0D10E4,VOI1712,33.184204,-117.007581,,,279,,4356,-33.5,1372,2.9
2026-07-29T09:38:25.428008,A3C649,AAL2546,33.076859,-117.377655,,,109,,7244,-28.3,483,1.9
2026-07-29T09:38:25.428008,AD99F9,ASA222,32.935867,-117.530914,,,307,,1055,-49.5,213,0.6
2026-07-29T09:38:25.428008,AD0343,CXK240,32.946121,-117.270374,,,335,,4664,-34.5,468,2.6
2026-07-29T09:38:25.428008,0D0DDB,AMX649,33.237167,-117.745148,,,138,,2063,-49.5,129,25.8
2026-07-29T09:38:25.428008,A1BD0A,,33.246964,-117.423578,,,341,,,-37.6,19,7.8
2026-07-29T09:38:25.428008,A6E258,UAL444,33.241837,-117.593042,,,137,,3736,-36.5,67,2.7
2026-07-29T09:38:25.428008,A20008,,33.2108,-117.374249,,,102,,,-34.7,8,1.0
2026-07-29T09:38:30.483099,A6F78A,VOC4063,32.636032,-117.078387,,,131,,7215,-36.7,1792,10.1
2026-07-29T09:38:30.483099,A5CE02,UAL718,33.500381,-117.018842,,,314,,2077,-36.0,1384,92.3
2026-07-29T09:38:30.483099,A12E70,CXK654,32.960999,-117.062347,,,64,,4606,-20.5,3179,0.2
2026-07-29T09:38:30.483099,AB0B11,N810TM,33.138164,-117.804715,,,319,,1363,-49.5,541,4.4
2026-07-29T09:38:30.483099,A0C3C9,N1487V,33.292066,-116.861796,,,352,,5254,-49.5,1125,0.3
2026-07-29T09:38:30.483099,AB1839,AAL115,32.774643,-117.28905,,,261,,3070,-49.5,2533,0.0
2026-07-29T09:38:30.483099,A44C70,DAL2508,32.935382,-117.314758,,,144,,1626,-33.8,1052,4.0
2026-07-29T09:38:30.483099,0D10E4,VOI1712,33.186718,-117.025302,,,279,,4356,-31.3,1440,0.2
2026-07-29T09:38:30.483099,A3C649,AAL2546,33.072418,-117.362604,,,109,,7244,-24.2,520,0.0
2026-07-29T09:38:30.483099,AD99F9,ASA222,32.939529,-117.536572,,,307,,1055,-49.5,241,1.3
2026-07-29T09:38:30.483099,AD0343,CXK240,32.946121,-117.270374,,,335,,4664,-34.5,468,7.7
2026-07-29T09:38:30.483099,0D0DDB,AMX649,33.194911,-117.700569,,,138,,2063,-36.4,139,0.8
2026-07-29T09:38:30.483099,A1BD0A,,33.246964,-117.423578,,,341,,,-37.6,19,12.9
2026-07-29T09:38:30.483099,A6E258,UAL444,33.23178,-117.582298,,,137,,3736,-35.6,72,0.0
2026-07-29T09:38:30.483099,A20008,,33.209885,-117.369086,,,102,,4646,-49.5,42,2.0
2026-07-29T09:38:35.528082,A6F78A,VOC4063,32.614824,-117.050302,,,131,,7215,-49.5,1801,0.0
2026-07-29T09:38:35.528082,A5CE02,UAL718,33.500381,-117.018842,,,314,,2077,-36.0,1384,97.4
2026-07-29T09:38:35.528082,A12E70,CXK654,32.961824,-117.060223,,,65,,4606,-49.5,3241,0.4
2026-07-29T09:38:35.528082,AB0B11,N810TM,33.138164,-117.804715,,,319,,1363,-49.5,541,9.5
2026-07-29T09:38:35.528082,A0C3C9,N1487V,33.294159,-116.862067,,,352,,5254,-49.5,1161,0.3
2026-07-29T09:38:35.528082,AB1839,AAL115,32.773132,-117.3013,,,261,,3070,-49.5,2585,0.4
2026-07-29T09:38:35.528082,A44C70,DAL2508,32.926849,-117.307617,,,144,,1626,-28.1,1083,1.0
2026-07-29T09:38:35.528082,0D10E4,VOI1712,33.188095,-117.034827,,,279,,4356,-33.4,1499,0.5
2026-07-29T09:38:35.528082,A3C649,AAL2546,33.069122,-117.351508,,,109,,7244,-49.5,549,0.3
2026-07-29T09:38:35.528082,AD99F9,ASA222,32.943695,-117.543054,,,307,,1055,-34.9,260,1.4
2026-07-29T09:38:35.528082,AD0343,CXK240,32.946121,-117.270374,,,335,,4664,-49.5,469,12.8
2026-07-29T09:38:35.528082,0D0DDB,AMX649,33.188095,-117.693073,,,136,,2063,-34.0,164,0.9
2026-07-29T09:38:35.528082,A1BD0A,,33.246964,-117.423578,,,341,,,-37.6,19,17.9
2026-07-29T09:38:35.528082,A6E258,UAL444,33.229127,-117.579551,,,139,,3736,-35.8,84,3.1
2026-07-29T09:38:35.528082,A20008,,33.208649,-117.362109,,,101,,4646,-36.4,75,1.3
2026-07-29T09:38:40.578399,A6F78A,VOC4063,32.609237,-117.043015,,,132,,7215,-49.5,1841,1.1
2026-07-29T09:38:40.578399,A12E70,CXK654,32.962755,-117.057869,,,66,,4606,-49.5,3301,0.0
2026-07-29T09:38:40.578399,AB0B11,N810TM,33.138164,-117.804715,,,319,,1363,-49.5,541,14.5
2026-07-29T09:38:40.578399,A0C3C9,N1487V,33.296219,-116.862396,,,353,,5254,-33.7,1199,0.5
2026-07-29T09:38:40.578399,AB1839,AAL115,32.771658,-117.313245,,,261,,3070,-34.3,2607,0.8
2026-07-29T09:38:40.578399,A44C70,DAL2508,32.920624,-117.302399,,,144,,1626,-49.5,1126,0.0
2026-07-29T09:38:40.578399,0D10E4,VOI1712,33.189651,-117.045593,,,279,,4356,-49.5,1565,0.3
2026-07-29T09:38:40.578399,A3C649,AAL2546,33.066238,-117.34173,,,109,,7244,-49.5,585,0.9
2026-07-29T09:38:40.578399,AD99F9,ASA222,32.943695,-117.543054,,,307,,1055,-34.9,260,6.4
2026-07-29T09:38:40.578399,AD0343,CXK240,32.946121,-117.270374,,,335,,4664,-49.5,469,17.8
2026-07-29T09:38:40.578399,0D0DDB,AMX649,33.186722,-117.691479,,,132,,2063,-49.5,173,5.0
2026-07-29T09:38:40.578399,A1BD0A,,33.246964,-117.423578,,,341,,,-37.6,19,23.0
2026-07-29T09:38:40.578399,A6E258,UAL444,33.229127,-117.579551,,,139,,3736,-35.8,84,8.2
2026-07-29T09:38:40.578399,A20008,,33.208649,-117.362109,,,101,,4646,-49.5,77,6.4
2026-07-29T09:38:45.659957,A6F78A,VOC4063,32.600486,-117.03158,,,132,,7215,-49.5,1881,0.0
2026-07-29T09:38:45.659957,A12E70,CXK654,32.963546,-117.055683,,,66,,4606,-49.5,3354,0.0
2026-07-29T09:38:45.659957,AB0B11,N810TM,33.138164,-117.804715,,,319,,1363,-49.5,541,19.6
2026-07-29T09:38:45.659957,A0C3C9,N1487V,33.29835,-116.862693,,,352,,5254,-33.7,1247,0.4
2026-07-29T09:38:45.659957,AB1839,AAL115,32.771658,-117.313245,,,261,,3070,-33.1,2612,5.9
2026-07-29T09:38:45.659957,A44C70,DAL2508,32.917603,-117.299872,,,145,,1626,-49.5,1153,2.3
2026-07-29T09:38:45.659957,0D10E4,VOI1712,33.19114,-117.056131,,,279,,4356,-28.1,1631,0.2
2026-07-29T09:38:45.659957,A3C649,AAL2546,33.062897,-117.330414,,,109,,7244,-49.5,613,0.8
2026-07-29T09:38:45.659957,AD99F9,ASA222,32.943695,-117.543054,,,307,,1055,-34.9,260,11.5
2026-07-29T09:38:45.659957,AD0343,CXK240,32.946121,-117.270374,,,335,,4664,-49.5,469,22.9
2026-07-29T09:38:45.659957,0D0DDB,AMX649,33.186722,-117.691479,,,129,,2063,-49.5,185,10.1
2026-07-29T09:38:45.659957,A1BD0A,,33.246964,-117.423578,,,341,,,-37.6,19,28.1
2026-07-29T09:38:45.659957,A6E258,UAL444,33.229127,-117.579551,,,139,,3736,-35.8,84,13.3
2026-07-29T09:38:45.659957,A20008,,33.208649,-117.362109,,,101,,4646,-49.5,77,11.4
2026-07-29T09:38:50.736153,A6F78A,VOC4063,32.59746,-117.0276,,,132,,7215,-36.3,1907,2.9
2026-07-29T09:38:50.736153,A12E70,CXK654,32.96434,-117.053503,,,67,,4606,-49.5,3409,0.2
2026-07-29T09:38:50.736153,AB0B11,N810TM,33.138164,-117.804715,,,319,,1363,-49.5,541,24.7
2026-07-29T09:38:50.736153,A0C3C9,N1487V,33.300398,-116.862974,,,353,,5254,-35.0,1279,0.4
2026-07-29T09:38:50.736153,AB1839,AAL115,32.768646,-117.337939,,,261,,3070,-33.7,2628,1.3
2026-07-29T09:38:50.736153,A44C70,DAL2508,32.911331,-117.294653,,,144,,1626,-29.9,1180,1.2
2026-07-29T09:38:50.736153,0D10E4,VOI1712,33.192304,-117.06381,,,279,,4356,-34.1,1692,1.4
2026-07-29T09:38:50.736153,A3C649,AAL2546,33.059584,-117.31913,,,109,,7244,-25.0,648,0.8
2026-07-29T09:38:50.736153,AD99F9,ASA222,32.956238,-117.56261,,,307,,1055,-49.5,261,1.4
2026-07-29T09:38:50.736153,AD0343,CXK240,32.956284,-117.275858,,,339,,4664,-49.5,490,0.2
2026-07-29T09:38:50.736153,0D0DDB,AMX649,33.169464,-117.66731,,,125,,2063,-49.5,198,1.1
2026-07-29T09:38:50.736153,A1BD0A,,33.246964,-117.423578,,,341,,,-49.5,21,33.1
2026-07-29T09:38:50.736153,A6E258,UAL444,33.229127,-117.579551,,,139,,3736,-35.8,84,18.3
2026-07-29T09:38:50.736153,A20008,,33.208649,-117.362109,,,101,,4646,-49.5,81,16.5
2026-07-29T09:38:55.820169,A6F78A,VOC4063,32.59746,-117.0276,,,132,,7215,-36.3,1907,8.1
2026-07-29T09:38:55.820169,A12E70,CXK654,32.965129,-117.051255,,,67,,4606,-49.5,3485,0.2
2026-07-29T09:38:55.820169,AB0B11,N810TM,33.138164,-117.804715,,,319,,1363,-49.5,541,29.8
2026-07-29T09:38:55.820169,A0C3C9,N1487V,33.302493,-116.863198,,,354,,5254,-35.1,1315,0.4
2026-07-29T09:38:55.820169,AB1839,AAL115,32.767515,-117.347381,,,261,,3070,-49.5,2645,2.6
2026-07-29T09:38:55.820169,A44C70,DAL2508,32.905197,-117.289545,,,144,,1626,-49.5,1246,0.3
2026-07-29T09:38:55.820169,0D10E4,VOI1712,33.194213,-117.076871,,,279,,4356,-49.5,1757,0.0
2026-07-29T09:38:55.820169,A3C649,AAL2546,33.056279,-117.307976,,,109,,7244,-49.5,693,1.0
2026-07-29T09:38:55.820169,AD99F9,ASA222,32.956238,-117.56261,,,307,,1055,-49.5,265,6.5
2026-07-29T09:38:55.820169,AD0343,CXK240,32.958146,-117.276586,,,343,,4664,-31.2,548,0.5
2026-07-29T09:38:55.820169,0D0DDB,AMX649,33.169464,-117.66731,,,125,,2063,-49.5,198,6.3
2026-07-29T09:38:55.820169,A1BD0A,,33.246964,-117.423578,,,341,,,-49.5,21,38.3
2026-07-29T09:38:55.820169,A6E258,UAL444,33.229127,-117.579551,,,139,,3736,-35.8,84,23.5
2026-07-29T09:38:55.820169,A20008,,33.208649,-117.362109,,,101,,4646,-49.5,81,21.6
2026-07-29T09:39:00.894639,A6F78A,VOC4063,32.59746,-117.0276,,,132,,7215,-36.3,1907,13.1
2026-07-29T09:39:00.894639,A12E70,CXK654,32.965897,-117.049054,,,67,,4606,-17.3,3547,0.4
2026-07-29T09:39:00.894639,AB0B11,N810TM,33.138164,-117.804715,,,319,,1363,-49.5,541,34.9
2026-07-29T09:39:00.894639,A0C3C9,N1487V,33.304681,-116.863422,,,354,,5254,-49.5,1354,0.2
2026-07-29T09:39:00.894639,AB1839,AAL115,32.766083,-117.359308,,,261,,3070,-35.2,2664,3.0
2026-07-29T09:39:00.894639,A44C70,DAL2508,32.900162,-117.28537,,,145,,1626,-28.2,1312,0.5
2026-07-29T09:39:00.894639,0D10E4,VOI1712,33.195563,-117.086119,,,279,,4356,-33.3,1780,0.5
2026-07-29T09:39:00.894639,A3C649,AAL2546,33.052963,-117.296851,,,109,,7244,-49.5,706,1.0
2026-07-29T09:39:00.894639,AD99F9,ASA222,32.962988,-117.573161,,,307,,1055,-35.6,276,3.6
2026-07-29T09:39:00.894639,AD0343,CXK240,32.960195,-117.277315,,,342,,4664,-34.3,591,0.3
2026-07-29T09:39:00.894639,0D0DDB,AMX649,33.169464,-117.66731,,,125,,2063,-49.5,198,11.3
2026-07-29T09:39:00.894639,A1BD0A,,33.246964,-117.423578,,,341,,,-49.5,21,43.3
2026-07-29T09:39:00.894639,A6E258,UAL444,33.194229,-117.543823,,,137,,3736,-35.1,95,0.8
2026-07-29T09:39:00.894639,A20008,,33.208649,-117.362109,,,101,,4646,-49.5,81,26.7
2026-07-29T09:39:05.973240,A6F78A,VOC4063,32.59746,-117.0276,,,132,,7215,-36.3,1907,18.2
2026-07-29T09:39:05.973240,A12E70,CXK654,32.966759,-117.046714,,,66,,4606,-49.5,3613,0.1
2026-07-29T09:39:05.973240,AB0B11,N810TM,33.138164,-117.804715,,,319,,1363,-49.5,541,39.9
2026-07-29T09:39:05.973240,A0C3C9,N1487V,33.30673,-116.863758,,,352,,5254,-49.5,1382,0.3
2026-07-29T09:39:05.973240,AB1839,AAL115,32.763977,-117.376865,,,261,,3070,-27.6,2680,1.0
2026-07-29T09:39:05.973240,A44C70,DAL2508,32.897095,-117.282843,,,145,,1626,-49.5,1341,2.5
2026-07-29T09:39:05.973240,0D10E4,VOI1712,33.196793,-117.094922,,,279,,4356,-49.5,1826,1.0
2026-07-29T09:39:05.973240,A3C649,AAL2546,33.049203,-117.284154,,,109,,7244,-34.1,751,0.3
2026-07-29T09:39:05.973240,AD99F9,ASA222,32.962988,-117.573161,,,307,,1055,-35.6,276,8.6
2026-07-29T09:39:05.973240,AD0343,CXK240,32.962234,-117.278174,,,339,,4664,-49.5,638,0.0
2026-07-29T09:39:05.973240,0D0DDB,AMX649,33.169464,-117.66731,,,125,,2063,-49.5,198,16.4
2026-07-29T09:39:05.973240,A1BD0A,,33.246964,-117.423578,,,341,,,-49.5,21,48.4
2026-07-29T09:39:05.973240,A6E258,UAL444,33.189325,-117.538577,,,137,,3736,-33.7,128,1.7
2026-07-29T09:39:05.973240,A20008,,33.208649,-117.362109,,,101,,4646,-49.5,81,31.7
2026-07-29T09:39:11.030532,A6F78A,VOC4063,32.59746,-117.0276,,,132,,7215,-36.3,1907,23.3
2026-07-29T09:39:11.030532,A12E70,CXK654,32.967499,-117.04455,,,66,,4606,-26.6,3672,0.3
2026-07-29T09:39:11.030532,AB0B11,N810TM,33.138164,-117.804715,,,319,,1363,-49.5,541,45.0
2026-07-29T09:39:11.030532,A0C3C9,N1487V,33.308899,-116.864099,,,351,,5254,-49.5,1414,0.2
2026-07-29T09:39:11.030532,AB1839,AAL115,32.762208,-117.391102,,,261,,3070,-49.5,2726,0.6
2026-07-29T09:39:11.030532,A44C70,DAL2508,32.889622,-117.276642,,,145,,1626,-28.8,1372,0.3
2026-07-29T09:39:11.030532,0D10E4,VOI1712,33.198449,-117.106354,,,279,,4356,-29.9,1871,0.4
2026-07-29T09:39:11.030532,A3C649,AAL2546,33.04628,-117.274329,,,109,,7244,-28.0,780,1.0
2026-07-29T09:39:11.030532,AD99F9,ASA222,32.962988,-117.573161,,,307,,1055,-49.5,277,13.7
2026-07-29T09:39:11.030532,AD0343,CXK240,32.964059,-117.278997,,,337,,4664,-29.5,704,0.2
2026-07-29T09:39:11.030532,0D0DDB,AMX649,33.169464,-117.66731,,,112,,2063,-35.9,204,21.5
2026-07-29T09:39:11.030532,A1BD0A,,33.246964,-117.423578,,,341,,,-49.5,21,53.4
2026-07-29T09:39:11.030532,A6E258,UAL444,33.18457,-117.533386,,,137,,3736,-49.5,134,3.0
2026-07-29T09:39:11.030532,A20008,,33.207294,-117.319411,,,101,,4646,-49.5,85,0.6
2026-07-29T09:39:16.077691,A6F78A,VOC4063,32.59746,-117.0276,,,132,,7215,-36.3,1907,28.3
2026-07-29T09:39:16.077691,A12E70,CXK654,32.968414,-117.042242,,,64,,4606,-26.3,3727,0.0
2026-07-29T09:39:16.077691,AB0B11,N810TM,33.138164,-117.804715,,,319,,1363,-49.5,541,50.0
2026-07-29T09:39:16.077691,A0C3C9,N1487V,33.311005,-116.864429,,,352,,5254,-35.2,1443,0.3
2026-07-29T09:39:16.077691,AB1839,AAL115,32.760727,-117.403583,,,261,,3070,-49.5,2762,0.8
2026-07-29T09:39:16.077691,A44C70,DAL2508,32.884221,-117.272158,,,145,,1626,-49.5,1429,0.0
2026-07-29T09:39:16.077691,0D10E4,VOI1712,33.199631,-117.114642,,,279,,4356,-49.5,1918,1.3
2026-07-29T09:39:16.077691,A3C649,AAL2546,33.042872,-117.26291,,,109,,7244,-49.5,818,1.0
2026-07-29T09:39:16.077691,AD99F9,ASA222,32.962988,-117.573161,,,307,,1055,-49.5,277,18.7
2026-07-29T09:39:16.077691,AD0343,CXK240,32.965967,-117.27995,,,335,,4664,-49.5,741,0.1
2026-07-29T09:39:16.077691,0D0DDB,AMX649,33.148727,-117.620673,,,109,,2063,-49.5,218,3.5
2026-07-29T09:39:16.077691,A1BD0A,,33.246964,-117.423578,,,341,,,-49.5,21,58.5
2026-07-29T09:39:16.077691,A6E258,UAL444,33.18457,-117.533386,,,137,,3736,-49.5,138,8.0
2026-07-29T09:39:16.077691,A20008,,33.207294,-117.319411,,,101,,4646,-34.9,96,5.6
2026-07-29T09:39:21.139374,A6F78A,VOC4063,32.59746,-117.0276,,,132,,7215,-36.3,1907,33.4
2026-07-29T09:39:21.139374,A12E70,CXK654,32.969238,-117.040155,,,64,,4606,-27.1,3792,0.2
2026-07-29T09:39:21.139374,AB0B11,N810TM,33.138164,-117.804715,,,319,,1363,-49.5,542,55.1
2026-07-29T09:39:21.139374,A0C3C9,N1487V,33.31311,-116.864758,,,352,,5254,-32.8,1476,0.3
2026-07-29T09:39:21.139374,AB1839,AAL115,32.759125,-117.416766,,,261,,3070,-28.6,2803,0.6
2026-07-29T09:39:21.139374,A44C70,DAL2508,32.879427,-117.268235,,,145,,1626,-33.7,1460,0.4
2026-07-29T09:39:21.139374,0D10E4,VOI1712,33.199631,-117.114642,,,279,,4356,-49.5,1918,6.4
2026-07-29T09:39:21.139374,A3C649,AAL2546,33.039008,-117.249961,,,109,,7244,-17.9,852,0.2
2026-07-29T09:39:21.139374,AD99F9,ASA222,32.962988,-117.573161,,,307,,1055,-49.5,277,23.8
2026-07-29T09:39:21.139374,AD0343,CXK240,32.967819,-117.28103,,,332,,4664,-49.5,781,0.3
2026-07-29T09:39:21.139374,0D0DDB,AMX649,33.144262,-117.60556,,,109,,2063,-49.5,245,1.7
2026-07-29T09:39:21.139374,A1BD0A,,33.246964,-117.423578,,,341,,,-49.5,21,63.6
2026-07-29T09:39:21.139374,A6E258,UAL444,33.168609,-117.516548,,,138,,3736,-29.3,168,0.2
2026-07-29T09:39:21.139374,A20008,,33.207294,-117.319411,,,101,,4646,-34.9,96,10.7
2026-07-29T09:39:26.180936,A6F78A,VOC4063,32.59746,-117.0276,,,132,,7215,-49.5,1909,38.4
2026-07-29T09:39:26.180936,A12E70,CXK654,32.970108,-117.038013,,,64,,4606,-49.5,3853,0.3
2026-07-29T09:39:26.180936,AB0B11,N810TM,33.138164,-117.804715,,,319,,1363,-49.5,542,60.1
2026-07-29T09:39:26.180936,A0C3C9,N1487V,33.315249,-116.865104,,,353,,5254,-34.5,1515,0.3
2026-07-29T09:39:26.180936,AB1839,AAL115,32.75766,-117.428961,,,261,,3070,-49.5,2846,0.9
2026-07-29T09:39:26.180936,A44C70,DAL2508,32.876773,-117.266049,,,145,,1626,-49.5,1486,2.8
2026-07-29T09:39:26.180936,0D10E4,VOI1712,33.20224,-117.133209,,,279,,4356,-37.5,1935,2.0
2026-07-29T09:39:26.180936,A3C649,AAL2546,33.035477,-117.238019,,,109,,7244,-17.3,884,0.0
2026-07-29T09:39:26.180936,AD99F9,ASA222,32.962988,-117.573161,,,307,,1055,-49.5,277,28.9
2026-07-29T09:39:26.180936,AD0343,CXK240,32.96965,-117.282184,,,331,,4664,-49.5,802,0.2
2026-07-29T09:39:26.180936,0D0DDB,AMX649,33.14035,-117.592163,,,109,,2063,-35.9,263,0.7
2026-07-29T09:39:26.180936,A1BD0A,,33.246964,-117.423578,,,341,,,-49.5,21,68.6
2026-07-29T09:39:26.180936,A6E258,UAL444,33.162048,-117.509711,,,138,,3736,-29.6,215,0.0
2026-07-29T09:39:26.180936,A20008,,33.207294,-117.319411,,,101,,4646,-34.9,96,15.8
2026-07-29T09:39:31.259742,A6F78A,VOC4063,32.59746,-117.0276,,,127,,7215,-37.4,1915,43.5
2026-07-29T09:39:31.259742,A12E70,CXK654,32.970978,-117.03576,,,65,,4606,-17.7,3928,0.3
2026-07-29T09:39:31.259742,AB0B11,N810TM,33.138164,-117.804715,,,319,,1363,-49.5,542,65.2
2026-07-29T09:39:31.259742,A0C3C9,N1487V,33.31739,-116.865328,,,355,,5254,-31.1,1552,0.3
2026-07-29T09:39:31.259742,AB1839,AAL115,32.755877,-117.443455,,,261,,3070,-32.3,2888,0.3
2026-07-29T09:39:31.259742,A44C70,DAL2508,32.869858,-117.260266,,,144,,1626,-33.0,1504,1.0
2026-07-29T09:39:31.259742,0D10E4,VOI1712,33.204035,-117.145759,,,279,,4356,-27.6,1991,0.8
2026-07-29T09:39:31.259742,A3C649,AAL2546,33.032025,-117.226531,,,109,,7244,-24.1,923,0.0
2026-07-29T09:39:31.259742,AD99F9,ASA222,32.962988,-117.573161,,,307,,1055,-49.5,277,34.0
2026-07-29T09:39:31.259742,AD0343,CXK240,32.971274,-117.283201,,,330,,4664,-49.5,814,0.9
2026-07-29T09:39:31.259742,0D0DDB,AMX649,33.136954,-117.580672,,,109,,2063,-33.7,288,0.5
2026-07-29T09:39:31.259742,A1BD0A,,33.246964,-117.423578,,,341,,,-49.5,21,73.7
2026-07-29T09:39:31.259742,A6E258,UAL444,33.155993,-117.503432,,,138,,3736,-49.5,250,0.1
2026-07-29T09:39:31.259742,A20008,,33.207294,-117.319411,,,101,,4646,-49.5,97,20.9
2026-07-29T09:39:36.338371,A6F78A,VOC4063,32.59746,-117.0276,,,126,,7215,-37.9,1919,48.5
2026-07-29T09:39:36.338371,A12E70,CXK654,32.971848,-117.033563,,,64,,4606,-19.2,3999,0.4
2026-07-29T09:39:36.338371,AB0B11,N810TM,33.138164,-117.804715,,,319,,1363,-49.5,542,70.3
2026-07-29T09:39:36.338371,A0C3C9,N1487V,33.319336,-116.865472,,,355,,5254,-33.4,1587,0.5
2026-07-29T09:39:36.338371,AB1839,AAL115,32.754294,-117.456628,,,261,,3070,-49.5,2934,0.1
2026-07-29T09:39:36.338371,A44C70,DAL2508,32.869858,-117.260266,,,144,,1626,-35.8,1507,6.0
2026-07-29T09:39:36.338371,0D10E4,VOI1712,33.205536,-117.156335,,,279,,4356,-29.9,2052,0.5
2026-07-29T09:39:36.338371,A3C649,AAL2546,33.029278,-117.217283,,,109,,7244,-49.5,950,1.0
2026-07-29T09:39:36.338371,AD99F9,ASA222,32.962988,-117.573161,,,307,,1055,-49.5,277,39.0
2026-07-29T09:39:36.338371,AD0343,CXK240,32.973276,-117.28449,,,332,,4664,-49.5,829,0.3
2026-07-29T09:39:36.338371,0D0DDB,AMX649,33.134533,-117.572545,,,109,,2063,-32.0,316,1.8
2026-07-29T09:39:36.338371,A1BD0A,,33.246964,-117.423578,,,341,,,-49.5,21,78.7
2026-07-29T09:39:36.338371,A6E258,UAL444,33.149942,-117.497098,,,138,,3736,-34.5,291,0.3
2026-07-29T09:39:36.338371,A20008,,33.207294,-117.319411,,,101,,4646,-49.5,98,25.9
2026-07-29T09:39:41.389841,A6F78A,VOC4063,32.59746,-117.0276,,,126,,7215,-37.9,1919,53.6
2026-07-29T09:39:41.389841,A12E70,CXK654,32.972764,-117.0313,,,63,,4606,-49.5,4073,0.3
2026-07-29T09:39:41.389841,AB0B11,N810TM,33.138164,-117.804715,,,319,,1363,-49.5,542,75.3
2026-07-29T09:39:41.389841,A0C3C9,N1487V,33.321487,-116.86572,,,353,,5254,-49.5,1617,0.5
2026-07-29T09:39:41.389841,AB1839,AAL115,32.752853,-117.468567,,,261,,3070,-49.5,2977,0.5
2026-07-29T09:39:41.389841,A44C70,DAL2508,32.869858,-117.260266,,,144,,1626,-49.5,1509,11.1
2026-07-29T09:39:41.389841,0D10E4,VOI1712,33.206782,-117.164817,,,279,,4356,-49.5,2089,1.3
2026-07-29T09:39:41.389841,A3C649,AAL2546,33.025864,-117.205774,,,109,,7244,-24.1,980,1.0
2026-07-29T09:39:41.389841,AD99F9,ASA222,32.962988,-117.573161,,,307,,1055,-49.5,277,44.1
2026-07-29T09:39:41.389841,AD0343,CXK240,32.974915,-117.28548,,,331,,4664,-36.5,843,0.6
2026-07-29T09:39:41.389841,0D0DDB,AMX649,33.130622,-117.55926,,,109,,2063,-33.2,356,0.8
2026-07-29T09:39:41.389841,A1BD0A,,33.246964,-117.423578,,,341,,,-49.5,21,83.8
2026-07-29T09:39:41.389841,A6E258,UAL444,33.143843,-117.490652,,,138,,3736,-33.0,312,0.4
2026-07-29T09:39:41.389841,A20008,,33.207294,-117.319411,,,101,,4646,-49.5,98,31.0
2026-07-29T09:39:46.442433,A6F78A,VOC4063,32.59746,-117.0276,,,126,,7215,-37.9,1919,58.6
2026-07-29T09:39:46.442433,A12E70,CXK654,32.973741,-117.029058,,,61,,4606,-49.5,4138,0.2
2026-07-29T09:39:46.442433,AB0B11,N810TM,33.138164,-117.804715,,,319,,1363,-49.5,542,80.4
2026-07-29T09:39:46.442433,A0C3C9,N1487V,33.323639,-116.866077,,,352,,5254,-34.9,1647,0.5
2026-07-29T09:39:46.442433,AB1839,AAL115,32.751315,-117.481011,,,261,,3070,-29.4,3024,0.6
2026-07-29T09:39:46.442433,A44C70,DAL2508,32.853963,-117.246991,,,144,,1626,-49.5,1526,0.4
2026-07-29T09:39:46.442433,0D10E4,VOI1712,33.208318,-117.175636,,,279,,4356,-36.4,2143,0.8
2026-07-29T09:39:46.442433,A3C649,AAL2546,33.022568,-117.194678,,,109,,7244,-31.0,1011,1.0
2026-07-29T09:39:46.442433,AD99F9,ASA222,32.962988,-117.573161,,,307,,1055,-49.5,277,49.1
2026-07-29T09:39:46.442433,AD0343,CXK240,32.976348,-117.286396,,,332,,4664,-49.5,857,1.5
2026-07-29T09:39:46.442433,0D0DDB,AMX649,33.127487,-117.548602,,,109,,2063,-34.4,368,1.0
2026-07-29T09:39:46.442433,A1BD0A,,33.246964,-117.423578,,,341,,,-49.5,21,88.8
2026-07-29T09:39:46.442433,A6E258,UAL444,33.139979,-117.486728,,,140,,3736,-49.5,329,2.3
2026-07-29T09:39:46.442433,A20008,,33.207294,-117.319411,,,101,,4646,-49.5,98,36.0
2026-07-29T09:39:51.493718,A6F78A,VOC4063,32.59746,-117.0276,,,126,,7215,-37.9,1919,63.7
2026-07-29T09:39:51.493718,A12E70,CXK654,32.974719,-117.026872,,,61,,4606,-19.9,4203,0.3
2026-07-29T09:39:51.493718,AB0B11,N810TM,33.138164,-117.804715,,,319,,1363,-49.5,542,85.4
2026-07-29T09:39:51.493718,A0C3C9,N1487V,33.326019,-116.866406,,,352,,5254,-49.5,1689,0.1
2026-07-29T09:39:51.493718,AB1839,AAL115,32.750107,-117.490924,,,261,,3070,-49.5,3037,1.7
2026-07-29T09:39:51.493718,A44C70,DAL2508,32.853963,-117.246991,,,144,,1626,-37.0,1531,5.4
2026-07-29T09:39:51.493718,0D10E4,VOI1712,33.209854,-117.18679,,,279,,4356,-30.4,2192,0.2
2026-07-29T09:39:51.493718,A3C649,AAL2546,33.019083,-117.183091,,,109,,7244,-49.5,1054,1.0
2026-07-29T09:39:51.493718,AD99F9,ASA222,32.962988,-117.573161,,,307,,1055,-49.5,277,54.2
2026-07-29T09:39:51.493718,AD0343,CXK240,32.976348,-117.286396,,,332,,4664,-49.5,857,6.6
2026-07-29T09:39:51.493718,0D0DDB,AMX649,33.123459,-117.535034,,,109,,2063,-49.5,381,0.0
2026-07-29T09:39:51.493718,A6E258,UAL444,33.131274,-117.478656,,,143,,3736,-31.9,340,0.6
2026-07-29T09:39:51.493718,A20008,,33.207294,-117.319411,,,101,,4646,-49.5,98,41.1
2026-07-29T09:39:56.545423,A6F78A,VOC4063,32.59746,-117.0276,,,126,,7215,-37.9,1919,68.7
2026-07-29T09:39:56.545423,A12E70,CXK654,32.975647,-117.024774,,,62,,4606,-49.5,4265,0.4
2026-07-29T09:39:56.545423,AB0B11,N810TM,33.138164,-117.804715,,,319,,1363,-49.5,542,90.5
2026-07-29T09:39:56.545423,A0C3C9,N1487V,33.32819,-116.866729,,,352,,5254,-35.0,1723,0.3
2026-07-29T09:39:56.545423,AB1839,AAL115,32.748047,-117.507733,,,261,,3070,-49.5,3061,0.3
2026-07-29T09:39:56.545423,A44C70,DAL2508,32.844606,-117.239255,,,145,,1626,-49.5,1546,1.4
2026-07-29T09:39:56.545423,0D10E4,VOI1712,33.211075,-117.195227,,,279,,4356,-49.5,2237,0.9
2026-07-29T09:39:56.545423,A3C649,AAL2546,33.015173,-117.169918,,,109,,7244,-28.4,1099,0.2
2026-07-29T09:39:56.545423,AD99F9,ASA222,32.962988,-117.573161,,,307,,1055,-49.5,277,59.2
2026-07-29T09:39:56.545423,AD0343,CXK240,32.980408,-117.288776,,,333,,4664,-49.5,901,0.2
2026-07-29T09:39:56.545423,0D0DDB,AMX649,33.120288,-117.524339,,,109,,2063,-49.5,402,0.2
2026-07-29T09:39:56.545423,A6E258,UAL444,33.125656,-117.47406,,,145,,3736,-49.5,370,1.4
2026-07-29T09:39:56.545423,A20008,,33.207294,-117.319411,,,101,,4646,-49.5,98,46.1
2026-07-29T09:40:01.608825,A6F78A,VOC4063,32.59746,-117.0276,,,126,,7215,-37.9,1919,73.8
2026-07-29T09:40:01.608825,A12E70,CXK654,32.976628,-117.022443,,,64,,4606,-30.9,4323,0.2
2026-07-29T09:40:01.608825,AB0B11,N810TM,33.138164,-117.804715,,,319,,1363,-49.5,542,95.5
2026-07-29T09:40:01.608825,A0C3C9,N1487V,33.330332,-116.867009,,,353,,5254,-33.5,1756,0.5
2026-07-29T09:40:01.608825,AB1839,AAL115,32.746536,-117.520422,,,261,,3070,-31.4,3099,0.3
2026-07-29T09:40:01.608825,A44C70,DAL2508,32.844606,-117.239255,,,145,,1626,-35.6,1548,6.4
2026-07-29T09:40:01.608825,0D10E4,VOI1712,33.212508,-117.205512,,,279,,4356,-37.3,2283,0.8
2026-07-29T09:40:01.608825,A3C649,AAL2546,33.011581,-117.157819,,,109,,7244,-49.5,1161,0.0
2026-07-29T09:40:01.608825,AD99F9,ASA222,32.962988,-117.573161,,,307,,1055,-49.5,277,64.3
2026-07-29T09:40:01.608825,AD0343,CXK240,32.982285,-117.289929,,,332,,4664,-33.5,959,0.0
2026-07-29T09:40:01.608825,0D0DDB,AMX649,33.117495,-117.514979,,,109,,2063,-49.5,425,1.2
2026-07-29T09:40:01.608825,A6E258,UAL444,33.120483,-117.469775,,,145,,3736,-49.5,386,2.5
2026-07-29T09:40:01.608825,A20008,,33.207294,-117.319411,,,101,,4646,-49.5,98,51.2
2026-07-29T09:40:06.647618,A6F78A,VOC4063,32.59746,-117.0276,,,126,,7215,-36.3,1920,78.9
2026-07-29T09:40:06.647618,A12E70,CXK654,32.977559,-117.020145,,,64,,4606,-49.5,4373,0.0
2026-07-29T09:40:06.647618,AB0B11,N810TM,33.138164,-117.804715,,,319,,1363,-49.5,542,100.6
2026-07-29T09:40:06.647618,A0C3C9,N1487V,33.332611,-116.86734,,,352,,5254,-49.5,1774,0.5
2026-07-29T09:40:06.647618,AB1839,AAL115,32.744937,-117.53342,,,261,,3070,-49.5,3134,0.3
2026-07-29T09:40:06.647618,A44C70,DAL2508,32.844606,-117.239255,,,145,,1626,-36.0,1551,11.5
2026-07-29T09:40:06.647618,0D10E4,VOI1712,33.214044,-117.216218,,,279,,4356,-49.5,2314,0.4
2026-07-29T09:40:06.647618,A3C649,AAL2546,33.008789,-117.148425,,,109,,7244,-32.8,1188,1.0
2026-07-29T09:40:06.647618,AD0343,CXK240,32.983795,-117.290863,,,332,,4664,-34.4,975,0.7
2026-07-29T09:40:06.647618,0D0DDB,AMX649,33.113398,-117.501021,,,109,,2063,-49.5,445,0.0
2026-07-29T09:40:06.647618,A6E258,UAL444,33.115307,-117.46554,,,144,,3736,-49.5,401,3.8
2026-07-29T09:40:06.647618,A20008,,33.207294,-117.319411,,,101,,4646,-49.5,98,56.2
2026-07-29T09:40:06.647618,0D0D36,,32.966492,-116.250073,,,301,,,-49.5,2,18.4
2026-07-29T09:40:06.647618,A5168D,,32.888809,-117.268616,,,336,,4751,-49.5,14,0.4
2026-07-29T09:40:11.727094,A6F78A,VOC4063,32.490967,-116.868494,,,126,,7215,-36.5,1927,2.6
2026-07-29T09:40:11.727094,A12E70,CXK654,32.97821,-117.018457,,,64,,4606,-35.8,4379,1.1
2026-07-29T09:40:11.727094,AB0B11,N810TM,33.138164,-117.804715,,,319,,1363,-49.5,542,105.7
2026-07-29T09:40:11.727094,A0C3C9,N1487V,33.335033,-116.867794,,,352,,5254,-35.5,1780,0.3
2026-07-29T09:40:11.727094,AB1839,AAL115,32.743652,-117.543878,,,261,,3070,-49.5,3157,1.2
2026-07-29T09:40:11.727094,A44C70,DAL2508,32.844606,-117.239255,,,145,,1626,-36.0,1551,16.5
2026-07-29T09:40:11.727094,0D10E4,VOI1712,33.215469,-117.226483,,,279,,4356,-49.5,2353,0.2
2026-07-29T09:40:11.727094,A3C649,AAL2546,33.004807,-117.135132,,,109,,7244,-24.3,1216,0.3
2026-07-29T09:40:11.727094,AD0343,CXK240,32.985672,-117.291962,,,332,,4664,-49.5,1018,0.6
2026-07-29T09:40:11.727094,0D0DDB,AMX649,33.112061,-117.496527,,,109,,2063,-49.5,450,3.2
2026-07-29T09:40:11.727094,A6E258,UAL444,33.104786,-117.456628,,,144,,3736,-30.5,439,0.8
2026-07-29T09:40:11.727094,A20008,,33.207294,-117.319411,,,101,,4646,-49.5,98,61.3
2026-07-29T09:40:11.727094,0D0D36,,32.966492,-116.250073,,,301,,,-49.5,6,23.5
2026-07-29T09:40:11.727094,A5168D,N427KM,32.891968,-117.270209,,,336,,4751,-32.2,51,0.3
2026-07-29T09:40:16.793774,A6F78A,VOC4063,32.487167,-116.862177,,,125,,7215,-49.5,1942,4.5
2026-07-29T09:40:16.793774,A12E70,CXK654,32.979218,-117.01571,,,68,,4606,-49.5,4437,0.0
2026-07-29T09:40:16.793774,AB0B11,N810TM,33.138164,-117.804715,,,319,,1363,-49.5,542,110.7
2026-07-29T09:40:16.793774,A0C3C9,N1487V,33.337082,-116.868243,,,348,,5254,-36.3,1799,0.7
2026-07-29T09:40:16.793774,AB1839,AAL115,32.743652,-117.543878,,,261,,3070,-37.7,3159,6.3
2026-07-29T09:40:16.793774,A44C70,DAL2508,32.823074,-117.2211,,,145,,1626,-35.2,1556,0.1
2026-07-29T09:40:16.793774,0D10E4,VOI1712,33.216843,-117.2367,,,279,,4356,-26.7,2412,0.0
2026-07-29T09:40:16.793774,A3C649,AAL2546,33.001328,-117.123431,,,109,,7244,-49.5,1265,0.2
2026-07-29T09:40:16.793774,AD0343,CXK240,32.986683,-117.292617,,,332,,4664,-36.8,1043,2.9
2026-07-29T09:40:16.793774,0D0DDB,AMX649,33.112061,-117.496527,,,109,,2063,-49.5,450,8.2
2026-07-29T09:40:16.793774,A6E258,UAL444,33.098269,-117.451078,,,144,,3736,-49.5,473,0.9
2026-07-29T09:40:16.793774,A20008,,33.207294,-117.319411,,,101,,4646,-49.5,98,66.4
2026-07-29T09:40:16.793774,0D0D36,,32.966492,-116.250073,,,301,,,-49.5,9,28.6
2026-07-29T09:40:16.793774,A5168D,N427KM,32.893707,-117.271088,,,336,,4751,-49.5,66,2.5
2026-07-29T09:40:21.867804,A6F78A,VOC4063,32.487167,-116.862177,,,125,,7215,-49.5,1942,9.6
2026-07-29T09:40:21.867804,A12E70,CXK654,32.979996,-117.013458,,,68,,4606,-28.6,4495,0.2
2026-07-29T09:40:21.867804,A0C3C9,N1487V,33.337784,-116.868384,,,347,,5254,-37.4,1803,4.3
2026-07-29T09:40:21.867804,AB1839,AAL115,32.740356,-117.570905,,,261,,3070,-49.5,3169,0.8
2026-07-29T09:40:21.867804,A44C70,DAL2508,32.823074,-117.2211,,,145,,1626,-49.5,1558,5.2
2026-07-29T09:40:21.867804,0D10E4,VOI1712,33.218187,-117.246206,,,279,,4356,-49.5,2478,0.3
2026-07-29T09:40:21.867804,A3C649,AAL2546,32.997809,-117.111679,,,109,,7244,-27.6,1304,0.1
2026-07-29T09:40:21.867804,AD0343,CXK240,32.986683,-117.292617,,,331,,4664,-34.8,1044,8.0
2026-07-29T09:40:21.867804,0D0DDB,AMX649,33.103296,-117.466885,,,109,,2063,-49.5,457,0.2
2026-07-29T09:40:21.867804,A6E258,UAL444,33.090683,-117.444727,,,145,,3736,-49.5,513,0.2
2026-07-29T09:40:21.867804,A20008,,33.207294,-117.319411,,,101,,4646,-49.5,98,71.5
2026-07-29T09:40:21.867804,0D0D36,,33.000824,-116.315881,,,301,,,-49.5,18,2.1
2026-07-29T09:40:21.867804,A5168D,N427KM,32.893707,-117.271088,,,336,,4751,-34.6,68,7.6
2026-07-29T09:40:26.949038,A6F78A,VOC4063,32.487167,-116.862177,,,125,,7215,-49.5,1942,14.6
2026-07-29T09:40:26.949038,A12E70,CXK654,32.980728,-117.011206,,,67,,4606,-26.2,4551,0.3
2026-07-29T09:40:26.949038,A0C3C9,N1487V,33.337784,-116.868384,,,347,,5254,-37.4,1803,9.4
2026-07-29T09:40:26.949038,AB1839,AAL115,32.739716,-117.576013,,,261,,3070,-49.5,3182,3.9
2026-07-29T09:40:26.949038,A44C70,DAL2508,32.823074,-117.2211,,,145,,1626,-37.4,1559,10.3
2026-07-29T09:40:26.949038,0D10E4,VOI1712,33.219584,-117.256407,,,279,,4356,-26.0,2544,0.0
2026-07-29T09:40:26.949038,A3C649,AAL2546,32.994141,-117.099481,,,109,,7244,-25.3,1343,0.0
2026-07-29T09:40:26.949038,AD0343,CXK240,32.991664,-117.295756,,,330,,4664,-49.5,1082,0.1
2026-07-29T09:40:26.949038,0D0DDB,AMX649,33.100159,-117.456427,,,109,,2063,-49.5,478,0.6
2026-07-29T09:40:26.949038,A6E258,UAL444,33.089377,-117.443623,,,145,,3736,-49.5,518,4.3
2026-07-29T09:40:26.949038,A20008,,33.207294,-117.319411,,,101,,4646,-49.5,98,76.5
2026-07-29T09:40:26.949038,0D0D36,,33.000824,-116.315881,,,301,,,-49.5,18,7.1
2026-07-29T09:40:26.949038,A5168D,N427KM,32.893707,-117.271088,,,337,,4751,-35.8,71,12.7
2026-07-29T09:40:32.022752,A6F78A,VOC4063,32.487167,-116.862177,,,125,,7215,-49.5,1942,19.7
2026-07-29T09:40:32.022752,A12E70,CXK654,32.981469,-117.009159,,,66,,4606,-27.3,4616,0.6
2026-07-29T09:40:32.022752,A0C3C9,N1487V,33.337784,-116.868384,,,347,,5254,-37.4,1803,14.4
2026-07-29T09:40:32.022752,AB1839,AAL115,32.739716,-117.576013,,,261,,3070,-49.5,3182,8.9
2026-07-29T09:40:32.022752,A44C70,DAL2508,32.823074,-117.2211,,,145,,1626,-37.4,1559,15.4
2026-07-29T09:40:32.022752,0D10E4,VOI1712,33.221008,-117.266418,,,279,,4356,-28.4,2607,0.0
2026-07-29T09:40:32.022752,A3C649,AAL2546,32.991302,-117.090033,,,109,,7244,-24.1,1383,1.0
2026-07-29T09:40:32.022752,AD0343,CXK240,32.99185,-117.295925,,,330,,4664,-33.4,1088,4.6
2026-07-29T09:40:32.022752,0D0DDB,AMX649,33.096817,-117.445056,,,109,,2063,-26.7,516,0.7
2026-07-29T09:40:32.022752,A6E258,UAL444,33.089377,-117.443623,,,145,,3736,-49.5,518,9.3
2026-07-29T09:40:32.022752,0D0D36,VOI7710,33.013916,-116.341095,,,301,,,-49.5,41,0.0
2026-07-29T09:40:32.022752,A5168D,N427KM,32.893707,-117.271088,,,338,,4751,-49.5,74,17.7
2026-07-29T09:40:32.022752,A95FBE,,33.270838,-117.624449,,,138,,6665,-49.5,22,3.1
2026-07-29T09:40:37.068023,A6F78A,VOC4063,32.487167,-116.862177,,,125,,7215,-49.5,1942,24.8
2026-07-29T09:40:37.068023,A12E70,CXK654,32.98226,-117.007085,,,65,,4606,-49.5,4666,0.9
2026-07-29T09:40:37.068023,A0C3C9,N1487V,33.337784,-116.868384,,,347,,5254,-37.4,1803,19.5
2026-07-29T09:40:37.068023,AB1839,AAL115,32.739716,-117.576013,,,261,,3070,-49.5,3182,14.0
2026-07-29T09:40:37.068023,A44C70,DAL2508,32.823074,-117.2211,,,145,,1626,-37.4,1559,20.4
2026-07-29T09:40:37.068023,0D10E4,VOI1712,33.22142,-117.26955,,,279,,4356,-34.6,2632,3.5
2026-07-29T09:40:37.068023,A3C649,AAL2546,32.987457,-117.077069,,,109,,7244,-25.5,1419,0.4
2026-07-29T09:40:37.068023,AD0343,CXK240,32.995202,-117.297942,,,336,,4664,-49.5,1090,1.5
2026-07-29T09:40:37.068023,0D0DDB,AMX649,33.093334,-117.433366,,,109,,2063,-28.6,551,0.7
2026-07-29T09:40:37.068023,A6E258,UAL444,33.07338,-117.430444,,,145,,3736,-37.0,523,2.1
2026-07-29T09:40:37.068023,0D0D36,VOI7710,33.015015,-116.343127,,,301,,,-35.0,60,4.1
2026-07-29T09:40:37.068023,A5168D,N427KM,32.907394,-117.277625,,,339,,4751,-36.5,87,1.2
2026-07-29T09:40:37.068023,A95FBE,ASA577,33.261978,-117.615015,,,138,,6665,-32.1,44,1.1
2026-07-29T09:40:37.068023,A66E3B,,33.496765,-116.6948,,,91,,,-34.5,12,1.3
2026-07-29T09:40:42.146655,A6F78A,VOC4063,32.487167,-116.862177,,,125,,7215,-49.5,1942,29.9
2026-07-29T09:40:42.146655,A12E70,CXK654,32.9832,-117.004614,,,64,,4606,-30.2,4707,0.3
2026-07-29T09:40:42.146655,A0C3C9,N1487V,33.337784,-116.868384,,,347,,5254,-37.4,1803,24.6
2026-07-29T09:40:42.146655,AB1839,AAL115,32.739716,-117.576013,,,261,,3070,-49.5,3182,19.1
2026-07-29T09:40:42.146655,A44C70,DAL2508,32.823074,-117.2211,,,145,,1626,-37.4,1559,25.5
2026-07-29T09:40:42.146655,0D10E4,VOI1712,33.223068,-117.281085,,,279,,4356,-36.0,2667,2.6
2026-07-29T09:40:42.146655,A3C649,AAL2546,32.98407,-117.065753,,,109,,7244,-32.1,1463,0.5
2026-07-29T09:40:42.146655,AD0343,CXK240,32.997949,-117.299288,,,337,,4664,-49.5,1129,0.3
2026-07-29T09:40:42.146655,0D0DDB,AMX649,33.089936,-117.421931,,,109,,2063,-26.5,588,0.8
2026-07-29T09:40:42.146655,A6E258,UAL444,33.07338,-117.430444,,,145,,3736,-37.0,523,7.2
2026-07-29T09:40:42.146655,0D0D36,VOI7710,33.015015,-116.343127,,,301,,,-35.0,60,9.2
2026-07-29T09:40:42.146655,A5168D,N427KM,32.911102,-117.279382,,,338,,4751,-36.0,103,0.3
2026-07-29T09:40:42.146655,A95FBE,ASA577,33.254591,-117.607185,,,138,,6665,-49.5,74,0.2
2026-07-29T09:40:42.146655,A66E3B,,33.49657,-116.681195,,,91,,,-49.5,17,0.5
2026-07-29T09:40:47.225029,A6F78A,VOC4063,32.487167,-116.862177,,,125,,7215,-49.5,1942,34.9
2026-07-29T09:40:47.225029,A12E70,CXK654,32.984076,-117.002433,,,65,,4606,-24.8,4767,0.5
2026-07-29T09:40:47.225029,A0C3C9,N1487V,33.337784,-116.868384,,,347,,5254,-37.4,1803,29.7
2026-07-29T09:40:47.225029,AB1839,AAL115,32.739716,-117.576013,,,261,,3070,-49.5,3182,24.2
2026-07-29T09:40:47.225029,A44C70,DAL2508,32.805548,-117.183651,,,104,,1626,-49.5,1565,0.5
2026-07-29T09:40:47.225029,0D10E4,VOI1712,33.225082,-117.295367,,,279,,4356,-34.6,2695,0.3
2026-07-29T09:40:47.225029,A3C649,AAL2546,32.980678,-117.054394,,,109,,7244,-49.5,1497,0.7
2026-07-29T09:40:47.225029,AD0343,CXK240,33.00023,-117.300353,,,338,,4664,-49.5,1198,0.3
2026-07-29T09:40:47.225029,0D0DDB,AMX649,33.086119,-117.409151,,,109,,2063,-49.5,617,0.3
2026-07-29T09:40:47.225029,A6E258,UAL444,33.07338,-117.430444,,,145,,3736,-37.0,523,12.3
2026-07-29T09:40:47.225029,0D0D36,VOI7710,33.015015,-116.343127,,,301,,,-35.0,60,14.2
2026-07-29T09:40:47.225029,A5168D,N427KM,32.914352,-117.28092,,,338,,4751,-49.5,145,0.2
2026-07-29T09:40:47.225029,A95FBE,ASA577,33.250634,-117.602981,,,138,,6665,-34.4,96,2.1
2026-07-29T09:40:47.225029,A66E3B,,33.496337,-116.669199,,,91,,,-49.5,30,0.6
2026-07-29T09:40:52.305544,A6F78A,VOC4063,32.487167,-116.862177,,,125,,7215,-49.5,1942,40.0
2026-07-29T09:40:52.305544,A12E70,CXK654,32.985007,-117.000078,,,65,,4606,-25.9,4831,0.0
2026-07-29T09:40:52.305544,A0C3C9,N1487V,33.337784,-116.868384,,,347,,5254,-37.4,1803,34.7
2026-07-29T09:40:52.305544,AB1839,AAL115,32.739716,-117.576013,,,261,,3070,-37.9,3183,29.2
2026-07-29T09:40:52.305544,A44C70,DAL2508,32.804943,-117.18068,,,104,,1626,-36.9,1571,3.4
2026-07-29T09:40:52.305544,0D10E4,VOI1712,33.226567,-117.30579,,,279,,4356,-49.5,2741,0.0
2026-07-29T09:40:52.305544,A3C649,AAL2546,32.977186,-117.042791,,,109,,7244,-18.7,1536,0.8
2026-07-29T09:40:52.305544,AD0343,CXK240,33.002604,-117.301418,,,340,,4664,-49.5,1253,0.2
2026-07-29T09:40:52.305544,0D0DDB,AMX649,33.082626,-117.397211,,,109,,2063,-49.5,650,0.2
2026-07-29T09:40:52.305544,A6E258,UAL444,33.05423,-117.41442,,,144,,3736,-49.5,549,2.6
2026-07-29T09:40:52.305544,0D0D36,VOI7710,33.015015,-116.343127,,,301,,,-35.0,60,19.3
2026-07-29T09:40:52.305544,A5168D,N427KM,32.915268,-117.28136,,,337,,4751,-49.5,150,3.9
2026-07-29T09:40:52.305544,A95FBE,ASA577,33.242065,-117.593866,,,138,,6665,-49.5,113,0.2
2026-07-29T09:40:52.305544,A66E3B,SKW6409,33.496197,-116.660511,,,91,,1302,-49.5,46,1.8
2026-07-29T09:40:57.355004,A6F78A,VOC4063,32.487167,-116.862177,,,125,,7215,-49.5,1942,45.0
2026-07-29T09:40:57.355004,A12E70,CXK654,32.985855,-116.997803,,,64,,4606,-29.2,4899,0.0
2026-07-29T09:40:57.355004,A0C3C9,N1487V,33.337784,-116.868384,,,347,,5254,-37.4,1803,39.8
2026-07-29T09:40:57.355004,AB1839,AAL115,32.739716,-117.576013,,,261,,3070,-36.0,3188,34.3
2026-07-29T09:40:57.355004,A44C70,DAL2508,32.804943,-117.18068,,,104,,1626,-36.9,1571,8.5
2026-07-29T09:40:57.355004,0D10E4,VOI1712,33.227917,-117.315151,,,279,,4356,-49.5,2810,0.1
2026-07-29T09:40:57.355004,A3C649,AAL2546,32.97345,-117.030322,,,109,,7244,-15.6,1571,0.5
2026-07-29T09:40:57.355004,AD0343,CXK240,33.00499,-117.302344,,,343,,4664,-35.6,1303,0.1
2026-07-29T09:40:57.355004,0D0DDB,AMX649,33.079285,-117.386005,,,109,,2063,-31.2,680,0.3
2026-07-29T09:40:57.355004,A6E258,UAL444,33.044315,-117.406068,,,144,,3736,-49.5,589,0.0
2026-07-29T09:40:57.355004,0D0D36,VOI7710,33.015015,-116.343127,,,301,,,-49.5,61,24.3
2026-07-29T09:40:57.355004,A5168D,N427KM,32.920624,-117.283942,,,338,,4751,-33.1,163,0.3
2026-07-29T09:40:57.355004,A95FBE,ASA577,33.236575,-117.588071,,,138,,6665,-33.1,148,0.7
2026-07-29T09:40:57.355004,A66E3B,SKW6409,33.496033,-116.650854,,,91,,1302,-34.6,56,2.9
2026-07-29T09:41:02.408222,A6F78A,VOC4063,32.487167,-116.862177,,,125,,7215,-49.5,1942,50.1
2026-07-29T09:41:02.408222,A12E70,CXK654,32.986683,-116.995875,,,63,,4606,-27.6,4959,0.5
2026-07-29T09:41:02.408222,A0C3C9,N1487V,33.337784,-116.868384,,,347,,5254,-37.4,1803,44.8
2026-07-29T09:41:02.408222,AB1839,AAL115,32.739716,-117.576013,,,261,,3070,-38.2,3191,39.3
2026-07-29T09:41:02.408222,A44C70,DAL2508,32.804943,-117.18068,,,104,,1626,-36.9,1571,13.5
2026-07-29T09:41:02.408222,0D10E4,VOI1712,33.228987,-117.322606,,,279,,4356,-34.2,2856,1.3
2026-07-29T09:41:02.408222,A3C649,AAL2546,32.970108,-117.019171,,,109,,7244,-49.5,1610,0.7
2026-07-29T09:41:02.408222,AD0343,CXK240,33.007352,-117.303155,,,345,,4664,-34.6,1339,0.3
2026-07-29T09:41:02.408222,0D0DDB,AMX649,33.075897,-117.374579,,,109,,2063,-29.3,708,0.3
2026-07-29T09:41:02.408222,A6E258,UAL444,33.039459,-117.40199,,,144,,3736,-49.5,634,1.2
2026-07-29T09:41:02.408222,0D0D36,VOI7710,33.044495,-116.399762,,,301,,,-49.5,69,2.3
2026-07-29T09:41:02.408222,A5168D,N427KM,32.922638,-117.284875,,,338,,4751,-35.9,187,2.1
2026-07-29T09:41:02.408222,A95FBE,ASA577,33.229779,-117.580896,,,138,,6665,-34.7,176,0.3
2026-07-29T09:41:02.408222,A66E3B,SKW6409,33.496033,-116.650854,,,91,,1302,-49.5,58,7.9
2026-07-29T09:41:02.408222,A3EF2A,CXK234,33.153805,-117.120536,,,259,,,-49.5,10,1.9
2026-07-29T09:41:07.458495,A6F78A,VOC4063,32.487167,-116.862177,,,125,,7215,-49.5,1942,55.1
2026-07-29T09:41:07.458495,A12E70,CXK654,32.987732,-116.993518,,,62,,4606,-32.4,5019,0.1
2026-07-29T09:41:07.458495,A0C3C9,N1487V,33.337784,-116.868384,,,347,,5254,-37.4,1803,49.9
2026-07-29T09:41:07.458495,AB1839,AAL115,32.725891,-117.688129,,,261,,3070,-49.5,3222,0.7
2026-07-29T09:41:07.458495,A44C70,DAL2508,32.799911,-117.158423,,,105,,1626,-49.5,1578,2.5
2026-07-29T09:41:07.458495,0D10E4,VOI1712,33.229843,-117.328821,,,279,,4356,-34.8,2872,3.1
2026-07-29T09:41:07.458495,A3C649,AAL2546,32.966712,-117.00787,,,109,,7244,-49.5,1649,0.9
2026-07-29T09:41:07.458495,AD0343,CXK240,33.008376,-117.303436,,,345,,4664,-36.8,1351,3.2
2026-07-29T09:41:07.458495,0D0DDB,AMX649,33.072432,-117.362964,,,109,,2063,-27.4,743,0.2
2026-07-29T09:41:07.458495,A6E258,UAL444,33.039459,-117.40199,,,144,,3736,-33.0,636,6.3
2026-07-29T09:41:07.458495,0D0D36,VOI7710,33.044495,-116.399762,,,301,,,-49.5,69,7.3
2026-07-29T09:41:07.458495,A5168D,N427KM,32.92691,-117.2869,,,338,,4751,-34.8,207,0.3
2026-07-29T09:41:07.458495,A95FBE,ASA577,33.228568,-117.579607,,,138,,6665,-49.5,189,4.3
2026-07-29T09:41:07.458495,A66E3B,SKW6409,33.496033,-116.650854,,,91,,1302,-49.5,58,13.0
2026-07-29T09:41:07.458495,A3EF2A,CXK234,33.153805,-117.120536,,,259,,5267,-49.5,22,6.9
2026-07-29T09:41:12.499138,A6F78A,VOC4063,32.487167,-116.862177,,,125,,7215,-49.5,1942,60.2
2026-07-29T09:41:12.499138,A12E70,CXK654,32.988647,-116.991321,,,64,,4606,-28.4,5067,0.2
2026-07-29T09:41:12.499138,A0C3C9,N1487V,33.337784,-116.868384,,,347,,5254,-37.4,1803,54.9
2026-07-29T09:41:12.499138,AB1839,AAL115,32.724243,-117.701422,,,261,,3070,-31.1,3263,0.4
2026-07-29T09:41:12.499138,A44C70,DAL2508,32.799911,-117.158423,,,105,,1626,-36.1,1580,7.5
2026-07-29T09:41:12.499138,0D10E4,VOI1712,33.229843,-117.328821,,,279,,4356,-34.8,2872,8.2
2026-07-29T09:41:12.499138,A3C649,AAL2546,32.962569,-116.993969,,,109,,7244,-49.5,1689,0.0
2026-07-29T09:41:12.499138,AD0343,CXK240,33.012085,-117.304596,,,343,,4664,-49.5,1389,0.7
2026-07-29T09:41:12.499138,0D0DDB,AMX649,33.06958,-117.35332,,,109,,2063,-21.0,772,1.0
2026-07-29T09:41:12.499138,A6E258,UAL444,33.025726,-117.390564,,,145,,3736,-49.5,658,0.6
2026-07-29T09:41:12.499138,0D0D36,VOI7710,33.044495,-116.399762,,,301,,,-49.5,69,12.4
2026-07-29T09:41:12.499138,A5168D,N427KM,32.930145,-117.288336,,,339,,4751,-49.5,249,0.4
2026-07-29T09:41:12.499138,A95FBE,ASA577,33.228568,-117.579607,,,138,,6665,-49.5,189,9.4
2026-07-29T09:41:12.499138,A66E3B,SKW6409,33.496033,-116.650854,,,91,,1302,-49.5,58,18.0
2026-07-29T09:41:12.499138,A3EF2A,CXK234,33.1532,-117.124515,,,259,,5267,-49.5,30,4.2
2026-07-29T09:41:17.574856,A12E70,CXK654,32.989471,-116.989124,,,67,,4606,-49.5,5122,0.4
2026-07-29T09:41:17.574856,A0C3C9,N1487V,33.337784,-116.868384,,,347,,5254,-37.4,1803,60.0
2026-07-29T09:41:17.574856,AB1839,AAL115,32.722685,-117.713966,,,261,,3070,-33.6,3303,0.6
2026-07-29T09:41:17.574856,A44C70,DAL2508,32.79675,-117.144694,,,105,,1626,-49.5,1581,2.6
2026-07-29T09:41:17.574856,0D10E4,VOI1712,33.229843,-117.328821,,,279,,4356,-34.8,2872,13.3
2026-07-29T09:41:17.574856,A3C649,AAL2546,32.959671,-116.98429,,,109,,7244,-49.5,1725,0.8
2026-07-29T09:41:17.574856,AD0343,CXK240,33.014707,-117.305622,,,338,,4664,-49.5,1421,0.3
2026-07-29T09:41:17.574856,0D0DDB,AMX649,33.065449,-117.339421,,,109,,2063,-49.5,809,0.0
2026-07-29T09:41:17.574856,A6E258,UAL444,33.018711,-117.384768,,,145,,3736,-49.5,706,0.2
2026-07-29T09:41:17.574856,0D0D36,VOI7710,33.044495,-116.399762,,,301,,,-49.5,70,17.5
2026-07-29T09:41:17.574856,A5168D,N427KM,32.93335,-117.2896,,,342,,4751,-49.5,262,0.7
2026-07-29T09:41:17.574856,A95FBE,ASA577,33.228568,-117.579607,,,138,,6665,-49.5,189,14.5
2026-07-29T09:41:17.574856,A66E3B,SKW6409,33.496033,-116.650854,,,91,,1302,-49.5,58,23.1
2026-07-29T09:41:17.574856,A3EF2A,CXK234,33.1532,-117.124515,,,259,,5267,-49.5,30,9.3
2026-07-29T09:41:22.625851,A12E70,CXK654,32.990295,-116.986761,,,67,,4606,-49.5,5174,0.3
2026-07-29T09:41:22.625851,AB1839,AAL115,32.722092,-117.718835,,,261,,3070,-49.5,3313,3.9
2026-07-29T09:41:22.625851,A44C70,DAL2508,32.79675,-117.144694,,,105,,1626,-36.0,1584,7.6
2026-07-29T09:41:22.625851,0D10E4,VOI1712,33.229843,-117.328821,,,279,,4356,-34.8,2872,18.3
2026-07-29T09:41:22.625851,A3C649,AAL2546,32.956238,-116.972919,,,109,,7244,-49.5,1757,0.9
2026-07-29T09:41:22.625851,AD0343,CXK240,33.017029,-117.306848,,,335,,4664,-29.7,1472,0.4
2026-07-29T09:41:22.625851,0D0DDB,AMX649,33.062098,-117.327987,,,109,,2063,-33.4,843,0.1
2026-07-29T09:41:22.625851,A6E258,UAL444,33.01373,-117.38062,,,144,,3736,-34.2,752,1.3
2026-07-29T09:41:22.625851,0D0D36,VOI7710,33.044495,-116.399762,,,301,,,-49.5,74,22.5
2026-07-29T09:41:22.625851,A5168D,N427KM,32.937431,-117.291104,,,342,,4751,-34.8,276,0.0
2026-07-29T09:41:22.625851,A95FBE,ASA577,33.228568,-117.579607,,,138,,6665,-49.5,189,19.5
2026-07-29T09:41:22.625851,A66E3B,SKW6409,33.496033,-116.650854,,,91,,1302,-49.5,58,28.2
2026-07-29T09:41:22.625851,A3EF2A,CXK234,33.1532,-117.124515,,,259,,5267,-49.5,30,14.3
2026-07-29T09:41:27.694849,A12E70,CXK654,32.991105,-116.984384,,,68,,4606,-28.6,5223,0.3
2026-07-29T09:41:27.694849,AB1839,AAL115,32.722092,-117.718835,,,261,,3070,-49.5,3313,8.9
2026-07-29T09:41:27.694849,A44C70,DAL2508,32.793026,-117.127767,,,104,,1626,-31.5,1620,0.1
2026-07-29T09:41:27.694849,0D10E4,VOI1712,33.236389,-117.372268,,,280,,4356,-49.5,2905,0.4
2026-07-29T09:41:27.694849,A3C649,AAL2546,32.952141,-116.959272,,,109,,7244,-49.5,1794,0.0
2026-07-29T09:41:27.694849,AD0343,CXK240,33.019409,-117.308144,,,335,,4664,-31.1,1531,0.4
2026-07-29T09:41:27.694849,0D0DDB,AMX649,33.05864,-117.316351,,,109,,2063,-49.5,870,0.2
2026-07-29T09:41:27.694849,A6E258,UAL444,33.010331,-117.377818,,,145,,3736,-34.5,759,3.7
2026-07-29T09:41:27.694849,0D0D36,VOI7710,33.074387,-116.457385,,,301,,,-49.5,89,0.0
2026-07-29T09:41:27.694849,A5168D,N427KM,32.938797,-117.291632,,,342,,4751,-35.4,295,3.3
2026-07-29T09:41:27.694849,A95FBE,ASA577,33.228568,-117.579607,,,138,,6665,-49.5,189,24.6
2026-07-29T09:41:27.694849,A66E3B,SKW6409,33.496033,-116.650854,,,91,,1302,-49.5,58,33.2
2026-07-29T09:41:27.694849,A3EF2A,CXK234,33.1532,-117.124515,,,259,,5267,-49.5,30,19.4
2026-07-29T09:41:32.746804,A12E70,CXK654,32.991852,-116.982147,,,69,,4606,-25.0,5288,0.4
2026-07-29T09:41:32.746804,AB1839,AAL115,32.722092,-117.718835,,,261,,3070,-49.5,3313,14.0
2026-07-29T09:41:32.746804,A44C70,DAL2508,32.791534,-117.120905,,,104,,1626,-49.5,1638,0.0
2026-07-29T09:41:32.746804,0D10E4,VOI1712,33.2379,-117.38183,,,280,,4356,-34.8,2920,0.3
2026-07-29T09:41:32.746804,A3C649,AAL2546,32.948593,-116.947485,,,109,,7244,-17.3,1836,0.0
2026-07-29T09:41:32.746804,AD0343,CXK240,33.021973,-117.309595,,,333,,4664,-49.5,1594,0.0
2026-07-29T09:41:32.746804,0D0DDB,AMX649,33.055766,-117.306743,,,109,,2063,-26.6,907,1.0
2026-07-29T09:41:32.746804,A6E258,UAL444,32.999634,-117.368866,,,144,,3736,-32.0,780,0.2
2026-07-29T09:41:32.746804,0D0D36,VOI7710,33.079697,-116.467603,,,301,,,-49.5,122,0.0
2026-07-29T09:41:32.746804,A5168D,N427KM,32.938797,-117.291632,,,342,,4751,-34.1,296,8.4
2026-07-29T09:41:32.746804,A95FBE,ASA577,33.192215,-117.541351,,,138,,6665,-34.4,196,0.0
2026-07-29T09:41:32.746804,A66E3B,SKW6409,33.496033,-116.650854,,,91,,1302,-38.7,59,38.3
2026-07-29T09:41:32.746804,A3EF2A,CXK234,33.1532,-117.124515,,,259,,5267,-49.5,30,24.4
2026-07-29T09:41:37.797588,A12E70,CXK654,32.992549,-116.979787,,,70,,4606,-23.9,5343,0.4
2026-07-29T09:41:37.797588,AB1839,AAL115,32.722092,-117.718835,,,261,,3070,-49.5,3313,19.0
2026-07-29T09:41:37.797588,A44C70,DAL2508,32.79126,-117.119586,,,104,,1626,-37.4,1643,4.0
2026-07-29T09:41:37.797588,0D10E4,VOI1712,33.238815,-117.387708,,,280,,4356,-36.3,2955,2.2
2026-07-29T09:41:37.797588,A3C649,AAL2546,32.945158,-116.936122,,,109,,7244,-21.2,1871,0.2
2026-07-29T09:41:37.797588,AD0343,CXK240,33.024297,-117.310947,,,333,,4664,-49.5,1638,0.1
2026-07-29T09:41:37.797588,0D0DDB,AMX649,33.051773,-117.293225,,,109,,2063,-49.5,945,0.1
2026-07-29T09:41:37.797588,A6E258,UAL444,32.993408,-117.363647,,,144,,3736,-49.5,829,0.0
2026-07-29T09:41:37.797588,0D0D36,VOI7710,33.084778,-116.477435,,,301,,7770,-49.5,158,0.4
2026-07-29T09:41:37.797588,A5168D,N427KM,32.938797,-117.291632,,,342,,4751,-34.1,296,13.4
2026-07-29T09:41:37.797588,A95FBE,ASA577,33.187277,-117.536166,,,138,,6665,-49.5,209,1.0
2026-07-29T09:41:37.797588,A66E3B,SKW6409,33.496033,-116.650854,,,91,,1302,-38.7,59,43.3
2026-07-29T09:41:37.797588,A3EF2A,CXK234,33.1532,-117.124515,,,259,,5267,-49.5,30,29.5
2026-07-29T09:41:37.797588,ADDE95,,33.655313,-116.795712,,,83,,,-34.9,4,0.6
2026-07-29T09:41:42.870192,A12E70,CXK654,32.993247,-116.977377,,,71,,4606,-49.5,5405,0.3
2026-07-29T09:41:42.870192,AB1839,AAL115,32.722092,-117.718835,,,261,,3070,-49.5,3313,24.1
2026-07-29T09:41:42.870192,A44C70,DAL2508,32.79126,-117.119586,,,104,,1626,-36.2,1644,9.1
2026-07-29T09:41:42.870192,0D10E4,VOI1712,33.240672,-117.399286,,,280,,4356,-35.2,2971,1.3
2026-07-29T09:41:42.870192,A3C649,AAL2546,32.941818,-116.925018,,,109,,7244,-20.9,1907,0.5
2026-07-29T09:41:42.870192,AD0343,CXK240,33.026413,-117.312231,,,333,,4664,-49.5,1681,0.7
2026-07-29T09:41:42.870192,0D0DDB,AMX649,33.048248,-117.281305,,,109,,2063,-28.9,992,0.0
2026-07-29T09:41:42.870192,A6E258,UAL444,32.988693,-117.359692,,,144,,3736,-49.5,874,1.2
2026-07-29T09:41:42.870192,0D0D36,VOI7710,33.089539,-116.486609,,,301,,7770,-49.5,201,1.2
2026-07-29T09:41:42.870192,A5168D,N427KM,32.951908,-117.296429,,,342,,4751,-49.5,322,0.4
2026-07-29T09:41:42.870192,A95FBE,ASA577,33.187277,-117.536166,,,138,,6665,-49.5,210,6.1
2026-07-29T09:41:42.870192,A66E3B,SKW6409,33.496033,-116.650854,,,91,,1302,-38.7,59,48.4
2026-07-29T09:41:42.870192,A97549,,33.054199,-116.990936,,,287,,,-49.5,13,0.9
2026-07-29T09:41:42.870192,A3EF2A,CXK234,33.1532,-117.124515,,,259,,5267,-49.5,30,34.6
2026-07-29T09:41:42.870192,ADDE95,,33.655313,-116.795712,,,83,,,-49.5,10,5.7
2026-07-29T09:41:47.956271,A12E70,CXK654,32.993866,-116.975006,,,71,,4606,-49.5,5466,0.2
2026-07-29T09:41:47.956271,AB1839,AAL115,32.722092,-117.718835,,,261,,3070,-49.5,3313,29.2
2026-07-29T09:41:47.956271,A44C70,DAL2508,32.79126,-117.119586,,,104,,1626,-36.2,1644,14.2
2026-07-29T09:41:47.956271,0D10E4,VOI1712,33.242294,-117.409351,,,280,,4356,-49.5,3001,0.9
2026-07-29T09:41:47.956271,A3C649,AAL2546,32.938269,-116.913197,,,109,,7244,-49.5,1941,0.4
2026-07-29T09:41:47.956271,AD0343,CXK240,33.027191,-117.312671,,,333,,4664,-49.5,1689,4.0
2026-07-29T09:41:47.956271,0D0DDB,AMX649,33.044873,-117.26986,,,109,,2063,-49.5,1053,0.0
2026-07-29T09:41:47.956271,A6E258,UAL444,32.988693,-117.359692,,,144,,3736,-49.5,874,6.3
2026-07-29T09:41:47.956271,0D0D36,VOI7710,33.092263,-116.491849,,,301,,7770,-35.3,215,3.6
2026-07-29T09:41:47.956271,A5168D,N427KM,32.955368,-117.297675,,,343,,4751,-49.5,345,0.4
2026-07-29T09:41:47.956271,A95FBE,ASA577,33.17387,-117.522153,,,138,,6665,-32.8,220,0.2
2026-07-29T09:41:47.956271,A66E3B,SKW6409,33.496033,-116.650854,,,91,,1302,-38.7,59,53.5
2026-07-29T09:41:47.956271,A97549,,33.055301,-116.994305,,,292,,1200,-49.5,38,0.4
2026-07-29T09:41:47.956271,A3EF2A,CXK234,33.1532,-117.124515,,,259,,5267,-49.5,30,39.6
2026-07-29T09:41:47.956271,ADDE95,,33.655313,-116.795712,,,83,,,-49.5,10,10.8
2026-07-29T09:41:53.028589,A12E70,CXK654,32.994507,-116.972699,,,72,,4606,-27.4,5531,0.3
2026-07-29T09:41:53.028589,AB1839,AAL115,32.722092,-117.718835,,,261,,3070,-49.5,3313,34.2
2026-07-29T09:41:53.028589,A44C70,DAL2508,32.79126,-117.119586,,,104,,1626,-36.2,1644,19.3
2026-07-29T09:41:53.028589,0D10E4,VOI1712,33.243605,-117.417335,,,280,,4356,-37.4,3031,1.8
2026-07-29T09:41:53.028589,A3C649,AAL2546,32.93486,-116.901837,,,109,,7244,-26.1,1979,0.6
2026-07-29T09:41:53.028589,AD0343,CXK240,33.027191,-117.312671,,,333,,4664,-49.5,1689,9.1
2026-07-29T09:41:53.028589,0D0DDB,AMX649,33.041568,-117.258818,,,109,,2063,-29.9,1095,0.3
2026-07-29T09:41:53.028589,A6E258,UAL444,32.976022,-117.349175,,,145,,3736,-33.3,899,0.7
2026-07-29T09:41:53.028589,0D0D36,VOI7710,33.092263,-116.491849,,,301,,7770,-35.3,215,8.7
2026-07-29T09:41:53.028589,A5168D,N427KM,32.956741,-117.298169,,,342,,4751,-34.7,360,3.6
2026-07-29T09:41:53.028589,A95FBE,ASA577,33.167862,-117.515863,,,138,,6665,-28.1,260,0.3
2026-07-29T09:41:53.028589,A66E3B,SKW6409,33.496033,-116.650854,,,91,,1302,-38.7,59,58.5
2026-07-29T09:41:53.028589,A97549,N70846,33.05658,-116.997418,,,299,,1200,-49.5,66,0.2
2026-07-29T09:41:53.028589,A3EF2A,CXK234,33.1532,-117.124515,,,259,,5267,-49.5,30,44.7
2026-07-29T09:41:53.028589,ADDE95,,33.655313,-116.795712,,,83,,,-49.5,10,15.8
2026-07-29T09:41:58.098634,A12E70,CXK654,32.995202,-116.970202,,,70,,4606,-26.2,5604,0.0
2026-07-29T09:41:58.098634,AB1839,AAL115,32.722092,-117.718835,,,261,,3070,-49.5,3313,39.4
2026-07-29T09:41:58.098634,A44C70,DAL2508,32.79126,-117.119586,,,105,,1626,-49.5,1649,24.4
2026-07-29T09:41:58.098634,0D10E4,VOI1712,33.243605,-117.417335,,,280,,4356,-37.4,3031,7.0
2026-07-29T09:41:58.098634,A3C649,AAL2546,32.931425,-116.890439,,,109,,7244,-28.3,2015,0.9
2026-07-29T09:41:58.098634,AD0343,CXK240,33.033646,-117.316296,,,337,,4664,-49.5,1702,0.6
2026-07-29T09:41:58.098634,0D0DDB,AMX649,33.03803,-117.246878,,,109,,2063,-17.3,1144,0.4
2026-07-29T09:41:58.098634,A6E258,UAL444,32.970017,-117.344186,,,144,,3736,-30.3,924,0.7
2026-07-29T09:41:58.098634,0D0D36,VOI7710,33.092263,-116.491849,,,301,,7770,-49.5,217,13.8
2026-07-29T09:41:58.098634,A5168D,N427KM,32.961273,-117.299872,,,342,,4751,-35.0,363,2.2
2026-07-29T09:41:58.098634,A95FBE,ASA577,33.161487,-117.509149,,,138,,6665,-49.5,321,0.1
2026-07-29T09:41:58.098634,A66E3B,SKW6409,33.496033,-116.650854,,,91,,1302,-38.7,59,63.7
2026-07-29T09:41:58.098634,A97549,N70846,33.057908,-117.000022,,,302,,1200,-49.5,90,0.8
2026-07-29T09:41:58.098634,A3EF2A,CXK234,33.1532,-117.124515,,,259,,5267,-49.5,30,49.8
2026-07-29T09:41:58.098634,ADDE95,,33.655313,-116.795712,,,83,,,-49.5,10,20.9
2026-07-29T09:42:03.192598,A12E70,CXK654,32.995972,-116.967865,,,68,,4606,-27.5,5659,0.0
2026-07-29T09:42:03.192598,AB1839,AAL115,32.722092,-117.718835,,,261,,3070,-49.5,3313,44.4
2026-07-29T09:42:03.192598,A44C70,DAL2508,32.783752,-117.086188,,,104,,1626,-49.5,1665,3.7
2026-07-29T09:42:03.192598,0D10E4,VOI1712,33.243605,-117.417335,,,280,,4356,-37.4,3031,12.0
2026-07-29T09:42:03.192598,A3C649,AAL2546,32.927515,-116.877435,,,109,,7244,-31.3,2052,0.4
2026-07-29T09:42:03.192598,AD0343,CXK240,33.036163,-117.31745,,,339,,4664,-49.5,1746,0.6
2026-07-29T09:42:03.192598,0D0DDB,AMX649,33.034539,-117.235107,,,109,,2063,-49.5,1181,0.2
2026-07-29T09:42:03.192598,A6E258,UAL444,32.969009,-117.343323,,,144,,3736,-49.5,926,4.8
2026-07-29T09:42:03.192598,0D0D36,VOI7710,33.092263,-116.491849,,,301,,7770,-36.7,223,18.8
2026-07-29T09:42:03.192598,A5168D,N427KM,32.961273,-117.299872,,,342,,4751,-35.0,363,7.2
2026-07-29T09:42:03.192598,A95FBE,ASA577,33.155342,-117.502703,,,138,,6665,-26.9,368,0.0
2026-07-29T09:42:03.192598,A66E3B,SKW6409,33.496033,-116.650854,,,91,,1302,-38.7,59,68.7
2026-07-29T09:42:03.192598,A97549,N70846,33.059211,-117.002265,,,307,,1200,-49.5,114,1.8
2026-07-29T09:42:03.192598,A3EF2A,CXK234,33.1532,-117.124515,,,259,,5267,-49.5,30,54.9
2026-07-29T09:42:03.192598,ADDE95,,33.655313,-116.795712,,,83,,,-49.5,10,26.0
2026-07-29T09:42:08.244959,A12E70,CXK654,32.99675,-116.965613,,,66,,4606,-49.5,5710,0.1
2026-07-29T09:42:08.244959,AB1839,AAL115,32.722092,-117.718835,,,261,,3070,-49.5,3313,49.5
2026-07-29T09:42:08.244959,A44C70,DAL2508,32.783752,-117.086188,,,104,,1626,-49.5,1665,8.7
2026-07-29T09:42:08.244959,0D10E4,VOI1712,33.243605,-117.417335,,,280,,4356,-37.4,3031,17.1
2026-07-29T09:42:08.244959,A3C649,AAL2546,32.924536,-116.867458,,,109,,7244,-49.5,2090,1.0
2026-07-29T09:42:08.244959,AD0343,CXK240,33.038864,-117.318658,,,339,,4664,-32.4,1787,0.3
2026-07-29T09:42:08.244959,0D0DDB,AMX649,33.031001,-117.223112,,,109,,2063,-49.5,1226,0.0
2026-07-29T09:42:08.244959,A6E258,UAL444,32.958938,-117.334825,,,144,,3736,-32.1,959,0.9
2026-07-29T09:42:08.244959,0D0D36,VOI7710,33.092263,-116.491849,,,303,,7770,-49.5,230,23.9
2026-07-29T09:42:08.244959,A5168D,N427KM,32.961273,-117.299872,,,342,,4751,-34.1,364,12.3
2026-07-29T09:42:08.244959,A95FBE,ASA577,33.150055,-117.497186,,,138,,6665,-33.6,403,0.9
2026-07-29T09:42:08.244959,A66E3B,SKW6409,33.496033,-116.650854,,,91,,1302,-38.7,59,73.8
2026-07-29T09:42:08.244959,A97549,N70846,33.061661,-117.005713,,,307,,1200,-49.5,117,0.2
2026-07-29T09:42:08.244959,A3EF2A,CXK234,33.1532,-117.124515,,,259,,5267,-38.7,31,59.9
2026-07-29T09:42:08.244959,ADDE95,,33.655313,-116.795712,,,83,,,-39.0,11,31.1
2026-07-29T09:42:13.320300,A12E70,CXK654,32.997574,-116.963361,,,67,,4606,-30.0,5767,0.1
2026-07-29T09:42:13.320300,AB1839,AAL115,32.722092,-117.718835,,,261,,3070,-49.5,3313,54.5
2026-07-29T09:42:13.320300,A44C70,DAL2508,32.783752,-117.086188,,,104,,1626,-49.5,1670,13.8
2026-07-29T09:42:13.320300,0D10E4,VOI1712,33.243605,-117.417335,,,280,,4356,-37.4,3031,22.1
2026-07-29T09:42:13.320300,A3C649,AAL2546,32.920807,-116.85509,,,109,,7244,-29.9,2123,0.9
2026-07-29T09:42:13.320300,AD0343,CXK240,33.041245,-117.319702,,,339,,4664,-33.2,1847,0.5
2026-07-29T09:42:13.320300,0D0DDB,AMX649,33.027556,-117.211565,,,109,,2063,-49.5,1257,0.1
2026-07-29T09:42:13.320300,A6E258,UAL444,32.953354,-117.330029,,,143,,3736,-32.8,979,0.9
2026-07-29T09:42:13.320300,0D0D36,VOI7710,33.12442,-116.552087,,,304,,7770,-31.6,256,0.0
2026-07-29T09:42:13.320300,A5168D,N427KM,32.972624,-117.304164,,,342,,4751,-49.5,365,0.2
2026-07-29T09:42:13.320300,A95FBE,ASA577,33.148865,-117.495923,,,138,,6665,-37.2,411,4.9
2026-07-29T09:42:13.320300,A66E3B,SKW6409,33.496033,-116.650854,,,91,,1302,-38.7,59,78.8
2026-07-29T09:42:13.320300,A97549,N70846,33.061661,-117.005713,,,313,,1200,-35.7,120,5.3
2026-07-29T09:42:13.320300,A3EF2A,CXK234,33.1532,-117.124515,,,259,,5267,-38.7,31,65.0
2026-07-29T09:42:13.320300,ADDE95,,33.655313,-116.795712,,,83,,,-39.0,11,36.1
2026-07-29T09:42:18.374889,A12E70,CXK654,32.998368,-116.96101,,,67,,4606,-26.8,5823,0.2
2026-07-29T09:42:18.374889,AB1839,AAL115,32.722092,-117.718835,,,261,,3070,-49.5,3314,59.6
2026-07-29T09:42:18.374889,A44C70,DAL2508,32.778594,-117.063138,,,104,,1626,-49.5,1674,0.7
2026-07-29T09:42:18.374889,0D10E4,VOI1712,33.251007,-117.463915,,,280,,4356,-49.5,3046,2.5
2026-07-29T09:42:18.374889,A3C649,AAL2546,32.917374,-116.843665,,,109,,7244,-49.5,2158,0.9
2026-07-29T09:42:18.374889,AD0343,CXK240,33.043477,-117.3207,,,338,,4664,-49.5,1882,0.9
2026-07-29T09:42:18.374889,0D0DDB,AMX649,33.024064,-117.199794,,,109,,2063,-28.0,1291,0.0
2026-07-29T09:42:18.374889,A6E258,UAL444,32.94716,-117.324568,,,143,,3736,-25.7,1012,0.2
2026-07-29T09:42:18.374889,0D0D36,VOI7710,33.129459,-116.560569,,,305,,7770,-32.7,304,0.9
2026-07-29T09:42:18.374889,A5168D,N427KM,32.97579,-117.305398,,,341,,4751,-31.5,383,0.4
2026-07-29T09:42:18.374889,A95FBE,ASA577,33.148865,-117.495923,,,138,,6665,-49.5,413,9.9
2026-07-29T09:42:18.374889,A66E3B,SKW6409,33.496033,-116.650854,,,91,,1302,-38.7,59,83.9
2026-07-29T09:42:18.374889,A97549,N70846,33.064682,-117.009338,,,315,,1200,-49.5,125,2.6
2026-07-29T09:42:18.374889,A3EF2A,CXK234,33.1532,-117.124515,,,259,,5267,-38.7,31,70.1
2026-07-29T09:42:18.374889,ADDE95,,33.655313,-116.795712,,,83,,,-39.0,11,41.2
2026-07-29T09:42:23.424450,A12E70,CXK654,32.999039,-116.959131,,,67,,4606,-30.8,5879,1.1
2026-07-29T09:42:23.424450,AB1839,AAL115,32.702316,-117.878027,,,261,,3070,-34.5,3340,2.2
2026-07-29T09:42:23.424450,A44C70,DAL2508,32.777206,-117.056854,,,105,,1626,-49.5,1693,0.8
2026-07-29T09:42:23.424450,0D10E4,VOI1712,33.251007,-117.463915,,,280,,4356,-49.5,3046,7.5
2026-07-29T09:42:23.424450,A3C649,AAL2546,32.913782,-116.831808,,,109,,7244,-49.5,2189,1.0
2026-07-29T09:42:23.424450,AD0343,CXK240,33.043477,-117.3207,,,338,,4664,-49.5,1882,6.0
2026-07-29T09:42:23.424450,0D0DDB,AMX649,33.020759,-117.18864,,,109,,2063,-25.9,1327,0.4
2026-07-29T09:42:23.424450,A6E258,UAL444,32.941993,-117.320139,,,143,,3736,-49.5,1049,0.5
2026-07-29T09:42:23.424450,0D0D36,VOI7710,33.132019,-116.564777,,,305,,7770,-49.5,329,3.9
2026-07-29T09:42:23.424450,A5168D,N427KM,32.979218,-117.306738,,,341,,4751,-32.0,439,0.2
2026-07-29T09:42:23.424450,A95FBE,ASA577,33.130297,-117.477984,,,143,,6665,-33.1,431,0.0
2026-07-29T09:42:23.424450,A66E3B,SKW6409,33.496033,-116.650854,,,91,,1302,-38.7,59,88.9
2026-07-29T09:42:23.424450,A97549,N70846,33.06601,-117.010876,,,315,,1200,-49.5,126,4.1
2026-07-29T09:42:23.424450,A3EF2A,CXK234,33.1532,-117.124515,,,259,,5267,-38.7,31,75.1
2026-07-29T09:42:23.424450,ADDE95,,33.655313,-116.795712,,,83,,,-39.0,11,46.2
2026-07-29T09:42:28.478754,A12E70,CXK654,32.999954,-116.956494,,,67,,4606,-49.5,5922,0.3
2026-07-29T09:42:28.478754,AB1839,AAL115,32.702316,-117.878027,,,261,,3070,-49.5,3341,7.3
2026-07-29T09:42:28.478754,A44C70,DAL2508,32.776657,-117.054437,,,105,,1626,-49.5,1701,4.0
2026-07-29T09:42:28.478754,0D10E4,VOI1712,33.251007,-117.463915,,,280,,4356,-49.5,3046,12.6
2026-07-29T09:42:28.478754,A3C649,AAL2546,32.909779,-116.818468,,,109,,7244,-49.5,2229,0.3
2026-07-29T09:42:28.478754,AD0343,CXK240,33.043477,-117.3207,,,338,,4664,-37.9,1883,11.1
2026-07-29T09:42:28.478754,0D0DDB,AMX649,33.017175,-117.176588,,,109,,2063,-49.5,1369,0.3
2026-07-29T09:42:28.478754,A6E258,UAL444,32.936188,-117.315198,,,144,,3736,-30.0,1096,0.3
2026-07-29T09:42:28.478754,0D0D36,VOI7710,33.142319,-116.580981,,,307,,7770,-49.5,357,0.7
2026-07-29T09:42:28.478754,A5168D,N427KM,32.982633,-117.308088,,,341,,4751,-34.6,459,0.0
2026-07-29T09:42:28.478754,A95FBE,ASA577,33.12364,-117.472435,,,144,,6665,-49.5,477,0.0
2026-07-29T09:42:28.478754,A66E3B,SKW6409,33.496033,-116.650854,,,91,,1302,-38.7,59,94.0
2026-07-29T09:42:28.478754,A97549,N70846,33.06601,-117.010876,,,315,,1200,-49.5,126,9.2
2026-07-29T09:42:28.478754,A3EF2A,CXK234,33.1532,-117.124515,,,259,,5267,-38.7,31,80.2
2026-07-29T09:42:28.478754,ADDE95,,33.655313,-116.795712,,,83,,,-37.2,12,51.3
2026-07-29T09:42:33.557067,A12E70,CXK654,33.000788,-116.954115,,,68,,4606,-49.5,5962,0.3
2026-07-29T09:42:33.557067,AB1839,AAL115,32.702316,-117.878027,,,261,,3070,-49.5,3341,12.3
2026-07-29T09:42:33.557067,A44C70,DAL2508,32.776657,-117.054437,,,105,,1626,-49.5,1701,9.0
2026-07-29T09:42:33.557067,0D10E4,VOI1712,33.251007,-117.463915,,,280,,4356,-49.5,3046,17.6
2026-07-29T09:42:33.557067,A3C649,AAL2546,32.909034,-116.815945,,,109,,7244,-49.5,2245,4.3
2026-07-29T09:42:33.557067,AD0343,CXK240,33.051361,-117.323987,,,342,,4664,-35.7,1919,0.2
2026-07-29T09:42:33.557067,0D0DDB,AMX649,33.013733,-117.16496,,,109,,2063,-17.2,1416,0.2
2026-07-29T09:42:33.557067,A6E258,UAL444,32.931984,-117.311731,,,144,,3736,-49.5,1126,1.5
2026-07-29T09:42:33.557067,0D0D36,VOI7710,33.148312,-116.589885,,,308,,7770,-35.7,380,1.1
2026-07-29T09:42:33.557067,A5168D,N427KM,32.983932,-117.308551,,,341,,4751,-49.5,478,3.0
2026-07-29T09:42:33.557067,A95FBE,ASA577,33.118426,-117.468118,,,144,,6665,-49.5,521,1.0
2026-07-29T09:42:33.557067,A97549,N70846,33.06601,-117.010876,,,315,,1200,-49.5,126,14.2
2026-07-29T09:42:33.557067,A3EF2A,CXK234,33.1532,-117.124515,,,259,,5267,-38.7,31,85.2
2026-07-29T09:42:33.557067,ADDE95,,33.655313,-116.795712,,,83,,,-37.2,12,56.4
2026-07-29T09:42:38.610425,A12E70,CXK654,33.001556,-116.951605,,,69,,4606,-49.5,6017,0.0
2026-07-29T09:42:38.610425,AB1839,AAL115,32.702316,-117.878027,,,261,,3070,-49.5,3341,17.4
2026-07-29T09:42:38.610425,A44C70,DAL2508,32.776657,-117.054437,,,105,,1626,-49.5,1701,14.0
2026-07-29T09:42:38.610425,0D10E4,VOI1712,33.251007,-117.463915,,,280,,4356,-49.5,3046,22.7
2026-07-29T09:42:38.610425,A3C649,AAL2546,32.909034,-116.815945,,,109,,7244,-49.5,2246,9.3
2026-07-29T09:42:38.610425,AD0343,CXK240,33.052042,-117.324287,,,342,,4664,-49.5,1926,3.9
2026-07-29T09:42:38.610425,0D0DDB,AMX649,33.010331,-117.153495,,,109,,2063,-31.6,1467,0.3
2026-07-29T09:42:38.610425,A6E258,UAL444,32.924881,-117.306079,,,146,,3736,-33.7,1159,0.0
2026-07-29T09:42:38.610425,0D0D36,VOI7710,33.156273,-116.601376,,,309,,7770,-36.7,403,0.2
2026-07-29T09:42:38.610425,A5168D,N427KM,32.989334,-117.310693,,,341,,4751,-49.5,486,0.0
2026-07-29T09:42:38.610425,A95FBE,ASA577,33.111008,-117.46181,,,144,,6665,-49.5,573,0.4
2026-07-29T09:42:38.610425,A97549,N70846,33.06601,-117.010876,,,315,,1200,-49.5,126,19.3
2026-07-29T09:42:38.610425,A3EF2A,CXK234,33.1532,-117.124515,,,259,,5267,-38.7,31,90.3
2026-07-29T09:42:38.610425,ADDE95,,33.655313,-116.795712,,,83,,,-37.2,12,61.4
2026-07-29T09:42:43.650483,A12E70,CXK654,33.002335,-116.949298,,,68,,4606,-24.7,6079,0.0
2026-07-29T09:42:43.650483,AB1839,AAL115,32.702316,-117.878027,,,261,,3070,-49.5,3341,22.5
2026-07-29T09:42:43.650483,A44C70,DAL2508,32.776657,-117.054437,,,105,,1626,-49.5,1701,19.1
2026-07-29T09:42:43.650483,0D10E4,VOI1712,33.251007,-117.463915,,,280,,4356,-36.0,3048,27.8
2026-07-29T09:42:43.650483,A3C649,AAL2546,32.909034,-116.815945,,,109,,7244,-49.5,2246,14.4
2026-07-29T09:42:43.650483,AD0343,CXK240,33.056396,-117.326184,,,338,,4664,-49.5,1954,0.2
2026-07-29T09:42:43.650483,0D0DDB,AMX649,33.006933,-117.14206,,,109,,2063,-49.5,1497,0.5
2026-07-29T09:42:43.650483,A6E258,UAL444,32.919462,-117.301698,,,145,,3736,-49.5,1214,0.0
2026-07-29T09:42:43.650483,0D0D36,VOI7710,33.161626,-116.608719,,,311,,7770,-33.8,416,1.4
2026-07-29T09:42:43.650483,A5168D,N427KM,32.992584,-117.312012,,,341,,4751,-49.5,530,0.0
2026-07-29T09:42:43.650483,A95FBE,ASA577,33.10432,-117.456235,,,144,,6665,-29.8,616,0.3
2026-07-29T09:42:43.650483,A97549,N70846,33.076203,-117.02121,,,322,,1200,-31.9,156,0.3
2026-07-29T09:42:43.650483,A3EF2A,CXK234,33.1532,-117.124515,,,259,,5267,-38.7,31,95.4
2026-07-29T09:42:43.650483,ADDE95,,33.655313,-116.795712,,,83,,,-37.2,12,66.5
2026-07-29T09:42:48.739262,A12E70,CXK654,33.003116,-116.946941,,,67,,4606,-49.5,6130,0.2
2026-07-29T09:42:48.739262,AB1839,AAL115,32.702316,-117.878027,,,261,,3070,-49.5,3341,27.6
2026-07-29T09:42:48.739262,A44C70,DAL2508,32.776657,-117.054437,,,105,,1626,-49.5,1701,24.2
2026-07-29T09:42:48.739262,0D10E4,VOI1712,33.259323,-117.517291,,,280,,4356,-49.5,3049,4.5
2026-07-29T09:42:48.739262,A3C649,AAL2546,32.909034,-116.815945,,,109,,7244,-49.5,2246,19.5
2026-07-29T09:42:48.739262,AD0343,CXK240,33.0569,-117.326404,,,338,,4664,-49.5,1962,4.3
2026-07-29T09:42:48.739262,0D0DDB,AMX649,33.003256,-117.129897,,,109,,2063,-49.5,1529,0.5
2026-07-29T09:42:48.739262,A6E258,UAL444,32.914946,-117.298055,,,145,,3736,-33.5,1239,0.8
2026-07-29T09:42:48.739262,0D0D36,VOI7710,33.169959,-116.619873,,,312,,7770,-49.5,453,0.5
2026-07-29T09:42:48.739262,A5168D,N427KM,32.993154,-117.312292,,,340,,4751,-35.6,539,4.3
2026-07-29T09:42:48.739262,A95FBE,ASA577,33.097989,-117.45091,,,144,,6665,-49.5,662,0.5
2026-07-29T09:42:48.739262,A97549,N70846,33.078484,-117.023284,,,324,,1200,-49.5,189,0.5
2026-07-29T09:42:48.739262,A3EF2A,CXK234,33.1532,-117.124515,,,259,,5267,-38.7,31,100.5
2026-07-29T09:42:48.739262,ADDE95,,33.655313,-116.795712,,,83,,,-37.2,12,71.6
2026-07-29T09:42:53.819206,A12E70,CXK654,33.003861,-116.944698,,,68,,4606,-49.5,6189,0.4
2026-07-29T09:42:53.819206,AB1839,AAL115,32.702316,-117.878027,,,261,,3070,-49.5,3341,32.6
2026-07-29T09:42:53.819206,A44C70,DAL2508,32.776657,-117.054437,,,105,,1626,-49.5,1701,29.3
2026-07-29T09:42:53.819206,0D10E4,VOI1712,33.259323,-117.517291,,,280,,4356,-49.5,3050,9.6
2026-07-29T09:42:53.819206,A3C649,AAL2546,32.909034,-116.815945,,,109,,7244,-49.5,2246,24.6
2026-07-29T09:42:53.819206,AD0343,CXK240,33.0569,-117.326404,,,338,,4664,-49.5,1962,9.4
2026-07-29T09:42:53.819206,0D0DDB,AMX649,32.999542,-117.117499,,,109,,2063,-49.5,1566,0.3
2026-07-29T09:42:53.819206,A6E258,UAL444,32.909317,-117.29339,,,145,,3736,-29.3,1271,0.4
2026-07-29T09:42:53.819206,0D0D36,VOI7710,33.177826,-116.629906,,,313,,7770,-49.5,490,0.0
2026-07-29T09:42:53.819206,A5168D,N427KM,32.998901,-117.314703,,,339,,4751,-49.5,546,0.5
2026-07-29T09:42:53.819206,A95FBE,ASA577,33.091187,-117.445276,,,144,,6665,-33.9,707,0.3
2026-07-29T09:42:53.819206,A97549,N70846,33.080998,-117.025246,,,328,,1200,-49.5,229,0.3
2026-07-29T09:42:53.819206,A3EF2A,CXK234,33.1532,-117.124515,,,259,,5267,-38.7,31,105.5
2026-07-29T09:42:53.819206,ADDE95,,33.674027,-116.601105,,,83,,,-49.5,14,0.5
2026-07-29T09:42:58.898808,A12E70,CXK654,33.004699,-116.942232,,,68,,4606,-26.7,6252,0.2
2026-07-29T09:42:58.898808,AB1839,AAL115,32.702316,-117.878027,,,261,,3070,-49.5,3341,37.7
2026-07-29T09:42:58.898808,A44C70,DAL2508,32.776657,-117.054437,,,105,,1626,-49.5,1701,34.4
2026-07-29T09:42:58.898808,0D10E4,VOI1712,33.266327,-117.541791,,,298,,4356,-33.8,3064,1.0
2026-07-29T09:42:58.898808,A3C649,AAL2546,32.909034,-116.815945,,,109,,7244,-49.5,2246,29.6
2026-07-29T09:42:58.898808,AD0343,CXK240,33.0569,-117.326404,,,338,,4664,-36.5,1964,14.4
2026-07-29T09:42:58.898808,0D0DDB,AMX649,32.995993,-117.105514,,,109,,2063,-17.7,1604,0.3
2026-07-29T09:42:58.898808,A6E258,UAL444,32.904146,-117.289086,,,144,,3736,-49.5,1338,0.4
2026-07-29T09:42:58.898808,0D0D36,VOI7710,33.184708,-116.638385,,,314,,7770,-29.7,532,0.4
2026-07-29T09:42:58.898808,A5168D,N427KM,32.998901,-117.314703,,,339,,4751,-37.0,547,5.5
2026-07-29T09:42:58.898808,A95FBE,ASA577,33.090042,-117.444287,,,145,,6665,-34.7,716,4.5
2026-07-29T09:42:58.898808,A97549,N70846,33.083558,-117.027096,,,329,,1200,-49.5,261,0.2
2026-07-29T09:42:58.898808,A3EF2A,CXK234,33.1532,-117.124515,,,259,,5267,-38.7,31,110.6
2026-07-29T09:42:58.898808,ADDE95,,33.674027,-116.601105,,,83,,,-49.5,14,5.6
2026-07-29T09:43:03.950037,A12E70,CXK654,33.005583,-116.939822,,,64,,4606,-49.5,6317,0.0
2026-07-29T09:43:03.950037,AB1839,AAL115,32.702316,-117.878027,,,261,,3070,-38.4,3343,42.7
2026-07-29T09:43:03.950037,A44C70,DAL2508,32.776657,-117.054437,,,105,,1626,-49.5,1701,39.4
2026-07-29T09:43:03.950037,0D10E4,VOI1712,33.271164,-117.551469,,,298,,4356,-49.5,3066,0.1
2026-07-29T09:43:03.950037,A3C649,AAL2546,32.909034,-116.815945,,,109,,7244,-36.3,2248,34.7
2026-07-29T09:43:03.950037,AD0343,CXK240,33.066238,-117.329974,,,343,,4664,-49.5,1981,1.0
2026-07-29T09:43:03.950037,0D0DDB,AMX649,32.992549,-117.093967,,,109,,2063,-36.1,1647,0.3
2026-07-29T09:43:03.950037,A6E258,UAL444,32.898926,-117.284766,,,144,,3736,-28.1,1412,0.3
2026-07-29T09:43:03.950037,0D0D36,VOI7710,33.192719,-116.647943,,,315,,7770,-27.1,600,0.1
2026-07-29T09:43:03.950037,A5168D,N427KM,33.002464,-117.316272,,,339,,4751,-49.5,549,5.0
2026-07-29T09:43:03.950037,A95FBE,ASA577,33.082208,-117.437794,,,144,,6665,-35.5,724,3.5
2026-07-29T09:43:03.950037,A97549,N70846,33.085922,-117.028729,,,329,,1200,-49.5,289,0.5
2026-07-29T09:43:03.950037,A3EF2A,CXK234,33.1532,-117.124515,,,259,,5267,-38.7,31,115.6
2026-07-29T09:43:03.950037,ADDE95,,33.674027,-116.601105,,,83,,,-35.4,20,10.6
2026-07-29T09:43:09.001195,A12E70,CXK654,33.006454,-116.937653,,,64,,4606,-33.0,6367,0.3
2026-07-29T09:43:09.001195,AB1839,AAL115,32.702316,-117.878027,,,261,,3070,-38.4,3343,47.8
2026-07-29T09:43:09.001195,A44C70,DAL2508,32.776657,-117.054437,,,105,,1626,-49.5,1701,44.5
2026-07-29T09:43:09.001195,0D10E4,VOI1712,33.273972,-117.556512,,,298,,4356,-35.6,3072,2.0
2026-07-29T09:43:09.001195,A3C649,AAL2546,32.882406,-116.727999,,,109,,7244,-49.5,2262,2.2
2026-07-29T09:43:09.001195,AD0343,CXK240,33.069077,-117.331018,,,341,,4664,-29.6,2036,0.4
2026-07-29T09:43:09.001195,0D0DDB,AMX649,32.989011,-117.08214,,,109,,2063,-49.5,1701,0.4
2026-07-29T09:43:09.001195,A6E258,UAL444,32.896866,-117.283008,,,145,,3736,-49.5,1441,3.2
2026-07-29T09:43:09.001195,0D0D36,VOI7710,33.199566,-116.656027,,,315,,7770,-49.5,658,0.5
2026-07-29T09:43:09.001195,A5168D,N427KM,33.002464,-117.316272,,,339,,4751,-49.5,549,10.0
2026-07-29T09:43:09.001195,A95FBE,ASA577,33.072739,-117.429895,,,144,,6665,-33.5,756,1.2
2026-07-29T09:43:09.001195,A97549,N70846,33.088531,-117.030597,,,329,,1200,-49.5,309,0.4
2026-07-29T09:43:09.001195,ADDE95,,33.674027,-116.601105,,,83,,,-49.5,34,15.7
2026-07-29T09:43:14.053519,A12E70,CXK654,33.007259,-116.935618,,,65,,4606,-32.7,6403,0.8
2026-07-29T09:43:14.053519,AB1839,AAL115,32.702316,-117.878027,,,261,,3070,-38.4,3343,52.9
2026-07-29T09:43:14.053519,A44C70,DAL2508,32.776657,-117.054437,,,105,,1626,-49.5,1701,49.5
2026-07-29T09:43:14.053519,0D10E4,VOI1712,33.278183,-117.563928,,,298,,4356,-36.9,3075,2.3
2026-07-29T09:43:14.053519,A3C649,AAL2546,32.879613,-116.718806,,,109,,7244,-34.6,2276,3.3
2026-07-29T09:43:14.053519,AD0343,CXK240,33.071503,-117.332007,,,339,,4664,-49.5,2105,0.5
2026-07-29T09:43:14.053519,0D0DDB,AMX649,32.985705,-117.071041,,,109,,2063,-49.5,1741,0.8
2026-07-29T09:43:14.053519,A6E258,UAL444,32.889175,-117.276581,,,144,,3736,-36.4,1467,0.5
2026-07-29T09:43:14.053519,0D0D36,VOI7710,33.206735,-116.664491,,,315,,7770,-32.2,716,0.8
2026-07-29T09:43:14.053519,A5168D,N427KM,33.011353,-117.320197,,,339,,4751,-49.5,562,0.9
2026-07-29T09:43:14.053519,A95FBE,ASA577,33.066833,-117.424951,,,144,,6665,-34.2,768,1.6
2026-07-29T09:43:14.053519,A97549,N70846,33.090774,-117.032197,,,329,,1200,-28.2,336,0.9
2026-07-29T09:43:14.053519,ADDE95,JBU1700,33.678955,-116.548574,,,83,,,-33.6,68,0.3
2026-07-29T09:43:19.104403,A12E70,CXK654,33.008237,-116.933096,,,65,,4606,-49.5,6466,0.2
2026-07-29T09:43:19.104403,AB1839,AAL115,32.702316,-117.878027,,,261,,3070,-38.4,3343,57.9
2026-07-29T09:43:19.104403,A44C70,DAL2508,32.776657,-117.054437,,,105,,1626,-49.5,1701,54.6
2026-07-29T09:43:19.104403,0D10E4,VOI1712,33.278183,-117.563928,,,304,,4356,-49.5,3081,7.3
2026-07-29T09:43:19.104403,A3C649,AAL2546,32.87398,-116.700197,,,109,,7244,-49.5,2294,0.5
2026-07-29T09:43:19.104403,AD0343,CXK240,33.073875,-117.3332,,,334,,4664,-49.5,2177,0.4
2026-07-29T09:43:19.104403,0D0DDB,AMX649,32.981888,-117.058261,,,109,,2063,-21.2,1795,0.4
2026-07-29T09:43:19.104403,A6E258,UAL444,32.883896,-117.272102,,,143,,3736,-33.3,1535,0.0
2026-07-29T09:43:19.104403,0D0D36,VOI7710,33.215057,-116.67442,,,315,,7770,-33.0,776,0.2
2026-07-29T09:43:19.104403,A5168D,N427KM,33.011353,-117.320197,,,339,,4751,-49.5,566,5.9
2026-07-29T09:43:19.104403,A95FBE,ASA577,33.064133,-117.422699,,,144,,6665,-35.3,776,4.6
2026-07-29T09:43:19.104403,A97549,N70846,33.093846,-117.034271,,,330,,1200,-30.1,379,0.0
2026-07-29T09:43:19.104403,ADDE95,JBU1700,33.680125,-116.536102,,,83,,,-35.7,100,0.4
2026-07-29T09:43:24.167908,A12E70,CXK654,33.009064,-116.930841,,,66,,4606,-49.5,6522,0.4
2026-07-29T09:43:24.167908,AB1839,AAL115,32.702316,-117.878027,,,261,,3070,-38.4,3343,63.0
2026-07-29T09:43:24.167908,A44C70,DAL2508,32.776657,-117.054437,,,105,,1626,-49.5,1701,59.6
2026-07-29T09:43:24.167908,0D10E4,VOI1712,33.278183,-117.563928,,,304,,4356,-38.0,3083,12.4
2026-07-29T09:43:24.167908,A3C649,AAL2546,32.870682,-116.689362,,,109,,7244,-49.5,2313,0.9
2026-07-29T09:43:24.167908,AD0343,CXK240,33.076156,-117.334545,,,332,,4664,-32.5,2256,0.6
2026-07-29T09:43:24.167908,0D0DDB,AMX649,32.978531,-117.047131,,,109,,2063,-49.5,1845,0.8
2026-07-29T09:43:24.167908,A6E258,UAL444,32.880777,-117.269356,,,144,,3736,-49.5,1577,1.8
2026-07-29T09:43:24.167908,0D0D36,VOI7710,33.222794,-116.683594,,,314,,7770,-34.9,787,0.0
2026-07-29T09:43:24.167908,A5168D,N427KM,33.01799,-117.323108,,,339,,4751,-31.0,608,0.3
2026-07-29T09:43:24.167908,A95FBE,ASA577,33.051865,-117.412537,,,144,,6665,-30.2,824,0.0
2026-07-29T09:43:24.167908,A97549,N70846,33.096313,-117.03584,,,331,,1200,-49.5,418,0.2
2026-07-29T09:43:24.167908,ADDE95,JBU1700,33.681335,-116.523126,,,83,,,-49.5,141,0.5
2026-07-29T09:43:29.207602,A12E70,CXK654,33.010025,-116.928314,,,66,,4606,-27.6,6587,0.1
2026-07-29T09:43:29.207602,AB1839,AAL115,32.702316,-117.878027,,,261,,3070,-38.4,3343,68.0
2026-07-29T09:43:29.207602,0D10E4,VOI1712,33.278183,-117.563928,,,304,,4356,-49.5,3085,17.5
2026-07-29T09:43:29.207602,A3C649,AAL2546,32.866997,-116.677327,,,109,,7244,-35.4,2339,0.9
2026-07-29T09:43:29.207602,AD0343,CXK240,33.078717,-117.336114,,,332,,4664,-49.5,2309,0.1
2026-07-29T09:43:29.207602,0D0DDB,AMX649,32.974859,-117.034775,,,109,,2063,-49.5,1885,0.6
2026-07-29T09:43:29.207602,A6E258,UAL444,32.877285,-117.266385,,,144,,3736,-49.5,1606,3.1
2026-07-29T09:43:29.207602,0D0D36,VOI7710,33.230026,-116.692328,,,314,,7770,-24.9,864,0.3
2026-07-29T09:43:29.207602,A5168D,N427KM,33.021103,-117.324426,,,339,,4751,-28.9,664,0.4
2026-07-29T09:43:29.207602,A95FBE,ASA577,33.046692,-117.408197,,,144,,6665,-49.5,870,1.0
2026-07-29T09:43:29.207602,A97549,N70846,33.09906,-117.037522,,,332,,1200,-27.7,452,0.1
2026-07-29T09:43:29.207602,ADDE95,JBU1700,33.682571,-116.509505,,,83,,,-34.7,160,0.3
2026-07-29T09:43:34.286817,A12E70,CXK654,33.010803,-116.926172,,,66,,4606,-31.1,6639,0.5
2026-07-29T09:43:34.286817,AB1839,AAL115,32.702316,-117.878027,,,261,,3070,-38.4,3343,73.1
2026-07-29T09:43:34.286817,0D10E4,VOI1712,33.278183,-117.563928,,,304,,4356,-49.5,3085,22.5
2026-07-29T09:43:34.286817,A3C649,AAL2546,32.864136,-116.667883,,,109,,7244,-35.8,2363,2.0
2026-07-29T09:43:34.286817,AD0343,CXK240,33.08107,-117.3375,,,332,,4664,-35.3,2355,0.2
2026-07-29T09:43:34.286817,0D0DDB,AMX649,32.97139,-117.023126,,,109,,2063,-12.2,1928,0.8
2026-07-29T09:43:34.286817,A6E258,UAL444,32.869651,-117.259995,,,144,,3736,-33.2,1623,0.0
2026-07-29T09:43:34.286817,0D0D36,VOI7710,33.237832,-116.70171,,,314,,7770,-25.5,935,0.0
2026-07-29T09:43:34.286817,A5168D,N427KM,33.024437,-117.325857,,,339,,4751,-49.5,709,0.2
2026-07-29T09:43:34.286817,A95FBE,ASA577,33.039194,-117.40192,,,144,,6665,-34.1,927,0.1
2026-07-29T09:43:34.286817,A97549,N70846,33.101667,-117.039147,,,332,,1200,-49.5,489,0.1
2026-07-29T09:43:34.286817,ADDE95,JBU1700,33.683803,-116.496277,,,83,,2020,-33.5,200,0.3
2026-07-29T09:43:39.366111,A12E70,CXK654,33.011728,-116.923623,,,67,,4606,-49.5,6694,0.0
2026-07-29T09:43:39.366111,AB1839,AAL115,32.702316,-117.878027,,,261,,3070,-38.4,3343,78.2
2026-07-29T09:43:39.366111,0D10E4,VOI1712,33.278183,-117.563928,,,304,,4356,-49.5,3085,27.6
2026-07-29T09:43:39.366111,A3C649,AAL2546,32.861938,-116.660522,,,109,,7244,-49.5,2377,4.0
2026-07-29T09:43:39.366111,AD0343,CXK240,33.081757,-117.337939,,,332,,4664,-49.5,2358,3.7
2026-07-29T09:43:39.366111,0D0DDB,AMX649,32.967224,-117.009283,,,109,,2063,-13.8,1980,0.1
2026-07-29T09:43:39.366111,A6E258,UAL444,32.869651,-117.259995,,,144,,3736,-35.1,1628,5.1
2026-07-29T09:43:39.366111,0D0D36,VOI7710,33.244949,-116.710236,,,314,,7770,-23.9,1000,0.2
2026-07-29T09:43:39.366111,A5168D,N427KM,33.027466,-117.327173,,,340,,4751,-31.9,744,0.3
2026-07-29T09:43:39.366111,A95FBE,ASA577,33.033005,-117.396716,,,144,,6665,-49.5,937,0.2
2026-07-29T09:43:39.366111,A97549,N70846,33.104274,-117.040773,,,332,,1200,-49.5,521,0.2
2026-07-29T09:43:39.366111,ADDE95,JBU1700,33.684408,-116.489811,,,83,,2020,-36.7,247,2.8
2026-07-29T09:43:44.428873,A12E70,CXK654,33.012589,-116.921228,,,67,,4606,-28.6,6752,0.1
2026-07-29T09:43:44.428873,AB1839,AAL115,32.702316,-117.878027,,,261,,3070,-38.4,3343,83.2
2026-07-29T09:43:44.428873,0D10E4,VOI1712,33.278183,-117.563928,,,304,,4356,-49.5,3085,32.7
2026-07-29T09:43:44.428873,A3C649,AAL2546,32.858917,-116.650635,,,109,,7244,-36.1,2384,5.0
2026-07-29T09:43:44.428873,AD0343,CXK240,33.081757,-117.337939,,,332,,4664,-49.5,2358,8.8
2026-07-29T09:43:44.428873,0D0DDB,AMX649,32.963608,-116.997144,,,109,,2063,-49.5,2038,0.0
2026-07-29T09:43:44.428873,A6E258,UAL444,32.869651,-117.259995,,,144,,3736,-36.8,1631,10.2
2026-07-29T09:43:44.428873,0D0D36,VOI7710,33.25245,-116.719311,,,314,,7770,-27.3,1080,0.3
2026-07-29T09:43:44.428873,A5168D,N427KM,33.028976,-117.327832,,,340,,4751,-49.5,761,3.0
2026-07-29T09:43:44.428873,A95FBE,ASA577,33.026811,-117.391494,,,144,,6665,-32.9,968,0.3
2026-07-29T09:43:44.428873,A97549,N70846,33.106979,-117.042462,,,331,,1200,-49.5,557,0.1
2026-07-29T09:43:44.428873,ADDE95,JBU1700,33.685432,-116.478767,,,83,,2020,-35.7,256,3.5
2026-07-29T09:43:49.508428,A12E70,CXK654,33.013367,-116.918756,,,68,,4606,-49.5,6809,0.0
2026-07-29T09:43:49.508428,AB1839,AAL115,32.702316,-117.878027,,,261,,3070,-38.4,3343,88.3
2026-07-29T09:43:49.508428,0D10E4,VOI1712,33.278183,-117.563928,,,304,,4356,-49.5,3085,37.7
2026-07-29T09:43:49.508428,A3C649,AAL2546,32.858917,-116.650635,,,109,,7244,-36.1,2384,10.0
2026-07-29T09:43:49.508428,AD0343,CXK240,33.081757,-117.337939,,,332,,4664,-49.5,2358,13.9
2026-07-29T09:43:49.508428,0D0DDB,AMX649,32.960587,-116.987091,,,109,,2063,-20.1,2080,1.0
2026-07-29T09:43:49.508428,A6E258,UAL444,32.856628,-117.249115,,,144,,3736,-49.5,1641,1.4
2026-07-29T09:43:49.508428,0D0D36,VOI7710,33.259945,-116.728335,,,314,,7770,-30.8,1143,0.2
2026-07-29T09:43:49.508428,A5168D,N427KM,33.033966,-117.329919,,,340,,4751,-49.5,805,0.1
2026-07-29T09:43:49.508428,A95FBE,ASA577,33.020554,-117.386224,,,144,,6665,-31.6,1015,0.4
2026-07-29T09:43:49.508428,A97549,N70846,33.109589,-117.044165,,,330,,1200,-32.5,592,0.3
2026-07-29T09:43:49.508428,ADDE95,JBU1700,33.685432,-116.478767,,,83,,2020,-49.5,258,8.6
2026-07-29T09:43:54.581338,A12E70,CXK654,33.014099,-116.916504,,,69,,4606,-33.3,6867,0.3
2026-07-29T09:43:54.581338,AB1839,AAL115,32.702316,-117.878027,,,261,,3070,-38.4,3343,93.4
2026-07-29T09:43:54.581338,0D10E4,VOI1712,33.278183,-117.563928,,,304,,4356,-49.5,3085,42.8
2026-07-29T09:43:54.581338,A3C649,AAL2546,32.858917,-116.650635,,,109,,7244,-36.1,2384,15.1
2026-07-29T09:43:54.581338,AD0343,CXK240,33.081757,-117.337939,,,332,,4664,-37.8,2359,18.9
2026-07-29T09:43:54.581338,0D0DDB,AMX649,32.957062,-116.975391,,,109,,2063,-49.5,2118,1.1
2026-07-29T09:43:54.581338,A6E258,UAL444,32.856628,-117.249115,,,144,,3736,-38.2,1643,6.4
2026-07-29T09:43:54.581338,0D0D36,VOI7710,33.267151,-116.737042,,,314,,7770,-49.5,1218,0.4
2026-07-29T09:43:54.581338,A5168D,N427KM,33.037079,-117.331238,,,340,,4751,-49.5,861,0.2
2026-07-29T09:43:54.581338,A95FBE,ASA577,33.014288,-117.380957,,,144,,6665,-49.5,1074,0.4
2026-07-29T09:43:54.581338,A97549,N70846,33.111969,-117.045758,,,329,,1200,-49.5,621,0.7
2026-07-29T09:43:54.581338,ADDE95,JBU1700,33.685432,-116.478767,,,83,,2020,-49.5,258,13.7
2026-07-29T09:43:59.627389,A12E70,CXK654,33.014786,-116.914307,,,68,,4606,-32.7,6923,0.7
2026-07-29T09:43:59.627389,AB1839,AAL115,32.702316,-117.878027,,,261,,3070,-38.4,3343,98.4
2026-07-29T09:43:59.627389,0D10E4,VOI1712,33.278183,-117.563928,,,304,,4356,-49.5,3085,47.8
2026-07-29T09:43:59.627389,A3C649,AAL2546,32.858917,-116.650635,,,109,,7244,-36.1,2384,20.2
2026-07-29T09:43:59.627389,AD0343,CXK240,33.081757,-117.337939,,,332,,4664,-37.8,2359,24.0
2026-07-29T09:43:59.627389,0D0DDB,AMX649,32.952886,-116.961514,,,109,,2063,-49.5,2161,0.3
2026-07-29T09:43:59.627389,A6E258,UAL444,32.856628,-117.249115,,,144,,3736,-49.5,1646,11.5
2026-07-29T09:43:59.627389,0D0D36,VOI7710,33.273026,-116.744198,,,314,,7770,-49.5,1269,1.4
2026-07-29T09:43:59.627389,A5168D,N427KM,33.039985,-117.332471,,,340,,4751,-33.9,911,0.5
2026-07-29T09:43:59.627389,A95FBE,ASA577,33.009384,-117.376831,,,144,,6665,-49.5,1114,1.5
2026-07-29T09:43:59.627389,A97549,N70846,33.114655,-117.047667,,,328,,1200,-49.5,654,0.5
2026-07-29T09:43:59.627389,ADDE95,JBU1700,33.685432,-116.478767,,,83,,2020,-36.5,260,18.7
2026-07-29T09:44:04.680424,A12E70,CXK654,33.015656,-116.911725,,,67,,4606,-49.5,6974,0.3
2026-07-29T09:44:04.680424,0D10E4,VOI1712,33.278183,-117.563928,,,304,,4356,-49.5,3085,52.9
2026-07-29T09:44:04.680424,A3C649,AAL2546,32.858917,-116.650635,,,109,,7244,-36.1,2384,25.2
2026-07-29T09:44:04.680424,AD0343,CXK240,33.095215,-117.3453,,,336,,4664,-49.5,2369,0.4
2026-07-29T09:44:04.680424,0D0DDB,AMX649,32.949188,-116.949243,,,109,,2063,-15.7,2204,0.2
2026-07-29T09:44:04.680424,A6E258,UAL444,32.845642,-117.239832,,,144,,3736,-34.8,1660,4.7
2026-07-29T09:44:04.680424,0D0D36,VOI7710,33.28201,-116.755016,,,314,,7770,-49.5,1281,0.4
2026-07-29T09:44:04.680424,A5168D,N427KM,33.041016,-117.332886,,,340,,4751,-32.3,928,3.9
2026-07-29T09:44:04.680424,A95FBE,ASA577,33.001906,-117.370531,,,144,,6665,-49.5,1138,0.4
2026-07-29T09:44:04.680424,A97549,N70846,33.117355,-117.049685,,,327,,1200,-33.3,687,0.1
2026-07-29T09:44:04.680424,ADDE95,JBU1700,33.685432,-116.478767,,,83,,2020,-49.5,266,23.8
2026-07-29T09:44:09.720805,A12E70,CXK654,33.016571,-116.909198,,,67,,4606,-49.5,7033,0.0
2026-07-29T09:44:09.720805,0D10E4,VOI1712,33.278183,-117.563928,,,304,,4356,-49.5,3085,57.9
2026-07-29T09:44:09.720805,A3C649,AAL2546,32.858917,-116.650635,,,109,,7244,-36.1,2384,30.3
2026-07-29T09:44:09.720805,AD0343,CXK240,33.097733,-117.346619,,,335,,4664,-49.5,2410,0.2
2026-07-29T09:44:09.720805,0D0DDB,AMX649,32.94567,-116.937524,,,109,,2063,-18.8,2260,0.4
2026-07-29T09:44:09.720805,A6E258,UAL444,32.845642,-117.239832,,,144,,3736,-34.8,1660,9.8
2026-07-29T09:44:09.720805,0D0D36,VOI7710,33.289645,-116.764209,,,314,,7770,-31.4,1336,0.3
2026-07-29T09:44:09.720805,A5168D,N427KM,33.046463,-117.335138,,,340,,4751,-34.0,936,0.1
2026-07-29T09:44:09.720805,A95FBE,ASA577,32.995481,-117.36515,,,144,,6665,-30.0,1196,0.3
2026-07-29T09:44:09.720805,A97549,N70846,33.119705,-117.051471,,,327,,1200,-33.4,719,0.4
2026-07-29T09:44:09.720805,ADDE95,JBU1700,33.685432,-116.478767,,,83,,2020,-49.5,269,28.8
2026-07-29T09:44:14.784332,A12E70,CXK654,33.017361,-116.906975,,,66,,4606,-49.5,7081,0.3
2026-07-29T09:44:14.784332,0D10E4,VOI1712,33.278183,-117.563928,,,304,,4356,-49.5,3085,63.0
2026-07-29T09:44:14.784332,A3C649,AAL2546,32.858917,-116.650635,,,109,,7244,-36.1,2384,35.3
2026-07-29T09:44:14.784332,AD0343,CXK240,33.100067,-117.347882,,,335,,4664,-49.5,2466,0.3
2026-07-29T09:44:14.784332,0D0DDB,AMX649,32.942184,-116.925952,,,109,,2063,-25.4,2303,0.6
2026-07-29T09:44:14.784332,A6E258,UAL444,32.845642,-117.239832,,,144,,3736,-34.8,1660,14.8
2026-07-29T09:44:14.784332,0D0D36,VOI7710,33.296997,-116.773077,,,314,,7770,-34.7,1383,0.3
2026-07-29T09:44:14.784332,A5168D,N427KM,33.049622,-117.336456,,,341,,4751,-49.5,953,0.2
2026-07-29T09:44:14.784332,A95FBE,ASA577,32.990314,-117.360834,,,144,,6665,-49.5,1237,1.2
2026-07-29T09:44:14.784332,A97549,N70846,33.122569,-117.053553,,,328,,1200,-33.2,752,0.0
2026-07-29T09:44:14.784332,ADDE95,JBU1700,33.685432,-116.478767,,,83,,2020,-38.8,271,33.9
2026-07-29T09:44:19.836731,A12E70,CXK654,33.018219,-116.904694,,,65,,4606,-49.5,7130,0.5
2026-07-29T09:44:19.836731,0D10E4,VOI1712,33.278183,-117.563928,,,304,,4356,-49.5,3085,68.1
2026-07-29T09:44:19.836731,A3C649,AAL2546,32.858917,-116.650635,,,109,,7244,-36.1,2384,40.4
2026-07-29T09:44:19.836731,AD0343,CXK240,33.102493,-117.3492,,,334,,4664,-49.5,2538,0.2
2026-07-29T09:44:19.836731,0D0DDB,AMX649,32.938362,-116.913253,,,109,,2063,-27.6,2343,0.5
2026-07-29T09:44:19.836731,A6E258,UAL444,32.845642,-117.239832,,,144,,3736,-34.8,1660,19.9
2026-07-29T09:44:19.836731,0D0D36,VOI7710,33.300064,-116.776813,,,314,,7770,-49.5,1406,3.3
2026-07-29T09:44:19.836731,A5168D,N427KM,33.049622,-117.336456,,,341,,4751,-49.5,954,5.2
2026-07-29T09:44:19.836731,A95FBE,ASA577,32.990314,-117.360834,,,144,,6665,-49.5,1249,6.3
2026-07-29T09:44:19.836731,A97549,N70846,33.122569,-117.053553,,,328,,1200,-49.5,753,5.2
2026-07-29T09:44:19.836731,ADDE95,JBU1700,33.685432,-116.478767,,,83,,2020,-38.8,271,39.0
2026-07-29T09:44:24.915138,A12E70,CXK654,33.019223,-116.902154,,,63,,4606,-32.4,7148,0.0
2026-07-29T09:44:24.915138,0D10E4,VOI1712,33.278183,-117.563928,,,304,,4356,-49.5,3085,73.2
2026-07-29T09:44:24.915138,A3C649,AAL2546,32.858917,-116.650635,,,109,,7244,-36.1,2384,45.5
2026-07-29T09:44:24.915138,AD0343,CXK240,33.104919,-117.350519,,,336,,4664,-49.5,2598,0.0
2026-07-29T09:44:24.915138,0D0DDB,AMX649,32.934814,-116.901453,,,109,,2063,-22.8,2384,0.7
2026-07-29T09:44:24.915138,A6E258,UAL444,32.822493,-117.220646,,,144,,3736,-49.5,1665,0.2
2026-07-29T09:44:24.915138,0D0D36,VOI7710,33.300064,-116.776813,,,314,,7770,-49.5,1409,8.4
2026-07-29T09:44:24.915138,A5168D,N427KM,33.049622,-117.336456,,,341,,4751,-49.5,957,10.3
2026-07-29T09:44:24.915138,A95FBE,ASA577,32.976954,-117.349623,,,144,,6665,-49.5,1281,0.5
2026-07-29T09:44:24.915138,A97549,N70846,33.122569,-117.053553,,,328,,1200,-49.5,754,10.2
2026-07-29T09:44:24.915138,ADDE95,JBU1700,33.685432,-116.478767,,,83,,2020,-38.8,271,44.0
2026-07-29T09:44:30.009028,A12E70,CXK654,33.020247,-116.899912,,,61,,4606,-31.2,7203,0.0
2026-07-29T09:44:30.009028,A3C649,AAL2546,32.858917,-116.650635,,,109,,7244,-36.1,2384,50.5
2026-07-29T09:44:30.009028,AD0343,CXK240,33.106043,-117.35108,,,336,,4664,-49.5,2617,2.7
2026-07-29T09:44:30.009028,0D0DDB,AMX649,32.931332,-116.889935,,,109,,2063,-31.2,2423,0.9
2026-07-29T09:44:30.009028,A6E258,UAL444,32.819962,-117.217914,,,144,,3736,-37.2,1667,2.3
2026-07-29T09:44:30.009028,0D0D36,VOI7710,33.31929,-116.799994,,,314,,7770,-30.9,1456,0.3
2026-07-29T09:44:30.009028,A5168D,N427KM,33.057312,-117.339532,,,341,,4751,-49.5,961,3.0
2026-07-29T09:44:30.009028,A95FBE,ASA577,32.970436,-117.34413,,,144,,6665,-33.6,1331,0.0
2026-07-29T09:44:30.009028,A97549,N70846,33.122569,-117.053553,,,331,,1200,-49.5,757,15.3
2026-07-29T09:44:30.009028,ADDE95,JBU1700,33.685432,-116.478767,,,83,,2020,-38.8,271,49.1
2026-07-29T09:44:35.057798,A12E70,CXK654,33.021225,-116.897726,,,62,,4606,-31.4,7255,0.4
2026-07-29T09:44:35.057798,A3C649,AAL2546,32.858917,-116.650635,,,109,,7244,-36.1,2384,55.6
2026-07-29T09:44:35.057798,AD0343,CXK240,33.106043,-117.35108,,,336,,4664,-49.5,2617,7.8
2026-07-29T09:44:35.057798,0D0DDB,AMX649,32.927399,-116.876678,,,109,,2063,-49.5,2485,0.5
2026-07-29T09:44:35.057798,A6E258,UAL444,32.819962,-117.217914,,,144,,3736,-35.7,1668,7.4
2026-07-29T09:44:35.057798,0D0D36,VOI7710,33.327073,-116.809387,,,314,,7770,-49.5,1493,0.1
2026-07-29T09:44:35.057798,A5168D,N427KM,33.062004,-117.341383,,,341,,4751,-49.5,970,0.6
2026-07-29T09:44:35.057798,A95FBE,ASA577,32.964706,-117.339368,,,144,,6665,-35.2,1351,0.4
2026-07-29T09:44:35.057798,A97549,N70846,33.132438,-117.060279,,,330,,1200,-36.1,791,1.3
2026-07-29T09:44:35.057798,ADDE95,JBU1700,33.685432,-116.478767,,,83,,2020,-38.8,271,54.2
2026-07-29T09:44:40.123278,A12E70,CXK654,33.022247,-116.8953,,,63,,4606,-49.5,7306,0.2
2026-07-29T09:44:40.123278,A3C649,AAL2546,32.858917,-116.650635,,,109,,7244,-36.1,2384,60.7
2026-07-29T09:44:40.123278,AD0343,CXK240,33.106043,-117.35108,,,336,,4664,-49.5,2617,12.8
2026-07-29T09:44:40.123278,0D0DDB,AMX649,32.923418,-116.863422,,,109,,2063,-27.2,2535,0.0
2026-07-29T09:44:40.123278,A6E258,UAL444,32.819962,-117.217914,,,144,,3736,-35.7,1668,12.5
2026-07-29T09:44:40.123278,0D0D36,VOI7710,33.333963,-116.817683,,,314,,7770,-33.8,1511,0.5
2026-07-29T09:44:40.123278,A5168D,N427KM,33.064053,-117.342168,,,341,,4751,-35.4,984,2.4
2026-07-29T09:44:40.123278,A95FBE,ASA577,32.958519,-117.334209,,,144,,6665,-31.5,1391,0.4
2026-07-29T09:44:40.123278,A97549,N70846,33.135324,-117.062297,,,329,,1200,-49.5,813,0.8
2026-07-29T09:44:40.123278,ADDE95,JBU1700,33.685432,-116.478767,,,83,,2020,-38.8,271,59.2
2026-07-29T09:44:45.174775,A12E70,CXK654,33.023209,-116.892993,,,64,,4606,-33.0,7356,0.2
2026-07-29T09:44:45.174775,AD0343,CXK240,33.114236,-117.355565,,,336,,4664,-49.5,2625,0.6
2026-07-29T09:44:45.174775,0D0DDB,AMX649,32.9198,-116.85141,,,109,,2063,-49.5,2569,0.1
2026-07-29T09:44:45.174775,A6E258,UAL444,32.819962,-117.217914,,,144,,3736,-35.7,1668,17.5
2026-07-29T09:44:45.174775,0D0D36,VOI7710,33.333963,-116.817683,,,314,,7770,-49.5,1513,5.5
2026-07-29T09:44:45.174775,A5168D,N427KM,33.068522,-117.344018,,,341,,4751,-35.4,991,0.2
2026-07-29T09:44:45.174775,A95FBE,ASA577,32.952759,-117.32937,,,144,,6665,-33.7,1420,0.5
2026-07-29T09:44:45.174775,A97549,N70846,33.136348,-117.06297,,,329,,1200,-35.2,816,3.9
2026-07-29T09:44:45.174775,ADDE95,JBU1700,33.685432,-116.478767,,,83,,2020,-38.8,271,64.3
2026-07-29T09:44:50.238699,A12E70,CXK654,33.023804,-116.89151,,,64,,4606,-36.0,7391,2.1
2026-07-29T09:44:50.238699,AD0343,CXK240,33.116005,-117.356462,,,336,,4664,-49.5,2645,1.9
2026-07-29T09:44:50.238699,0D0DDB,AMX649,32.916183,-116.83938,,,109,,2063,-27.5,2615,0.2
2026-07-29T09:44:50.238699,A6E258,UAL444,32.819962,-117.217914,,,144,,3736,-35.7,1668,22.6
2026-07-29T09:44:50.238699,0D0D36,VOI7710,33.349371,-116.836293,,,314,,7770,-49.5,1537,0.0
2026-07-29T09:44:50.238699,A5168D,N427KM,33.071594,-117.345307,,,340,,4751,-49.5,1018,0.4
2026-07-29T09:44:50.238699,A95FBE,ASA577,32.946625,-117.324261,,,144,,6665,-28.6,1468,0.4
2026-07-29T09:44:50.238699,A97549,N70846,33.136348,-117.06297,,,329,,1200,-49.5,817,8.9
2026-07-29T09:44:50.238699,ADDE95,JBU1700,33.685432,-116.478767,,,83,,2020,-38.8,271,69.3
2026-07-29T09:44:55.278756,A12E70,CXK654,33.024763,-116.889094,,,64,,4606,-34.4,7404,1.8
2026-07-29T09:44:55.278756,AD0343,CXK240,33.116005,-117.356462,,,336,,4664,-49.5,2646,7.0
2026-07-29T09:44:55.278756,0D0DDB,AMX649,32.912613,-116.82757,,,109,,2063,-29.0,2652,0.3
2026-07-29T09:44:55.278756,A6E258,UAL444,32.819962,-117.217914,,,144,,3736,-35.7,1668,27.7
2026-07-29T09:44:55.278756,0D0D36,VOI7710,33.351559,-116.838927,,,314,,7770,-49.5,1542,3.7
2026-07-29T09:44:55.278756,A5168D,N427KM,33.07476,-117.346596,,,340,,4751,-34.6,1055,0.3
2026-07-29T09:44:55.278756,A95FBE,ASA577,32.940457,-117.319186,,,144,,6665,-29.9,1492,0.2
2026-07-29T09:44:55.278756,A97549,N70846,33.136348,-117.06297,,,329,,1200,-37.8,819,14.0
2026-07-29T09:44:55.278756,ADDE95,JBU1700,33.685432,-116.478767,,,83,,2020,-38.8,271,74.4
2026-07-29T09:45:00.357157,A12E70,CXK654,33.025635,-116.886841,,,64,,4606,-49.5,7410,2.1
2026-07-29T09:45:00.357157,AD0343,CXK240,33.116005,-117.356462,,,336,,4664,-49.5,2646,12.1
2026-07-29T09:45:00.357157,0D0DDB,AMX649,32.909686,-116.817907,,,109,,2063,-49.5,2694,1.4
2026-07-29T09:45:00.357157,A6E258,UAL444,32.805222,-117.180792,,,144,,3736,-49.5,1673,1.8
2026-07-29T09:45:00.357157,0D0D36,VOI7710,33.360352,-116.849542,,,314,,7770,-49.5,1546,2.7
2026-07-29T09:45:00.357157,A5168D,N427KM,33.077454,-117.347772,,,340,,4751,-49.5,1081,1.0
2026-07-29T09:45:00.357157,A95FBE,ASA577,32.93454,-117.314154,,,144,,6665,-49.5,1529,0.1
2026-07-29T09:45:00.357157,A97549,N70846,33.136348,-117.06297,,,329,,1200,-37.8,819,19.1
2026-07-29T09:45:00.357157,ADDE95,JBU1700,33.685432,-116.478767,,,83,,2020,-38.8,271,79.5
2026-07-29T09:45:05.435736,A12E70,CXK654,33.025635,-116.886841,,,64,,4606,-49.5,7410,7.1
2026-07-29T09:45:05.435736,AD0343,CXK240,33.123505,-117.359802,,,336,,4664,-36.6,2663,1.8
2026-07-29T09:45:05.435736,0D0DDB,AMX649,32.907532,-116.810706,,,109,,2063,-35.1,2708,3.4
2026-07-29T09:45:05.435736,A6E258,UAL444,32.805222,-117.180792,,,144,,3736,-49.5,1673,6.9
2026-07-29T09:45:05.435736,0D0D36,VOI7710,33.365204,-116.855365,,,314,,7770,-36.9,1555,4.4
2026-07-29T09:45:05.435736,A5168D,N427KM,33.078461,-117.348157,,,340,,4751,-49.5,1086,4.4
2026-07-29T09:45:05.435736,A95FBE,ASA577,32.929796,-117.310218,,,144,,6665,-49.5,1554,1.1
2026-07-29T09:45:05.435736,A97549,N70846,33.136348,-117.06297,,,329,,1200,-49.5,821,24.2
2026-07-29T09:45:05.435736,ADDE95,JBU1700,33.685432,-116.478767,,,83,,2020,-38.8,271,84.6
2026-07-29T09:45:10.515877,A12E70,CXK654,33.025635,-116.886841,,,64,,4606,-49.5,7410,12.2
2026-07-29T09:45:10.515877,AD0343,CXK240,33.126572,-117.360946,,,341,,4664,-35.5,2687,0.6
2026-07-29T09:45:10.515877,0D0DDB,AMX649,32.907532,-116.810706,,,109,,2063,-49.5,2710,8.4
2026-07-29T09:45:10.515877,A6E258,UAL444,32.805222,-117.180792,,,144,,3736,-49.5,1673,12.0
2026-07-29T09:45:10.515877,0D0D36,VOI7710,33.378932,-116.871942,,,314,,7770,-49.5,1569,0.1
2026-07-29T09:45:10.515877,A5168D,N427KM,33.078461,-117.348157,,,340,,4751,-36.3,1088,9.5
2026-07-29T09:45:10.515877,A95FBE,ASA577,32.923465,-117.304893,,,144,,6665,-30.8,1599,0.5
2026-07-29T09:45:10.515877,A97549,N70846,33.149476,-117.072611,,,330,,1200,-34.4,832,3.4
2026-07-29T09:45:10.515877,ADDE95,JBU1700,33.685432,-116.478767,,,83,,2020,-38.8,271,89.6
2026-07-29T09:45:10.515877,A1C0B6,,32.909271,-117.051141,,,329,,,-36.9,7,1.9
2026-07-29T09:45:15.569544,A12E70,CXK654,33.025635,-116.886841,,,64,,4606,-49.5,7410,17.3
2026-07-29T09:45:15.569544,AD0343,CXK240,33.129179,-117.362011,,,339,,4664,-49.5,2714,0.4
2026-07-29T09:45:15.569544,0D0DDB,AMX649,32.907532,-116.810706,,,109,,2063,-49.5,2710,13.5
2026-07-29T09:45:15.569544,A6E258,UAL444,32.805222,-117.180792,,,144,,3736,-49.5,1673,17.0
2026-07-29T09:45:15.569544,0D0D36,VOI7710,33.380422,-116.873736,,,314,,7770,-36.2,1575,4.2
2026-07-29T09:45:15.569544,A5168D,N427KM,33.078461,-117.348157,,,340,,4751,-36.3,1088,14.6
2026-07-29T09:45:15.569544,A95FBE,ASA577,32.917553,-117.29996,,,144,,6665,-49.5,1641,0.3
2026-07-29T09:45:15.569544,A97549,N70846,33.149476,-117.072611,,,340,,1200,-36.9,835,8.5
2026-07-29T09:45:15.569544,A1C0B6,,32.909271,-117.051141,,,329,,,-36.9,7,6.9
2026-07-29T09:45:20.649885,A12E70,CXK654,33.029526,-116.876404,,,67,,4606,-49.5,7437,0.5
2026-07-29T09:45:20.649885,AD0343,CXK240,33.131647,-117.363188,,,339,,4664,-49.5,2773,0.3
2026-07-29T09:45:20.649885,0D0DDB,AMX649,32.907532,-116.810706,,,109,,2063,-49.5,2710,18.6
2026-07-29T09:45:20.649885,A6E258,UAL444,32.79982,-117.158038,,,144,,3736,-36.1,1675,4.5
2026-07-29T09:45:20.649885,0D0D36,VOI7710,33.380422,-116.873736,,,314,,7770,-35.3,1580,9.2
2026-07-29T09:45:20.649885,A5168D,N427KM,33.078461,-117.348157,,,340,,4751,-36.3,1088,19.6
2026-07-29T09:45:20.649885,A95FBE,ASA577,32.914806,-117.297606,,,144,,6665,-32.2,1651,2.8
2026-07-29T09:45:20.649885,A97549,N70846,33.156738,-117.07597,,,347,,1200,-35.9,859,0.6
2026-07-29T09:45:20.649885,A1C0B6,N2118N,32.914015,-117.054394,,,330,,,-49.5,13,0.2
2026-07-29T09:45:25.698768,A12E70,CXK654,33.030349,-116.874128,,,66,,4606,-30.8,7491,1.0
2026-07-29T09:45:25.698768,AD0343,CXK240,33.134207,-117.364309,,,339,,4664,-34.8,2819,0.0
2026-07-29T09:45:25.698768,0D0DDB,AMX649,32.907532,-116.810706,,,109,,2063,-39.0,2711,23.6
2026-07-29T09:45:25.698768,A6E258,UAL444,32.79982,-117.158038,,,144,,3736,-36.1,1675,9.5
2026-07-29T09:45:25.698768,0D0D36,VOI7710,33.401001,-116.898596,,,314,,7770,-34.4,1627,0.2
2026-07-29T09:45:25.698768,A5168D,N427KM,33.078461,-117.348157,,,340,,4751,-36.3,1088,24.7
2026-07-29T09:45:25.698768,A95FBE,ASA577,32.906287,-117.290487,,,145,,6665,-49.5,1726,0.2
2026-07-29T09:45:25.698768,A97549,N70846,33.158524,-117.076355,,,351,,1200,-34.2,876,2.7
2026-07-29T09:45:25.698768,A1C0B6,N2118N,32.915955,-117.055701,,,330,,7340,-49.5,42,0.2
2026-07-29T09:45:30.761140,A12E70,CXK654,33.031494,-116.870966,,,66,,4606,-49.5,7561,0.0
2026-07-29T09:45:30.761140,AD0343,CXK240,33.136551,-117.36535,,,339,,4664,-49.5,2862,0.3
2026-07-29T09:45:30.761140,0D0DDB,AMX649,32.907532,-116.810706,,,109,,2063,-49.5,2718,28.7
2026-07-29T09:45:30.761140,A6E258,UAL444,32.79982,-117.158038,,,144,,3736,-36.1,1675,14.6
2026-07-29T09:45:30.761140,0D0D36,VOI7710,33.408027,-116.907087,,,314,,7770,-34.5,1683,0.5
2026-07-29T09:45:30.761140,A5168D,N427KM,33.095522,-117.355509,,,339,,4751,-35.4,1096,2.1
2026-07-29T09:45:30.761140,A95FBE,ASA577,32.900482,-117.285645,,,144,,6665,-49.5,1821,0.0
2026-07-29T09:45:30.761140,A97549,N70846,33.162415,-117.07652,,,351,,1200,-35.7,880,1.3
2026-07-29T09:45:30.761140,A1C0B6,N2118N,32.917877,-117.057019,,,330,,7340,-49.5,77,0.3
2026-07-29T09:45:35.835190,A12E70,CXK654,33.032547,-116.868329,,,64,,4606,-49.5,7622,0.1
2026-07-29T09:45:35.835190,AD0343,CXK240,33.139023,-117.366394,,,341,,4664,-49.5,2906,0.4
2026-07-29T09:45:35.835190,0D0DDB,AMX649,32.883756,-116.732203,,,109,,2063,-36.7,2739,1.4
2026-07-29T09:45:35.835190,A6E258,UAL444,32.79982,-117.158038,,,144,,3736,-36.1,1675,19.6
2026-07-29T09:45:35.835190,0D0D36,VOI7710,33.415289,-116.915943,,,314,,7770,-35.8,1723,0.5
2026-07-29T09:45:35.835190,A5168D,N427KM,33.099426,-117.35722,,,339,,4751,-34.7,1115,0.8
2026-07-29T09:45:35.835190,A95FBE,ASA577,32.895172,-117.28125,,,144,,6665,-33.5,1879,0.3
2026-07-29T09:45:35.835190,A97549,N70846,33.162415,-117.07652,,,8,,1200,-34.8,884,6.4
2026-07-29T09:45:35.835190,A1C0B6,N2118N,32.919662,-117.058282,,,329,,7340,-32.7,128,0.8
2026-07-29T09:45:40.918154,A12E70,CXK654,33.033561,-116.865832,,,64,,4606,-49.5,7669,1.3
2026-07-29T09:45:40.918154,AD0343,CXK240,33.140492,-117.366999,,,340,,4664,-37.0,2931,3.3
2026-07-29T09:45:40.918154,0D0DDB,AMX649,32.883756,-116.732203,,,109,,2063,-36.4,2744,7.2
2026-07-29T09:45:40.918154,A6E258,UAL444,32.792793,-117.126814,,,105,,3736,-49.5,1718,1.3
2026-07-29T09:45:40.918154,0D0D36,VOI7710,33.418688,-116.919979,,,314,,7770,-49.5,1734,4.2
2026-07-29T09:45:40.918154,A5168D,N427KM,33.102645,-117.358592,,,339,,4751,-49.5,1126,1.4
2026-07-29T09:45:40.918154,A95FBE,ASA577,32.889622,-117.276642,,,144,,6665,-29.1,1911,1.1
2026-07-29T09:45:40.918154,A97549,N70846,33.162415,-117.07652,,,11,,1200,-49.5,886,12.2
2026-07-29T09:45:40.918154,A1C0B6,N2118N,32.921631,-117.059601,,,330,,7340,-32.4,164,1.7
2026-07-29T09:45:46.871414,A12E70,CXK654,33.034818,-116.862749,,,63,,4606,-36.3,7707,0.6
2026-07-29T09:45:46.871414,AD0343,CXK240,33.140492,-117.366999,,,340,,4664,-37.0,2931,8.5
2026-07-29T09:45:46.871414,0D0DDB,AMX649,32.876587,-116.708423,,,109,,2063,-33.5,2764,2.6
2026-07-29T09:45:46.871414,A6E258,UAL444,32.792188,-117.124123,,,105,,3736,-36.3,1739,4.3
2026-07-29T09:45:46.871414,0D0D36,VOI7710,33.431955,-116.936066,,,314,,7770,-29.9,1748,0.3
2026-07-29T09:45:46.871414,A5168D,N427KM,33.106567,-117.360352,,,339,,4751,-35.2,1151,0.2
2026-07-29T09:45:46.871414,A95FBE,ASA577,32.884315,-117.27227,,,145,,6665,-49.5,1986,1.5
2026-07-29T09:45:46.871414,A97549,N70846,33.162415,-117.07652,,,11,,1200,-49.5,886,17.4
2026-07-29T09:45:46.871414,A1C0B6,N2118N,32.92421,-117.0614,,,330,,7340,-34.7,215,0.3
2026-07-29T09:45:51.955786,A12E70,CXK654,33.035934,-116.859924,,,64,,4606,-49.5,7721,0.7
2026-07-29T09:45:51.955786,AD0343,CXK240,33.147263,-117.3698,,,340,,4664,-49.5,2934,0.0
2026-07-29T09:45:51.955786,0D0DDB,AMX649,32.871466,-116.69162,,,109,,2063,-32.7,2800,0.8
2026-07-29T09:45:51.955786,A6E258,UAL444,32.792188,-117.124123,,,105,,3736,-36.3,1739,9.4
2026-07-29T09:45:51.955786,0D0D36,VOI7710,33.439224,-116.944849,,,314,,7770,-31.7,1812,0.3
2026-07-29T09:45:51.955786,A5168D,N427KM,33.107812,-117.36089,,,339,,4751,-36.0,1167,3.3
2026-07-29T09:45:51.955786,A95FBE,ASA577,32.877611,-117.266721,,,145,,6665,-33.6,2027,0.5
2026-07-29T09:45:51.955786,A97549,N70846,33.162415,-117.07652,,,11,,1200,-49.5,889,22.5
2026-07-29T09:45:51.955786,A1C0B6,N2118N,32.926305,-117.062801,,,330,,7340,-49.5,265,0.3
2026-07-29T09:45:57.047429,A12E70,CXK654,33.037033,-116.857288,,,64,,4606,-33.8,7764,1.0
2026-07-29T09:45:57.047429,AD0343,CXK240,33.148964,-117.370531,,,337,,4664,-34.3,2952,1.6
2026-07-29T09:45:57.047429,0D0DDB,AMX649,32.867789,-116.679457,,,109,,2063,-49.5,2834,0.9
2026-07-29T09:45:57.047429,A6E258,UAL444,32.792188,-117.124123,,,105,,3736,-36.3,1739,14.5
2026-07-29T09:45:57.047429,0D0D36,VOI7710,33.446526,-116.953723,,,314,,7770,-33.2,1879,0.4
2026-07-29T09:45:57.047429,A5168D,N427KM,33.112514,-117.362964,,,339,,4751,-49.5,1169,0.6
2026-07-29T09:45:57.047429,A95FBE,ASA577,32.872055,-117.262134,,,145,,6665,-33.8,2040,0.5
2026-07-29T09:45:57.047429,A97549,N70846,33.178339,-117.070761,,,11,,1200,-49.5,894,0.1
2026-07-29T09:45:57.047429,A1C0B6,N2118N,32.928167,-117.064035,,,330,,7340,-49.5,314,0.5
2026-07-29T09:45:57.047429,A81336,N6195B,32.9743,-117.321541,,,22,,,-49.5,6,5.2
2026-07-29T09:45:57.047429,A9DB1D,,33.220642,-116.942816,,,,,,-49.5,2,0.9
2026-07-29T09:46:02.124909,A12E70,CXK654,33.038356,-116.854005,,,64,,4606,-34.1,7800,0.0
2026-07-29T09:46:02.124909,AD0343,CXK240,33.151794,-117.372107,,,332,,4664,-49.5,2973,0.5
2026-07-29T09:46:02.124909,0D0DDB,AMX649,32.864251,-116.667742,,,109,,2063,-35.4,2871,1.1
2026-07-29T09:46:02.124909,A6E258,UAL444,32.792188,-117.124123,,,105,,3736,-36.3,1739,19.5
2026-07-29T09:46:02.124909,0D0D36,VOI7710,33.454393,-116.963196,,,314,,7770,-35.2,1916,0.0
2026-07-29T09:46:02.124909,A5168D,N427KM,33.114944,-117.364032,,,339,,4751,-35.6,1176,1.7
2026-07-29T09:46:02.124909,A95FBE,ASA577,32.867835,-117.25865,,,144,,6665,-34.9,2068,1.7
2026-07-29T09:46:02.124909,A97549,N70846,33.180771,-117.069159,,,30,,1200,-36.2,911,0.7
2026-07-29T09:46:02.124909,A1C0B6,N2118N,32.92975,-117.0651,,,329,,7340,-33.1,356,1.5
2026-07-29T09:46:02.124909,A81336,N6195B,32.98027,-117.318768,,,17,,,-35.0,12,0.3
2026-07-29T09:46:02.124909,A9DB1D,,33.222107,-116.94397,,,336,,,-35.1,7,2.3
2026-07-29T09:46:07.185624,A12E70,CXK654,33.038356,-116.854005,,,64,,4606,-49.5,7805,5.1
2026-07-29T09:46:07.185624,AD0343,CXK240,33.154131,-117.373558,,,331,,4664,-35.7,2984,0.4
2026-07-29T09:46:07.185624,0D0DDB,AMX649,32.859642,-116.652608,,,109,,2063,-49.5,2885,0.0
2026-07-29T09:46:07.185624,A6E258,UAL444,32.792188,-117.124123,,,105,,3736,-36.3,1739,24.6
2026-07-29T09:46:07.185624,0D0D36,VOI7710,33.461426,-116.97171,,,314,,7770,-32.8,1951,0.3
2026-07-29T09:46:07.185624,A5168D,N427KM,33.116501,-117.364636,,,339,,4751,-35.7,1180,4.2
2026-07-29T09:46:07.185624,A95FBE,ASA577,32.865509,-117.256696,,,144,,6665,-49.5,2074,4.6
2026-07-29T09:46:07.185624,A97549,N70846,33.182556,-117.067896,,,31,,1200,-36.9,919,2.2
2026-07-29T09:46:07.185624,A1C0B6,N2118N,32.932068,-117.066687,,,329,,7340,-33.8,392,0.5
2026-07-29T09:46:07.185624,A81336,N6195B,32.982422,-117.318054,,,14,,0202,-37.3,31,1.7
2026-07-29T09:46:07.185624,A9DB1D,,33.222107,-116.94397,,,336,,,-49.5,10,7.4
2026-07-29T09:46:12.226909,A12E70,CXK654,33.038356,-116.854005,,,64,,4606,-49.5,7805,10.2
2026-07-29T09:46:12.226909,AD0343,CXK240,33.154131,-117.373558,,,331,,4664,-36.3,2988,5.5
2026-07-29T09:46:12.226909,0D0DDB,AMX649,32.856476,-116.642126,,,109,,2063,-49.5,2909,0.8
2026-07-29T09:46:12.226909,A6E258,UAL444,32.784348,-117.089264,,,105,,3736,-36.9,1747,1.1
2026-07-29T09:46:12.226909,0D0D36,VOI7710,33.466637,-116.97805,,,314,,7770,-49.5,1993,1.8
2026-07-29T09:46:12.226909,A5168D,N427KM,33.116501,-117.364636,,,339,,4751,-49.5,1182,9.3
2026-07-29T09:46:12.226909,A95FBE,ASA577,32.855759,-117.248566,,,145,,6665,-32.1,2088,0.8
2026-07-29T09:46:12.226909,A97549,N70846,33.182556,-117.067896,,,31,,1200,-36.0,920,7.3
2026-07-29T09:46:12.226909,A1C0B6,N2118N,32.934174,-117.068115,,,329,,7340,-49.5,413,0.2
2026-07-29T09:46:12.226909,A81336,N6195B,32.982422,-117.318054,,,14,,0202,-37.3,31,6.8
2026-07-29T09:46:12.226909,A9DB1D,,33.222107,-116.94397,,,336,,,-49.5,10,12.5
2026-07-29T09:46:17.306417,A12E70,CXK654,33.041153,-116.846576,,,67,,4606,-35.0,7816,2.4
2026-07-29T09:46:17.306417,AD0343,CXK240,33.154131,-117.373558,,,331,,4664,-49.5,2989,10.6
2026-07-29T09:46:17.306417,0D0DDB,AMX649,32.85508,-116.637474,,,109,,2063,-49.5,2910,4.0
2026-07-29T09:46:17.306417,A6E258,UAL444,32.784348,-117.089264,,,105,,3736,-37.0,1751,6.1
2026-07-29T09:46:17.306417,0D0D36,VOI7710,33.469849,-116.981927,,,314,,7770,-49.5,1994,4.7
2026-07-29T09:46:17.306417,A5168D,N427KM,33.116501,-117.364636,,,339,,4751,-37.8,1183,14.3
2026-07-29T09:46:17.306417,A95FBE,ASA577,32.853378,-117.246588,,,145,,6665,-37.0,2091,3.7
2026-07-29T09:46:17.306417,A97549,N70846,33.182556,-117.067896,,,31,,1200,-36.0,920,12.4
2026-07-29T09:46:17.306417,A1C0B6,N2118N,32.934174,-117.068115,,,329,,7340,-49.5,414,5.3
2026-07-29T09:46:17.306417,A81336,N6195B,32.982422,-117.318054,,,14,,0202,-37.3,31,11.9
2026-07-29T09:46:17.306417,A9DB1D,,33.222107,-116.94397,,,336,,3143,-38.1,11,17.5
2026-07-29T09:46:22.386051,A12E70,CXK654,33.042618,-116.842566,,,65,,4606,-49.5,7829,0.5
2026-07-29T09:46:22.386051,AD0343,CXK240,33.154131,-117.373558,,,331,,4664,-49.5,2989,15.7
2026-07-29T09:46:22.386051,0D0DDB,AMX649,32.85508,-116.637474,,,109,,2063,-49.5,2910,9.0
2026-07-29T09:46:22.386051,A6E258,UAL444,32.784348,-117.089264,,,105,,3736,-37.0,1751,11.2
2026-07-29T09:46:22.386051,0D0D36,VOI7710,33.483675,-116.998677,,,314,,7770,-49.5,2025,0.3
2026-07-29T09:46:22.386051,A5168D,N427KM,33.116501,-117.364636,,,339,,4751,-37.8,1183,19.4
2026-07-29T09:46:22.386051,A95FBE,ASA577,32.844315,-117.239063,,,144,,6665,-49.5,2101,0.5
2026-07-29T09:46:22.386051,A97549,N70846,33.182556,-117.067896,,,31,,1200,-36.0,920,17.5
2026-07-29T09:46:22.386051,A1C0B6,N2118N,32.934174,-117.068115,,,329,,7340,-49.5,414,10.3
2026-07-29T09:46:22.386051,A81336,N6195B,32.982422,-117.318054,,,14,,0202,-37.3,31,17.0
2026-07-29T09:46:22.386051,A9DB1D,,33.222107,-116.94397,,,336,,3143,-38.1,11,22.6
2026-07-29T09:46:27.464427,A12E70,CXK654,33.043616,-116.839768,,,66,,4606,-35.1,7852,0.7
2026-07-29T09:46:27.464427,AD0343,CXK240,33.154131,-117.373558,,,331,,4664,-49.5,2989,20.7
2026-07-29T09:46:27.464427,0D0DDB,AMX649,32.85508,-116.637474,,,109,,2063,-49.5,2910,14.1
2026-07-29T09:46:27.464427,A6E258,UAL444,32.784348,-117.089264,,,105,,3736,-37.0,1751,16.3
2026-07-29T09:46:27.464427,0D0D36,VOI7710,33.490704,-117.007141,,,314,,7770,-33.9,2056,0.6
2026-07-29T09:46:27.464427,A5168D,N427KM,33.116501,-117.364636,,,339,,4751,-37.8,1183,24.5
2026-07-29T09:46:27.464427,A95FBE,ASA577,32.844315,-117.239063,,,144,,6665,-49.5,2105,5.6
2026-07-29T09:46:27.464427,A97549,N70846,33.182556,-117.067896,,,31,,1200,-36.0,920,22.5
2026-07-29T09:46:27.464427,A1C0B6,N2118N,32.934174,-117.068115,,,329,,7340,-49.5,414,15.4
2026-07-29T09:46:27.464427,A81336,N6195B,32.982422,-117.318054,,,14,,0202,-49.5,33,22.0
2026-07-29T09:46:27.464427,A9DB1D,,33.222107,-116.94397,,,336,,3143,-38.1,11,27.7
2026-07-29T09:46:32.544020,A12E70,CXK654,33.043945,-116.838885,,,66,,4606,-49.5,7858,4.2
2026-07-29T09:46:32.544020,AD0343,CXK240,33.154131,-117.373558,,,331,,4664,-49.5,2989,25.8
2026-07-29T09:46:32.544020,0D0DDB,AMX649,32.85508,-116.637474,,,109,,2063,-49.5,2910,19.2
2026-07-29T09:46:32.544020,A6E258,UAL444,32.784348,-117.089264,,,103,,3736,-35.3,1756,21.4
2026-07-29T09:46:32.544020,0D0D36,VOI7710,33.496058,-117.013643,,,314,,7770,-34.7,2072,1.9
2026-07-29T09:46:32.544020,A5168D,N427KM,33.116501,-117.364636,,,339,,4751,-37.8,1183,29.6
2026-07-29T09:46:32.544020,A95FBE,ASA577,32.844315,-117.239063,,,144,,6665,-34.7,2108,10.7
2026-07-29T09:46:32.544020,A97549,N70846,33.182556,-117.067896,,,31,,1200,-36.0,920,27.6
2026-07-29T09:46:32.544020,A1C0B6,N2118N,32.934174,-117.068115,,,322,,7340,-35.3,419,20.5
2026-07-29T09:46:32.544020,A81336,N6195B,32.995761,-117.320532,,,14,,0202,-35.1,40,3.7
2026-07-29T09:46:32.544020,A9DB1D,,33.222107,-116.94397,,,336,,3143,-38.1,11,32.8
2026-07-29T09:46:37.622084,A12E70,CXK654,33.043945,-116.838885,,,66,,4606,-38.3,7859,9.2
2026-07-29T09:46:37.622084,AD0343,CXK240,33.154131,-117.373558,,,331,,4664,-49.5,2989,30.9
2026-07-29T09:46:37.622084,0D0DDB,AMX649,32.85508,-116.637474,,,109,,2063,-49.5,2910,24.2
2026-07-29T09:46:37.622084,A6E258,UAL444,32.784348,-117.089264,,,103,,3736,-35.3,1756,26.4
2026-07-29T09:46:37.622084,0D0D36,VOI7710,33.496058,-117.013643,,,314,,7770,-34.7,2072,7.0
2026-07-29T09:46:37.622084,A5168D,N427KM,33.116501,-117.364636,,,339,,4751,-37.8,1183,34.6
2026-07-29T09:46:37.622084,A95FBE,ASA577,32.83185,-117.228717,,,144,,6665,-37.4,2111,4.3
2026-07-29T09:46:37.622084,A97549,N70846,33.182556,-117.067896,,,31,,1200,-36.0,920,32.7
2026-07-29T09:46:37.622084,A1C0B6,N2118N,32.943787,-117.075476,,,315,,7340,-49.5,466,0.4
2026-07-29T09:46:37.622084,A81336,N6195B,32.995761,-117.320532,,,14,,0202,-37.8,43,8.7
2026-07-29T09:46:37.622084,A9DB1D,,33.221512,-116.943805,,,310,,1200,-34.8,24,1.1
2026-07-29T09:46:42.686650,A12E70,CXK654,33.043945,-116.838885,,,66,,4606,-38.3,7859,14.3
2026-07-29T09:46:42.686650,AD0343,CXK240,33.171478,-117.38172,,,331,,4664,-37.7,2995,0.3
2026-07-29T09:46:42.686650,0D0DDB,AMX649,32.85508,-116.637474,,,109,,2063,-49.5,2910,29.3
2026-07-29T09:46:42.686650,A6E258,UAL444,32.776932,-117.054987,,,105,,3736,-49.5,1777,1.4
2026-07-29T09:46:42.686650,0D0D36,VOI7710,33.496058,-117.013643,,,314,,7770,-34.7,2072,12.1
2026-07-29T09:46:42.686650,A5168D,N427KM,33.116501,-117.364636,,,339,,4751,-37.8,1183,39.7
2026-07-29T09:46:42.686650,A95FBE,ASA577,32.83185,-117.228717,,,141,,6665,-34.8,2120,9.3
2026-07-29T09:46:42.686650,A97549,N70846,33.182556,-117.067896,,,31,,1200,-36.0,920,37.7
2026-07-29T09:46:42.686650,A1C0B6,N2118N,32.945438,-117.077487,,,314,,7340,-31.6,524,0.4
2026-07-29T09:46:42.686650,A81336,N6195B,33.001328,-117.323383,,,333,,0202,-49.5,49,3.1
2026-07-29T09:46:42.686650,A9DB1D,,33.223774,-116.946716,,,314,,1200,-49.5,49,0.0
2026-07-29T09:46:47.752589,A12E70,CXK654,33.043945,-116.838885,,,66,,4606,-38.3,7859,19.3
2026-07-29T09:46:47.752589,AD0343,CXK240,33.171753,-117.38183,,,331,,4664,-49.5,2997,4.8
2026-07-29T09:46:47.752589,0D0DDB,AMX649,32.85508,-116.637474,,,109,,2063,-49.5,2910,34.4
2026-07-29T09:46:47.752589,A6E258,UAL444,32.776932,-117.054987,,,105,,3736,-49.5,1777,6.4
2026-07-29T09:46:47.752589,0D0D36,VOI7710,33.496058,-117.013643,,,314,,7770,-34.7,2072,17.1
2026-07-29T09:46:47.752589,A5168D,N427KM,33.116501,-117.364636,,,339,,4751,-37.8,1183,44.7
2026-07-29T09:46:47.752589,A95FBE,ASA577,32.83185,-117.228717,,,135,,6665,-49.5,2122,14.4
2026-07-29T09:46:47.752589,A97549,N70846,33.182556,-117.067896,,,31,,4676,-49.5,921,42.8
2026-07-29T09:46:47.752589,A1C0B6,N2118N,32.947174,-117.079431,,,316,,7340,-49.5,582,0.2
2026-07-29T09:46:47.752589,A81336,N6195B,33.001328,-117.323383,,,333,,0202,-49.5,49,8.1
2026-07-29T09:46:47.752589,A9DB1D,N734NK,33.225449,-116.948639,,,316,,1200,-49.5,102,0.7
2026-07-29T09:46:52.790668,A12E70,CXK654,33.043945,-116.838885,,,66,,4606,-36.3,7860,24.4
2026-07-29T09:46:52.790668,AD0343,CXK240,33.171753,-117.38183,,,331,,4664,-49.5,2997,9.8
2026-07-29T09:46:52.790668,0D0DDB,AMX649,32.85508,-116.637474,,,109,,2063,-49.5,2910,39.4
2026-07-29T09:46:52.790668,A6E258,UAL444,32.776932,-117.054987,,,105,,3736,-49.5,1777,11.5
2026-07-29T09:46:52.790668,0D0D36,VOI7710,33.496058,-117.013643,,,314,,7770,-34.7,2072,22.2
2026-07-29T09:46:52.790668,A5168D,N427KM,33.116501,-117.364636,,,339,,4751,-37.8,1183,49.8
2026-07-29T09:46:52.790668,A95FBE,ASA577,32.83185,-117.228717,,,135,,6665,-36.8,2124,19.4
2026-07-29T09:46:52.790668,A97549,N70846,33.182556,-117.067896,,,31,,4676,-49.5,921,47.8
2026-07-29T09:46:52.790668,A1C0B6,N2118N,32.948776,-117.081244,,,316,,7340,-33.4,643,0.5
2026-07-29T09:46:52.790668,A81336,N6195B,33.001328,-117.323383,,,333,,0202,-49.5,49,13.2
2026-07-29T09:46:52.790668,A9DB1D,N734NK,33.227591,-116.951032,,,316,,1200,-49.5,153,0.2
2026-07-29T09:46:52.790668,ABD559,SWA3475,32.622116,-117.138263,,,96,,,-34.2,15,0.4
2026-07-29T09:46:52.790668,AD93C7,,33.11,-117.366439,,,257,,,-34.8,4,1.6
2026-07-29T09:46:57.828726,A12E70,CXK654,33.050366,-116.821887,,,64,,4606,-36.6,7891,0.0
2026-07-29T09:46:57.828726,AD0343,CXK240,33.171753,-117.38183,,,331,,4664,-49.5,2997,14.9
2026-07-29T09:46:57.828726,0D0DDB,AMX649,32.85508,-116.637474,,,109,,2063,-49.5,2910,44.5
2026-07-29T09:46:57.828726,A6E258,UAL444,32.776932,-117.054987,,,105,,3736,-49.5,1777,16.5
2026-07-29T09:46:57.828726,0D0D36,VOI7710,33.496058,-117.013643,,,314,,7770,-34.7,2072,27.2
2026-07-29T09:46:57.828726,A5168D,N427KM,33.116501,-117.364636,,,339,,4751,-37.8,1183,54.8
2026-07-29T09:46:57.828726,A95FBE,ASA577,32.83185,-117.228717,,,135,,6665,-36.8,2124,24.5
2026-07-29T09:46:57.828726,A97549,N70846,33.182556,-117.067896,,,31,,4676,-49.5,921,52.9
2026-07-29T09:46:57.828726,A1C0B6,N2118N,32.950562,-117.083276,,,315,,7340,-25.0,708,0.2
2026-07-29T09:46:57.828726,A81336,N6195B,33.001328,-117.323383,,,333,,0202,-38.3,51,18.2
2026-07-29T09:46:57.828726,A9DB1D,N734NK,33.228195,-116.95177,,,316,,1200,-49.5,158,3.5
2026-07-29T09:46:57.828726,ABD559,SWA3475,32.621338,-117.12887,,,95,,1364,-35.6,59,0.0
2026-07-29T09:46:57.828726,AD93C7,,33.109348,-117.370194,,,257,,4671,-49.5,17,1.0
2026-07-29T09:46:57.828726,A6511D,,32.612137,-116.929742,,,83,,,-49.5,9,1.8
2026-07-29T09:46:57.828726,A242E6,,33.243073,-116.922711,,,238,,,-37.8,3,0.3
2026-07-29T09:46:57.828726,A4671F,,32.853928,-117.402319,,,,,7204,-49.5,6,0.5
2026-07-29T09:47:02.882870,A12E70,CXK654,33.050366,-116.821887,,,64,,4606,-35.1,7892,5.1
2026-07-29T09:47:02.882870,AD0343,CXK240,33.171753,-117.38183,,,331,,4664,-49.5,2997,19.9
2026-07-29T09:47:02.882870,0D0DDB,AMX649,32.85508,-116.637474,,,109,,2063,-49.5,2910,49.5
2026-07-29T09:47:02.882870,A6E258,UAL444,32.776932,-117.054987,,,105,,3736,-49.5,1777,21.6
2026-07-29T09:47:02.882870,0D0D36,VOI7710,33.496058,-117.013643,,,314,,7770,-49.5,2073,32.3
2026-07-29T09:47:02.882870,A5168D,N427KM,33.116501,-117.364636,,,339,,4751,-37.8,1183,59.9
2026-07-29T09:47:02.882870,A95FBE,ASA577,32.83185,-117.228717,,,135,,6665,-36.8,2124,29.5
2026-07-29T09:47:02.882870,A97549,N70846,33.182556,-117.067896,,,31,,4676,-49.5,921,57.9
2026-07-29T09:47:02.882870,A1C0B6,N2118N,32.952234,-117.085279,,,315,,7340,-20.9,775,0.1
2026-07-29T09:47:02.882870,A81336,N6195B,33.001328,-117.323383,,,320,,0202,-36.9,52,23.3
2026-07-29T09:47:02.882870,A9DB1D,N734NK,33.228195,-116.95177,,,316,,1200,-49.5,158,8.6
2026-07-29T09:47:02.882870,ABD559,SWA3475,32.621063,-117.122168,,,94,,1364,-36.7,75,1.2
2026-07-29T09:47:02.882870,AD93C7,,33.109348,-117.370194,,,257,,4671,-49.5,18,6.1
2026-07-29T09:47:02.882870,A6511D,,32.612137,-116.929742,,,83,,,-36.3,12,6.9
2026-07-29T09:47:02.882870,A242E6,N245DJ,33.24016,-116.928163,,,235,,,-33.0,16,0.9
2026-07-29T09:47:02.882870,A4671F,,32.853928,-117.402319,,,307,,7204,-36.7,11,5.6
2026-07-29T09:47:07.958559,A12E70,CXK654,33.050366,-116.821887,,,64,,4606,-35.1,7892,10.1
2026-07-29T09:47:07.958559,AD0343,CXK240,33.171753,-117.38183,,,331,,4664,-49.5,2997,25.0
2026-07-29T09:47:07.958559,0D0DDB,AMX649,32.85508,-116.637474,,,109,,2063,-49.5,2910,54.6
2026-07-29T09:47:07.958559,A6E258,UAL444,32.776932,-117.054987,,,105,,3736,-49.5,1777,26.6
2026-07-29T09:47:07.958559,0D0D36,VOI7710,33.496058,-117.013643,,,314,,7770,-49.5,2073,37.3
2026-07-29T09:47:07.958559,A5168D,N427KM,33.116501,-117.364636,,,339,,4751,-35.9,1184,65.0
2026-07-29T09:47:07.958559,A95FBE,ASA577,32.83185,-117.228717,,,135,,6665,-36.8,2124,34.6
2026-07-29T09:47:07.958559,A97549,N70846,33.182556,-117.067896,,,31,,4676,-49.5,921,63.0
2026-07-29T09:47:07.958559,A1C0B6,N2118N,32.953903,-117.087286,,,315,,7340,-49.5,834,0.1
2026-07-29T09:47:07.958559,A81336,N6195B,33.001328,-117.323383,,,320,,0202,-49.5,53,28.4
2026-07-29T09:47:07.958559,A9DB1D,N734NK,33.228195,-116.95177,,,316,,1200,-49.5,158,13.6
2026-07-29T09:47:07.958559,ABD559,SWA3475,32.621063,-117.122168,,,94,,1364,-49.5,78,6.2
2026-07-29T09:47:07.958559,AD93C7,,33.107986,-117.3776,,,257,,4671,-36.6,23,0.4
2026-07-29T09:47:07.958559,A6511D,,32.612137,-116.929742,,,83,,,-36.3,12,11.9
2026-07-29T09:47:07.958559,A242E6,N245DJ,33.235794,-116.934851,,,228,,4761,-49.5,58,0.0
2026-07-29T09:47:07.958559,A4671F,,32.861876,-117.414476,,,307,,7204,-49.5,22,0.7
2026-07-29T09:47:13.011992,A12E70,CXK654,33.050366,-116.821887,,,64,,4606,-35.1,7892,15.2
2026-07-29T09:47:13.011992,AD0343,CXK240,33.171753,-117.38183,,,331,,4664,-49.5,2997,30.0
2026-07-29T09:47:13.011992,0D0DDB,AMX649,32.85508,-116.637474,,,109,,2063,-49.5,2910,59.6
2026-07-29T09:47:13.011992,A6E258,UAL444,32.776932,-117.054987,,,105,,3736,-49.5,1777,31.7
2026-07-29T09:47:13.011992,0D0D36,VOI7710,33.554169,-117.084158,,,314,,7770,-49.5,2078,2.4
2026-07-29T09:47:13.011992,A5168D,N427KM,33.116501,-117.364636,,,339,,4751,-49.5,1186,70.0
2026-07-29T09:47:13.011992,A95FBE,ASA577,32.83185,-117.228717,,,135,,6665,-49.5,2125,39.6
2026-07-29T09:47:13.011992,A97549,N70846,33.182556,-117.067896,,,31,,4676,-49.5,921,68.0
2026-07-29T09:47:13.011992,A1C0B6,N2118N,32.955586,-117.089202,,,316,,7340,-49.5,890,0.3
2026-07-29T09:47:13.011992,A81336,N6195B,33.014707,-117.334601,,,319,,0202,-49.5,58,4.4
2026-07-29T09:47:13.011992,A9DB1D,N734NK,33.228195,-116.95177,,,316,,1200,-49.5,158,18.7
2026-07-29T09:47:13.011992,ABD559,SWA3475,32.621063,-117.122168,,,94,,1364,-36.3,80,11.3
2026-07-29T09:47:13.011992,AD93C7,,33.107849,-117.378314,,,256,,4671,-35.2,36,4.5
2026-07-29T09:47:13.011992,A6511D,,32.612137,-116.929742,,,83,,,-36.3,12,17.0
2026-07-29T09:47:13.011992,A242E6,N245DJ,33.231674,-116.93974,,,222,,4761,-31.6,96,0.3
2026-07-29T09:47:13.011992,A4671F,,32.861876,-117.414476,,,307,,7204,-35.9,23,5.7
2026-07-29T09:47:18.064051,A12E70,CXK654,33.050366,-116.821887,,,64,,4606,-35.1,7892,20.2
2026-07-29T09:47:18.064051,AD0343,CXK240,33.171753,-117.38183,,,331,,4664,-49.5,2997,35.1
2026-07-29T09:47:18.064051,A6E258,UAL444,32.776932,-117.054987,,,105,,3736,-49.5,1777,36.7
2026-07-29T09:47:18.064051,0D0D36,VOI7710,33.554169,-117.084158,,,314,,7770,-49.5,2078,7.4
2026-07-29T09:47:18.064051,A5168D,N427KM,33.116501,-117.364636,,,339,,4751,-37.3,1187,75.0
2026-07-29T09:47:18.064051,A95FBE,ASA577,32.83185,-117.228717,,,135,,6665,-34.9,2128,44.7
2026-07-29T09:47:18.064051,A97549,N70846,33.182556,-117.067896,,,31,,4676,-49.5,921,73.1
2026-07-29T09:47:18.064051,A1C0B6,N2118N,32.957336,-117.091187,,,316,,7340,-17.9,947,0.2
2026-07-29T09:47:18.064051,A81336,N6195B,33.018199,-117.338469,,,319,,0202,-35.2,60,1.1
2026-07-29T09:47:18.064051,A9DB1D,N734NK,33.223727,-116.958768,,,158,,1200,-36.0,171,1.0
2026-07-29T09:47:18.064051,ABD559,SWA3475,32.621063,-117.122168,,,94,,1364,-36.3,80,16.3
2026-07-29T09:47:18.064051,AD93C7,,33.106659,-117.384521,,,256,,4671,-36.5,47,0.8
2026-07-29T09:47:18.064051,A6511D,,32.612137,-116.929742,,,83,,,-36.3,12,22.0
2026-07-29T09:47:18.064051,A242E6,N245DJ,33.227051,-116.944464,,,219,,4761,-49.5,126,0.3
2026-07-29T09:47:18.064051,A4671F,,32.868161,-117.424117,,,307,,7204,-49.5,25,2.8
2026-07-29T09:47:23.104151,A12E70,CXK654,33.050366,-116.821887,,,64,,4606,-49.5,7893,25.3
2026-07-29T09:47:23.104151,AD0343,CXK240,33.191437,-117.390729,,,331,,4664,-37.2,3003,0.0
2026-07-29T09:47:23.104151,A6E258,UAL444,32.776932,-117.054987,,,105,,3736,-49.5,1777,41.8
2026-07-29T09:47:23.104151,0D0D36,VOI7710,33.554169,-117.084158,,,314,,7770,-49.5,2078,12.5
2026-07-29T09:47:23.104151,A5168D,N427KM,33.116501,-117.364636,,,339,,4751,-37.3,1187,80.1
2026-07-29T09:47:23.104151,A95FBE,ASA577,32.83185,-117.228717,,,135,,6665,-49.5,2130,49.8
2026-07-29T09:47:23.104151,A97549,N70846,33.182556,-117.067896,,,31,,4676,-49.5,921,78.2
2026-07-29T09:47:23.104151,A1C0B6,N2118N,32.959031,-117.09307,,,316,,7340,-23.6,1004,0.3
2026-07-29T09:47:23.104151,A81336,N6195B,33.020294,-117.341047,,,313,,0202,-49.5,73,0.8
2026-07-29T09:47:23.104151,A9DB1D,N734NK,33.221539,-116.957086,,,158,,1200,-49.5,182,0.3
2026-07-29T09:47:23.104151,ABD559,SWA3475,32.621063,-117.122168,,,74,,1364,-37.5,83,21.4
2026-07-29T09:47:23.104151,AD93C7,,33.105835,-117.388586,,,257,,4671,-49.5,65,0.0
2026-07-29T09:47:23.104151,A6511D,,32.612137,-116.929742,,,83,,,-36.3,12,27.1
2026-07-29T09:47:23.104151,A242E6,N245DJ,33.22229,-116.949023,,,217,,4761,-49.5,153,0.4
2026-07-29T09:47:23.104151,A4671F,,32.868161,-117.424117,,,307,,7204,-49.5,25,7.9
2026-07-29T09:47:28.174830,A12E70,CXK654,33.056625,-116.805267,,,64,,4606,-37.7,7895,2.2
2026-07-29T09:47:28.174830,AD0343,CXK240,33.193096,-117.391607,,,336,,4664,-36.1,3012,1.6
2026-07-29T09:47:28.174830,A6E258,UAL444,32.776932,-117.054987,,,105,,3736,-49.5,1777,46.8
2026-07-29T09:47:28.174830,0D0D36,VOI7710,33.554169,-117.084158,,,314,,7770,-49.5,2078,17.6
2026-07-29T09:47:28.174830,A5168D,N427KM,33.116501,-117.364636,,,339,,4751,-37.3,1187,85.2
2026-07-29T09:47:28.174830,A95FBE,ASA577,32.799454,-117.156775,,,104,,6665,-34.9,2148,1.0
2026-07-29T09:47:28.174830,A97549,N70846,33.182556,-117.067896,,,31,,4676,-49.5,921,83.2
2026-07-29T09:47:28.174830,A1C0B6,N2118N,32.960175,-117.094427,,,315,,7340,-33.7,1043,1.9
2026-07-29T09:47:28.174830,A81336,N6195B,33.021881,-117.342993,,,314,,0202,-36.8,87,1.7
2026-07-29T09:47:28.174830,A9DB1D,N734NK,33.219863,-116.955124,,,131,,1200,-49.5,250,0.3
2026-07-29T09:47:28.174830,ABD559,SWA3475,32.627067,-117.079898,,,69,,1364,-35.2,96,1.9
2026-07-29T09:47:28.174830,AD93C7,,33.105652,-117.389575,,,257,,4671,-35.5,68,3.6
2026-07-29T09:47:28.174830,A6511D,,32.612137,-116.929742,,,83,,,-36.3,12,32.2
2026-07-29T09:47:28.174830,A242E6,N245DJ,33.217438,-116.953363,,,216,,4761,-28.7,200,0.5
2026-07-29T09:47:28.174830,A4671F,,32.868161,-117.424117,,,307,,7204,-49.5,25,13.0
2026-07-29T09:47:33.218525,A12E70,CXK654,33.056625,-116.805267,,,64,,4606,-49.5,7897,7.3
2026-07-29T09:47:33.218525,AD0343,CXK240,33.193096,-117.391607,,,336,,4664,-49.5,3014,6.7
2026-07-29T09:47:33.218525,A6E258,UAL444,32.776932,-117.054987,,,105,,3736,-49.5,1777,51.9
2026-07-29T09:47:33.218525,0D0D36,VOI7710,33.554169,-117.084158,,,314,,7770,-49.5,2081,22.6
2026-07-29T09:47:33.218525,A5168D,N427KM,33.116501,-117.364636,,,339,,4751,-37.3,1187,90.2
2026-07-29T09:47:33.218525,A95FBE,ASA577,32.799454,-117.156775,,,104,,6665,-34.9,2148,6.1
2026-07-29T09:47:33.218525,A97549,N70846,33.182556,-117.067896,,,31,,4676,-49.5,921,88.3
2026-07-29T09:47:33.218525,A1C0B6,N2118N,32.962429,-117.096994,,,315,,7340,-49.5,1090,0.2
2026-07-29T09:47:33.218525,A81336,N6195B,33.021881,-117.342993,,,314,,0202,-36.8,87,6.8
2026-07-29T09:47:33.218525,A9DB1D,N734NK,33.218327,-116.95305,,,131,,1200,-49.5,302,0.3
2026-07-29T09:47:33.218525,ABD559,SWA3475,32.630372,-117.06992,,,68,,1364,-33.5,111,1.0
2026-07-29T09:47:33.218525,A3EF2A,,33.109863,-117.287128,,,204,,,-37.7,3,5.1
2026-07-29T09:47:33.218525,AD93C7,,33.105652,-117.389575,,,257,,4671,-35.5,68,8.7
2026-07-29T09:47:33.218525,A6511D,,32.612137,-116.929742,,,83,,,-36.3,12,37.2
2026-07-29T09:47:33.218525,A242E6,N245DJ,33.212461,-116.957647,,,215,,4761,-49.5,241,0.5
2026-07-29T09:47:33.218525,A4671F,,32.868161,-117.424117,,,307,,7204,-49.5,25,18.0
2026-07-29T09:47:38.297466,A12E70,CXK654,33.058868,-116.799445,,,64,,4606,-49.5,7901,2.3
2026-07-29T09:47:38.297466,AD0343,CXK240,33.193096,-117.391607,,,336,,4664,-49.5,3014,11.8
2026-07-29T09:47:38.297466,A6E258,UAL444,32.776932,-117.054987,,,105,,3736,-49.5,1777,57.0
2026-07-29T09:47:38.297466,0D0D36,VOI7710,33.58873,-117.126197,,,314,,7770,-37.3,2087,3.8
2026-07-29T09:47:38.297466,A5168D,N427KM,33.116501,-117.364636,,,339,,4751,-37.3,1187,95.3
2026-07-29T09:47:38.297466,A95FBE,ASA577,32.799454,-117.156775,,,104,,6665,-34.9,2148,11.2
2026-07-29T09:47:38.297466,A97549,N70846,33.182556,-117.067896,,,31,,4676,-49.5,921,93.4
2026-07-29T09:47:38.297466,A1C0B6,N2118N,32.964105,-117.098955,,,315,,7340,-24.5,1148,0.2
2026-07-29T09:47:38.297466,A81336,N6195B,33.025085,-117.346783,,,314,,0202,-49.5,94,3.7
2026-07-29T09:47:38.297466,A9DB1D,N734NK,33.216791,-116.951088,,,135,,1200,-32.8,352,0.5
2026-07-29T09:47:38.297466,ABD559,SWA3475,32.632001,-117.0651,,,68,,1364,-49.5,141,3.0
2026-07-29T09:47:38.297466,A3EF2A,,33.106415,-117.287909,,,192,,,-36.9,7,0.9
2026-07-29T09:47:38.297466,AD93C7,,33.105652,-117.389575,,,257,,4671,-35.5,68,13.8
2026-07-29T09:47:38.297466,A6511D,,32.612137,-116.929742,,,83,,,-36.3,12,42.3
2026-07-29T09:47:38.297466,A242E6,N245DJ,33.20748,-116.961907,,,215,,4761,-31.1,275,0.4
2026-07-29T09:47:38.297466,A4671F,,32.868161,-117.424117,,,307,,7204,-49.5,25,23.1
2026-07-29T09:47:43.377280,A12E70,CXK654,33.060196,-116.795984,,,64,,4606,-35.5,7908,1.5
2026-07-29T09:47:43.377280,AD0343,CXK240,33.193096,-117.391607,,,336,,4664,-49.5,3014,16.8
2026-07-29T09:47:43.377280,0D0D36,VOI7710,33.58873,-117.126197,,,314,,7770,-37.3,2087,8.9
2026-07-29T09:47:43.377280,A5168D,N427KM,33.116501,-117.364636,,,339,,4751,-37.3,1187,100.4
2026-07-29T09:47:43.377280,A95FBE,ASA577,32.794189,-117.133154,,,104,,6665,-49.5,2161,0.6
2026-07-29T09:47:43.377280,A97549,N70846,33.182556,-117.067896,,,31,,4676,-49.5,921,98.4
2026-07-29T09:47:43.377280,A1C0B6,N2118N,32.965828,-117.100973,,,315,,7340,-49.5,1213,0.0
2026-07-29T09:47:43.377280,A81336,N6195B,33.028394,-117.350856,,,314,,0202,-34.5,120,0.3
2026-07-29T09:47:43.377280,A9DB1D,N734NK,33.215744,-116.949957,,,136,,1200,-49.5,369,2.3
2026-07-29T09:47:43.377280,ABD559,SWA3475,32.632001,-117.0651,,,68,,1364,-49.5,141,8.1
2026-07-29T09:47:43.377280,A3EF2A,,33.106415,-117.287909,,,191,,,-35.4,8,5.9
2026-07-29T09:47:43.377280,AD93C7,,33.105652,-117.389575,,,257,,4671,-49.5,70,18.9
2026-07-29T09:47:43.377280,A6511D,,32.612137,-116.929742,,,83,,,-36.3,12,47.4
2026-07-29T09:47:43.377280,A242E6,N245DJ,33.202732,-116.965886,,,215,,4761,-49.5,314,0.5
2026-07-29T09:47:43.377280,A4671F,,32.868161,-117.424117,,,307,,7204,-49.5,25,28.2
2026-07-29T09:47:48.455433,A12E70,CXK654,33.060515,-116.795094,,,64,,4606,-35.4,7912,5.1
2026-07-29T09:47:48.455433,AD0343,CXK240,33.193096,-117.391607,,,336,,4664,-49.5,3014,21.9
2026-07-29T09:47:48.455433,0D0D36,VOI7710,33.58873,-117.126197,,,314,,7770,-37.3,2087,14.0
2026-07-29T09:47:48.455433,A5168D,N427KM,33.116501,-117.364636,,,339,,4751,-37.3,1187,105.5
2026-07-29T09:47:48.455433,A95FBE,ASA577,32.792514,-117.125637,,,104,,6665,-49.5,2226,0.6
2026-07-29T09:47:48.455433,A1C0B6,N2118N,32.967499,-117.102887,,,316,,7340,-49.5,1269,0.0
2026-07-29T09:47:48.455433,A81336,N6195B,33.029464,-117.352202,,,314,,0202,-36.9,135,2.5
2026-07-29T09:47:48.455433,A9DB1D,N734NK,33.215744,-116.949957,,,136,,1200,-49.5,369,7.4
2026-07-29T09:47:48.455433,ABD559,SWA3475,32.639264,-117.043071,,,68,,1364,-49.5,161,0.0
2026-07-29T09:47:48.455433,A3EF2A,,33.106415,-117.287909,,,191,,,-35.4,8,11.0
2026-07-29T09:47:48.455433,AD93C7,,33.105652,-117.389575,,,257,,4671,-49.5,70,23.9
2026-07-29T09:47:48.455433,A6511D,,32.612137,-116.929742,,,83,,,-36.3,12,52.5
2026-07-29T09:47:48.455433,A242E6,N245DJ,33.197704,-116.970146,,,215,,4761,-28.5,352,0.0
2026-07-29T09:47:48.455433,A4671F,,32.868161,-117.424117,,,307,,7204,-49.5,25,33.3
2026-07-29T09:47:53.534918,A12E70,CXK654,33.060515,-116.795094,,,64,,4606,-35.4,7912,10.1
2026-07-29T09:47:53.534918,AD0343,CXK240,33.193096,-117.391607,,,336,,4664,-49.5,3014,27.0
2026-07-29T09:47:53.534918,0D0D36,VOI7710,33.58873,-117.126197,,,314,,7770,-37.3,2087,19.1
2026-07-29T09:47:53.534918,A5168D,N427KM,33.116501,-117.364636,,,339,,4751,-37.3,1187,110.5
2026-07-29T09:47:53.534918,A95FBE,ASA577,32.791214,-117.119696,,,104,,6665,-49.5,2246,1.6
2026-07-29T09:47:53.534918,A1C0B6,N2118N,32.969055,-117.104645,,,316,,7340,-23.6,1323,0.5
2026-07-29T09:47:53.534918,A81336,N6195B,33.029464,-117.352202,,,314,,0202,-36.9,135,7.5
2026-07-29T09:47:53.534918,A9DB1D,N734NK,33.215744,-116.949957,,,136,,1200,-49.5,369,12.4
2026-07-29T09:47:53.534918,ABD559,SWA3475,32.6418,-117.035211,,,69,,1364,-49.5,221,0.3
2026-07-29T09:47:53.534918,A3EF2A,,33.106415,-117.287909,,,191,,,-35.4,8,16.1
2026-07-29T09:47:53.534918,AD93C7,,33.105652,-117.389575,,,257,,4671,-49.5,70,29.0
2026-07-29T09:47:53.534918,A6511D,,32.612137,-116.929742,,,83,,,-36.3,12,57.5
2026-07-29T09:47:53.534918,A242E6,N245DJ,33.193235,-116.973958,,,215,,4761,-30.8,404,0.1
2026-07-29T09:47:53.534918,A4671F,,32.868161,-117.424117,,,307,,7204,-37.6,27,38.3
2026-07-29T09:47:58.568413,A12E70,CXK654,33.060515,-116.795094,,,64,,4606,-35.4,7912,15.1
2026-07-29T09:47:58.568413,AD0343,CXK240,33.193096,-117.391607,,,336,,4664,-49.5,3014,32.0
2026-07-29T09:47:58.568413,0D0D36,VOI7710,33.58873,-117.126197,,,314,,7770,-37.3,2087,24.1
2026-07-29T09:47:58.568413,A5168D,N427KM,33.116501,-117.364636,,,339,,4751,-37.3,1187,115.5
2026-07-29T09:47:58.568413,A95FBE,ASA577,32.791214,-117.119696,,,104,,6665,-49.5,2249,6.7
2026-07-29T09:47:58.568413,A1C0B6,N2118N,32.970795,-117.106622,,,316,,7340,-49.5,1385,0.1
2026-07-29T09:47:58.568413,A81336,N6195B,33.029464,-117.352202,,,314,,0202,-36.9,135,12.6
2026-07-29T09:47:58.568413,A9DB1D,N734NK,33.215744,-116.949957,,,136,,1200,-49.5,369,17.5
2026-07-29T09:47:58.568413,ABD559,SWA3475,32.644089,-117.028125,,,69,,1364,-49.5,270,1.2
2026-07-29T09:47:58.568413,A3EF2A,,33.106415,-117.287909,,,191,,,-35.4,8,21.1
2026-07-29T09:47:58.568413,AD93C7,,33.101248,-117.413187,,,258,,4671,-49.5,73,0.8
2026-07-29T09:47:58.568413,A6511D,,32.618827,-116.865216,,,83,,,-49.5,13,1.0
2026-07-29T09:47:58.568413,A242E6,N245DJ,33.188766,-116.977713,,,215,,4761,-26.7,456,0.5
2026-07-29T09:47:58.568413,A4671F,,32.900482,-117.47439,,,307,,7204,-49.5,30,3.0
2026-07-29T09:47:58.568413,AAA5AE,,32.82105,-117.351249,,,306,,,-37.7,11,4.5
2026-07-29T09:48:03.611021,A12E70,CXK654,33.060515,-116.795094,,,64,,4606,-35.4,7912,20.2
2026-07-29T09:48:03.611021,AD0343,CXK240,33.193096,-117.391607,,,336,,4664,-49.5,3014,37.1
2026-07-29T09:48:03.611021,0D0D36,VOI7710,33.58873,-117.126197,,,314,,7770,-37.3,2087,29.1
2026-07-29T09:48:03.611021,A5168D,N427KM,33.116501,-117.364636,,,339,,4751,-37.3,1187,120.6
2026-07-29T09:48:03.611021,A95FBE,ASA577,32.791214,-117.119696,,,104,,6665,-49.5,2249,11.7
2026-07-29T09:48:03.611021,A1C0B6,N2118N,32.972391,-117.108484,,,315,,7340,-49.5,1441,0.3
2026-07-29T09:48:03.611021,A81336,N6195B,33.036758,-117.360626,,,316,,0202,-49.5,142,0.4
2026-07-29T09:48:03.611021,A9DB1D,N734NK,33.215744,-116.949957,,,136,,1200,-49.5,369,22.5
2026-07-29T09:48:03.611021,ABD559,SWA3475,32.644089,-117.028125,,,69,,1364,-49.5,270,6.3
2026-07-29T09:48:03.611021,A3EF2A,,33.106415,-117.287909,,,191,,,-35.4,8,26.1
2026-07-29T09:48:03.611021,AD93C7,N974PA,33.100782,-117.417223,,,268,,4671,-49.5,114,0.2
2026-07-29T09:48:03.611021,A6511D,,32.618827,-116.865216,,,83,,,-49.5,13,6.0
2026-07-29T09:48:03.611021,A242E6,N245DJ,33.183884,-116.981818,,,215,,4761,-29.5,499,0.4
2026-07-29T09:48:03.611021,A4671F,,32.900482,-117.47439,,,307,,7204,-34.0,40,8.1
2026-07-29T09:48:03.611021,AAA5AE,,32.82105,-117.351249,,,306,,,-37.7,11,9.6
2026-07-29T09:48:08.672444,A12E70,CXK654,33.060515,-116.795094,,,64,,4606,-35.4,7912,25.3
2026-07-29T09:48:08.672444,AD0343,CXK240,33.193096,-117.391607,,,336,,4664,-49.5,3014,42.1
2026-07-29T09:48:08.672444,0D0D36,VOI7710,33.58873,-117.126197,,,314,,7770,-37.3,2087,34.2
2026-07-29T09:48:08.672444,A5168D,N427KM,33.116501,-117.364636,,,339,,4751,-37.3,1187,125.7
2026-07-29T09:48:08.672444,A95FBE,ASA577,32.786136,-117.09705,,,104,,6665,-49.5,2257,0.9
2026-07-29T09:48:08.672444,A1C0B6,N2118N,32.974067,-117.11039,,,315,,7340,-21.1,1511,0.3
2026-07-29T09:48:08.672444,A81336,N6195B,33.038728,-117.362852,,,316,,0202,-34.6,171,1.0
2026-07-29T09:48:08.672444,A9DB1D,N734NK,33.215744,-116.949957,,,136,,1200,-49.5,369,27.6
2026-07-29T09:48:08.672444,ABD559,SWA3475,32.649582,-117.011151,,,69,,1364,-36.8,287,1.3
2026-07-29T09:48:08.672444,A3EF2A,,33.106415,-117.287909,,,191,,,-49.5,9,31.2
2026-07-29T09:48:08.672444,AD93C7,N974PA,33.101074,-117.420557,,,282,,4671,-31.0,159,0.8
2026-07-29T09:48:08.672444,A6511D,,32.618827,-116.865216,,,83,,,-49.5,13,11.1
2026-07-29T09:48:08.672444,A242E6,N245DJ,33.179595,-116.985841,,,220,,4761,-49.5,545,0.5
2026-07-29T09:48:08.672444,A4671F,,32.900482,-117.47439,,,307,,7204,-49.5,46,13.1
2026-07-29T09:48:08.672444,AAA5AE,,32.82105,-117.351249,,,306,,,-37.7,11,14.7
2026-07-29T09:48:13.742667,A12E70,CXK654,33.060515,-116.795094,,,64,,4606,-49.5,7913,30.3
2026-07-29T09:48:13.742667,AD0343,CXK240,33.193096,-117.391607,,,336,,4664,-49.5,3014,47.2
2026-07-29T09:48:13.742667,0D0D36,VOI7710,33.58873,-117.126197,,,314,,7770,-37.3,2087,39.3
2026-07-29T09:48:13.742667,A5168D,N427KM,33.116501,-117.364636,,,339,,4751,-49.5,1189,130.7
2026-07-29T09:48:13.742667,A95FBE,ASA577,32.784393,-117.089319,,,104,,6665,-34.0,2292,0.4
2026-07-29T09:48:13.742667,A1C0B6,N2118N,32.97579,-117.112408,,,316,,7340,-49.5,1586,0.2
2026-07-29T09:48:13.742667,A81336,N6195B,33.041199,-117.365625,,,316,,0202,-34.7,215,0.5
2026-07-29T09:48:13.742667,A9DB1D,N734NK,33.215744,-116.949957,,,136,,1200,-49.5,369,32.6
2026-07-29T09:48:13.742667,ABD559,SWA3475,32.652857,-117.000919,,,69,,1364,-34.4,320,0.4
2026-07-29T09:48:13.742667,A3EF2A,,33.093427,-117.29116,,,192,,,-35.6,20,0.6
2026-07-29T09:48:13.742667,AD93C7,N974PA,33.101578,-117.422534,,,291,,4671,-35.4,179,3.1
2026-07-29T09:48:13.742667,A6511D,,32.618827,-116.865216,,,83,,,-49.5,13,16.2
2026-07-29T09:48:13.742667,A242E6,N245DJ,33.175278,-116.990277,,,221,,4761,-34.7,591,0.4
2026-07-29T09:48:13.742667,A4671F,,32.900482,-117.47439,,,307,,7204,-49.5,46,18.2
2026-07-29T09:48:13.742667,AAA5AE,,32.82105,-117.351249,,,306,,,-37.7,11,19.7
2026-07-29T09:48:18.801231,A12E70,CXK654,33.067917,-116.775587,,,64,,4606,-37.9,7919,1.0
2026-07-29T09:48:18.801231,AD0343,CXK240,33.193096,-117.391607,,,336,,4664,-49.5,3014,52.2
2026-07-29T09:48:18.801231,0D0D36,VOI7710,33.58873,-117.126197,,,314,,7770,-37.3,2087,44.3
2026-07-29T09:48:18.801231,A5168D,N427KM,33.116501,-117.364636,,,340,,4751,-49.5,1190,135.8
2026-07-29T09:48:18.801231,A95FBE,ASA577,32.783669,-117.085951,,,104,,6665,-49.5,2302,3.0
2026-07-29T09:48:18.801231,A1C0B6,N2118N,32.977432,-117.114258,,,316,,7340,-9.2,1652,0.4
2026-07-29T09:48:18.801231,A81336,N6195B,33.042252,-117.366833,,,316,,0202,-49.5,222,3.2
2026-07-29T09:48:18.801231,A9DB1D,N734NK,33.215744,-116.949957,,,136,,1200,-49.5,369,37.7
2026-07-29T09:48:18.801231,ABD559,SWA3475,32.655533,-116.992529,,,69,,1364,-35.2,331,0.7
2026-07-29T09:48:18.801231,A3EF2A,,33.093427,-117.29116,,,192,,,-35.6,20,5.6
2026-07-29T09:48:18.801231,AD93C7,N974PA,33.103901,-117.426976,,,312,,4671,-49.5,186,1.0
2026-07-29T09:48:18.801231,A6511D,,32.618827,-116.865216,,,83,,,-49.5,13,21.2
2026-07-29T09:48:18.801231,A242E6,N245DJ,33.171066,-116.995056,,,226,,4761,-49.5,621,0.3
2026-07-29T09:48:18.801231,A4671F,,32.900482,-117.47439,,,307,,7204,-49.5,46,23.3
2026-07-29T09:48:18.801231,AAA5AE,,32.82105,-117.351249,,,306,,,-49.5,13,24.8
2026-07-29T09:48:23.845321,A12E70,CXK654,33.067917,-116.775587,,,64,,4606,-49.5,7922,6.0
2026-07-29T09:48:23.845321,AD0343,CXK240,33.193096,-117.391607,,,336,,4664,-49.5,3014,57.3
2026-07-29T09:48:23.845321,0D0D36,VOI7710,33.58873,-117.126197,,,314,,7770,-37.3,2087,49.4
2026-07-29T09:48:23.845321,A5168D,N427KM,33.116501,-117.364636,,,340,,4751,-49.5,1190,140.9
2026-07-29T09:48:23.845321,A95FBE,ASA577,32.783669,-117.085951,,,104,,6665,-49.5,2302,8.1
2026-07-29T09:48:23.845321,A1C0B6,N2118N,32.979141,-117.11622,,,316,,7340,-49.5,1713,0.4
2026-07-29T09:48:23.845321,A81336,N6195B,33.04541,-117.37002,,,320,,0202,-37.1,231,1.6
2026-07-29T09:48:23.845321,A9DB1D,N734NK,33.215744,-116.949957,,,136,,1200,-49.5,369,42.8
2026-07-29T09:48:23.845321,ABD559,SWA3475,32.655533,-116.992529,,,69,,1364,-35.2,331,5.8
2026-07-29T09:48:23.845321,A3EF2A,,33.089722,-117.292017,,,189,,5267,-49.5,38,0.4
2026-07-29T09:48:23.845321,AD93C7,N974PA,33.10556,-117.428796,,,312,,4671,-35.9,191,2.4
2026-07-29T09:48:23.845321,A6511D,,32.618827,-116.865216,,,83,,,-49.5,13,26.3
2026-07-29T09:48:23.845321,A242E6,N245DJ,33.16777,-117.000385,,,237,,4761,-31.7,648,0.4
2026-07-29T09:48:23.845321,A4671F,,32.900482,-117.47439,,,307,,7204,-49.5,46,28.3
2026-07-29T09:48:23.845321,AAA5AE,,32.82105,-117.351249,,,306,,,-49.5,13,29.8
2026-07-29T09:48:28.924832,A12E70,CXK654,33.067917,-116.775587,,,64,,4606,-49.5,7922,11.1
2026-07-29T09:48:28.924832,AD0343,CXK240,33.193096,-117.391607,,,336,,4664,-49.5,3014,62.4
2026-07-29T09:48:28.924832,0D0D36,VOI7710,33.58873,-117.126197,,,314,,7770,-37.3,2087,54.5
2026-07-29T09:48:28.924832,A5168D,N427KM,33.116501,-117.364636,,,340,,4751,-49.5,1190,145.9
2026-07-29T09:48:28.924832,A95FBE,ASA577,32.779816,-117.068829,,,104,,6665,-49.5,2310,0.8
2026-07-29T09:48:28.924832,A1C0B6,N2118N,32.980865,-117.118158,,,315,,7340,-8.7,1768,0.3
2026-07-29T09:48:28.924832,A81336,N6195B,33.04541,-117.37002,,,320,,0202,-37.1,231,6.7
2026-07-29T09:48:28.924832,A9DB1D,N734NK,33.215744,-116.949957,,,136,,1200,-49.5,369,47.9
2026-07-29T09:48:28.924832,ABD559,SWA3475,32.660538,-116.974238,,,74,,1364,-35.3,339,0.8
2026-07-29T09:48:28.924832,A3EF2A,,33.088167,-117.292337,,,190,,5267,-49.5,62,0.9
2026-07-29T09:48:28.924832,AD93C7,N974PA,33.10556,-117.428796,,,312,,4671,-35.9,191,7.5
2026-07-29T09:48:28.924832,A6511D,,32.618827,-116.865216,,,83,,,-49.5,13,31.4
2026-07-29T09:48:28.924832,A242E6,N245DJ,33.166747,-117.002545,,,240,,4761,-36.4,655,3.6
2026-07-29T09:48:28.924832,A4671F,,32.900482,-117.47439,,,307,,7204,-49.5,46,33.4
2026-07-29T09:48:28.924832,AAA5AE,,32.846328,-117.39127,,,307,,,-37.2,39,2.5
2026-07-29T09:48:34.003062,A12E70,CXK654,33.067917,-116.775587,,,64,,4606,-49.5,7922,16.2
2026-07-29T09:48:34.003062,0D0D36,VOI7710,33.58873,-117.126197,,,314,,7770,-37.3,2087,59.6
2026-07-29T09:48:34.003062,A5168D,N427KM,33.116501,-117.364636,,,340,,4751,-49.5,1190,151.0
2026-07-29T09:48:34.003062,A95FBE,ASA577,32.779816,-117.068829,,,104,,6665,-49.5,2314,5.9
2026-07-29T09:48:34.003062,A1C0B6,N2118N,32.98254,-117.120143,,,315,,7340,-49.5,1833,0.2
2026-07-29T09:48:34.003062,A81336,N6195B,33.04541,-117.37002,,,320,,0202,-37.1,231,11.8
2026-07-29T09:48:34.003062,A9DB1D,N734NK,33.215744,-116.949957,,,136,,1200,-49.5,369,52.9
2026-07-29T09:48:34.003062,ABD559,SWA3475,32.662628,-116.964514,,,77,,1364,-28.1,376,0.8
2026-07-29T09:48:34.003062,A3EF2A,,33.08705,-117.292617,,,191,,5267,-36.3,71,3.0
2026-07-29T09:48:34.003062,AD93C7,N974PA,33.10556,-117.428796,,,312,,4671,-35.9,191,12.5
2026-07-29T09:48:34.003062,A6511D,,32.618827,-116.865216,,,83,,,-49.5,13,36.5
2026-07-29T09:48:34.003062,A242E6,N245DJ,33.16414,-117.012915,,,261,,4761,-49.5,661,0.5
2026-07-29T09:48:34.003062,A4671F,,32.900482,-117.47439,,,307,,7204,-49.5,49,38.5
2026-07-29T09:48:34.003062,AAA5AE,,32.846328,-117.39127,,,307,,,-37.2,39,7.6
2026-07-29T09:48:39.082533,A12E70,CXK654,33.067917,-116.775587,,,64,,4606,-49.5,7922,21.2
2026-07-29T09:48:39.082533,A5168D,N427KM,33.116501,-117.364636,,,340,,4751,-49.5,1190,156.1
2026-07-29T09:48:39.082533,A95FBE,ASA577,32.776566,-117.054272,,,105,,6665,-36.0,2335,0.3
2026-07-29T09:48:39.082533,A1C0B6,N2118N,32.984344,-117.122223,,,315,,7340,-21.0,1895,0.0
2026-07-29T09:48:39.082533,A81336,N6195B,33.04541,-117.37002,,,320,,0202,-37.1,231,16.8
2026-07-29T09:48:39.082533,A9DB1D,N734NK,33.215744,-116.949957,,,136,,1200,-49.5,369,58.0
2026-07-29T09:48:39.082533,ABD559,SWA3475,32.664413,-116.954132,,,79,,1364,-29.3,419,0.5
2026-07-29T09:48:39.082533,A3EF2A,,33.08705,-117.292617,,,191,,5267,-36.3,71,8.0
2026-07-29T09:48:39.082533,AD93C7,N974PA,33.10556,-117.428796,,,312,,4671,-35.9,191,17.6
2026-07-29T09:48:39.082533,A6511D,,32.618827,-116.865216,,,83,,,-49.5,13,41.5
2026-07-29T09:48:39.082533,A242E6,N245DJ,33.163971,-117.019775,,,271,,4761,-49.5,681,0.4
2026-07-29T09:48:39.082533,A4671F,,32.900482,-117.47439,,,307,,7204,-49.5,58,43.5
2026-07-29T09:48:39.082533,AAA5AE,UAL1113,32.855452,-117.405396,,,307,,,-49.5,61,1.4
2026-07-29T09:48:44.133398,A12E70,CXK654,33.067917,-116.775587,,,64,,4606,-49.5,7922,26.3
2026-07-29T09:48:44.133398,A5168D,N427KM,33.116501,-117.364636,,,340,,4751,-49.5,1190,161.1
2026-07-29T09:48:44.133398,A95FBE,ASA577,32.776566,-117.054272,,,105,,6665,-34.9,2336,5.4
2026-07-29T09:48:44.133398,A1C0B6,N2118N,32.986038,-117.1242,,,316,,7340,-49.5,1966,0.1
2026-07-29T09:48:44.133398,A81336,N6195B,33.04541,-117.37002,,,320,,0202,-37.1,231,21.9
2026-07-29T09:48:44.133398,ABD559,SWA3475,32.665787,-116.943585,,,81,,1364,-49.5,466,0.3
2026-07-29T09:48:44.133398,A3EF2A,,33.084137,-117.292896,,,149,,5267,-32.5,76,4.8
2026-07-29T09:48:44.133398,AD93C7,N974PA,33.10556,-117.428796,,,312,,4671,-35.9,191,22.6
2026-07-29T09:48:44.133398,A6511D,,32.618827,-116.865216,,,83,,,-49.5,13,46.6
2026-07-29T09:48:44.133398,A242E6,N245DJ,33.164047,-117.0225,,,272,,4761,-49.5,689,3.4
2026-07-29T09:48:44.133398,A4671F,,32.900482,-117.47439,,,307,,7204,-37.4,63,48.6
2026-07-29T09:48:44.133398,AAA5AE,UAL1113,32.860611,-117.413251,,,307,,7362,-49.5,85,0.1
2026-07-29T09:48:49.185019,A12E70,CXK654,33.067917,-116.775587,,,64,,4606,-49.5,7922,31.4
2026-07-29T09:48:49.185019,A5168D,N427KM,33.116501,-117.364636,,,340,,4751,-49.5,1190,166.2
2026-07-29T09:48:49.185019,A95FBE,ASA577,32.776566,-117.054272,,,105,,6665,-34.9,2336,10.5
2026-07-29T09:48:49.185019,A1C0B6,N2118N,32.987732,-117.126068,,,316,,7340,-21.6,2023,0.1
2026-07-29T09:48:49.185019,A81336,N6195B,33.04541,-117.37002,,,320,,0202,-37.1,231,26.9
2026-07-29T09:48:49.185019,ABD559,SWA3475,32.66645,-116.936963,,,83,,1364,-49.5,502,2.1
2026-07-29T09:48:49.185019,A3EF2A,,33.081324,-117.290824,,,132,,5267,-31.8,92,0.0
2026-07-29T09:48:49.185019,AD93C7,N974PA,33.10556,-117.428796,,,312,,4671,-35.9,191,27.7
2026-07-29T09:48:49.185019,A6511D,,32.618827,-116.865216,,,83,,,-49.5,13,51.6
2026-07-29T09:48:49.185019,A242E6,N245DJ,33.164047,-117.0225,,,272,,4761,-49.5,689,8.4
2026-07-29T09:48:49.185019,A4671F,,32.900482,-117.47439,,,307,,7204,-37.4,63,53.7
2026-07-29T09:48:49.185019,AAA5AE,UAL1113,32.864502,-117.419293,,,307,,7362,-49.5,117,0.5
2026-07-29T09:48:54.264535,A12E70,CXK654,33.067917,-116.775587,,,64,,4606,-49.5,7922,36.5
2026-07-29T09:48:54.264535,A5168D,N427KM,33.116501,-117.364636,,,340,,4751,-49.5,1190,171.3
2026-07-29T09:48:54.264535,A95FBE,ASA577,32.776566,-117.054272,,,105,,6665,-34.9,2336,15.5
2026-07-29T09:48:54.264535,A1C0B6,N2118N,32.989426,-117.127991,,,316,,7340,-49.5,2082,0.2
2026-07-29T09:48:54.264535,A81336,N6195B,33.04541,-117.37002,,,320,,0202,-37.1,231,32.0
2026-07-29T09:48:54.264535,ABD559,SWA3475,32.66645,-116.936963,,,83,,1364,-49.5,502,7.1
2026-07-29T09:48:54.264535,A3EF2A,CXK234,33.080154,-117.289105,,,127,,5267,-34.5,139,0.1
2026-07-29T09:48:54.264535,AD93C7,N974PA,33.10556,-117.428796,,,312,,4671,-35.9,191,32.8
2026-07-29T09:48:54.264535,A6511D,,32.618827,-116.865216,,,83,,,-49.5,13,56.7
2026-07-29T09:48:54.264535,A242E6,N245DJ,33.164047,-117.0225,,,269,,4761,-36.8,691,13.5
2026-07-29T09:48:54.264535,A4671F,,32.900482,-117.47439,,,307,,7204,-37.4,63,58.7
2026-07-29T09:48:54.264535,AAA5AE,UAL1113,32.867416,-117.423837,,,307,,7362,-37.5,123,1.9
2026-07-29T09:48:59.343288,A12E70,CXK654,33.067917,-116.775587,,,64,,4606,-49.5,7922,41.5
2026-07-29T09:48:59.343288,A5168D,N427KM,33.116501,-117.364636,,,340,,4751,-49.5,1190,176.4
2026-07-29T09:48:59.343288,A95FBE,ASA577,32.776566,-117.054272,,,105,,6665,-34.9,2336,20.6
2026-07-29T09:48:59.343288,A1C0B6,N2118N,32.991105,-117.129953,,,315,,7340,-12.4,2143,0.2
2026-07-29T09:48:59.343288,A81336,N6195B,33.04541,-117.37002,,,320,,0202,-37.1,231,37.1
2026-07-29T09:48:59.343288,ABD559,SWA3475,32.66645,-116.936963,,,83,,1364,-49.5,502,12.2
2026-07-29T09:48:59.343288,A3EF2A,CXK234,33.078996,-117.287349,,,129,,5267,-49.5,177,0.3
2026-07-29T09:48:59.343288,AD93C7,N974PA,33.10556,-117.428796,,,312,,4671,-35.9,191,37.9
2026-07-29T09:48:59.343288,A242E6,N245DJ,33.164154,-117.046912,,,268,,4761,-35.6,703,0.1
2026-07-29T09:48:59.343288,A4671F,,32.900482,-117.47439,,,307,,7204,-37.4,63,63.8
2026-07-29T09:48:59.343288,AAA5AE,UAL1113,32.867416,-117.423837,,,307,,7362,-37.5,123,7.0
2026-07-29T09:48:59.343288,AD0343,,33.235794,-117.414294,,,,,,-37.0,3,1.9
2026-07-29T09:49:04.422597,A12E70,CXK654,33.067917,-116.775587,,,64,,4606,-49.5,7922,46.6
2026-07-29T09:49:04.422597,A5168D,N427KM,33.116501,-117.364636,,,340,,4751,-49.5,1190,181.4
2026-07-29T09:49:04.422597,A95FBE,ASA577,32.776566,-117.054272,,,105,,6665,-34.9,2336,25.7
2026-07-29T09:49:04.422597,A1C0B6,N2118N,32.992813,-117.131946,,,315,,7340,-13.2,2204,0.2
2026-07-29T09:49:04.422597,A81336,N6195B,33.04541,-117.37002,,,320,,0202,-37.1,231,42.2
2026-07-29T09:49:04.422597,ABD559,SWA3475,32.66645,-116.936963,,,83,,1364,-49.5,502,17.3
2026-07-29T09:49:04.422597,A3EF2A,CXK234,33.077693,-117.285611,,,133,,5267,-49.5,221,0.2
2026-07-29T09:49:04.422597,AD93C7,N974PA,33.10556,-117.428796,,,312,,4671,-35.9,191,43.0
2026-07-29T09:49:04.422597,A242E6,N245DJ,33.164154,-117.04801,,,268,,4761,-34.4,704,4.3
2026-07-29T09:49:04.422597,A4671F,,32.900482,-117.47439,,,307,,7204,-37.4,63,68.9
2026-07-29T09:49:04.422597,AAA5AE,UAL1113,32.867416,-117.423837,,,307,,7362,-36.0,124,12.1
2026-07-29T09:49:04.422597,AD0343,,33.238678,-117.415338,,,342,,4664,-49.5,30,1.1
2026-07-29T09:49:09.501337,A12E70,CXK654,33.067917,-116.775587,,,64,,4606,-49.5,7922,51.7
2026-07-29T09:49:09.501337,A5168D,N427KM,33.231268,-117.412682,,,340,,4751,-37.7,1191,0.2
2026-07-29T09:49:09.501337,A95FBE,ASA577,32.776566,-117.054272,,,105,,6665,-34.9,2336,30.7
2026-07-29T09:49:09.501337,A1C0B6,N2118N,32.99437,-117.133704,,,316,,7340,-13.0,2263,0.6
2026-07-29T09:49:09.501337,A81336,N6195B,33.04541,-117.37002,,,320,,0202,-37.1,231,47.2
2026-07-29T09:49:09.501337,ABD559,SWA3475,32.66645,-116.936963,,,88,,1364,-34.7,508,22.3
2026-07-29T09:49:09.501337,A3EF2A,CXK234,33.076538,-117.284161,,,131,,5267,-49.5,261,0.9
2026-07-29T09:49:09.501337,AD93C7,N974PA,33.10556,-117.428796,,,312,,4671,-35.9,191,48.0
2026-07-29T09:49:09.501337,A242E6,N245DJ,33.164154,-117.04801,,,268,,4761,-34.4,704,9.4
2026-07-29T09:49:09.501337,A4671F,,32.900482,-117.47439,,,307,,7204,-37.4,63,73.9
2026-07-29T09:49:09.501337,AAA5AE,UAL1113,32.867416,-117.423837,,,307,,7362,-36.0,124,17.1
2026-07-29T09:49:09.501337,AD0343,CXK240,33.24115,-117.416272,,,341,,4664,-35.9,51,0.9
2026-07-29T09:49:09.501337,A4D97E,,33.258548,-117.611389,,,138,,1650,-49.5,13,0.5
2026-07-29T09:49:14.565519,A12E70,CXK654,33.067917,-116.775587,,,64,,4606,-49.5,7922,56.7
2026-07-29T09:49:14.565519,A5168D,N427KM,33.234375,-117.41391,,,340,,4751,-35.5,1192,0.3
2026-07-29T09:49:14.565519,A95FBE,ASA577,32.776566,-117.054272,,,105,,6665,-34.9,2336,35.8
2026-07-29T09:49:14.565519,A1C0B6,N2118N,32.996109,-117.135681,,,315,,7340,-49.5,2309,0.5
2026-07-29T09:49:14.565519,A81336,N6195B,33.04541,-117.37002,,,320,,0202,-37.1,231,52.3
2026-07-29T09:49:14.565519,ABD559,SWA3475,32.668079,-116.885787,,,88,,1364,-49.5,521,3.2
2026-07-29T09:49:14.565519,A3EF2A,CXK234,33.075073,-117.282184,,,131,,5267,-49.5,286,0.3
2026-07-29T09:49:14.565519,AD93C7,N974PA,33.10556,-117.428796,,,312,,4671,-35.9,191,53.1
2026-07-29T09:49:14.565519,A242E6,N245DJ,33.164154,-117.04801,,,268,,4761,-34.4,704,14.5
2026-07-29T09:49:14.565519,A4671F,,32.900482,-117.47439,,,307,,7204,-37.4,63,79.0
2026-07-29T09:49:14.565519,AAA5AE,UAL1113,32.867416,-117.423837,,,307,,7362,-36.0,124,22.2
2026-07-29T09:49:14.565519,AD0343,CXK240,33.243256,-117.417206,,,338,,4664,-36.7,71,1.5
2026-07-29T09:49:14.565519,A4D97E,,33.255753,-117.608423,,,138,,1650,-36.1,20,3.4
2026-07-29T09:49:14.565519,A0CDF3,,33.735522,-116.528034,,,91,,,-35.5,4,1.5
2026-07-29T09:49:14.565519,A60F3C,,33.624161,-116.809499,,,91,,,-49.5,2,0.4
2026-07-29T09:49:19.630916,A12E70,CXK654,33.067917,-116.775587,,,64,,4606,-49.5,7922,61.8
2026-07-29T09:49:19.630916,A5168D,N427KM,33.236994,-117.415373,,,330,,4751,-34.3,1204,0.8
2026-07-29T09:49:19.630916,A95FBE,ASA577,32.776566,-117.054272,,,105,,6665,-34.9,2336,40.8
2026-07-29T09:49:19.630916,A1C0B6,N2118N,32.997809,-117.137688,,,315,,7340,-18.2,2375,0.5
2026-07-29T09:49:19.630916,A81336,N6195B,33.04541,-117.37002,,,320,,0202,-37.1,231,57.3
2026-07-29T09:49:19.630916,ABD559,SWA3475,32.668079,-116.885787,,,88,,1364,-49.5,521,8.2
2026-07-29T09:49:19.630916,A3EF2A,CXK234,33.073975,-117.280756,,,131,,5267,-49.5,318,1.2
2026-07-29T09:49:19.630916,AD93C7,N974PA,33.10556,-117.428796,,,312,,4671,-35.9,191,58.1
2026-07-29T09:49:19.630916,A242E6,N245DJ,33.164154,-117.04801,,,268,,4761,-34.4,704,19.5
2026-07-29T09:49:19.630916,A4671F,,32.900482,-117.47439,,,307,,7204,-37.4,63,84.1
2026-07-29T09:49:19.630916,AAA5AE,UAL1113,32.889575,-117.458365,,,306,,7362,-49.5,138,0.3
2026-07-29T09:49:19.630916,AD0343,CXK240,33.245094,-117.418119,,,338,,4664,-49.5,77,2.5
2026-07-29T09:49:19.630916,A4D97E,,33.255753,-117.608423,,,138,,1650,-36.1,20,8.4
2026-07-29T09:49:19.630916,A0CDF3,AAL1186,33.73515,-116.513042,,,91,,2401,-49.5,14,0.7
2026-07-29T09:49:19.630916,A60F3C,,33.624161,-116.809499,,,91,,,-37.1,3,5.5
2026-07-29T09:49:24.674557,A5168D,N427KM,33.236994,-117.415373,,,328,,4751,-36.9,1207,5.8
2026-07-29T09:49:24.674557,A95FBE,ASA577,32.776566,-117.054272,,,105,,6665,-34.9,2336,45.9
2026-07-29T09:49:24.674557,A1C0B6,N2118N,32.999542,-117.139636,,,315,,7340,-9.3,2436,0.4
2026-07-29T09:49:24.674557,ABD559,SWA3475,32.668079,-116.885787,,,88,,1364,-49.5,521,13.3
2026-07-29T09:49:24.674557,A3EF2A,CXK234,33.072525,-117.278772,,,131,,5267,-49.5,349,0.5
2026-07-29T09:49:24.674557,A242E6,N245DJ,33.164154,-117.04801,,,268,,4761,-34.4,704,24.6
2026-07-29T09:49:24.674557,A4671F,,32.900482,-117.47439,,,307,,7204,-37.4,63,89.1
2026-07-29T09:49:24.674557,AAA5AE,UAL1113,32.889575,-117.458365,,,306,,7362,-35.5,144,5.4
2026-07-29T09:49:24.674557,AD0343,CXK240,33.247971,-117.420557,,,315,,4664,-34.0,100,0.2
2026-07-29T09:49:24.674557,A4D97E,,33.255753,-117.608423,,,138,,1650,-49.5,21,13.5
2026-07-29T09:49:24.674557,A0CDF3,AAL1186,33.734802,-116.498631,,,91,,2401,-35.0,44,0.1
2026-07-29T09:49:24.674557,A60F3C,,33.624161,-116.809499,,,91,,,-37.1,3,10.5
2026-07-29T09:49:29.738307,A5168D,N427KM,33.236994,-117.415373,,,328,,4751,-36.9,1207,10.9
2026-07-29T09:49:29.738307,A95FBE,ASA577,32.776566,-117.054272,,,105,,6665,-34.9,2336,51.0
2026-07-29T09:49:29.738307,A1C0B6,N2118N,33.001373,-117.141779,,,316,,7340,-49.5,2506,0.0
2026-07-29T09:49:29.738307,ABD559,SWA3475,32.668079,-116.885787,,,88,,1364,-35.3,527,18.3
2026-07-29T09:49:29.738307,A3EF2A,CXK234,33.071222,-117.277035,,,131,,5267,-32.6,392,0.3
2026-07-29T09:49:29.738307,A242E6,N245DJ,33.164154,-117.04801,,,268,,4761,-34.4,704,29.6
2026-07-29T09:49:29.738307,A4671F,,32.900482,-117.47439,,,307,,7204,-37.4,63,94.2
2026-07-29T09:49:29.738307,AAA5AE,UAL1113,32.897552,-117.470929,,,307,,7362,-49.5,161,0.9
2026-07-29T09:49:29.738307,AD0343,CXK240,33.249573,-117.422864,,,307,,4664,-34.9,131,0.0
2026-07-29T09:49:29.738307,A4D97E,,33.255753,-117.608423,,,138,,1650,-49.5,21,18.5
2026-07-29T09:49:29.738307,A0CDF3,AAL1186,33.734802,-116.498631,,,91,,2401,-37.4,51,5.2
2026-07-29T09:49:29.738307,A60F3C,,33.624161,-116.809499,,,91,,,-37.1,3,15.6
2026-07-29T09:49:34.787532,A5168D,N427KM,33.236994,-117.415373,,,328,,4751,-35.1,1208,15.9
2026-07-29T09:49:34.787532,A95FBE,ASA577,32.776566,-117.054272,,,105,,6665,-34.9,2336,56.0
2026-07-29T09:49:34.787532,A1C0B6,N2118N,33.003069,-117.143685,,,316,,7340,-13.1,2575,0.2
2026-07-29T09:49:34.787532,ABD559,SWA3475,32.669128,-116.840753,,,88,,1364,-35.4,548,3.1
2026-07-29T09:49:34.787532,A3EF2A,CXK234,33.07057,-117.276194,,,130,,5267,-49.5,418,2.8
2026-07-29T09:49:34.787532,A242E6,N245DJ,33.164154,-117.04801,,,268,,4761,-34.4,704,34.7
2026-07-29T09:49:34.787532,A4671F,,32.900482,-117.47439,,,307,,7204,-37.4,63,99.2
2026-07-29T09:49:34.787532,AAA5AE,UAL1113,32.898653,-117.472659,,,307,,7362,-37.5,171,4.6
2026-07-29T09:49:34.787532,AD0343,CXK240,33.251038,-117.425061,,,308,,4664,-49.5,181,0.2
2026-07-29T09:49:34.787532,A4D97E,,33.255753,-117.608423,,,138,,1650,-49.5,21,23.6
2026-07-29T09:49:34.787532,A0CDF3,AAL1186,33.734802,-116.498631,,,91,,2401,-35.9,52,10.2
2026-07-29T09:49:34.787532,A60F3C,,33.624161,-116.809499,,,91,,,-37.1,3,20.6
2026-07-29T09:49:39.839823,A5168D,N427KM,33.247096,-117.425687,,,314,,4751,-36.0,1216,0.4
2026-07-29T09:49:39.839823,A95FBE,ASA577,32.776566,-117.054272,,,105,,6665,-34.9,2336,61.1
2026-07-29T09:49:39.839823,A1C0B6,N2118N,33.004761,-117.145569,,,316,,7340,-10.3,2640,0.4
2026-07-29T09:49:39.839823,ABD559,SWA3475,32.669128,-116.840753,,,88,,1364,-35.4,548,8.2
2026-07-29T09:49:39.839823,A3EF2A,CXK234,33.069122,-117.274164,,,128,,5267,-49.5,425,2.0
2026-07-29T09:49:39.839823,A242E6,N245DJ,33.164154,-117.04801,,,268,,4761,-34.4,704,39.7
2026-07-29T09:49:39.839823,A4671F,,32.900482,-117.47439,,,307,,7204,-37.4,63,104.3
2026-07-29T09:49:39.839823,AAA5AE,UAL1113,32.90652,-117.484878,,,307,,7362,-34.4,180,0.5
2026-07-29T09:49:39.839823,AD0343,CXK240,33.252589,-117.42748,,,307,,4664,-49.5,229,0.1
2026-07-29T09:49:39.839823,A4D97E,,33.255753,-117.608423,,,138,,1650,-49.5,21,28.6
2026-07-29T09:49:39.839823,A0CDF3,AAL1186,33.733893,-116.463261,,,91,,2401,-35.0,72,1.4
2026-07-29T09:49:39.839823,A60F3C,,33.624161,-116.809499,,,91,,,-37.1,3,25.7
2026-07-29T09:49:39.839823,A81336,N6195B,33.080532,-117.405059,,,320,,,-35.5,4,3.1
2026-07-29T09:49:44.890582,A5168D,N427KM,33.249238,-117.428321,,,313,,4751,-36.8,1223,0.6
2026-07-29T09:49:44.890582,A1C0B6,N2118N,33.006468,-117.147553,,,315,,7340,-49.5,2701,0.3
2026-07-29T09:49:44.890582,ABD559,SWA3475,32.669128,-116.840753,,,88,,1364,-35.4,548,13.2
2026-07-29T09:49:44.890582,A3EF2A,CXK234,33.069122,-117.274164,,,128,,5267,-38.3,427,7.0
2026-07-29T09:49:44.890582,A242E6,N245DJ,33.164154,-117.04801,,,268,,4761,-34.4,704,44.8
2026-07-29T09:49:44.890582,AAA5AE,UAL1113,32.90787,-117.487008,,,307,,7362,-35.8,188,3.9
2026-07-29T09:49:44.890582,AD0343,CXK240,33.254079,-117.429891,,,305,,4664,-34.0,271,0.1
2026-07-29T09:49:44.890582,A4D97E,,33.255753,-117.608423,,,138,,1650,-49.5,21,33.7
2026-07-29T09:49:44.890582,A0CDF3,AAL1186,33.733614,-116.453018,,,91,,2401,-37.0,79,2.4
2026-07-29T09:49:44.890582,A60F3C,,33.624161,-116.809499,,,91,,,-37.1,3,30.7
2026-07-29T09:49:44.890582,A81336,N6195B,33.083633,-117.408142,,,319,,,-34.7,16,1.4
2026-07-29T09:49:49.944330,A5168D,N427KM,33.251266,-117.430829,,,314,,4751,-35.3,1236,1.2
2026-07-29T09:49:49.944330,A1C0B6,N2118N,33.00819,-117.149571,,,315,,7340,-29.4,2759,0.2
2026-07-29T09:49:49.944330,ABD559,SWA3475,32.669128,-116.840753,,,88,,1364,-35.4,548,18.3
2026-07-29T09:49:49.944330,A3EF2A,CXK234,33.066334,-117.269916,,,126,,5267,-49.5,454,0.2
2026-07-29T09:49:49.944330,A242E6,N245DJ,33.164154,-117.04801,,,268,,4761,-34.4,704,49.9
2026-07-29T09:49:49.944330,AAA5AE,UAL1113,32.90787,-117.487008,,,307,,7362,-49.5,189,9.0
2026-07-29T09:49:49.944330,AD0343,CXK240,33.255478,-117.432257,,,303,,4664,-49.5,313,0.4
2026-07-29T09:49:49.944330,A4D97E,,33.255753,-117.608423,,,138,,1650,-49.5,21,38.8
2026-07-29T09:49:49.944330,A0CDF3,AAL1186,33.733614,-116.453018,,,91,,2401,-36.6,87,7.5
2026-07-29T09:49:49.944330,A60F3C,,33.624161,-116.809499,,,91,,,-37.1,3,35.8
2026-07-29T09:49:49.944330,A81336,N6195B,33.086444,-117.411001,,,319,,,-36.6,35,0.5
2026-07-29T09:49:54.993871,A5168D,N427KM,33.252274,-117.432037,,,314,,4751,-49.5,1238,4.1
2026-07-29T09:49:54.993871,A1C0B6,N2118N,33.009933,-117.151611,,,315,,7340,-49.5,2829,0.1
2026-07-29T09:49:54.993871,ABD559,SWA3475,32.669128,-116.840753,,,88,,1364,-35.4,548,23.3
2026-07-29T09:49:54.993871,A3EF2A,CXK234,33.065277,-117.268286,,,127,,5267,-35.3,483,0.4
2026-07-29T09:49:54.993871,A242E6,N245DJ,33.164154,-117.04801,,,268,,4761,-34.4,704,54.9
2026-07-29T09:49:54.993871,AAA5AE,UAL1113,32.90787,-117.487008,,,307,,7362,-49.5,189,14.0
2026-07-29T09:49:54.993871,AD0343,CXK240,33.256872,-117.434767,,,303,,4664,-49.5,362,0.4
2026-07-29T09:49:54.993871,A4D97E,,33.255753,-117.608423,,,138,,1650,-49.5,21,43.8
2026-07-29T09:49:54.993871,A0CDF3,AAL1186,33.733614,-116.453018,,,91,,2401,-35.3,88,12.5
2026-07-29T09:49:54.993871,A60F3C,,33.624161,-116.809499,,,91,,,-37.1,3,40.9
2026-07-29T09:49:54.993871,A81336,N6195B,33.08876,-117.413416,,,320,,,-33.5,60,0.3
2026-07-29T09:49:54.993871,A1388C,,32.845443,-117.389477,,,307,,,-35.9,3,1.6
2026-07-29T09:50:00.045292,A5168D,N427KM,33.252274,-117.432037,,,314,,4751,-49.5,1238,9.1
2026-07-29T09:50:00.045292,A1C0B6,N2118N,33.011627,-117.153589,,,316,,7340,-49.5,2886,0.2
2026-07-29T09:50:00.045292,ABD559,SWA3475,32.669128,-116.840753,,,88,,1364,-35.4,548,28.4
2026-07-29T09:50:00.045292,A3EF2A,CXK234,33.064006,-117.266385,,,126,,5267,-49.5,510,0.2
2026-07-29T09:50:00.045292,A242E6,N245DJ,33.164154,-117.04801,,,268,,4761,-34.4,704,59.9
2026-07-29T09:50:00.045292,AAA5AE,UAL1113,32.90787,-117.487008,,,307,,7362,-49.5,190,19.0
2026-07-29T09:50:00.045292,AD0343,CXK240,33.258362,-117.437402,,,305,,4664,-49.5,414,0.3
2026-07-29T09:50:00.045292,A4D97E,,33.255753,-117.608423,,,138,,1650,-49.5,21,48.8
2026-07-29T09:50:00.045292,A0CDF3,AAL1186,33.733614,-116.453018,,,91,,2401,-35.3,88,17.6
2026-07-29T09:50:00.045292,A60F3C,,33.624161,-116.809499,,,91,,,-37.1,3,45.9
2026-07-29T09:50:00.045292,A81336,N6195B,33.091003,-117.415558,,,321,,0202,-34.9,91,0.6
2026-07-29T09:50:00.045292,A1388C,,32.845443,-117.389477,,,307,,,-35.9,3,6.6
2026-07-29T09:50:05.097217,A5168D,N427KM,33.252274,-117.432037,,,314,,4751,-49.5,1238,14.2
2026-07-29T09:50:05.097217,A1C0B6,N2118N,33.013412,-117.155566,,,316,,7340,-12.1,2940,0.0
2026-07-29T09:50:05.097217,ABD559,SWA3475,32.670776,-116.764343,,,88,,1364,-35.5,556,0.4
2026-07-29T09:50:05.097217,A3EF2A,CXK234,33.063168,-117.264367,,,106,,5267,-49.5,557,0.0
2026-07-29T09:50:05.097217,AAA5AE,UAL1113,32.90787,-117.487008,,,307,,7362,-49.5,190,24.1
2026-07-29T09:50:05.097217,AD0343,CXK240,33.259851,-117.439756,,,309,,4664,-49.5,458,0.5
2026-07-29T09:50:05.097217,A4D97E,,33.255753,-117.608423,,,138,,1650,-49.5,26,53.9
2026-07-29T09:50:05.097217,A0CDF3,AAL1186,33.733614,-116.453018,,,91,,2401,-35.3,88,22.6
2026-07-29T09:50:05.097217,A60F3C,,33.624161,-116.809499,,,91,,,-37.1,3,51.0
2026-07-29T09:50:05.097217,A81336,N6195B,33.09366,-117.418119,,,319,,0202,-34.8,123,0.0
2026-07-29T09:50:05.097217,A1388C,,32.845443,-117.389477,,,307,,,-34.3,4,11.7
2026-07-29T09:50:10.147250,A5168D,N427KM,33.261015,-117.442334,,,314,,4751,-38.2,1239,0.3
2026-07-29T09:50:10.147250,A1C0B6,N2118N,33.01506,-117.157434,,,315,,7340,-18.2,2999,0.3
2026-07-29T09:50:10.147250,ABD559,SWA3475,32.670966,-116.752213,,,89,,1364,-35.5,583,0.3
2026-07-29T09:50:10.147250,A3EF2A,CXK234,33.063029,-117.262405,,,87,,5267,-49.5,618,0.4
2026-07-29T09:50:10.147250,AAA5AE,UAL1113,32.933121,-117.52641,,,307,,7362,-35.1,227,0.0
2026-07-29T09:50:10.147250,AD0343,CXK240,33.26176,-117.44239,,,312,,4664,-49.5,509,0.0
2026-07-29T09:50:10.147250,A4D97E,,33.185028,-117.533881,,,138,,1650,-37.5,31,2.1
2026-07-29T09:50:10.147250,A0CDF3,AAL1186,33.731735,-116.383443,,,91,,2401,-49.5,90,0.6
2026-07-29T09:50:10.147250,A60F3C,,33.624161,-116.809499,,,91,,,-37.1,3,56.0
2026-07-29T09:50:10.147250,A81336,N6195B,33.095856,-117.420392,,,317,,0202,-49.5,157,0.1
2026-07-29T09:50:10.147250,A1388C,,32.845443,-117.389477,,,307,,,-49.5,5,16.7
2026-07-29T09:50:15.186134,A5168D,N427KM,33.261015,-117.442334,,,314,,4751,-38.2,1239,5.4
2026-07-29T09:50:15.186134,A1C0B6,N2118N,33.016849,-117.159548,,,315,,7340,-49.5,3069,0.0
2026-07-29T09:50:15.186134,ABD559,SWA3475,32.670966,-116.750196,,,90,,1364,-36.1,595,4.5
2026-07-29T09:50:15.186134,A3EF2A,CXK234,33.063263,-117.260651,,,81,,5267,-35.1,644,1.3
2026-07-29T09:50:15.186134,AAA5AE,UAL1113,32.933121,-117.52641,,,307,,7362,-35.8,236,5.1
2026-07-29T09:50:15.186134,AD0343,CXK240,33.263529,-117.444632,,,314,,4664,-49.5,546,0.2
2026-07-29T09:50:15.186134,A4D97E,,33.185028,-117.533881,,,138,,1650,-36.5,32,7.2
2026-07-29T09:50:15.186134,A0CDF3,AAL1186,33.731735,-116.383443,,,91,,2401,-49.5,93,5.7
2026-07-29T09:50:15.186134,A60F3C,,33.624161,-116.809499,,,91,,,-37.1,3,61.1
2026-07-29T09:50:15.186134,A81336,N6195B,33.09771,-117.422436,,,317,,0202,-49.5,173,0.8
2026-07-29T09:50:15.186134,A1388C,,32.862249,-117.415541,,,307,,,-36.1,19,0.6
2026-07-29T09:50:20.264853,A5168D,N427KM,33.261015,-117.442334,,,314,,4751,-49.5,1241,10.4
2026-07-29T09:50:20.264853,A1C0B6,N2118N,33.018432,-117.161398,,,316,,7340,-49.5,3125,0.5
2026-07-29T09:50:20.264853,ABD559,SWA3475,32.670966,-116.750196,,,90,,1364,-36.1,595,9.6
2026-07-29T09:50:20.264853,A3EF2A,CXK234,33.063263,-117.260651,,,81,,5267,-35.1,644,6.4
2026-07-29T09:50:20.264853,AAA5AE,UAL1113,32.938477,-117.534869,,,307,,7362,-34.8,244,4.3
2026-07-29T09:50:20.264853,AD0343,CXK240,33.265345,-117.446706,,,316,,4664,-32.8,596,0.3
2026-07-29T09:50:20.264853,A4D97E,,33.170151,-117.51828,,,138,,1650,-34.7,47,0.0
2026-07-29T09:50:20.264853,A0CDF3,AAL1186,33.731735,-116.383443,,,91,,2401,-49.5,94,10.7
2026-07-29T09:50:20.264853,A81336,N6195B,33.098408,-117.42322,,,317,,0202,-34.9,176,4.4
2026-07-29T09:50:20.264853,A1388C,,32.862249,-117.415541,,,307,,,-49.5,21,5.7
2026-07-29T09:50:25.303929,A5168D,N427KM,33.261015,-117.442334,,,314,,4751,-49.5,1241,15.5
2026-07-29T09:50:25.303929,A1C0B6,N2118N,33.020201,-117.163416,,,316,,7340,-11.6,3184,0.3
2026-07-29T09:50:25.303929,ABD559,SWA3475,32.670966,-116.750196,,,90,,1364,-49.5,597,14.6
2026-07-29T09:50:25.303929,A3EF2A,CXK234,33.063263,-117.260651,,,81,,5267,-35.1,644,11.4
2026-07-29T09:50:25.303929,AAA5AE,UAL1113,32.938477,-117.534869,,,307,,7362,-34.8,244,9.3
2026-07-29T09:50:25.303929,AD0343,CXK240,33.267021,-117.448612,,,315,,4664,-33.4,640,0.7
2026-07-29T09:50:25.303929,A4D97E,,33.163696,-117.511523,,,138,,1650,-30.7,92,0.0
2026-07-29T09:50:25.303929,A0CDF3,AAL1186,33.731735,-116.383443,,,91,,2401,-49.5,94,15.8
2026-07-29T09:50:25.303929,A81336,N6195B,33.098408,-117.42322,,,317,,0202,-34.9,176,9.4
2026-07-29T09:50:25.303929,A1388C,,32.86709,-117.423052,,,307,,,-37.7,23,4.7
2026-07-29T09:50:30.357810,A5168D,N427KM,33.261015,-117.442334,,,314,,4751,-49.5,1241,20.5
2026-07-29T09:50:30.357810,A1C0B6,N2118N,33.022018,-117.165454,,,315,,7340,-49.5,3245,0.0
2026-07-29T09:50:30.357810,ABD559,SWA3475,32.670966,-116.750196,,,91,,1364,-36.2,600,19.7
2026-07-29T09:50:30.357810,A3EF2A,CXK234,33.065356,-117.253549,,,70,,5267,-49.5,673,0.0
2026-07-29T09:50:30.357810,AAA5AE,UAL1113,32.938477,-117.534869,,,307,,7362,-49.5,246,14.3
2026-07-29T09:50:30.357810,AD0343,CXK240,33.268743,-117.450574,,,319,,4664,-33.0,684,1.0
2026-07-29T09:50:30.357810,A4D97E,SKW3217,33.157902,-117.505394,,,138,,1650,-49.5,142,0.3
2026-07-29T09:50:30.357810,A0CDF3,AAL1186,33.731735,-116.383443,,,91,,2401,-49.5,94,20.8
2026-07-29T09:50:30.357810,A81336,N6195B,33.098408,-117.42322,,,317,,0202,-34.9,176,14.5
2026-07-29T09:50:30.357810,A1388C,,32.86709,-117.423052,,,307,,,-37.7,23,9.7
2026-07-29T09:50:35.407344,A5168D,N427KM,33.261015,-117.442334,,,314,,4751,-49.5,1241,25.6
2026-07-29T09:50:35.407344,A1C0B6,N2118N,33.023739,-117.167452,,,315,,7340,-49.5,3294,0.0
2026-07-29T09:50:35.407344,ABD559,SWA3475,32.670966,-116.750196,,,91,,1364,-49.5,601,24.8
2026-07-29T09:50:35.407344,A3EF2A,CXK234,33.066008,-117.251307,,,69,,5267,-33.6,715,0.4
2026-07-29T09:50:35.407344,AAA5AE,UAL1113,32.95554,-117.560942,,,308,,7362,-34.2,264,1.4
2026-07-29T09:50:35.407344,AD0343,CXK240,33.270372,-117.4522,,,323,,4664,-49.5,706,1.9
2026-07-29T09:50:35.407344,A4D97E,SKW3217,33.151524,-117.498835,,,139,,1650,-49.5,186,0.3
2026-07-29T09:50:35.407344,A0CDF3,AAL1186,33.731735,-116.383443,,,91,,2401,-49.5,94,25.9
2026-07-29T09:50:35.407344,A81336,N6195B,33.098408,-117.42322,,,317,,0202,-34.9,176,19.5
2026-07-29T09:50:35.407344,A1388C,,32.86709,-117.423052,,,307,,,-37.7,23,14.8
2026-07-29T09:50:35.407344,A60F3C,NOAA49,33.617477,-116.606364,,,92,,6777,-33.6,16,0.3
2026-07-29T09:50:40.486568,A5168D,N427KM,33.261015,-117.442334,,,314,,4751,-49.5,1241,30.7
2026-07-29T09:50:40.486568,A1C0B6,N2118N,33.025497,-117.169519,,,315,,7340,-15.7,3344,0.0
2026-07-29T09:50:40.486568,ABD559,SWA3475,32.670966,-116.750196,,,91,,1364,-49.5,601,29.8
2026-07-29T09:50:40.486568,A3EF2A,CXK234,33.066467,-117.249829,,,69,,5267,-49.5,738,2.4
2026-07-29T09:50:40.486568,AAA5AE,UAL1113,32.961777,-117.570355,,,308,,7362,-49.5,270,0.0
2026-07-29T09:50:40.486568,AD0343,CXK240,33.273072,-117.454666,,,322,,4664,-33.9,732,0.4
2026-07-29T09:50:40.486568,A4D97E,SKW3217,33.145111,-117.492407,,,140,,1650,-49.5,229,0.2
2026-07-29T09:50:40.486568,A0CDF3,AAL1186,33.731735,-116.383443,,,91,,2401,-49.5,94,31.0
2026-07-29T09:50:40.486568,A81336,N6195B,33.098408,-117.42322,,,317,,0202,-34.9,176,24.6
2026-07-29T09:50:40.486568,A1388C,,32.86709,-117.423052,,,307,,,-37.7,23,19.9
2026-07-29T09:50:40.486568,A60F3C,NOAA49,33.617047,-116.593609,,,92,,6777,-34.3,79,0.2
2026-07-29T09:50:45.567731,A5168D,N427KM,33.261015,-117.442334,,,314,,4751,-49.5,1241,35.7
2026-07-29T09:50:45.567731,A1C0B6,N2118N,33.027145,-117.171387,,,316,,7340,-17.8,3407,0.3
2026-07-29T09:50:45.567731,ABD559,SWA3475,32.670966,-116.750196,,,91,,1364,-49.5,601,34.9
2026-07-29T09:50:45.567731,A3EF2A,CXK234,33.066467,-117.249829,,,69,,5267,-49.5,742,7.5
2026-07-29T09:50:45.567731,AAA5AE,UAL1113,32.961777,-117.570355,,,308,,7362,-36.7,275,5.1
2026-07-29T09:50:45.567731,AD0343,CXK240,33.275074,-117.456628,,,319,,4664,-49.5,786,0.3
2026-07-29T09:50:45.567731,A4D97E,SKW3217,33.143936,-117.491324,,,140,,1650,-38.3,239,4.4
2026-07-29T09:50:45.567731,A0CDF3,AAL1186,33.731735,-116.383443,,,91,,2401,-49.5,94,36.0
2026-07-29T09:50:45.567731,A81336,N6195B,33.098408,-117.42322,,,317,,0202,-34.9,176,29.7
2026-07-29T09:50:45.567731,A1388C,,32.86709,-117.423052,,,307,,,-37.7,23,24.9
2026-07-29T09:50:45.567731,A60F3C,NOAA49,33.616608,-116.580356,,,92,,6777,-49.5,137,0.1
2026-07-29T09:50:45.567731,A12D51,,32.847519,-117.081738,,,38,,,-49.5,14,0.8
2026-07-29T09:50:50.622515,A5168D,N427KM,33.261015,-117.442334,,,314,,4751,-49.5,1241,40.8
2026-07-29T09:50:50.622515,A1C0B6,N2118N,33.028952,-117.173506,,,316,,7340,-19.2,3475,0.0
2026-07-29T09:50:50.622515,ABD559,SWA3475,32.670966,-116.750196,,,91,,1364,-49.5,601,40.0
2026-07-29T09:50:50.622515,A3EF2A,CXK234,33.068149,-117.24374,,,73,,5267,-33.2,772,0.0
2026-07-29T09:50:50.622515,AAA5AE,UAL1113,32.961777,-117.570355,,,308,,7362,-49.5,277,10.2
2026-07-29T09:50:50.622515,AD0343,CXK240,33.276936,-117.458702,,,315,,4664,-34.1,824,0.2
2026-07-29T09:50:50.622515,A4D97E,SKW3217,33.143936,-117.491324,,,140,,1650,-38.3,239,9.5
2026-07-29T09:50:50.622515,A0CDF3,AAL1186,33.731735,-116.383443,,,91,,2401,-49.5,94,41.1
2026-07-29T09:50:50.622515,A81336,N6195B,33.098408,-117.42322,,,317,,0202,-34.9,176,34.7
2026-07-29T09:50:50.622515,A1388C,,32.86709,-117.423052,,,307,,,-37.5,27,30.0
2026-07-29T09:50:50.622515,A60F3C,NOAA49,33.616196,-116.567856,,,92,,6777,-49.5,193,0.2
2026-07-29T09:50:50.622515,A12D51,ARCAT70,32.851273,-117.078223,,,38,,4723,-31.9,59,0.2
2026-07-29T09:50:55.669613,A5168D,N427KM,33.261015,-117.442334,,,314,,4751,-49.5,1241,45.8
2026-07-29T09:50:55.669613,A1C0B6,N2118N,33.030582,-117.175243,,,316,,7340,-16.6,3543,0.5
2026-07-29T09:50:55.669613,ABD559,SWA3475,32.670966,-116.750196,,,91,,1364,-49.5,601,45.0
2026-07-29T09:50:55.669613,A3EF2A,CXK234,33.068481,-117.242303,,,75,,5267,-34.2,796,2.1
2026-07-29T09:50:55.669613,AAA5AE,UAL1113,32.973724,-117.588538,,,308,,7362,-37.7,283,3.2
2026-07-29T09:50:55.669613,AD0343,CXK240,33.278595,-117.460767,,,313,,4664,-35.8,859,0.4
2026-07-29T09:50:55.669613,A4D97E,SKW3217,33.12561,-117.47428,,,143,,1650,-31.8,263,0.2
2026-07-29T09:50:55.669613,A0CDF3,AAL1186,33.731735,-116.383443,,,91,,2401,-49.5,94,46.1
2026-07-29T09:50:55.669613,A81336,N6195B,33.098408,-117.42322,,,317,,0202,-34.9,176,39.8
2026-07-29T09:50:55.669613,A1388C,SKW3110,32.893206,-117.463578,,,307,,,-37.2,35,3.0
2026-07-29T09:50:55.669613,A60F3C,NOAA49,33.615743,-116.555042,,,92,,6777,-49.5,258,0.1
2026-07-29T09:50:55.669613,A12D51,ARCAT70,32.854661,-117.075077,,,38,,4723,-30.1,104,0.0
2026-07-29T09:51:00.724247,A5168D,N427KM,33.261015,-117.442334,,,314,,4751,-49.5,1241,50.9
2026-07-29T09:51:00.724247,A1C0B6,N2118N,33.032351,-117.177261,,,316,,7340,-49.5,3610,0.3
2026-07-29T09:51:00.724247,ABD559,SWA3475,32.670966,-116.750196,,,91,,1364,-49.5,601,50.0
2026-07-29T09:51:00.724247,A3EF2A,CXK234,33.06871,-117.241095,,,75,,5267,-49.5,797,4.7
2026-07-29T09:51:00.724247,AAA5AE,UAL1113,32.973724,-117.588538,,,308,,7362,-36.2,284,8.2
2026-07-29T09:51:00.724247,AD0343,CXK240,33.280151,-117.462744,,,313,,4664,-49.5,890,1.0
2026-07-29T09:51:00.724247,A4D97E,SKW3217,33.12336,-117.472266,,,143,,1650,-33.5,284,3.4
2026-07-29T09:51:00.724247,A0CDF3,AAL1186,33.731735,-116.383443,,,91,,2401,-49.5,94,51.2
2026-07-29T09:51:00.724247,A81336,N6195B,33.098408,-117.42322,,,317,,0202,-34.9,176,44.8
2026-07-29T09:51:00.724247,A1388C,SKW3110,32.897369,-117.470105,,,307,,,-49.5,41,3.0
2026-07-29T09:51:00.724247,A60F3C,NOAA49,33.615372,-116.543305,,,92,,6777,-36.2,311,0.4
2026-07-29T09:51:00.724247,A12D51,ARCAT70,32.85759,-117.072345,,,37,,4723,-49.5,141,0.5
2026-07-29T09:51:05.767625,A5168D,N427KM,33.261015,-117.442334,,,314,,4751,-49.5,1241,55.9
2026-07-29T09:51:05.767625,A1C0B6,N2118N,33.034149,-117.179352,,,315,,7340,-27.3,3671,0.2
2026-07-29T09:51:05.767625,ABD559,SWA3475,32.670966,-116.750196,,,91,,1364,-49.5,601,55.1
2026-07-29T09:51:05.767625,A3EF2A,CXK234,33.06871,-117.241095,,,79,,5267,-49.5,801,9.8
2026-07-29T09:51:05.767625,AAA5AE,UAL1113,32.973724,-117.588538,,,308,,7362,-36.2,284,13.3
2026-07-29T09:51:05.767625,AD0343,CXK240,33.28212,-117.465271,,,312,,4664,-35.6,923,0.4
2026-07-29T09:51:05.767625,A4D97E,SKW3217,33.11261,-117.463129,,,144,,1650,-31.5,312,0.4
2026-07-29T09:51:05.767625,A0CDF3,AAL1186,33.731735,-116.383443,,,91,,2401,-49.5,94,56.2
2026-07-29T09:51:05.767625,A81336,N6195B,33.098408,-117.42322,,,317,,0202,-34.9,176,49.9
2026-07-29T09:51:05.767625,A1388C,SKW3110,32.901306,-117.476147,,,307,,6737,-35.9,60,3.3
2026-07-29T09:51:05.767625,A60F3C,NOAA49,33.61496,-116.531254,,,92,,6777,-49.5,342,0.6
2026-07-29T09:51:05.767625,A12D51,ARCAT70,32.861023,-117.069159,,,37,,4723,-28.3,176,0.4
2026-07-29T09:51:05.767625,AC97CE,,32.99556,-116.779614,,,,,,-37.6,3,3.1
2026-07-29T09:51:10.826464,A5168D,N427KM,33.261015,-117.442334,,,314,,4751,-49.5,1241,61.0
2026-07-29T09:51:10.826464,A1C0B6,N2118N,33.035796,-117.181241,,,315,,7340,-27.6,3735,0.2
2026-07-29T09:51:10.826464,ABD559,SWA3475,32.670966,-116.750196,,,91,,1364,-49.5,601,60.1
2026-07-29T09:51:10.826464,A3EF2A,CXK234,33.070151,-117.233874,,,73,,5267,-34.9,835,0.3
2026-07-29T09:51:10.826464,AAA5AE,UAL1113,32.973724,-117.588538,,,308,,7362,-36.2,284,18.3
2026-07-29T09:51:10.826464,AD0343,CXK240,33.283951,-117.467633,,,312,,4664,-35.8,959,0.1
2026-07-29T09:51:10.826464,A4D97E,SKW3217,33.10865,-117.459823,,,145,,1650,-34.8,336,2.3
2026-07-29T09:51:10.826464,A0CDF3,AAL1186,33.731735,-116.383443,,,91,,2401,-49.5,94,61.3
2026-07-29T09:51:10.826464,A81336,N6195B,33.098408,-117.42322,,,317,,0202,-34.9,176,54.9
2026-07-29T09:51:10.826464,A1388C,SKW3110,32.90773,-117.486223,,,307,,6737,-49.5,73,0.6
2026-07-29T09:51:10.826464,A60F3C,NOAA49,33.614548,-116.518642,,,92,,6777,-49.5,357,0.7
2026-07-29T09:51:10.826464,A12D51,ARCAT70,32.864685,-117.065863,,,37,,4723,-49.5,229,0.1
2026-07-29T09:51:10.826464,AC97CE,,32.99556,-116.779614,,,,,,-37.8,7,8.1
2026-07-29T09:51:15.867662,A5168D,N427KM,33.261015,-117.442334,,,314,,4751,-49.5,1241,66.0
2026-07-29T09:51:15.867662,A1C0B6,N2118N,33.037445,-117.183197,,,315,,7340,-49.5,3802,0.4
2026-07-29T09:51:15.867662,ABD559,SWA3475,32.670966,-116.750196,,,91,,1364,-49.5,601,65.2
2026-07-29T09:51:15.867662,A3EF2A,CXK234,33.070724,-117.231866,,,70,,5267,-33.5,876,1.3
2026-07-29T09:51:15.867662,AAA5AE,UAL1113,32.973724,-117.588538,,,308,,7362,-36.2,284,23.4
2026-07-29T09:51:15.867662,AD0343,CXK240,33.285641,-117.469912,,,312,,4664,-49.5,993,0.1
2026-07-29T09:51:15.867662,A4D97E,SKW3217,33.09938,-117.452142,,,144,,1650,-31.3,367,0.4
2026-07-29T09:51:15.867662,A0CDF3,AAL1186,33.731735,-116.383443,,,91,,2401,-49.5,94,66.3
2026-07-29T09:51:15.867662,A81336,N6195B,33.098408,-117.42322,,,317,,0202,-34.9,176,60.0
2026-07-29T09:51:15.867662,A1388C,SKW3110,32.90773,-117.486223,,,307,,6737,-49.5,74,5.7
2026-07-29T09:51:15.867662,A60F3C,NOAA49,33.614548,-116.518642,,,92,,6777,-36.2,367,5.7
2026-07-29T09:51:15.867662,A12D51,ARCAT70,32.867477,-117.063281,,,37,,4723,-49.5,262,0.9
2026-07-29T09:51:15.867662,AC97CE,,32.99556,-116.779614,,,,,,-37.8,7,13.2
2026-07-29T09:51:20.935700,A1C0B6,N2118N,33.039276,-117.185284,,,316,,7340,-29.3,3860,0.0
2026-07-29T09:51:20.935700,ABD559,SWA3475,32.670966,-116.750196,,,91,,1364,-49.5,601,70.3
2026-07-29T09:51:20.935700,A3EF2A,CXK234,33.071548,-117.228955,,,71,,5267,-32.9,920,0.6
2026-07-29T09:51:20.935700,AAA5AE,UAL1113,32.973724,-117.588538,,,308,,7362,-36.2,284,28.4
2026-07-29T09:51:20.935700,AD0343,CXK240,33.286945,-117.471482,,,315,,4664,-36.1,1019,1.5
2026-07-29T09:51:20.935700,A4D97E,SKW3217,33.092514,-117.446375,,,145,,1650,-49.5,401,0.4
2026-07-29T09:51:20.935700,A1388C,SKW3110,32.90773,-117.486223,,,307,,6737,-49.5,74,10.8
2026-07-29T09:51:20.935700,A60F3C,NOAA49,33.613742,-116.49519,,,92,,6777,-49.5,378,1.5
2026-07-29T09:51:20.935700,A12D51,ARCAT70,32.871094,-117.059999,,,37,,4723,-31.3,315,0.5
2026-07-29T09:51:20.935700,AC97CE,N910MR,33.006363,-116.779889,,,357,,0246,-35.4,19,0.2
2026-07-29T09:51:25.979814,A1C0B6,N2118N,33.04097,-117.187262,,,315,,7340,-27.7,3904,0.0
2026-07-29T09:51:25.979814,ABD559,SWA3475,32.670966,-116.750196,,,91,,1364,-49.5,601,75.3
2026-07-29T09:51:25.979814,A3EF2A,CXK234,33.072372,-117.226208,,,69,,5267,-34.7,951,0.1
2026-07-29T09:51:25.979814,AAA5AE,UAL1113,32.973724,-117.588538,,,308,,7362,-36.2,284,33.5
2026-07-29T09:51:25.979814,AD0343,CXK240,33.28894,-117.473895,,,314,,4664,-36.3,1047,1.0
2026-07-29T09:51:25.979814,A4D97E,SKW3217,33.089722,-117.444067,,,145,,1650,-49.5,410,3.2
2026-07-29T09:51:25.979814,A1388C,SKW3110,32.90773,-117.486223,,,307,,6737,-49.5,74,15.8
2026-07-29T09:51:25.979814,A60F3C,NOAA49,33.613403,-116.485291,,,92,,6777,-49.5,385,2.7
2026-07-29T09:51:25.979814,A12D51,ARCAT70,32.874527,-117.056909,,,37,,4723,-21.2,383,0.5
2026-07-29T09:51:25.979814,AC97CE,N910MR,33.008286,-116.779944,,,357,,0246,-49.5,38,2.1
2026-07-29T09:51:31.030886,A1C0B6,N2118N,33.042639,-117.1892,,,316,,7340,-49.5,3953,0.3
2026-07-29T09:51:31.030886,A3EF2A,CXK234,33.073151,-117.223682,,,70,,5267,-36.0,975,0.0
2026-07-29T09:51:31.030886,AAA5AE,UAL1113,32.973724,-117.588538,,,308,,7362,-36.2,284,38.5
2026-07-29T09:51:31.030886,AD0343,CXK240,33.291,-117.476422,,,314,,4664,-34.0,1072,0.1
2026-07-29T09:51:31.030886,A4D97E,SKW3217,33.089722,-117.444067,,,145,,1650,-49.5,410,8.3
2026-07-29T09:51:31.030886,A1388C,SKW3110,32.90773,-117.486223,,,307,,6737,-49.5,74,20.8
2026-07-29T09:51:31.030886,A60F3C,NOAA49,33.613403,-116.485291,,,92,,6777,-49.5,386,7.7
2026-07-29T09:51:31.030886,A12D51,ARCAT70,32.877914,-117.053833,,,37,,4723,-49.5,454,0.5
2026-07-29T09:51:31.030886,AC97CE,N910MR,33.008286,-116.779944,,,357,,0246,-49.5,38,7.2
2026-07-29T09:51:31.030886,AB2FAD,,33.157716,-117.387907,,,322,,,-49.5,9,1.5
2026-07-29T09:51:31.030886,AA56F8,,33.493404,-117.011233,,,134,,,-35.1,4,1.2
2026-07-29T09:51:36.097473,A1C0B6,N2118N,33.044449,-117.191272,,,316,,3537,-49.5,4017,0.0
2026-07-29T09:51:36.097473,A3EF2A,CXK234,33.073151,-117.223682,,,70,,5267,-36.1,979,5.1
2026-07-29T09:51:36.097473,AAA5AE,UAL1113,32.973724,-117.588538,,,308,,7362,-36.2,284,43.6
2026-07-29T09:51:36.097473,AD0343,CXK240,33.29281,-117.478544,,,316,,4664,-33.5,1104,0.1
2026-07-29T09:51:36.097473,A4D97E,SKW3217,33.072153,-117.429442,,,144,,1650,-36.4,415,0.0
2026-07-29T09:51:36.097473,A1388C,SKW3110,32.90773,-117.486223,,,307,,6737,-49.5,77,25.9
2026-07-29T09:51:36.097473,A60F3C,NOAA49,33.613403,-116.485291,,,92,,6777,-49.5,386,12.8
2026-07-29T09:51:36.097473,A12D51,ARCAT70,32.881668,-117.050482,,,37,,4723,-49.5,525,0.2
2026-07-29T09:51:36.097473,AC97CE,N910MR,33.008286,-116.779944,,,357,,0246,-49.5,38,12.3
2026-07-29T09:51:36.097473,AB2FAD,N82MZ,33.160629,-117.390564,,,322,,,-49.5,26,0.4
2026-07-29T09:51:36.097473,AA56F8,,33.484559,-117.000527,,,134,,,-35.1,8,0.2
2026-07-29T09:51:41.169525,A1C0B6,N2118N,33.046143,-117.193195,,,316,,7340,-25.9,4079,0.1
2026-07-29T09:51:41.169525,A3EF2A,CXK234,33.074527,-117.21874,,,73,,5267,-35.6,983,0.3
2026-07-29T09:51:41.169525,AAA5AE,UAL1113,32.973724,-117.588538,,,308,,7362,-49.5,286,48.7
2026-07-29T09:51:41.169525,AD0343,CXK240,33.294533,-117.48045,,,318,,4664,-34.6,1147,0.5
2026-07-29T09:51:41.169525,A4D97E,SKW3217,33.072153,-117.429442,,,144,,1650,-36.4,415,5.2
2026-07-29T09:51:41.169525,A1388C,SKW3110,32.932124,-117.524171,,,307,,6737,-49.5,97,1.7
2026-07-29T09:51:41.169525,A60F3C,NOAA49,33.613403,-116.485291,,,92,,6777,-49.5,386,17.9
2026-07-29T09:51:41.169525,A12D51,ARCAT70,32.885056,-117.047351,,,38,,4723,-28.3,576,0.2
2026-07-29T09:51:41.169525,AC97CE,N910MR,33.008286,-116.779944,,,357,,0246,-49.5,38,17.3
2026-07-29T09:51:41.169525,AB2FAD,N82MZ,33.163193,-117.392926,,,322,,,-35.7,59,0.2
2026-07-29T09:51:41.169525,AA56F8,,33.484559,-117.000527,,,134,,,-35.3,12,5.3
2026-07-29T09:51:41.169525,A39AB4,,33.735569,-116.530952,,,91,,,-37.7,7,1.4
2026-07-29T09:51:46.241389,A1C0B6,N2118N,33.047745,-117.195007,,,315,,7340,-49.5,4138,0.4
2026-07-29T09:51:46.241389,A3EF2A,CXK234,33.075119,-117.216156,,,75,,5267,-32.8,1011,0.4
2026-07-29T09:51:46.241389,AAA5AE,UAL1113,32.973724,-117.588538,,,307,,7362,-49.5,289,53.8
2026-07-29T09:51:46.241389,AD0343,CXK240,33.296539,-117.48252,,,317,,4664,-34.5,1187,0.3
2026-07-29T09:51:46.241389,A4D97E,SKW3217,33.072153,-117.429442,,,144,,1650,-49.5,418,10.2
2026-07-29T09:51:46.241389,A1388C,SKW3110,32.932124,-117.524171,,,307,,6737,-36.7,103,6.7
2026-07-29T09:51:46.241389,A60F3C,NOAA49,33.613403,-116.485291,,,92,,6777,-49.5,386,23.0
2026-07-29T09:51:46.241389,A12D51,ARCAT70,32.88858,-117.044,,,39,,4723,-30.8,607,0.2
2026-07-29T09:51:46.241389,AC97CE,N910MR,33.008286,-116.779944,,,357,,0246,-49.5,38,22.4
2026-07-29T09:51:46.241389,AB2FAD,N82MZ,33.165161,-117.394684,,,322,,2416,-49.5,89,1.3
2026-07-29T09:51:46.241389,AA56F8,,33.484559,-117.000527,,,134,,,-49.5,13,10.4
2026-07-29T09:51:46.241389,A39AB4,,33.73526,-116.516848,,,91,,1354,-49.5,13,1.3
2026-07-29T09:51:51.319420,A1C0B6,N2118N,33.04953,-117.19715,,,315,,7340,-24.0,4200,0.0
2026-07-29T09:51:51.319420,A3EF2A,CXK234,33.075644,-117.213415,,,78,,5267,-49.5,1058,0.2
2026-07-29T09:51:51.319420,AAA5AE,UAL1113,32.973724,-117.588538,,,307,,7362,-49.5,293,58.8
2026-07-29T09:51:51.319420,AD0343,CXK240,33.298397,-117.484654,,,316,,4664,-49.5,1229,0.1
2026-07-29T09:51:51.319420,A4D97E,SKW3217,33.052872,-117.413361,,,144,,1650,-49.5,433,0.3
2026-07-29T09:51:51.319420,A1388C,SKW3110,32.932124,-117.524171,,,307,,6737,-35.3,104,11.8
2026-07-29T09:51:51.319420,A60F3C,NOAA49,33.613403,-116.485291,,,92,,6777,-49.5,386,28.0
2026-07-29T09:51:51.319420,A12D51,ARCAT70,32.891922,-117.040649,,,40,,4723,-49.5,645,0.3
2026-07-29T09:51:51.319420,AC97CE,N910MR,33.008286,-116.779944,,,357,,0246,-37.2,39,27.5
2026-07-29T09:51:51.319420,AB2FAD,N82MZ,33.166489,-117.395947,,,322,,2416,-49.5,97,3.5
2026-07-29T09:51:51.319420,AA56F8,,33.462307,-116.973566,,,134,,,-49.5,33,0.5
2026-07-29T09:51:51.319420,A39AB4,,33.73526,-116.516848,,,91,,1354,-49.5,17,6.4
2026-07-29T09:51:56.402757,A1C0B6,N2118N,33.051224,-117.199072,,,315,,7340,-30.3,4259,0.1
2026-07-29T09:51:56.402757,A3EF2A,CXK234,33.075644,-117.213415,,,78,,5267,-37.2,1063,5.2
2026-07-29T09:51:56.402757,AAA5AE,UAL1113,32.973724,-117.588538,,,307,,7362,-49.5,294,63.9
2026-07-29T09:51:56.402757,AD0343,CXK240,33.300201,-117.486694,,,316,,4664,-49.5,1269,0.3
2026-07-29T09:51:56.402757,A4D97E,SKW3217,33.046783,-117.408252,,,145,,1650,-31.5,467,0.5
2026-07-29T09:51:56.402757,A1388C,SKW3110,32.932124,-117.524171,,,307,,6737,-35.3,104,16.9
2026-07-29T09:51:56.402757,A60F3C,NOAA49,33.613403,-116.485291,,,92,,6777,-49.5,386,33.1
2026-07-29T09:51:56.402757,A12D51,ARCAT70,32.895161,-117.037354,,,40,,4723,-33.0,691,0.4
2026-07-29T09:51:56.402757,AC97CE,N910MR,33.008286,-116.779944,,,357,,0246,-37.2,39,32.5
2026-07-29T09:51:56.402757,AB2FAD,N82MZ,33.16833,-117.397548,,,322,,2416,-38.0,99,4.9
2026-07-29T09:51:56.402757,AA56F8,UAL1212,33.462307,-116.973566,,,134,,,-35.5,36,5.5
2026-07-29T09:51:56.402757,A39AB4,,33.734802,-116.498183,,,91,,1354,-49.5,21,4.6
2026-07-29T09:52:01.452075,A1C0B6,N2118N,33.052826,-117.20094,,,316,,7340,-49.5,4314,0.4
2026-07-29T09:52:01.452075,A3EF2A,CXK234,33.07663,-117.208246,,,74,,5267,-28.8,1084,0.4
2026-07-29T09:52:01.452075,AAA5AE,UAL1113,32.973724,-117.588538,,,307,,7362,-38.8,295,68.9
2026-07-29T09:52:01.452075,AD0343,CXK240,33.302028,-117.48869,,,319,,4664,-49.5,1305,0.4
2026-07-29T09:52:01.452075,A4D97E,SKW3217,33.040329,-117.402924,,,144,,1650,-49.5,521,0.3
2026-07-29T09:52:01.452075,A1388C,SKW3110,32.932124,-117.524171,,,307,,6737,-35.3,104,21.9
2026-07-29T09:52:01.452075,A60F3C,NOAA49,33.613403,-116.485291,,,92,,6777,-49.5,386,38.1
2026-07-29T09:52:01.452075,A12D51,ARCAT70,32.89856,-117.033934,,,40,,4723,-29.8,735,0.2
2026-07-29T09:52:01.452075,AC97CE,N910MR,33.008286,-116.779944,,,357,,0246,-37.2,39,37.6
2026-07-29T09:52:01.452075,A4A425,,32.865694,-117.254838,,,291,,,-49.5,2,53.1
2026-07-29T09:52:01.452075,AB2FAD,N82MZ,33.16833,-117.397548,,,322,,2416,-38.0,99,9.9
2026-07-29T09:52:01.452075,AA56F8,UAL1212,33.462307,-116.973566,,,134,,,-49.5,42,10.6
2026-07-29T09:52:01.452075,A39AB4,,33.734802,-116.498183,,,91,,1354,-49.5,22,9.7
2026-07-29T09:52:06.489791,A1C0B6,N2118N,33.05437,-117.202709,,,316,,7340,-34.0,4364,0.9
2026-07-29T09:52:06.489791,A3EF2A,CXK234,33.07732,-117.205624,,,72,,5267,-49.5,1117,0.3
2026-07-29T09:52:06.489791,AAA5AE,UAL1113,32.973724,-117.588538,,,307,,7362,-38.8,295,74.0
2026-07-29T09:52:06.489791,AD0343,CXK240,33.304001,-117.490759,,,318,,4664,-35.2,1332,0.4
2026-07-29T09:52:06.489791,A4D97E,SKW3217,33.037857,-117.400836,,,144,,1650,-49.5,545,3.4
2026-07-29T09:52:06.489791,A1388C,SKW3110,32.932124,-117.524171,,,307,,6737,-35.3,104,27.0
2026-07-29T09:52:06.489791,A60F3C,NOAA49,33.613403,-116.485291,,,92,,6777,-49.5,386,43.2
2026-07-29T09:52:06.489791,A12D51,ARCAT70,32.901911,-117.030515,,,40,,4723,-26.2,796,0.2
2026-07-29T09:52:06.489791,AC97CE,N910MR,33.008286,-116.779944,,,357,,0246,-37.2,39,42.7
2026-07-29T09:52:06.489791,A4A425,,32.865694,-117.254838,,,291,,,-49.5,2,58.2
2026-07-29T09:52:06.489791,AB2FAD,N82MZ,33.16833,-117.397548,,,322,,2416,-38.0,99,15.0
2026-07-29T09:52:06.489791,AA56F8,UAL1212,33.43945,-116.945932,,,134,,3274,-33.1,80,0.0
2026-07-29T09:52:06.489791,A39AB4,,33.734802,-116.498183,,,91,,1354,-36.8,24,14.7
2026-07-29T09:52:11.563026,A1C0B6,N2118N,33.056279,-117.204839,,,316,,7340,-32.5,4372,0.4
2026-07-29T09:52:11.563026,A3EF2A,CXK234,33.077739,-117.203886,,,74,,5267,-33.5,1124,1.9
2026-07-29T09:52:11.563026,AAA5AE,UAL1113,32.973724,-117.588538,,,307,,7362,-38.8,295,79.1
2026-07-29T09:52:11.563026,AD0343,CXK240,33.305328,-117.492297,,,316,,4664,-49.5,1337,1.9
2026-07-29T09:52:11.563026,A4D97E,SKW3217,33.030533,-117.394684,,,144,,1650,-49.5,558,2.5
2026-07-29T09:52:11.563026,A1388C,SKW3110,32.932124,-117.524171,,,307,,6737,-35.3,104,32.0
2026-07-29T09:52:11.563026,A60F3C,NOAA49,33.613403,-116.485291,,,92,,6777,-49.5,386,48.3
2026-07-29T09:52:11.563026,A12D51,ARCAT70,32.905106,-117.027246,,,40,,4723,-49.5,853,0.5
2026-07-29T09:52:11.563026,AC97CE,N910MR,33.008286,-116.779944,,,357,,0246,-37.2,39,47.7
2026-07-29T09:52:11.563026,A4A425,,32.865694,-117.254838,,,291,,,-49.5,2,63.2
2026-07-29T09:52:11.563026,AB2FAD,N82MZ,33.16833,-117.397548,,,322,,2416,-38.0,99,20.1
2026-07-29T09:52:11.563026,AA56F8,UAL1212,33.434555,-116.940015,,,134,,3274,-34.6,92,1.9
2026-07-29T09:52:11.563026,A39AB4,,33.734802,-116.498183,,,91,,1354,-49.5,25,19.8
2026-07-29T09:52:16.605686,A1C0B6,N2118N,33.057999,-117.206818,,,315,,7340,-49.5,4418,0.4
2026-07-29T09:52:16.605686,A3EF2A,CXK234,33.078531,-117.200243,,,76,,5267,-24.4,1156,0.0
2026-07-29T09:52:16.605686,AAA5AE,UAL1113,32.973724,-117.588538,,,307,,7362,-38.8,295,84.1
2026-07-29T09:52:16.605686,AD0343,CXK240,33.306543,-117.493735,,,314,,4664,-35.6,1340,3.6
2026-07-29T09:52:16.605686,A4D97E,SKW3217,33.022063,-117.387571,,,144,,1650,-28.3,584,0.4
2026-07-29T09:52:16.605686,A1388C,SKW3110,32.932124,-117.524171,,,307,,6737,-35.3,104,37.1
2026-07-29T09:52:16.605686,A60F3C,NOAA49,33.613403,-116.485291,,,92,,6777,-49.5,386,53.3
2026-07-29T09:52:16.605686,A12D51,ARCAT70,32.908196,-117.024069,,,40,,4723,-49.5,902,0.9
2026-07-29T09:52:16.605686,AC97CE,N910MR,33.008286,-116.779944,,,357,,0246,-37.2,39,52.8
2026-07-29T09:52:16.605686,A4A425,,32.865694,-117.254838,,,291,,,-37.6,3,68.3
2026-07-29T09:52:16.605686,AB2FAD,N82MZ,33.16833,-117.397548,,,322,,2416,-36.6,100,25.1
2026-07-29T09:52:16.605686,AA56F8,UAL1212,33.434555,-116.940015,,,134,,3274,-34.6,92,6.9
2026-07-29T09:52:16.605686,A39AB4,,33.734802,-116.498183,,,91,,1354,-49.5,25,24.8
2026-07-29T09:52:21.669047,A1C0B6,N2118N,33.059647,-117.20874,,,315,,7340,-31.6,4467,0.4
2026-07-29T09:52:21.669047,A3EF2A,CXK234,33.079102,-117.197534,,,74,,5267,-49.5,1206,0.0
2026-07-29T09:52:21.669047,AAA5AE,UAL1113,32.973724,-117.588538,,,307,,7362,-38.8,295,89.2
2026-07-29T09:52:21.669047,AD0343,CXK240,33.306543,-117.493735,,,314,,4664,-35.6,1340,8.7
2026-07-29T09:52:21.669047,A4D97E,SKW3217,33.015825,-117.382302,,,144,,1650,-32.0,635,0.4
2026-07-29T09:52:21.669047,A1388C,SKW3110,32.967736,-117.579551,,,307,,6737,-49.5,106,0.2
2026-07-29T09:52:21.669047,A60F3C,NOAA49,33.613403,-116.485291,,,92,,6777,-49.5,386,58.4
2026-07-29T09:52:21.669047,A12D51,ARCAT70,32.912155,-117.019995,,,40,,4723,-49.5,945,0.2
2026-07-29T09:52:21.669047,AC97CE,N910MR,33.008286,-116.779944,,,357,,0246,-37.2,39,57.8
2026-07-29T09:52:21.669047,A4A425,,32.865694,-117.254838,,,291,,,-37.6,3,73.3
2026-07-29T09:52:21.669047,AB2FAD,N82MZ,33.16833,-117.397548,,,322,,2416,-36.6,100,30.2
2026-07-29T09:52:21.669047,AA56F8,UAL1212,33.418176,-116.920203,,,134,,3274,-36.3,99,0.8
2026-07-29T09:52:21.669047,A39AB4,,33.734802,-116.498183,,,91,,1354,-49.5,25,29.9
2026-07-29T09:52:21.669047,AD93C7,,33.246863,-117.42507,,,317,,4671,-35.1,12,1.6
2026-07-29T09:52:26.742374,A1C0B6,N2118N,33.061353,-117.210724,,,315,,7340,-49.5,4510,0.3
2026-07-29T09:52:26.742374,A3EF2A,CXK234,33.079787,-117.194806,,,72,,5267,-49.5,1257,0.0
2026-07-29T09:52:26.742374,AAA5AE,UAL1113,32.973724,-117.588538,,,307,,7362,-38.8,295,94.2
2026-07-29T09:52:26.742374,AD0343,CXK240,33.306543,-117.493735,,,314,,4664,-35.6,1340,13.7
2026-07-29T09:52:26.742374,A4D97E,SKW3217,33.009888,-117.37738,,,144,,1650,-49.5,681,0.5
2026-07-29T09:52:26.742374,A1388C,SKW3110,32.972031,-117.586285,,,307,,6737,-49.5,130,0.3
2026-07-29T09:52:26.742374,A60F3C,NOAA49,33.613403,-116.485291,,,92,,6777,-49.5,386,63.4
2026-07-29T09:52:26.742374,A12D51,ARCAT70,32.915458,-117.016558,,,41,,4723,-34.2,987,0.3
2026-07-29T09:52:26.742374,AC97CE,N910MR,33.008286,-116.779944,,,357,,0246,-37.2,39,62.9
2026-07-29T09:52:26.742374,A4A425,,32.865694,-117.254838,,,291,,,-37.6,3,78.4
2026-07-29T09:52:26.742374,AB2FAD,N82MZ,33.16833,-117.397548,,,322,,2416,-36.6,100,35.3
2026-07-29T09:52:26.742374,AA56F8,UAL1212,33.410339,-116.910736,,,134,,3274,-49.5,121,0.7
2026-07-29T09:52:26.742374,A39AB4,,33.734802,-116.498183,,,91,,1354,-49.5,25,35.0
2026-07-29T09:52:26.742374,AD93C7,,33.248912,-117.427368,,,316,,4671,-34.7,28,2.2
2026-07-29T09:52:31.788369,A1C0B6,N2118N,33.062576,-117.212146,,,315,,7340,-34.7,4560,1.7
2026-07-29T09:52:31.788369,A3EF2A,CXK234,33.080439,-117.192451,,,71,,5267,-49.5,1306,0.6
2026-07-29T09:52:31.788369,AAA5AE,UAL1113,32.973724,-117.588538,,,307,,7362,-38.8,295,99.3
2026-07-29T09:52:31.788369,AD0343,CXK240,33.306543,-117.493735,,,314,,4664,-35.6,1340,18.8
2026-07-29T09:52:31.788369,A4D97E,SKW3217,33.009888,-117.37738,,,144,,1650,-49.5,681,5.6
2026-07-29T09:52:31.788369,A1388C,SKW3110,32.976517,-117.593262,,,307,,6737,-33.8,160,0.0
2026-07-29T09:52:31.788369,A12D51,ARCAT70,32.919182,-117.01269,,,41,,4723,-49.5,1061,0.0
2026-07-29T09:52:31.788369,AC97CE,N910MR,33.008286,-116.779944,,,357,,0246,-37.2,39,67.9
2026-07-29T09:52:31.788369,A4A425,,32.865694,-117.254838,,,291,,,-37.6,3,83.5
2026-07-29T09:52:31.788369,AB2FAD,N82MZ,33.16833,-117.397548,,,322,,2416,-36.6,100,40.3
2026-07-29T09:52:31.788369,AA56F8,UAL1212,33.402674,-116.901482,,,134,,3274,-49.5,150,0.4
2026-07-29T09:52:31.788369,A39AB4,,33.734802,-116.498183,,,91,,1354,-49.5,25,40.0
2026-07-29T09:52:31.788369,AD93C7,,33.251938,-117.430843,,,315,,4671,-34.7,64,0.2
2026-07-29T09:52:36.844270,A1C0B6,N2118N,33.064844,-117.214704,,,316,,7340,-49.5,4573,0.1
2026-07-29T09:52:36.844270,A3EF2A,CXK234,33.081231,-117.189481,,,74,,5267,-35.6,1315,0.3
2026-07-29T09:52:36.844270,AAA5AE,UAL1113,32.973724,-117.588538,,,307,,7362,-38.8,295,104.4
2026-07-29T09:52:36.844270,AD0343,CXK240,33.306543,-117.493735,,,314,,4664,-35.6,1340,23.9
2026-07-29T09:52:36.844270,A4D97E,SKW3217,32.998123,-117.367438,,,144,,1650,-49.5,721,0.5
2026-07-29T09:52:36.844270,A1388C,SKW3110,32.980817,-117.60001,,,307,,6737,-33.9,172,0.3
2026-07-29T09:52:36.844270,A12D51,ARCAT70,32.922089,-117.009668,,,41,,4723,-49.5,1122,0.7
2026-07-29T09:52:36.844270,AC97CE,N910MR,33.008286,-116.779944,,,357,,0246,-37.2,39,73.1
2026-07-29T09:52:36.844270,A4A425,,32.865694,-117.254838,,,291,,,-37.6,3,88.6
2026-07-29T09:52:36.844270,AB2FAD,N82MZ,33.16833,-117.397548,,,322,,2416,-49.5,102,45.4
2026-07-29T09:52:36.844270,AA56F8,UAL1212,33.399834,-116.898063,,,134,,3274,-49.5,166,3.6
2026-07-29T09:52:36.844270,A39AB4,,33.734802,-116.498183,,,91,,1354,-49.5,25,45.2
2026-07-29T09:52:36.844270,AD93C7,,33.254172,-117.433534,,,315,,4671,-34.9,84,0.1
2026-07-29T09:52:41.946365,A1C0B6,N2118N,33.066559,-117.216705,,,316,,7340,-49.5,4630,0.0
2026-07-29T09:52:41.946365,A3EF2A,CXK234,33.081848,-117.186768,,,74,,5267,-49.5,1337,0.3
2026-07-29T09:52:41.946365,AAA5AE,UAL1113,32.973724,-117.588538,,,307,,7362,-38.8,295,109.5
2026-07-29T09:52:41.946365,AD0343,CXK240,33.306543,-117.493735,,,317,,4664,-49.5,1341,29.0
2026-07-29T09:52:41.946365,A4D97E,SKW3217,32.99176,-117.362164,,,144,,1650,-49.5,781,0.1
2026-07-29T09:52:41.946365,A1388C,SKW3110,32.984961,-117.606513,,,307,,6737,-49.5,193,0.5
2026-07-29T09:52:41.946365,A12D51,ARCAT70,32.925888,-117.005713,,,41,,4723,-27.6,1200,0.3
2026-07-29T09:52:41.946365,AC97CE,N910MR,33.008286,-116.779944,,,357,,0246,-37.2,39,78.1
2026-07-29T09:52:41.946365,A4A425,,32.871513,-117.287292,,,291,,,-36.7,11,0.1
2026-07-29T09:52:41.946365,AB2FAD,N82MZ,33.16833,-117.397548,,,322,,2416,-49.5,102,50.5
2026-07-29T09:52:41.946365,AA56F8,UAL1212,33.399834,-116.898063,,,134,,3274,-49.5,166,8.7
2026-07-29T09:52:41.946365,A39AB4,,33.734802,-116.498183,,,91,,1354,-49.5,26,50.2
2026-07-29T09:52:41.946365,AD93C7,N974PA,33.25621,-117.435937,,,315,,4671,-49.5,94,0.5
2026-07-29T09:52:47.025296,A1C0B6,N2118N,33.068196,-117.218572,,,315,,7340,-24.1,4696,0.3
2026-07-29T09:52:47.025296,A3EF2A,CXK234,33.082487,-117.184043,,,73,,5267,-49.5,1357,0.1
2026-07-29T09:52:47.025296,AAA5AE,UAL1113,32.973724,-117.588538,,,307,,7362,-38.8,295,114.5
2026-07-29T09:52:47.025296,AD0343,CXK240,33.306543,-117.493735,,,317,,4664,-49.5,1342,34.0
2026-07-29T09:52:47.025296,A4D97E,SKW3217,32.991302,-117.36178,,,144,,1650,-49.5,789,4.8
2026-07-29T09:52:47.025296,A1388C,SKW3110,32.988405,-117.611894,,,307,,6737,-33.4,216,1.5
2026-07-29T09:52:47.025296,A12D51,ARCAT70,32.929092,-117.002362,,,41,,4723,-24.9,1268,0.5
2026-07-29T09:52:47.025296,AC97CE,N910MR,33.008286,-116.779944,,,357,,0246,-37.2,39,83.2
2026-07-29T09:52:47.025296,A4A425,N3989S,32.873657,-117.287952,,,346,,1200,-49.5,33,0.2
2026-07-29T09:52:47.025296,AB2FAD,N82MZ,33.16833,-117.397548,,,322,,2416,-38.1,103,55.6
2026-07-29T09:52:47.025296,AA56F8,UAL1212,33.399834,-116.898063,,,134,,3274,-49.5,166,13.7
2026-07-29T09:52:47.025296,A39AB4,,33.734802,-116.498183,,,91,,1354,-49.5,26,55.3
2026-07-29T09:52:47.025296,AD93C7,N974PA,33.25757,-117.437514,,,315,,4671,-49.5,109,2.5
2026-07-29T09:52:52.105547,A1C0B6,N2118N,33.069992,-117.220605,,,316,,7340,-49.5,4746,0.0
2026-07-29T09:52:52.105547,A3EF2A,CXK234,33.083,-117.182026,,,72,,5267,-36.9,1367,1.3
2026-07-29T09:52:52.105547,AAA5AE,UAL1113,32.973724,-117.588538,,,307,,7362,-38.8,295,119.6
2026-07-29T09:52:52.105547,AD0343,CXK240,33.306543,-117.493735,,,317,,4664,-49.5,1342,39.1
2026-07-29T09:52:52.105547,A4D97E,SKW3217,32.980166,-117.352426,,,144,,1650,-49.5,806,0.0
2026-07-29T09:52:52.105547,A1388C,SKW3110,32.991806,-117.617212,,,307,,6737,-49.5,221,2.7
2026-07-29T09:52:52.105547,A12D51,ARCAT70,32.932022,-116.999341,,,41,,4723,-36.4,1311,1.4
2026-07-29T09:52:52.105547,A4A425,N3989S,32.8759,-117.288611,,,347,,1200,-33.9,48,0.0
2026-07-29T09:52:52.105547,AB2FAD,N82MZ,33.16833,-117.397548,,,322,,2416,-38.1,103,60.6
2026-07-29T09:52:52.105547,AA56F8,UAL1212,33.372694,-116.86516,,,134,,3274,-35.1,179,0.4
2026-07-29T09:52:52.105547,A39AB4,,33.734802,-116.498183,,,91,,1354,-49.5,26,60.3
2026-07-29T09:52:52.105547,AD93C7,N974PA,33.260605,-117.441101,,,315,,4671,-49.5,122,0.4
2026-07-29T09:52:57.152852,A1C0B6,N2118N,33.071641,-117.22244,,,316,,7340,-25.7,4808,0.1
2026-07-29T09:52:57.152852,A3EF2A,CXK234,33.083651,-117.179223,,,72,,5267,-49.5,1370,1.0
2026-07-29T09:52:57.152852,AAA5AE,UAL1113,32.973724,-117.588538,,,307,,7362,-38.8,295,124.6
2026-07-29T09:52:57.152852,AD0343,CXK240,33.306543,-117.493735,,,317,,4664,-49.5,1342,44.1
2026-07-29T09:52:57.152852,A4D97E,SKW3217,32.976242,-117.349146,,,144,,1650,-49.5,825,1.5
2026-07-29T09:52:57.152852,A1388C,SKW3110,32.996412,-117.624393,,,307,,6737,-34.9,228,2.4
2026-07-29T09:52:57.152852,A12D51,ARCAT70,32.936142,-116.995001,,,41,,4723,-49.5,1365,0.4
2026-07-29T09:52:57.152852,A4A425,N3989S,32.877365,-117.28894,,,347,,1200,-34.7,80,1.7
2026-07-29T09:52:57.152852,AB2FAD,N82MZ,33.16833,-117.397548,,,322,,2416,-38.1,103,65.6
2026-07-29T09:52:57.152852,AA56F8,UAL1212,33.365711,-116.856696,,,134,,3274,-49.5,210,0.6
2026-07-29T09:52:57.152852,A39AB4,,33.734802,-116.498183,,,91,,1354,-49.5,26,65.4
2026-07-29T09:52:57.152852,AD93C7,N974PA,33.262894,-117.443793,,,315,,4671,-49.5,141,0.0
2026-07-29T09:53:02.196304,A1C0B6,N2118N,33.073196,-117.224231,,,316,,7340,-49.5,4861,0.5
2026-07-29T09:53:02.196304,A3EF2A,CXK234,33.083651,-117.179223,,,72,,5267,-36.0,1371,6.1
2026-07-29T09:53:02.196304,AD0343,CXK240,33.306543,-117.493735,,,317,,4664,-49.5,1342,49.2
2026-07-29T09:53:02.196304,A4D97E,SKW3217,32.971024,-117.344696,,,144,,1650,-49.5,862,1.9
2026-07-29T09:53:02.196304,A1388C,SKW3110,32.996412,-117.624393,,,307,,6737,-34.9,228,7.5
2026-07-29T09:53:02.196304,A12D51,ARCAT70,32.939758,-116.991321,,,41,,4723,-49.5,1430,0.3
2026-07-29T09:53:02.196304,A4A425,N3989S,32.877365,-117.28894,,,347,,1200,-49.5,81,6.8
2026-07-29T09:53:02.196304,AB2FAD,N82MZ,33.16833,-117.397548,,,322,,2416,-38.1,103,70.7
2026-07-29T09:53:02.196304,AA56F8,UAL1212,33.364129,-116.854734,,,134,,3274,-36.3,219,4.7
2026-07-29T09:53:02.196304,A39AB4,,33.734802,-116.498183,,,91,,1354,-49.5,26,70.5
2026-07-29T09:53:02.196304,AD93C7,N974PA,33.263763,-117.444836,,,315,,4671,-37.0,151,3.1
2026-07-29T09:53:07.265780,A1C0B6,N2118N,33.074946,-117.226251,,,315,,7340,-49.5,4897,0.4
2026-07-29T09:53:07.265780,A3EF2A,CXK234,33.084815,-117.174346,,,74,,5267,-49.5,1381,1.9
2026-07-29T09:53:07.265780,AD0343,CXK240,33.306543,-117.493735,,,317,,4664,-38.1,1343,54.3
2026-07-29T09:53:07.265780,A4D97E,SKW3217,32.963516,-117.338434,,,144,,1650,-29.6,875,0.2
2026-07-29T09:53:07.265780,A1388C,SKW3110,32.996412,-117.624393,,,307,,6737,-34.9,228,12.6
2026-07-29T09:53:07.265780,A12D51,ARCAT70,32.943329,-116.987585,,,41,,4723,-16.6,1500,0.2
2026-07-29T09:53:07.265780,A4A425,N3989S,32.877365,-117.28894,,,347,,1200,-49.5,81,11.8
2026-07-29T09:53:07.265780,AB2FAD,N82MZ,33.16833,-117.397548,,,322,,2416,-38.1,103,75.8
2026-07-29T09:53:07.265780,AA56F8,UAL1212,33.364129,-116.854734,,,134,,3274,-36.3,219,9.8
2026-07-29T09:53:07.265780,A39AB4,,33.734802,-116.498183,,,91,,1354,-49.5,26,75.5
2026-07-29T09:53:07.265780,AD93C7,N974PA,33.267105,-117.448792,,,315,,4671,-37.2,159,0.4
2026-07-29T09:53:12.341821,A1C0B6,N2118N,33.074946,-117.226251,,,315,,7340,-49.5,4897,5.4
2026-07-29T09:53:12.341821,A3EF2A,CXK234,33.085467,-117.171488,,,72,,5267,-49.5,1410,1.5
2026-07-29T09:53:12.341821,AD0343,CXK240,33.306543,-117.493735,,,318,,4664,-49.5,1345,59.3
2026-07-29T09:53:12.341821,A4D97E,SKW3217,32.958115,-117.333929,,,144,,1650,-49.5,905,0.3
2026-07-29T09:53:12.341821,A1388C,SKW3110,32.996412,-117.624393,,,307,,6737,-34.9,228,17.6
2026-07-29T09:53:12.341821,A12D51,ARCAT70,32.946854,-116.98385,,,41,,4723,-49.5,1562,0.0
2026-07-29T09:53:12.341821,A4A425,N3989S,32.877365,-117.28894,,,347,,1200,-38.2,83,16.9
2026-07-29T09:53:12.341821,AB2FAD,N82MZ,33.16833,-117.397548,,,322,,2416,-38.1,103,80.9
2026-07-29T09:53:12.341821,AA56F8,UAL1212,33.364129,-116.854734,,,134,,3274,-36.3,219,14.9
2026-07-29T09:53:12.341821,A39AB4,,33.734802,-116.498183,,,91,,1354,-49.5,26,80.6
2026-07-29T09:53:12.341821,AD93C7,N974PA,33.267579,-117.449341,,,315,,4671,-35.2,168,4.3
2026-07-29T09:53:17.389907,A1C0B6,N2118N,33.078278,-117.230164,,,315,,7340,-49.5,4946,0.3
2026-07-29T09:53:17.389907,A3EF2A,CXK234,33.086334,-117.168146,,,73,,5267,-31.8,1456,0.0
2026-07-29T09:53:17.389907,AD0343,CXK240,33.32954,-117.519239,,,316,,4664,-49.5,1350,0.9
2026-07-29T09:53:17.389907,A4D97E,SKW3217,32.9534,-117.329974,,,144,,1650,-31.0,932,1.1
2026-07-29T09:53:17.389907,A1388C,SKW3110,32.996412,-117.624393,,,307,,6737,-34.9,228,22.7
2026-07-29T09:53:17.389907,A12D51,ARCAT70,32.950195,-116.980225,,,42,,4723,-49.5,1629,0.2
2026-07-29T09:53:17.389907,A4A425,N3989S,32.877365,-117.28894,,,347,,1200,-38.2,83,22.0
2026-07-29T09:53:17.389907,AB2FAD,N82MZ,33.16833,-117.397548,,,322,,2416,-38.1,103,85.9
2026-07-29T09:53:17.389907,AA56F8,UAL1212,33.334671,-116.819165,,,134,,3274,-35.2,243,0.0
2026-07-29T09:53:17.389907,A39AB4,,33.734802,-116.498183,,,91,,1354,-49.5,26,85.7
2026-07-29T09:53:17.389907,AD93C7,N974PA,33.271362,-117.45368,,,315,,4671,-49.5,182,0.7
2026-07-29T09:53:22.468680,A1C0B6,N2118N,33.079136,-117.231128,,,315,,7340,-49.5,4977,2.9
2026-07-29T09:53:22.468680,A3EF2A,CXK234,33.086929,-117.165509,,,75,,5267,-49.5,1509,0.1
2026-07-29T09:53:22.468680,AD0343,CXK240,33.33078,-117.520697,,,316,,4664,-49.5,1353,2.3
2026-07-29T09:53:22.468680,A4D97E,SKW3217,32.947266,-117.324811,,,144,,1650,-31.9,975,0.4
2026-07-29T09:53:22.468680,A1388C,SKW3110,33.020737,-117.662421,,,307,,6737,-34.1,236,0.0
2026-07-29T09:53:22.468680,A12D51,ARCAT70,32.953538,-116.976592,,,42,,4723,-23.1,1699,0.4
2026-07-29T09:53:22.468680,A4A425,N3989S,32.877365,-117.28894,,,347,,1200,-38.2,83,27.0
2026-07-29T09:53:22.468680,AB2FAD,N82MZ,33.16833,-117.397548,,,322,,2416,-38.1,103,91.0
2026-07-29T09:53:22.468680,AA56F8,UAL1212,33.332287,-116.816282,,,134,,3274,-49.5,258,3.6
2026-07-29T09:53:22.468680,A39AB4,,33.734802,-116.498183,,,91,,1354,-49.5,26,90.7
2026-07-29T09:53:22.468680,AD93C7,N974PA,33.273538,-117.456235,,,315,,4671,-49.5,193,0.6
2026-07-29T09:53:22.468680,A14D78,,33.266369,-117.619685,,,138,,,-34.7,16,1.6
2026-07-29T09:53:27.522229,A1C0B6,N2118N,33.081696,-117.234098,,,315,,7340,-35.2,4995,0.1
2026-07-29T09:53:27.522229,A3EF2A,CXK234,33.087236,-117.16392,,,77,,5267,-32.2,1540,2.2
2026-07-29T09:53:27.522229,AD0343,CXK240,33.33078,-117.520697,,,314,,4664,-36.4,1356,7.4
2026-07-29T09:53:27.522229,A4D97E,SKW3217,32.941993,-117.32042,,,144,,1650,-49.5,1001,0.5
2026-07-29T09:53:27.522229,A1388C,SKW3110,33.024261,-117.667914,,,307,,6737,-49.5,253,1.1
2026-07-29T09:53:27.522229,A12D51,ARCAT70,32.956055,-116.973798,,,43,,4723,-49.5,1753,1.8
2026-07-29T09:53:27.522229,A4A425,N3989S,32.877365,-117.28894,,,347,,1200,-38.2,83,32.1
2026-07-29T09:53:27.522229,AB2FAD,N82MZ,33.16833,-117.397548,,,322,,2416,-38.1,103,96.0
2026-07-29T09:53:27.522229,AA56F8,UAL1212,33.332287,-116.816282,,,134,,3274,-37.7,259,8.6
2026-07-29T09:53:27.522229,A39AB4,,33.734802,-116.498183,,,91,,1354,-49.5,26,95.8
2026-07-29T09:53:27.522229,AD93C7,N974PA,33.275894,-117.459009,,,315,,4671,-36.7,215,0.2
2026-07-29T09:53:27.522229,A3D3D8,,33.118835,-117.343048,,,,,,-37.5,3,3.0
2026-07-29T09:53:27.522229,A14D78,,33.258781,-117.611557,,,138,,,-35.3,47,0.8
2026-07-29T09:53:32.572132,A1C0B6,N2118N,33.083372,-117.23606,,,316,,7340,-33.6,5043,0.2
2026-07-29T09:53:32.572132,A3EF2A,CXK234,33.088074,-117.160053,,,72,,5267,-49.5,1578,0.0
2026-07-29T09:53:32.572132,AD0343,CXK240,33.33078,-117.520697,,,314,,4664,-49.5,1357,12.5
2026-07-29T09:53:32.572132,A4D97E,SKW3217,32.936081,-117.315431,,,144,,1650,-49.5,1037,0.0
2026-07-29T09:53:32.572132,A1388C,SKW3110,33.024261,-117.667914,,,307,,6737,-49.5,254,6.2
2026-07-29T09:53:32.572132,A12D51,ARCAT70,32.960541,-116.968744,,,43,,4723,-49.5,1817,0.0
2026-07-29T09:53:32.572132,A4A425,N3989S,32.877365,-117.28894,,,347,,1200,-38.2,83,37.2
2026-07-29T09:53:32.572132,AB2FAD,N82MZ,33.16833,-117.397548,,,322,,2416,-38.1,103,101.1
2026-07-29T09:53:32.572132,AA56F8,UAL1212,33.314504,-116.794814,,,134,,3274,-49.5,282,1.6
2026-07-29T09:53:32.572132,A39AB4,,33.734802,-116.498183,,,91,,1354,-49.5,26,100.8
2026-07-29T09:53:32.572132,AD93C7,N974PA,33.277774,-117.461224,,,315,,4671,-34.6,232,1.0
2026-07-29T09:53:32.572132,A3D3D8,,33.118515,-117.345905,,,,,,-49.5,6,2.0
2026-07-29T09:53:32.572132,A14D78,SKW3015,33.255196,-117.607746,,,138,,3222,-34.7,68,3.1
2026-07-29T09:53:37.651695,A1C0B6,N2118N,33.085094,-117.237966,,,316,,7340,-49.5,5098,0.2
2026-07-29T09:53:37.651695,A3EF2A,CXK234,33.088772,-117.157474,,,71,,5267,-49.5,1602,0.0
2026-07-29T09:53:37.651695,AD0343,CXK240,33.336411,-117.527399,,,316,,4664,-49.5,1361,1.4
2026-07-29T09:53:37.651695,A4D97E,SKW3217,32.932388,-117.312341,,,144,,1650,-49.5,1070,1.5
2026-07-29T09:53:37.651695,A1388C,SKW3110,33.030304,-117.677362,,,307,,6737,-37.3,255,4.4
2026-07-29T09:53:37.651695,A12D51,ARCAT70,32.962615,-116.966335,,,44,,4723,-36.2,1863,2.1
2026-07-29T09:53:37.651695,A4A425,N3989S,32.877365,-117.28894,,,347,,1200,-38.2,83,42.2
2026-07-29T09:53:37.651695,AB2FAD,N82MZ,33.16833,-117.397548,,,322,,2416,-38.1,103,106.2
2026-07-29T09:53:37.651695,AA56F8,UAL1212,33.305333,-116.783771,,,134,,3274,-34.1,296,0.5
2026-07-29T09:53:37.651695,A39AB4,,33.734802,-116.498183,,,91,,1354,-49.5,26,105.9
2026-07-29T09:53:37.651695,AD93C7,N974PA,33.280243,-117.464117,,,315,,4671,-34.4,252,0.4
2026-07-29T09:53:37.651695,A3D3D8,,33.118515,-117.345905,,,264,,,-49.5,10,7.0
2026-07-29T09:53:37.651695,A14D78,SKW3015,33.248539,-117.600627,,,138,,3222,-49.5,78,3.0
2026-07-29T09:53:42.716264,A1C0B6,N2118N,33.086884,-117.240051,,,316,,7340,-32.6,5152,0.1
2026-07-29T09:53:42.716264,A3EF2A,CXK234,33.08947,-117.155064,,,71,,5267,-49.5,1646,0.2
2026-07-29T09:53:42.716264,AD0343,CXK240,33.336411,-117.527399,,,319,,4664,-49.5,1362,6.5
2026-07-29T09:53:42.716264,A4D97E,SKW3217,32.925979,-117.306967,,,144,,1650,-49.5,1101,0.4
2026-07-29T09:53:42.716264,A1388C,SKW3110,33.030304,-117.677362,,,307,,6737,-37.3,255,9.4
2026-07-29T09:53:42.716264,A12D51,ARCAT70,32.967087,-116.961108,,,45,,4723,-34.0,1919,0.4
2026-07-29T09:53:42.716264,A4A425,N3989S,32.877365,-117.28894,,,347,,1200,-38.2,83,47.3
2026-07-29T09:53:42.716264,AB2FAD,N82MZ,33.16833,-117.397548,,,322,,2416,-38.1,103,111.2
2026-07-29T09:53:42.716264,AA56F8,UAL1212,33.302353,-116.780164,,,134,,3274,-36.6,315,3.6
2026-07-29T09:53:42.716264,AD93C7,N974PA,33.282522,-117.466773,,,315,,4671,-49.5,277,0.1
2026-07-29T09:53:42.716264,A3D3D8,,33.11792,-117.351617,,,264,,,-49.5,13,0.0
2026-07-29T09:53:42.716264,A14D78,SKW3015,33.239456,-117.591064,,,138,,3222,-49.5,97,0.9
2026-07-29T09:53:47.792821,A1C0B6,N2118N,33.087799,-117.241095,,,316,,7340,-35.0,5164,2.3
2026-07-29T09:53:47.792821,A3EF2A,CXK234,33.090088,-117.15271,,,72,,5267,-49.5,1685,0.6
2026-07-29T09:53:47.792821,AD0343,CXK240,33.336411,-117.527399,,,320,,4664,-36.0,1364,11.6
2026-07-29T09:53:47.792821,A4D97E,SKW3217,32.920303,-117.302234,,,144,,1650,-30.2,1172,0.1
2026-07-29T09:53:47.792821,A1388C,SKW3110,33.030304,-117.677362,,,307,,6737,-37.3,255,14.5
2026-07-29T09:53:47.792821,A12D51,ARCAT70,32.970703,-116.956769,,,45,,4723,-28.7,1952,0.1
2026-07-29T09:53:47.792821,A4A425,N3989S,32.900345,-117.294269,,,347,,1200,-49.5,85,2.7
2026-07-29T09:53:47.792821,AA56F8,UAL1212,33.290297,-116.765666,,,134,,3274,-29.1,359,0.5
2026-07-29T09:53:47.792821,AD93C7,N974PA,33.284592,-117.469171,,,315,,4671,-49.5,309,0.5
2026-07-29T09:53:47.792821,A3D3D8,,33.11792,-117.351617,,,264,,,-35.1,16,5.1
2026-07-29T09:53:47.792821,A14D78,SKW3015,33.239456,-117.591064,,,138,,3222,-49.5,97,5.9
2026-07-29T09:53:52.833641,A1C0B6,N2118N,33.087799,-117.241095,,,315,,7340,-49.5,5173,7.3
2026-07-29T09:53:52.833641,A3EF2A,CXK234,33.090727,-117.150244,,,73,,5267,-49.5,1717,0.5
2026-07-29T09:53:52.833641,AD0343,CXK240,33.34259,-117.533551,,,321,,4664,-49.5,1370,0.5
2026-07-29T09:53:52.833641,A4D97E,SKW3217,32.917786,-117.300146,,,144,,1650,-49.5,1221,2.7
2026-07-29T09:53:52.833641,A1388C,SKW3110,33.030304,-117.677362,,,307,,6737,-37.3,255,19.6
2026-07-29T09:53:52.833641,A12D51,ARCAT70,32.973679,-116.953198,,,45,,4723,-33.9,1983,0.5
2026-07-29T09:53:52.833641,A4A425,N3989S,32.900345,-117.294269,,,347,,1200,-49.5,85,7.7
2026-07-29T09:53:52.833641,AA56F8,UAL1212,33.281964,-116.755689,,,134,,3274,-33.1,415,0.0
2026-07-29T09:53:52.833641,AD93C7,N974PA,33.286991,-117.471986,,,315,,4671,-33.7,340,0.0
2026-07-29T09:53:52.833641,A3D3D8,,33.11792,-117.351617,,,264,,,-35.1,16,10.1
2026-07-29T09:53:52.833641,A14D78,SKW3015,33.239456,-117.591064,,,138,,3222,-49.5,97,11.0
2026-07-29T09:53:52.833641,AB2FAD,,33.232727,-117.452637,,,321,,2416,-49.5,10,0.6
2026-07-29T09:53:57.886788,A1C0B6,N2118N,33.091658,-117.245589,,,315,,7340,-33.3,5200,0.8
2026-07-29T09:53:57.886788,A3EF2A,CXK234,33.091193,-117.148394,,,73,,5267,-49.5,1749,1.8
2026-07-29T09:53:57.886788,AD0343,CXK240,33.343414,-117.534375,,,321,,4664,-49.5,1374,3.5
2026-07-29T09:53:57.886788,A4D97E,SKW3217,32.913666,-117.296686,,,144,,1650,-49.5,1249,3.7
2026-07-29T09:53:57.886788,A1388C,SKW3110,33.030304,-117.677362,,,307,,6737,-37.3,255,24.6
2026-07-29T09:53:57.886788,A12D51,ARCAT70,32.977047,-116.949127,,,45,,4723,-27.1,2032,0.5
2026-07-29T09:53:57.886788,A4A425,N3989S,32.905868,-117.295644,,,350,,1200,-36.5,103,0.7
2026-07-29T09:53:57.886788,AA56F8,UAL1212,33.275162,-116.747479,,,134,,3274,-49.5,466,0.4
2026-07-29T09:53:57.886788,AD93C7,N974PA,33.289133,-117.474508,,,315,,4671,-35.7,371,0.1
2026-07-29T09:53:57.886788,A3D3D8,,33.11792,-117.351617,,,264,,,-35.1,16,15.1
2026-07-29T09:53:57.886788,A14D78,SKW3015,33.239456,-117.591064,,,138,,3222,-49.5,97,16.0
2026-07-29T09:53:57.886788,A2A2E6,UAL345,33.699584,-116.32822,,,,,,-49.5,5,10.5
2026-07-29T09:53:57.886788,AB2FAD,N82MZ,33.235505,-117.455338,,,319,,2416,-49.5,34,0.3
2026-07-29T09:54:02.916734,A1C0B6,N2118N,33.093613,-117.247887,,,315,,7340,-32.5,5255,0.1
2026-07-29T09:54:02.916734,A3EF2A,CXK234,33.091938,-117.145199,,,75,,5267,-23.5,1792,0.4
2026-07-29T09:54:02.916734,AD0343,CXK240,33.343414,-117.534375,,,321,,4664,-49.5,1374,8.6
2026-07-29T09:54:02.916734,A4D97E,SKW3217,32.904704,-117.289198,,,144,,1650,-29.6,1320,0.0
2026-07-29T09:54:02.916734,A1388C,SKW3110,33.030304,-117.677362,,,307,,6737,-37.3,255,29.7
2026-07-29T09:54:02.916734,A12D51,ARCAT70,32.980637,-116.944794,,,45,,4723,-28.0,2084,0.2
2026-07-29T09:54:02.916734,A4A425,N3989S,32.906334,-117.2957,,,350,,1200,-35.2,104,4.8
2026-07-29T09:54:02.916734,AA56F8,UAL1212,33.2677,-116.738525,,,134,,3274,-26.2,524,0.5
2026-07-29T09:54:02.916734,AD93C7,N974PA,33.291367,-117.477081,,,315,,4671,-33.9,392,0.0
2026-07-29T09:54:02.916734,A3D3D8,,33.11792,-117.351617,,,264,,,-35.1,16,20.2
2026-07-29T09:54:02.916734,A14D78,SKW3015,33.239456,-117.591064,,,138,,3222,-49.5,97,21.1
2026-07-29T09:54:02.916734,A2A2E6,UAL345,33.699584,-116.32822,,,,,,-36.9,8,15.6
2026-07-29T09:54:02.916734,AB2FAD,N82MZ,33.23822,-117.458185,,,318,,2416,-49.5,58,0.1
2026-07-29T09:54:07.999150,A1C0B6,N2118N,33.095243,-117.249737,,,316,,7340,-49.5,5317,0.4
2026-07-29T09:54:07.999150,A3EF2A,CXK234,33.092217,-117.14391,,,74,,5267,-35.3,1815,2.9
2026-07-29T09:54:07.999150,AD0343,CXK240,33.343414,-117.534375,,,321,,4664,-49.5,1374,13.7
2026-07-29T09:54:07.999150,A4D97E,SKW3217,32.899723,-117.28505,,,145,,1650,-30.2,1384,0.3
2026-07-29T09:54:07.999150,A1388C,SKW3110,33.030304,-117.677362,,,307,,6737,-37.3,255,34.7
2026-07-29T09:54:07.999150,A12D51,ARCAT70,32.983843,-116.940943,,,45,,4723,-27.7,2148,0.4
2026-07-29T09:54:07.999150,A4A425,N3989S,32.906334,-117.2957,,,350,,1200,-35.2,104,9.8
2026-07-29T09:54:07.999150,AA56F8,UAL1212,33.259526,-116.728727,,,134,,3274,-49.5,598,0.0
2026-07-29T09:54:07.999150,AD93C7,N974PA,33.293323,-117.479385,,,315,,4671,-35.3,431,0.6
2026-07-29T09:54:07.999150,A3D3D8,,33.116821,-117.363647,,,273,,,-34.1,24,0.2
2026-07-29T09:54:07.999150,A14D78,SKW3015,33.239456,-117.591064,,,138,,3222,-49.5,97,26.2
2026-07-29T09:54:07.999150,A2A2E6,UAL345,33.699584,-116.32822,,,,,,-36.9,8,20.7
2026-07-29T09:54:07.999150,AB2FAD,N82MZ,33.240463,-117.460547,,,318,,2416,-36.5,75,0.8
2026-07-29T09:54:07.999150,A12241,,33.198029,-117.119641,,,101,,,-35.3,4,1.2
2026-07-29T09:54:13.039991,A1C0B6,N2118N,33.097092,-117.251807,,,316,,7340,-49.5,5381,0.2
2026-07-29T09:54:13.039991,A3EF2A,CXK234,33.092789,-117.141559,,,73,,5267,-49.5,1821,3.2
2026-07-29T09:54:13.039991,AD0343,CXK240,33.343414,-117.534375,,,321,,4664,-49.5,1374,18.7
2026-07-29T09:54:13.039991,A4D97E,SKW3217,32.897049,-117.282843,,,144,,1650,-33.3,1424,2.8
2026-07-29T09:54:13.039991,A1388C,SKW3110,33.030304,-117.677362,,,307,,6737,-36.0,256,39.8
2026-07-29T09:54:13.039991,A12D51,ARCAT70,32.987457,-116.936664,,,45,,4723,-49.5,2205,0.2
2026-07-29T09:54:13.039991,A4A425,N3989S,32.912476,-117.296906,,,349,,1200,-49.5,118,0.5
2026-07-29T09:54:13.039991,AA56F8,UAL1212,33.252077,-116.719815,,,134,,3274,-31.8,656,0.2
2026-07-29T09:54:13.039991,AD93C7,N974PA,33.295464,-117.481851,,,315,,4671,-34.3,456,0.9
2026-07-29T09:54:13.039991,A3D3D8,N346CP,33.116983,-117.364645,,,285,,5263,-36.1,35,3.4
2026-07-29T09:54:13.039991,A14D78,SKW3015,33.239456,-117.591064,,,138,,3222,-49.5,97,31.2
2026-07-29T09:54:13.039991,A2A2E6,UAL345,33.699584,-116.32822,,,,,,-49.5,9,25.7
2026-07-29T09:54:13.039991,AB2FAD,N82MZ,33.242798,-117.463019,,,318,,2416,-37.3,91,1.2
2026-07-29T09:54:13.039991,A12241,,33.198029,-117.119641,,,101,,,-35.3,4,6.3
2026-07-29T09:54:18.091329,A1C0B6,N2118N,33.098877,-117.253839,,,316,,7340,-28.9,5447,0.0
2026-07-29T09:54:18.091329,A3EF2A,CXK234,33.093704,-117.137604,,,74,,5267,-49.5,1877,0.1
2026-07-29T09:54:18.091329,AD0343,CXK240,33.343414,-117.534375,,,321,,4664,-49.5,1374,23.7
2026-07-29T09:54:18.091329,A4D97E,SKW3217,32.889482,-117.27653,,,145,,1650,-33.7,1459,0.5
2026-07-29T09:54:18.091329,A1388C,SKW3110,33.030304,-117.677362,,,307,,6737,-36.0,256,44.8
2026-07-29T09:54:18.091329,A12D51,ARCAT70,32.990267,-116.933264,,,45,,4723,-24.9,2263,0.9
2026-07-29T09:54:18.091329,A4A425,N3989S,32.914108,-117.297326,,,346,,1200,-35.7,143,1.7
2026-07-29T09:54:18.091329,AA56F8,UAL1212,33.244949,-116.711224,,,134,,3274,-49.5,725,0.3
2026-07-29T09:54:18.091329,AD93C7,N974PA,33.297821,-117.484607,,,315,,4671,-34.5,480,0.6
2026-07-29T09:54:18.091329,A3D3D8,N346CP,33.116983,-117.364645,,,285,,5263,-36.1,35,8.4
2026-07-29T09:54:18.091329,A14D78,SKW3015,33.239456,-117.591064,,,138,,3222,-49.5,97,36.2
2026-07-29T09:54:18.091329,A2A2E6,UAL345,33.699584,-116.32822,,,,,,-39.0,11,30.8
2026-07-29T09:54:18.091329,AB2FAD,N82MZ,33.242798,-117.463019,,,318,,2416,-49.5,94,6.3
2026-07-29T09:54:18.091329,A12241,,33.198029,-117.119641,,,101,,,-35.3,4,11.3
2026-07-29T09:54:23.143735,A1C0B6,N2118N,33.100433,-117.255597,,,315,,7340,-29.3,5503,0.5
2026-07-29T09:54:23.143735,A3EF2A,CXK234,33.094312,-117.135165,,,72,,5267,-29.1,1924,0.3
2026-07-29T09:54:23.143735,AD0343,CXK240,33.343414,-117.534375,,,321,,4664,-49.5,1374,28.8
2026-07-29T09:54:23.143735,A4D97E,SKW3217,32.884128,-117.272102,,,144,,1650,-49.5,1518,0.3
2026-07-29T09:54:23.143735,A1388C,SKW3110,33.075348,-117.741028,,,307,,6737,-49.5,257,2.6
2026-07-29T09:54:23.143735,A12D51,ARCAT70,32.994131,-116.928667,,,45,,4723,-24.6,2320,0.4
2026-07-29T09:54:23.143735,A4A425,N3989S,32.915863,-117.297784,,,346,,1200,-35.6,164,2.5
2026-07-29T09:54:23.143735,AA56F8,UAL1212,33.23732,-116.702102,,,134,,3274,-49.5,805,0.3
2026-07-29T09:54:23.143735,AD93C7,N974PA,33.30043,-117.487628,,,315,,4671,-49.5,505,0.0
2026-07-29T09:54:23.143735,A3D3D8,N346CP,33.116983,-117.364645,,,285,,5263,-36.1,35,13.5
2026-07-29T09:54:23.143735,A14D78,SKW3015,33.239456,-117.591064,,,138,,3222,-49.5,101,41.3
2026-07-29T09:54:23.143735,A2A2E6,UAL345,33.699584,-116.32822,,,,,,-37.0,12,35.8
2026-07-29T09:54:23.143735,AB2FAD,N82MZ,33.242798,-117.463019,,,318,,2416,-49.5,94,11.3
2026-07-29T09:54:23.143735,A12241,,33.198029,-117.119641,,,101,,,-35.3,4,16.4
2026-07-29T09:54:28.223071,A1C0B6,N2118N,33.102272,-117.257809,,,315,,7340,-49.5,5569,0.0
2026-07-29T09:54:28.223071,A3EF2A,CXK234,33.094894,-117.13288,,,73,,5267,-31.2,1975,0.7
2026-07-29T09:54:28.223071,AD0343,CXK240,33.343414,-117.534375,,,321,,4664,-49.5,1374,33.9
2026-07-29T09:54:28.223071,A4D97E,SKW3217,32.878601,-117.267517,,,144,,1650,-31.7,1556,0.0
2026-07-29T09:54:28.223071,A1388C,SKW3110,33.082123,-117.748279,,,319,,6737,-49.5,261,1.7
2026-07-29T09:54:28.223071,A12D51,ARCAT70,32.997711,-116.924414,,,45,,4723,-49.5,2357,0.2
2026-07-29T09:54:28.223071,A4A425,N3989S,32.918624,-117.298671,,,344,,1200,-49.5,174,0.9
2026-07-29T09:54:28.223071,AA56F8,UAL1212,33.229313,-116.692461,,,134,,3274,-31.1,868,0.0
2026-07-29T09:54:28.223071,AD93C7,N974PA,33.301987,-117.489441,,,315,,4671,-49.5,521,1.8
2026-07-29T09:54:28.223071,A3D3D8,N346CP,33.116983,-117.364645,,,285,,5263,-36.1,35,18.6
2026-07-29T09:54:28.223071,A14D78,SKW3015,33.239456,-117.591064,,,138,,3222,-49.5,109,46.4
2026-07-29T09:54:28.223071,A2A2E6,UAL345,33.699584,-116.32822,,,,,,-49.5,14,40.9
2026-07-29T09:54:28.223071,AB2FAD,N82MZ,33.242798,-117.463019,,,318,,2416,-49.5,94,16.4
2026-07-29T09:54:28.223071,A12241,,33.198029,-117.119641,,,101,,,-35.3,4,21.5
2026-07-29T09:54:28.223071,A15743,,33.501846,-116.968854,,,,,,-49.5,2,0.9
2026-07-29T09:54:33.302105,A1C0B6,N2118N,33.103901,-117.259659,,,315,,7340,-30.4,5632,0.4
2026-07-29T09:54:33.302105,A3EF2A,CXK234,33.095444,-117.130463,,,74,,5267,-49.5,2017,0.7
2026-07-29T09:54:33.302105,AD0343,CXK240,33.343414,-117.534375,,,321,,4664,-49.5,1374,39.0
2026-07-29T09:54:33.302105,A4D97E,SKW3217,32.874632,-117.264255,,,145,,1650,-49.5,1605,1.2
2026-07-29T09:54:33.302105,A1388C,SKW3110,33.088623,-117.754926,,,319,,6737,-49.5,277,1.1
2026-07-29T09:54:33.302105,A12D51,ARCAT70,33.001068,-116.920428,,,45,,4723,-49.5,2385,0.2
2026-07-29T09:54:33.302105,A4A425,N3989S,32.920718,-117.2994,,,343,,1200,-35.7,180,1.0
2026-07-29T09:54:33.302105,AA56F8,UAL1212,33.224379,-116.686576,,,134,,3274,-36.1,907,1.8
2026-07-29T09:54:33.302105,AD93C7,N974PA,33.304821,-117.492726,,,315,,4671,-36.2,539,0.8
2026-07-29T09:54:33.302105,A3D3D8,N346CP,33.116983,-117.364645,,,285,,5263,-36.1,35,23.7
2026-07-29T09:54:33.302105,A14D78,SKW3015,33.239456,-117.591064,,,138,,3222,-49.5,109,51.5
2026-07-29T09:54:33.302105,A2A2E6,UAL345,33.699584,-116.32822,,,,,,-37.7,15,46.0
2026-07-29T09:54:33.302105,AB2FAD,N82MZ,33.242798,-117.463019,,,318,,2416,-49.5,94,21.5
2026-07-29T09:54:33.302105,A12241,,33.198029,-117.119641,,,101,,,-35.3,4,26.6
2026-07-29T09:54:33.302105,A15743,,33.501846,-116.968854,,,,,,-37.3,3,6.0
2026-07-29T09:54:38.380565,A1C0B6,N2118N,33.105717,-117.261789,,,315,,7340,-49.5,5677,0.0
2026-07-29T09:54:38.380565,A3EF2A,CXK234,33.096127,-117.12771,,,73,,5267,-49.5,2057,0.2
2026-07-29T09:54:38.380565,AD0343,CXK240,33.343414,-117.534375,,,321,,4664,-49.5,1374,44.1
2026-07-29T09:54:38.380565,A4D97E,SKW3217,32.869537,-117.259991,,,145,,1650,-49.5,1630,1.3
2026-07-29T09:54:38.380565,A1388C,SKW3110,33.0911,-117.757406,,,319,,6737,-49.5,281,4.0
2026-07-29T09:54:38.380565,A12D51,ARCAT70,33.003845,-116.917108,,,45,,4723,-49.5,2437,1.2
2026-07-29T09:54:38.380565,A4A425,N3989S,32.922581,-117.300072,,,343,,1200,-33.9,212,1.4
2026-07-29T09:54:38.380565,AA56F8,UAL1212,33.224379,-116.686576,,,134,,3274,-34.9,908,6.9
2026-07-29T09:54:38.380565,AD93C7,N974PA,33.307159,-117.495374,,,316,,4671,-35.8,559,0.9
2026-07-29T09:54:38.380565,A3D3D8,N346CP,33.116983,-117.364645,,,285,,5263,-36.1,35,28.7
2026-07-29T09:54:38.380565,A14D78,SKW3015,33.169075,-117.517052,,,138,,3222,-32.9,139,0.5
2026-07-29T09:54:38.380565,A2A2E6,UAL345,33.680695,-116.456311,,,260,,,-49.5,37,1.0
2026-07-29T09:54:38.380565,AB2FAD,N82MZ,33.242798,-117.463019,,,318,,2416,-49.5,94,26.6
2026-07-29T09:54:38.380565,A12241,,33.198029,-117.119641,,,101,,,-35.3,4,31.6
2026-07-29T09:54:38.380565,A15743,,33.501846,-116.968854,,,,,,-37.3,3,11.1
2026-07-29T09:54:43.460064,A1C0B6,N2118N,33.105717,-117.261789,,,316,,7340,-36.6,5687,5.1
2026-07-29T09:54:43.460064,A3EF2A,CXK234,33.09668,-117.125409,,,73,,5267,-29.1,2076,0.6
2026-07-29T09:54:43.460064,AD0343,CXK240,33.343414,-117.534375,,,321,,4664,-49.5,1374,49.1
2026-07-29T09:54:43.460064,A4D97E,SKW3217,32.865601,-117.2568,,,145,,1650,-49.5,1642,2.5
2026-07-29T09:54:43.460064,A1388C,SKW3110,33.0911,-117.757406,,,319,,6737,-49.5,281,9.1
2026-07-29T09:54:43.460064,A12D51,ARCAT70,33.007919,-116.912219,,,45,,4723,-32.9,2479,0.2
2026-07-29T09:54:43.460064,A4A425,N3989S,32.924561,-117.300751,,,343,,1200,-49.5,225,1.6
2026-07-29T09:54:43.460064,AA56F8,UAL1212,33.207001,-116.665686,,,134,,3274,-49.5,937,0.3
2026-07-29T09:54:43.460064,AD93C7,N974PA,33.309998,-117.498615,,,316,,4671,-36.0,587,0.0
2026-07-29T09:54:43.460064,A3D3D8,N346CP,33.116983,-117.364645,,,285,,5263,-36.1,35,33.8
2026-07-29T09:54:43.460064,A14D78,SKW3015,33.16265,-117.51027,,,138,,3222,-49.5,190,0.3
2026-07-29T09:54:43.460064,A2A2E6,UAL345,33.678589,-116.470814,,,260,,1372,-35.3,64,0.4
2026-07-29T09:54:43.460064,AB2FAD,N82MZ,33.242798,-117.463019,,,318,,2416,-49.5,94,31.7
2026-07-29T09:54:43.460064,A12241,,33.198029,-117.119641,,,101,,,-35.3,4,36.7
2026-07-29T09:54:43.460064,A15743,,33.501846,-116.968854,,,,,,-37.3,3,16.1
2026-07-29T09:54:43.460064,AC97CE,,33.111328,-116.817957,,,326,,,-49.5,2,8.2
2026-07-29T09:54:48.539110,A1C0B6,N2118N,33.108371,-117.264815,,,316,,7340,-49.5,5693,2.4
2026-07-29T09:54:48.539110,A3EF2A,CXK234,33.097291,-117.122834,,,73,,5267,-29.5,2112,0.5
2026-07-29T09:54:48.539110,AD0343,CXK240,33.343414,-117.534375,,,321,,4664,-49.5,1374,54.2
2026-07-29T09:54:48.539110,A4D97E,SKW3217,32.859176,-117.251419,,,145,,1650,-33.9,1644,1.3
2026-07-29T09:54:48.539110,A1388C,SKW3110,33.0911,-117.757406,,,319,,6737,-49.5,281,14.2
2026-07-29T09:54:48.539110,A12D51,ARCAT70,33.011307,-116.908154,,,45,,4723,-49.5,2545,0.3
2026-07-29T09:54:48.539110,A4A425,N3989S,32.927124,-117.30163,,,343,,1200,-49.5,238,0.3
2026-07-29T09:54:48.539110,AA56F8,UAL1212,33.199566,-116.656756,,,134,,3274,-28.8,1000,0.4
2026-07-29T09:54:48.539110,AD93C7,N974PA,33.311783,-117.500702,,,316,,4671,-34.9,604,1.3
2026-07-29T09:54:48.539110,A3D3D8,N346CP,33.116983,-117.364645,,,285,,5263,-36.1,35,38.9
2026-07-29T09:54:48.539110,A14D78,SKW3015,33.156552,-117.503936,,,138,,3222,-26.9,236,0.4
2026-07-29T09:54:48.539110,A2A2E6,UAL345,33.677032,-116.481255,,,260,,1372,-35.0,76,1.4
2026-07-29T09:54:48.539110,AB2FAD,N82MZ,33.242798,-117.463019,,,318,,2416,-49.5,94,36.7
2026-07-29T09:54:48.539110,A12241,,33.198029,-117.119641,,,101,,,-35.3,4,41.8
2026-07-29T09:54:48.539110,A15743,,33.501846,-116.968854,,,,,,-37.3,3,21.2
2026-07-29T09:54:48.539110,AC97CE,,33.115959,-116.821607,,,326,,,-35.3,8,3.2
2026-07-29T09:54:48.539110,A63F4E,,33.496663,-116.684334,,,91,,,-36.8,19,2.2
2026-07-29T09:54:53.627988,A1C0B6,N2118N,33.109589,-117.266199,,,315,,7340,-35.9,5700,3.9
2026-07-29T09:54:53.627988,A3EF2A,CXK234,33.097943,-117.120143,,,75,,5267,-27.7,2164,0.1
2026-07-29T09:54:53.627988,AD0343,CXK240,33.343414,-117.534375,,,321,,4664,-49.5,1374,59.3
2026-07-29T09:54:53.627988,A4D97E,SKW3217,32.854242,-117.247327,,,144,,1650,-35.7,1663,1.5
2026-07-29T09:54:53.627988,A1388C,SKW3110,33.0911,-117.757406,,,319,,6737,-49.5,281,19.2
2026-07-29T09:54:53.627988,A12D51,ARCAT70,33.014754,-116.904004,,,45,,4723,-49.5,2601,0.2
2026-07-29T09:54:53.627988,A4A425,N3989S,32.927353,-117.30174,,,343,,1200,-34.9,244,4.8
2026-07-29T09:54:53.627988,AA56F8,UAL1212,33.191666,-116.647339,,,134,,3274,-49.5,1057,0.1
2026-07-29T09:54:53.627988,AD93C7,N974PA,33.311783,-117.500702,,,316,,4671,-49.5,609,6.4
2026-07-29T09:54:53.627988,A3D3D8,N346CP,33.116983,-117.364645,,,285,,5263,-36.1,35,44.0
2026-07-29T09:54:53.627988,A14D78,SKW3015,33.150421,-117.497626,,,139,,3222,-49.5,285,0.6
2026-07-29T09:54:53.627988,A2A2E6,UAL345,33.677032,-116.481255,,,260,,1372,-49.5,81,6.4
2026-07-29T09:54:53.627988,AB2FAD,N82MZ,33.242798,-117.463019,,,318,,2416,-49.5,94,41.8
2026-07-29T09:54:53.627988,A12241,,33.198029,-117.119641,,,101,,,-35.3,4,46.9
2026-07-29T09:54:53.627988,A15743,,33.501846,-116.968854,,,,,,-37.3,3,26.3
2026-07-29T09:54:53.627988,AC97CE,,33.115959,-116.821607,,,326,,,-35.3,8,8.2
2026-07-29T09:54:53.627988,A63F4E,,33.49643,-116.668415,,,91,,,-35.6,43,0.3
2026-07-29T09:54:58.680289,A1C0B6,N2118N,33.109589,-117.266199,,,315,,7340,-35.9,5700,9.0
2026-07-29T09:54:58.680289,A3EF2A,CXK234,33.098455,-117.117845,,,73,,5267,-49.5,2214,0.5
2026-07-29T09:54:58.680289,A4D97E,SKW3217,32.849075,-117.243073,,,144,,1650,-36.5,1667,1.6
2026-07-29T09:54:58.680289,A1388C,SKW3110,33.0911,-117.757406,,,319,,6737,-49.5,281,24.3
2026-07-29T09:54:58.680289,A12D51,ARCAT70,33.017532,-116.900629,,,45,,4723,-35.3,2639,1.2
2026-07-29T09:54:58.680289,A4A425,N3989S,32.927353,-117.30174,,,343,,1200,-34.9,244,9.8
2026-07-29T09:54:58.680289,AA56F8,UAL1212,33.184809,-116.639099,,,134,,3274,-49.5,1109,0.5
2026-07-29T09:54:58.680289,AD93C7,N974PA,33.311783,-117.500702,,,316,,4671,-49.5,609,11.5
2026-07-29T09:54:58.680289,A3D3D8,N346CP,33.116983,-117.364645,,,285,,5263,-36.1,35,49.0
2026-07-29T09:54:58.680289,A14D78,SKW3015,33.144076,-117.49138,,,140,,3222,-35.7,327,0.7
2026-07-29T09:54:58.680289,A2A2E6,UAL345,33.677032,-116.481255,,,260,,1372,-38.7,83,11.5
2026-07-29T09:54:58.680289,AB2FAD,N82MZ,33.242798,-117.463019,,,318,,2416,-49.5,94,46.9
2026-07-29T09:54:58.680289,A12241,,33.198029,-117.119641,,,101,,,-35.3,4,51.9
2026-07-29T09:54:58.680289,A15743,,33.501846,-116.968854,,,,,,-37.3,3,31.3
2026-07-29T09:54:58.680289,AC97CE,,33.115959,-116.821607,,,324,,,-49.5,9,13.3
2026-07-29T09:54:58.680289,A63F4E,,33.496216,-116.656952,,,91,,6702,-49.5,65,0.4
2026-07-29T09:55:03.721618,A1C0B6,N2118N,33.109589,-117.266199,,,315,,7340,-35.9,5700,14.1
2026-07-29T09:55:03.721618,A3EF2A,CXK234,33.099152,-117.115247,,,72,,5267,-49.5,2249,0.4
2026-07-29T09:55:03.721618,A4D97E,SKW3217,32.84279,-117.237798,,,145,,1650,-49.5,1685,0.4
2026-07-29T09:55:03.721618,A1388C,SKW3110,33.0911,-117.757406,,,319,,6737,-49.5,282,29.4
2026-07-29T09:55:03.721618,A12D51,ARCAT70,33.02179,-116.895465,,,45,,4723,-30.2,2656,0.0
2026-07-29T09:55:03.721618,A4A425,N3989S,32.927353,-117.30174,,,343,,1200,-34.9,244,14.9
2026-07-29T09:55:03.721618,AA56F8,UAL1212,33.178851,-116.63198,,,134,,3274,-34.3,1128,1.6
2026-07-29T09:55:03.721618,AD93C7,N974PA,33.311783,-117.500702,,,316,,4671,-49.5,609,16.5
2026-07-29T09:55:03.721618,A3D3D8,N346CP,33.116983,-117.364645,,,285,,5263,-36.1,35,54.1
2026-07-29T09:55:03.721618,A14D78,SKW3015,33.144076,-117.49138,,,140,,3222,-35.7,327,5.8
2026-07-29T09:55:03.721618,A2A2E6,UAL345,33.677032,-116.481255,,,260,,1372,-49.5,86,16.6
2026-07-29T09:55:03.721618,AB2FAD,N82MZ,33.242798,-117.463019,,,318,,2416,-49.5,94,51.9
2026-07-29T09:55:03.721618,A12241,,33.198029,-117.119641,,,101,,,-35.3,4,57.0
2026-07-29T09:55:03.721618,A15743,,33.501846,-116.968854,,,,,,-37.3,3,36.4
2026-07-29T09:55:03.721618,AC97CE,,33.122086,-116.826691,,,324,,,-35.9,12,4.6
2026-07-29T09:55:03.721618,A63F4E,,33.496216,-116.656952,,,91,,6702,-49.5,82,5.5
2026-07-29T09:55:08.800552,A1C0B6,N2118N,33.109589,-117.266199,,,315,,7340,-35.9,5700,19.1
2026-07-29T09:55:08.800552,A3EF2A,CXK234,33.099572,-117.113585,,,72,,5267,-34.0,2292,2.0
2026-07-29T09:55:08.800552,A4D97E,SKW3217,32.840515,-117.235931,,,145,,1650,-49.5,1690,3.4
2026-07-29T09:55:08.800552,A1388C,SKW3110,33.0911,-117.757406,,,319,,6737,-49.5,282,34.4
2026-07-29T09:55:08.800552,A12D51,ARCAT70,33.024948,-116.89162,,,45,,4723,-26.0,2703,0.4
2026-07-29T09:55:08.800552,A4A425,N3989S,32.927353,-117.30174,,,343,,1200,-34.9,244,20.0
2026-07-29T09:55:08.800552,AA56F8,UAL1212,33.168869,-116.620038,,,134,,3274,-49.5,1130,0.0
2026-07-29T09:55:08.800552,AD93C7,N974PA,33.311783,-117.500702,,,316,,4671,-49.5,609,21.6
2026-07-29T09:55:08.800552,A3D3D8,N346CP,33.116983,-117.364645,,,285,,5263,-36.1,35,59.2
2026-07-29T09:55:08.800552,A14D78,SKW3015,33.144076,-117.49138,,,140,,3222,-35.7,327,10.8
2026-07-29T09:55:08.800552,A2A2E6,UAL345,33.677032,-116.481255,,,259,,1372,-37.8,91,21.6
2026-07-29T09:55:08.800552,AB2FAD,N82MZ,33.242798,-117.463019,,,318,,2416,-49.5,94,57.0
2026-07-29T09:55:08.800552,A15743,,33.501846,-116.968854,,,,,,-37.3,3,41.5
2026-07-29T09:55:08.800552,AC97CE,,33.122086,-116.826691,,,324,,,-35.9,12,9.7
2026-07-29T09:55:08.800552,A63F4E,,33.496216,-116.656952,,,91,,6702,-49.5,85,10.6
2026-07-29T09:55:13.878860,A1C0B6,N2118N,33.109589,-117.266199,,,315,,7340,-35.9,5700,24.2
2026-07-29T09:55:13.878860,A3EF2A,CXK234,33.10027,-117.110895,,,72,,5267,-49.5,2298,1.7
2026-07-29T09:55:13.878860,A4D97E,SKW3217,32.840515,-117.235931,,,145,,1650,-49.5,1694,8.4
2026-07-29T09:55:13.878860,A1388C,SKW3110,33.0911,-117.757406,,,319,,6737,-49.5,282,39.5
2026-07-29T09:55:13.878860,A12D51,ARCAT70,33.028336,-116.8875,,,45,,4723,-33.9,2751,0.4
2026-07-29T09:55:13.878860,A4A425,N3989S,32.936829,-117.304926,,,343,,1200,-34.6,248,2.6
2026-07-29T09:55:13.878860,AA56F8,UAL1212,33.164017,-116.614105,,,133,,3274,-34.9,1155,1.7
2026-07-29T09:55:13.878860,AD93C7,N974PA,33.311783,-117.500702,,,316,,4671,-49.5,609,26.7
2026-07-29T09:55:13.878860,A14D78,SKW3015,33.125316,-117.472771,,,138,,3222,-31.1,371,1.0
2026-07-29T09:55:13.878860,A2A2E6,UAL345,33.677032,-116.481255,,,259,,1372,-49.5,94,26.7
2026-07-29T09:55:13.878860,AB2FAD,N82MZ,33.242798,-117.463019,,,318,,2416,-49.5,94,62.0
2026-07-29T09:55:13.878860,A15743,,33.501846,-116.968854,,,,,,-37.3,3,46.5
2026-07-29T09:55:13.878860,AC97CE,,33.122086,-116.826691,,,324,,,-35.9,12,14.7
2026-07-29T09:55:13.878860,A63F4E,,33.496216,-116.656952,,,91,,6702,-49.5,86,15.6
2026-07-29T09:55:18.929792,A1C0B6,N2118N,33.109589,-117.266199,,,315,,7340,-35.9,5700,29.2
2026-07-29T09:55:18.929792,A3EF2A,CXK234,33.100983,-117.108105,,,72,,5267,-49.5,2314,1.2
2026-07-29T09:55:18.929792,A4D97E,SKW3217,32.840515,-117.235931,,,145,,1650,-35.8,1696,13.4
2026-07-29T09:55:18.929792,A1388C,SKW3110,33.0911,-117.757406,,,319,,6737,-37.3,283,44.5
2026-07-29T09:55:18.929792,A12D51,ARCAT70,33.031652,-116.883433,,,45,,4723,-49.5,2773,0.5
2026-07-29T09:55:18.929792,A4A425,N3989S,32.936829,-117.304926,,,343,,1200,-34.6,248,7.7
2026-07-29T09:55:18.929792,AA56F8,UAL1212,33.155228,-116.60257,,,131,,3274,-34.9,1163,0.6
2026-07-29T09:55:18.929792,AD93C7,N974PA,33.311783,-117.500702,,,316,,4671,-49.5,609,31.7
2026-07-29T09:55:18.929792,A14D78,SKW3015,33.119078,-117.466157,,,137,,3222,-49.5,414,0.9
2026-07-29T09:55:18.929792,A2A2E6,UAL345,33.677032,-116.481255,,,259,,1372,-49.5,94,31.7
2026-07-29T09:55:18.929792,A15743,,33.501846,-116.968854,,,,,,-37.3,3,51.5
2026-07-29T09:55:18.929792,AC97CE,,33.122086,-116.826691,,,324,,,-49.5,13,19.8
2026-07-29T09:55:18.929792,A63F4E,,33.496216,-116.656952,,,91,,6702,-37.7,87,20.6
2026-07-29T09:55:23.967141,A1C0B6,N2118N,33.109589,-117.266199,,,315,,7340,-35.9,5700,34.3
2026-07-29T09:55:23.967141,A3EF2A,CXK234,33.101715,-117.105304,,,72,,5267,-49.5,2326,0.7
2026-07-29T09:55:23.967141,A4D97E,SKW3217,32.840515,-117.235931,,,145,,1650,-49.5,1697,18.5
2026-07-29T09:55:23.967141,A1388C,SKW3110,33.0911,-117.757406,,,319,,6737,-37.3,283,49.6
2026-07-29T09:55:23.967141,A12D51,ARCAT70,33.03511,-116.879205,,,45,,4723,-49.5,2818,0.4
2026-07-29T09:55:23.967141,A4A425,N3989S,32.936829,-117.304926,,,343,,1200,-34.6,248,12.7
2026-07-29T09:55:23.967141,AA56F8,UAL1212,33.149988,-116.595266,,,130,,3274,-49.5,1181,1.8
2026-07-29T09:55:23.967141,AD93C7,N974PA,33.311783,-117.500702,,,316,,4671,-49.5,609,36.8
2026-07-29T09:55:23.967141,A14D78,SKW3015,33.112106,-117.458459,,,136,,3222,-28.9,468,0.0
2026-07-29T09:55:23.967141,A2A2E6,UAL345,33.677032,-116.481255,,,259,,1372,-49.5,94,36.8
2026-07-29T09:55:23.967141,A15743,,33.501846,-116.968854,,,96,,,-49.5,5,56.6
2026-07-29T09:55:23.967141,AC97CE,,33.122086,-116.826691,,,324,,,-49.5,13,24.9
2026-07-29T09:55:23.967141,A63F4E,,33.496216,-116.656952,,,91,,6702,-37.7,87,25.7
2026-07-29T09:55:23.967141,A2AA97,,32.924698,-117.264661,,,8,,2420,-49.5,25,1.1
2026-07-29T09:55:29.045302,A1C0B6,N2118N,33.109589,-117.266199,,,315,,7340,-35.9,5700,39.5
2026-07-29T09:55:29.045302,A3EF2A,CXK234,33.102356,-117.102887,,,73,,5267,-49.5,2362,0.9
2026-07-29T09:55:29.045302,A4D97E,SKW3217,32.840515,-117.235931,,,145,,1650,-49.5,1697,23.7
2026-07-29T09:55:29.045302,A1388C,SKW3110,33.0911,-117.757406,,,319,,6737,-37.3,283,54.7
2026-07-29T09:55:29.045302,A12D51,ARCAT70,33.038864,-116.874701,,,45,,4723,-28.8,2876,0.2
2026-07-29T09:55:29.045302,A4A425,N3989S,32.936829,-117.304926,,,343,,1200,-34.6,248,17.9
2026-07-29T09:55:29.045302,AA56F8,UAL1212,33.142273,-116.583893,,,128,,3274,-49.5,1202,1.3
2026-07-29T09:55:29.045302,AD93C7,N974PA,33.311783,-117.500702,,,316,,4671,-49.5,609,41.9
2026-07-29T09:55:29.045302,A14D78,SKW3015,33.107067,-117.452816,,,136,,3222,-29.3,520,0.9
2026-07-29T09:55:29.045302,A2A2E6,UAL345,33.677032,-116.481255,,,259,,1372,-49.5,94,42.0
2026-07-29T09:55:29.045302,A15743,,33.494289,-116.817515,,,96,,,-38.2,15,3.9
2026-07-29T09:55:29.045302,AC97CE,,33.122086,-116.826691,,,324,,,-49.5,13,30.0
2026-07-29T09:55:29.045302,A63F4E,,33.496216,-116.656952,,,91,,6702,-37.7,87,30.9
2026-07-29T09:55:29.045302,A2AA97,,32.924698,-117.264661,,,8,,2420,-37.5,27,6.2
2026-07-29T09:55:34.166340,A1C0B6,N2118N,33.109589,-117.266199,,,315,,7340,-35.9,5700,44.5
2026-07-29T09:55:34.166340,A3EF2A,CXK234,33.102997,-117.100195,,,74,,5267,-49.5,2413,0.5
2026-07-29T09:55:34.166340,A4D97E,SKW3217,32.816803,-117.213629,,,145,,1650,-37.7,1699,4.2
2026-07-29T09:55:34.166340,A1388C,SKW3110,33.0911,-117.757406,,,319,,6737,-37.3,283,59.7
2026-07-29T09:55:34.166340,A12D51,ARCAT70,33.042389,-116.870416,,,45,,4723,-28.9,2936,0.0
2026-07-29T09:55:34.166340,A4A425,N3989S,32.936829,-117.304926,,,344,,1200,-49.5,250,22.9
2026-07-29T09:55:34.166340,AA56F8,UAL1212,33.138382,-116.57785,,,127,,3274,-37.3,1211,3.2
2026-07-29T09:55:34.166340,AD93C7,N974PA,33.311783,-117.500702,,,316,,4671,-49.5,609,46.9
2026-07-29T09:55:34.166340,A14D78,SKW3015,33.101434,-117.446426,,,135,,3222,-49.5,574,1.1
2026-07-29T09:55:34.166340,A2A2E6,UAL345,33.677032,-116.481255,,,259,,1372,-49.5,94,47.0
2026-07-29T09:55:34.166340,A15743,,33.494289,-116.817515,,,96,,,-36.0,16,8.9
2026-07-29T09:55:34.166340,AC97CE,,33.122086,-116.826691,,,324,,,-49.5,13,35.0
2026-07-29T09:55:34.166340,A63F4E,,33.496216,-116.656952,,,91,,6702,-37.7,87,35.9
2026-07-29T09:55:34.166340,A2AA97,,32.931793,-117.263397,,,8,,2420,-34.9,43,0.2
2026-07-29T09:55:39.205142,A1C0B6,N2118N,33.109589,-117.266199,,,315,,7340,-35.9,5700,49.5
2026-07-29T09:55:39.205142,A3EF2A,CXK234,33.103529,-117.09789,,,73,,5267,-49.5,2449,0.2
2026-07-29T09:55:39.205142,A4D97E,SKW3217,32.816803,-117.213629,,,145,,1650,-37.7,1699,9.3
2026-07-29T09:55:39.205142,A1388C,SKW3110,33.0911,-117.757406,,,319,,6737,-37.3,283,64.8
2026-07-29T09:55:39.205142,A12D51,ARCAT70,33.045385,-116.866785,,,45,,4723,-49.5,2974,0.0
2026-07-29T09:55:39.205142,A4A425,N3989S,32.947769,-117.308606,,,347,,1200,-34.4,256,0.1
2026-07-29T09:55:39.205142,AA56F8,UAL1212,33.138382,-116.57785,,,127,,3274,-37.3,1211,8.2
2026-07-29T09:55:39.205142,AD93C7,N974PA,33.311783,-117.500702,,,316,,4671,-49.5,609,52.0
2026-07-29T09:55:39.205142,A14D78,SKW3015,33.095764,-117.439783,,,135,,3222,-26.6,624,0.3
2026-07-29T09:55:39.205142,A2A2E6,UAL345,33.677032,-116.481255,,,259,,1372,-49.5,94,52.0
2026-07-29T09:55:39.205142,A15743,,33.494289,-116.817515,,,96,,,-36.0,16,13.9
2026-07-29T09:55:39.205142,AC97CE,,33.122086,-116.826691,,,324,,,-49.5,13,40.1
2026-07-29T09:55:39.205142,A63F4E,,33.496216,-116.656952,,,91,,6702,-37.7,87,40.9
2026-07-29T09:55:39.205142,A2AA97,,32.934723,-117.262848,,,8,,2420,-49.5,89,0.0
2026-07-29T09:55:44.211079,A1C0B6,N2118N,33.109589,-117.266199,,,315,,7340,-35.9,5700,54.5
2026-07-29T09:55:44.211079,A3EF2A,CXK234,33.104181,-117.095088,,,74,,5267,-49.5,2478,0.2
2026-07-29T09:55:44.211079,A4D97E,SKW3217,32.816803,-117.213629,,,145,,1650,-37.7,1699,14.3
2026-07-29T09:55:44.211079,A1388C,SKW3110,33.0911,-117.757406,,,319,,6737,-37.3,283,69.8
2026-07-29T09:55:44.211079,A12D51,ARCAT70,33.048132,-116.863478,,,45,,4723,-33.2,3012,1.6
2026-07-29T09:55:44.211079,A4A425,N3989S,32.9496,-117.309045,,,348,,1200,-49.5,294,0.1
2026-07-29T09:55:44.211079,AA56F8,UAL1212,33.138382,-116.57785,,,127,,3274,-37.3,1211,13.2
2026-07-29T09:55:44.211079,AD93C7,N974PA,33.311783,-117.500702,,,316,,4671,-49.5,609,57.0
2026-07-29T09:55:44.211079,A14D78,SKW3015,33.089005,-117.431796,,,134,,3222,-32.8,679,0.3
2026-07-29T09:55:44.211079,A2A2E6,UAL345,33.677032,-116.481255,,,259,,1372,-49.5,94,57.0
2026-07-29T09:55:44.211079,A15743,,33.494289,-116.817515,,,96,,,-36.0,16,18.9
2026-07-29T09:55:44.211079,AC97CE,,33.122086,-116.826691,,,324,,,-49.5,13,45.1
2026-07-29T09:55:44.211079,A63F4E,,33.496216,-116.656952,,,91,,6702,-37.7,87,45.9
2026-07-29T09:55:44.211079,A2AA97,N271E,32.938339,-117.262189,,,8,,2420,-30.0,148,0.0
2026-07-29T09:55:44.211079,A34FE6,,33.49629,-116.657989,,,91,,,-34.5,12,0.3
2026-07-29T09:55:49.259414,A1C0B6,N2118N,33.129598,-117.28931,,,315,,7340,-49.5,5705,1.1
2026-07-29T09:55:49.259414,A3EF2A,CXK234,33.104786,-117.092453,,,75,,5267,-49.5,2522,0.0
2026-07-29T09:55:49.259414,A4D97E,SKW3217,32.816803,-117.213629,,,145,,1650,-37.7,1699,19.3
2026-07-29T09:55:49.259414,A1388C,SKW3110,33.0911,-117.757406,,,319,,6737,-37.3,283,74.9
2026-07-29T09:55:49.259414,A12D51,ARCAT70,33.05246,-116.858167,,,45,,4723,-31.5,3044,0.4
2026-07-29T09:55:49.259414,A4A425,N3989S,32.950884,-117.309377,,,349,,1200,-34.4,320,0.6
2026-07-29T09:55:49.259414,AA56F8,UAL1212,33.138382,-116.57785,,,127,,3274,-37.3,1211,18.3
2026-07-29T09:55:49.259414,AD93C7,N974PA,33.311783,-117.500702,,,316,,4671,-49.5,609,62.0
2026-07-29T09:55:49.259414,A14D78,SKW3015,33.086863,-117.429162,,,134,,3222,-36.7,695,3.5
2026-07-29T09:55:49.259414,A2A2E6,UAL345,33.677032,-116.481255,,,259,,1372,-49.5,94,62.1
2026-07-29T09:55:49.259414,A15743,,33.494289,-116.817515,,,96,,,-36.0,16,24.0
2026-07-29T09:55:49.259414,AC97CE,,33.122086,-116.826691,,,324,,,-49.5,13,50.1
2026-07-29T09:55:49.259414,A63F4E,,33.496216,-116.656952,,,91,,6702,-37.7,87,51.0
2026-07-29T09:55:49.259414,A2AA97,N271E,32.941388,-117.26162,,,8,,2420,-25.2,203,0.4
2026-07-29T09:55:49.259414,A34FE6,SKW138Y,33.496078,-116.645142,,,91,,,-35.5,35,0.4
2026-07-29T09:55:49.259414,A95219,N7YY,32.925751,-117.281525,,,337,,1200,-49.5,50,0.9
2026-07-29T09:55:54.322451,A1C0B6,N2118N,33.131554,-117.291552,,,315,,7340,-49.5,5725,0.5
2026-07-29T09:55:54.322451,A3EF2A,CXK234,33.105298,-117.090099,,,75,,5267,-49.5,2574,0.3
2026-07-29T09:55:54.322451,A4D97E,SKW3217,32.804943,-117.183034,,,106,,1650,-35.9,1707,1.2
2026-07-29T09:55:54.322451,A1388C,SKW3110,33.0911,-117.757406,,,319,,6737,-37.3,283,79.9
2026-07-29T09:55:54.322451,A12D51,ARCAT70,33.056076,-116.853772,,,45,,4723,-23.6,3095,0.0
2026-07-29T09:55:54.322451,A4A425,N3989S,32.952209,-117.309705,,,346,,1200,-33.3,352,0.4
2026-07-29T09:55:54.322451,AA56F8,UAL1212,33.111024,-116.528675,,,121,,3274,-31.4,1236,0.0
2026-07-29T09:55:54.322451,A14D78,SKW3015,33.078415,-117.419073,,,134,,3222,-49.5,702,1.2
2026-07-29T09:55:54.322451,A2A2E6,UAL345,33.677032,-116.481255,,,259,,1372,-49.5,94,67.1
2026-07-29T09:55:54.322451,A15743,,33.494289,-116.817515,,,96,,,-36.0,16,29.1
2026-07-29T09:55:54.322451,AC97CE,,33.122086,-116.826691,,,324,,,-49.5,13,55.2
2026-07-29T09:55:54.322451,A63F4E,,33.496216,-116.656952,,,91,,6702,-37.7,87,56.0
2026-07-29T09:55:54.322451,A2AA97,N271E,32.944646,-117.261004,,,8,,2420,-49.5,277,0.5
2026-07-29T09:55:54.322451,A34FE6,SKW138Y,33.495895,-116.63465,,,91,,,-36.4,48,1.3
2026-07-29T09:55:54.322451,A95219,N7YY,32.928958,-117.283145,,,336,,1200,-49.5,90,0.4
2026-07-29T09:55:59.362647,A1C0B6,N2118N,33.133369,-117.293626,,,316,,7340,-49.5,5761,0.4
2026-07-29T09:55:59.362647,A3EF2A,CXK234,33.10581,-117.087857,,,75,,5267,-35.2,2583,0.8
2026-07-29T09:55:59.362647,A4D97E,SKW3217,32.804943,-117.183034,,,105,,1650,-49.5,1709,6.3
2026-07-29T09:55:59.362647,A1388C,SKW3110,33.0911,-117.757406,,,319,,6737,-37.3,283,85.0
2026-07-29T09:55:59.362647,A12D51,ARCAT70,33.059509,-116.849652,,,45,,4723,-49.5,3157,0.0
2026-07-29T09:55:59.362647,A4A425,N3989S,32.953631,-117.310218,,,340,,1200,-49.5,378,0.0
2026-07-29T09:55:59.362647,AA56F8,UAL1212,33.105331,-116.517645,,,121,,3274,-49.5,1281,0.0
2026-07-29T09:55:59.362647,A14D78,SKW3015,33.078415,-117.419073,,,134,,3222,-35.3,703,6.3
2026-07-29T09:55:59.362647,A2A2E6,UAL345,33.677032,-116.481255,,,259,,1372,-49.5,94,72.2
2026-07-29T09:55:59.362647,A15743,,33.494289,-116.817515,,,96,,,-36.0,16,34.1
2026-07-29T09:55:59.362647,AC97CE,,33.122086,-116.826691,,,324,,,-49.5,13,60.2
2026-07-29T09:55:59.362647,A63F4E,,33.496216,-116.656952,,,91,,6702,-37.7,87,61.1
2026-07-29T09:55:59.362647,A2AA97,N271E,32.94809,-117.260376,,,8,,2420,-34.7,336,0.2
2026-07-29T09:55:59.362647,A34FE6,SKW138Y,33.495895,-116.63465,,,91,,,-36.4,48,6.3
2026-07-29T09:55:59.362647,A95219,N7YY,32.931053,-117.28421,,,336,,1200,-33.0,124,1.8
2026-07-29T09:56:04.435733,A1C0B6,N2118N,33.135231,-117.295756,,,315,,7340,-34.4,5799,0.1
2026-07-29T09:56:04.435733,A3EF2A,CXK234,33.106462,-117.085223,,,72,,5267,-49.5,2613,0.4
2026-07-29T09:56:04.435733,A4D97E,SKW3217,32.804943,-117.183034,,,104,,1650,-36.8,1711,11.3
2026-07-29T09:56:04.435733,A1388C,SKW3110,33.0911,-117.757406,,,319,,6737,-37.3,283,90.0
2026-07-29T09:56:04.435733,A12D51,ARCAT70,33.062982,-116.845429,,,45,,4723,-24.6,3215,0.0
2026-07-29T09:56:04.435733,A4A425,N3989S,32.953864,-117.310274,,,339,,1200,-34.2,392,4.1
2026-07-29T09:56:04.435733,AA56F8,UAL1212,33.103088,-116.513306,,,121,,3274,-49.5,1302,3.0
2026-07-29T09:56:04.435733,A14D78,SKW3015,33.068527,-117.407208,,,134,,3222,-49.5,721,2.4
2026-07-29T09:56:04.435733,A2A2E6,UAL345,33.677032,-116.481255,,,259,,1372,-49.5,94,77.3
2026-07-29T09:56:04.435733,A15743,,33.485138,-116.726605,,,97,,,-49.5,21,4.2
2026-07-29T09:56:04.435733,AC97CE,,33.122086,-116.826691,,,324,,,-49.5,13,65.3
2026-07-29T09:56:04.435733,A63F4E,,33.496216,-116.656952,,,91,,6702,-37.7,87,66.2
2026-07-29T09:56:04.435733,A2AA97,N271E,32.950699,-117.259882,,,8,,2420,-49.5,361,1.3
2026-07-29T09:56:04.435733,A34FE6,SKW138Y,33.495895,-116.63465,,,91,,,-36.4,48,11.4
2026-07-29T09:56:04.435733,A95219,N7YY,32.934638,-117.286115,,,335,,1200,-49.5,150,0.7
2026-07-29T09:56:09.475899,A1C0B6,N2118N,33.136963,-117.297729,,,315,,7340,-33.7,5851,0.2
2026-07-29T09:56:09.475899,A3EF2A,CXK234,33.107162,-117.082672,,,72,,5267,-49.5,2653,0.3
2026-07-29T09:56:09.475899,A4D97E,SKW3217,32.804943,-117.183034,,,104,,1650,-49.5,1713,16.4
2026-07-29T09:56:09.475899,A1388C,SKW3110,33.0911,-117.757406,,,319,,6737,-37.3,283,95.1
2026-07-29T09:56:09.475899,A12D51,ARCAT70,33.066422,-116.841248,,,45,,4723,-49.5,3273,0.0
2026-07-29T09:56:09.475899,A4A425,N3989S,32.956377,-117.311675,,,335,,1200,-49.5,409,0.3
2026-07-29T09:56:09.475899,AA56F8,UAL1212,33.103088,-116.513306,,,121,,3274,-49.5,1302,8.1
2026-07-29T09:56:09.475899,A14D78,SKW3015,33.068527,-117.407208,,,134,,3222,-36.9,723,7.5
2026-07-29T09:56:09.475899,A2A2E6,UAL345,33.677032,-116.481255,,,259,,1372,-49.5,94,82.3
2026-07-29T09:56:09.475899,A15743,,33.485138,-116.726605,,,97,,,-49.5,21,9.2
2026-07-29T09:56:09.475899,AC97CE,,33.122086,-116.826691,,,324,,,-49.5,13,70.3
2026-07-29T09:56:09.475899,A63F4E,,33.496216,-116.656952,,,91,,6702,-37.7,87,71.2
2026-07-29T09:56:09.475899,A2AA97,N271E,32.950699,-117.259882,,,8,,2420,-49.5,362,6.4
2026-07-29T09:56:09.475899,A34FE6,SKW138Y,33.495895,-116.63465,,,91,,,-36.4,48,16.4
2026-07-29T09:56:09.475899,A95219,N7YY,32.937943,-117.287909,,,335,,1200,-35.6,171,0.0
2026-07-29T09:56:09.475899,A9ED95,,33.153899,-117.378714,,,,,,-49.5,5,2.6
2026-07-29T09:56:14.528204,A1C0B6,N2118N,33.138748,-117.299817,,,316,,7340,-49.5,5901,0.0
2026-07-29T09:56:14.528204,A3EF2A,CXK234,33.107758,-117.0802,,,73,,5267,-32.2,2703,0.2
2026-07-29T09:56:14.528204,A4D97E,SKW3217,32.79931,-117.157306,,,104,,1650,-49.5,1729,3.4
2026-07-29T09:56:14.528204,A1388C,SKW3110,33.0911,-117.757406,,,319,,6737,-37.3,283,100.1
2026-07-29T09:56:14.528204,A12D51,ARCAT70,33.069855,-116.837183,,,45,,4723,-49.5,3325,0.0
2026-07-29T09:56:14.528204,A4A425,N3989S,32.95816,-117.312506,,,341,,1200,-31.1,451,0.0
2026-07-29T09:56:14.528204,AA56F8,UAL1212,33.103088,-116.513306,,,121,,3274,-38.2,1303,13.1
2026-07-29T09:56:14.528204,A14D78,SKW3015,33.068527,-117.407208,,,134,,3222,-35.3,724,12.5
2026-07-29T09:56:14.528204,A15743,,33.485138,-116.726605,,,97,,,-36.1,28,14.3
2026-07-29T09:56:14.528204,AC97CE,,33.122086,-116.826691,,,324,,,-49.5,13,75.4
2026-07-29T09:56:14.528204,A63F4E,,33.496216,-116.656952,,,91,,6702,-37.7,87,76.3
2026-07-29T09:56:14.528204,A2AA97,N271E,32.957914,-117.258537,,,8,,2420,-36.1,379,0.3
2026-07-29T09:56:14.528204,A34FE6,SKW138Y,33.495895,-116.63465,,,91,,,-36.4,48,21.5
2026-07-29T09:56:14.528204,A95219,N7YY,32.938797,-117.288391,,,335,,1200,-37.7,175,3.5
2026-07-29T09:56:14.528204,A9ED95,,33.153899,-117.378714,,,,,,-49.5,6,7.7
2026-07-29T09:56:19.578773,A1C0B6,N2118N,33.140396,-117.30174,,,316,,7340,-34.0,5943,0.3
2026-07-29T09:56:19.578773,A3EF2A,CXK234,33.108371,-117.077824,,,73,,5267,-28.4,2748,0.4
2026-07-29T09:56:19.578773,A4D97E,SKW3217,32.79931,-117.157306,,,104,,1650,-49.5,1729,8.4
2026-07-29T09:56:19.578773,A12D51,ARCAT70,33.073242,-116.833118,,,45,,4723,-29.6,3375,0.1
2026-07-29T09:56:19.578773,A4A425,N3989S,32.959776,-117.313133,,,341,,1200,-49.5,494,0.6
2026-07-29T09:56:19.578773,AA56F8,UAL1212,33.083359,-116.475348,,,121,,3274,-36.5,1307,0.7
2026-07-29T09:56:19.578773,A14D78,SKW3015,33.049715,-117.384824,,,135,,3222,-31.0,764,0.6
2026-07-29T09:56:19.578773,A15743,,33.485138,-116.726605,,,97,,,-36.1,28,19.4
2026-07-29T09:56:19.578773,A2AA97,N271E,32.959808,-117.258179,,,8,,2420,-36.3,395,2.5
2026-07-29T09:56:19.578773,A34FE6,SKW138Y,33.495895,-116.63465,,,91,,,-36.4,48,26.6
2026-07-29T09:56:19.578773,A95219,N7YY,32.943669,-117.290936,,,336,,1200,-35.6,179,0.0
2026-07-29T09:56:19.578773,A9ED95,,33.157297,-117.383255,,,309,,,-49.5,10,1.3
2026-07-29T09:56:19.578773,A2A2E6,,33.642883,-116.711712,,,259,,,-34.8,24,1.7
2026-07-29T09:56:24.658830,A1C0B6,N2118N,33.142261,-117.303828,,,315,,7340,-33.9,5984,0.1
2026-07-29T09:56:24.658830,A3EF2A,CXK234,33.109069,-117.075301,,,71,,5267,-29.2,2791,0.3
2026-07-29T09:56:24.658830,A4D97E,SKW3217,32.79931,-117.157306,,,104,,1650,-49.5,1729,13.5
2026-07-29T09:56:24.658830,A12D51,ARCAT70,33.076436,-116.829286,,,45,,4723,-28.1,3432,0.4
2026-07-29T09:56:24.658830,A4A425,N3989S,32.961172,-117.313637,,,342,,1200,-49.5,522,1.9
2026-07-29T09:56:24.658830,AA56F8,UAL1212,33.078624,-116.466289,,,121,,3274,-49.5,1334,1.5
2026-07-29T09:56:24.658830,A14D78,SKW3015,33.044454,-117.378546,,,134,,3222,-29.8,796,0.8
2026-07-29T09:56:24.658830,A15743,,33.485138,-116.726605,,,97,,,-36.1,28,24.4
2026-07-29T09:56:24.658830,A2AA97,N271E,32.964384,-117.25736,,,8,,2420,-35.2,435,0.6
2026-07-29T09:56:24.658830,A34FE6,SKW138Y,33.495895,-116.63465,,,91,,,-36.4,48,31.6
2026-07-29T09:56:24.658830,A95219,N7YY,32.945996,-117.292057,,,337,,7633,-49.5,202,1.1
2026-07-29T09:56:24.658830,A9ED95,,33.15888,-117.385721,,,309,,,-38.1,11,0.4
2026-07-29T09:56:24.658830,A2A2E6,,33.642883,-116.711712,,,259,,,-36.1,28,6.7
2026-07-29T09:56:29.722032,A1C0B6,N2118N,33.143424,-117.305173,,,315,,7340,-35.8,6019,1.7
2026-07-29T09:56:29.722032,A3EF2A,CXK234,33.109721,-117.072723,,,73,,5267,-23.3,2840,0.0
2026-07-29T09:56:29.722032,A4D97E,SKW3217,32.793724,-117.131578,,,104,,1650,-49.5,1745,0.2
2026-07-29T09:56:29.722032,A12D51,ARCAT70,33.079834,-116.82525,,,45,,4723,-31.7,3487,0.5
2026-07-29T09:56:29.722032,A4A425,N3989S,32.963733,-117.314534,,,343,,1200,-33.7,575,0.0
2026-07-29T09:56:29.722032,AA56F8,UAL1212,33.074294,-116.457881,,,121,,3274,-34.7,1344,2.7
2026-07-29T09:56:29.722032,A14D78,SKW3015,33.038915,-117.371988,,,135,,3222,-49.5,846,0.7
2026-07-29T09:56:29.722032,A15743,,33.485138,-116.726605,,,97,,,-49.5,29,29.5
2026-07-29T09:56:29.722032,A2AA97,N271E,32.967783,-117.256688,,,8,,2420,-35.2,471,0.5
2026-07-29T09:56:29.722032,A34FE6,SKW138Y,33.495895,-116.63465,,,91,,,-36.4,48,36.7
2026-07-29T09:56:29.722032,A95219,N7YY,32.949302,-117.293626,,,338,,7633,-49.5,213,0.4
2026-07-29T09:56:29.722032,A9ED95,,33.159438,-117.386562,,,309,,,-36.1,16,3.4
2026-07-29T09:56:29.722032,A2A2E6,,33.638647,-116.740093,,,259,,,-49.5,45,0.6
2026-07-29T09:56:34.794371,A1C0B6,N2118N,33.145706,-117.307892,,,315,,7340,-49.5,6061,0.2
2026-07-29T09:56:34.794371,A3EF2A,CXK234,33.110229,-117.070532,,,75,,5267,-25.9,2887,0.5
2026-07-29T09:56:34.794371,A4D97E,SKW3217,32.792175,-117.124695,,,104,,1650,-33.3,1800,0.4
2026-07-29T09:56:34.794371,A12D51,ARCAT70,33.081836,-116.822784,,,45,,4723,-35.6,3507,2.7
2026-07-29T09:56:34.794371,A4A425,N3989S,32.965409,-117.315095,,,345,,1200,-34.8,604,0.5
2026-07-29T09:56:34.794371,AA56F8,UAL1212,33.074294,-116.457881,,,121,,3274,-34.7,1344,7.7
2026-07-29T09:56:34.794371,A14D78,SKW3015,33.033887,-117.36599,,,135,,3222,-29.8,892,0.9
2026-07-29T09:56:34.794371,A15743,,33.485138,-116.726605,,,97,,,-49.5,29,34.6
2026-07-29T09:56:34.794371,A2AA97,N271E,32.971436,-117.256036,,,8,,2420,-27.7,531,0.0
2026-07-29T09:56:34.794371,A34FE6,SKW138Y,33.495895,-116.63465,,,91,,,-36.4,48,41.8
2026-07-29T09:56:34.794371,A95219,N7YY,32.952141,-117.294972,,,338,,7633,-49.5,225,0.5
2026-07-29T09:56:34.794371,A9ED95,,33.159438,-117.386562,,,309,,1200,-49.5,18,8.5
2026-07-29T09:56:34.794371,A2A2E6,,33.638306,-116.742348,,,259,,,-49.5,46,4.8
2026-07-29T09:56:39.841819,A1C0B6,N2118N,33.147217,-117.30965,,,315,,7340,-35.4,6099,0.8
2026-07-29T09:56:39.841819,A3EF2A,CXK234,33.110825,-117.06795,,,75,,5267,-49.5,2937,0.4
2026-07-29T09:56:39.841819,A4D97E,SKW3217,32.790651,-117.117845,,,104,,1650,-49.5,1833,0.4
2026-07-29T09:56:39.841819,A12D51,ARCAT70,33.081836,-116.822784,,,45,,4723,-36.9,3511,7.7
2026-07-29T09:56:39.841819,A4A425,N3989S,32.967317,-117.315655,,,346,,1200,-49.5,637,0.2
2026-07-29T09:56:39.841819,AA56F8,UAL1212,33.074294,-116.457881,,,121,,3274,-34.7,1344,12.7
2026-07-29T09:56:39.841819,A14D78,SKW3015,33.02844,-117.359488,,,135,,3222,-49.5,934,0.8
2026-07-29T09:56:39.841819,A15743,,33.485138,-116.726605,,,97,,,-49.5,29,39.6
2026-07-29T09:56:39.841819,A2AA97,N271E,32.974626,-117.255455,,,8,,2420,-49.5,573,0.2
2026-07-29T09:56:39.841819,A34FE6,SKW138Y,33.495895,-116.63465,,,91,,,-36.4,48,46.8
2026-07-29T09:56:39.841819,A95219,N7YY,32.955185,-117.296411,,,338,,7633,-49.5,258,0.0
2026-07-29T09:56:39.841819,A9ED95,,33.16293,-117.391382,,,309,,1200,-49.5,22,1.6
2026-07-29T09:56:39.841819,A2A2E6,,33.638306,-116.742348,,,259,,,-49.5,46,9.8
2026-07-29T09:56:39.841819,A12241,,33.153259,-117.122662,,,,,,-36.2,4,0.2
2026-07-29T09:56:44.865364,A1C0B6,N2118N,33.148911,-117.311627,,,316,,7340,-49.5,6126,0.8
2026-07-29T09:56:44.865364,A3EF2A,CXK234,33.11135,-117.065492,,,74,,5267,-49.5,2990,0.4
2026-07-29T09:56:44.865364,A4D97E,SKW3217,32.789383,-117.112061,,,104,,1650,-49.5,1850,1.2
2026-07-29T09:56:44.865364,A12D51,ARCAT70,33.089424,-116.813703,,,45,,4723,-34.4,3539,1.5
2026-07-29T09:56:44.865364,A4A425,N3989S,32.968155,-117.315879,,,345,,1200,-49.5,662,2.9
2026-07-29T09:56:44.865364,AA56F8,UAL1212,33.074294,-116.457881,,,121,,3274,-34.7,1344,17.8
2026-07-29T09:56:44.865364,A14D78,SKW3015,33.023254,-117.353375,,,135,,3222,-49.5,954,0.9
2026-07-29T09:56:44.865364,A15743,,33.485138,-116.726605,,,97,,,-49.5,29,44.7
2026-07-29T09:56:44.865364,A2AA97,N271E,32.977233,-117.25495,,,8,,2420,-35.6,607,1.2
2026-07-29T09:56:44.865364,A34FE6,SKW138Y,33.495895,-116.63465,,,91,,,-36.4,48,51.8
2026-07-29T09:56:44.865364,A95219,N7YY,32.957588,-117.29755,,,338,,7633,-36.0,291,0.8
2026-07-29T09:56:44.865364,A9ED95,,33.16293,-117.391382,,,309,,1200,-49.5,22,6.6
2026-07-29T09:56:44.865364,A2A2E6,,33.638306,-116.742348,,,259,,,-38.6,47,14.9
2026-07-29T09:56:44.865364,A12241,,33.153259,-117.122662,,,,,,-49.5,6,5.3
2026-07-29T09:56:49.944185,A1C0B6,N2118N,33.15064,-117.313581,,,316,,7340,-49.5,6146,0.9
2026-07-29T09:56:49.944185,A3EF2A,CXK234,33.111969,-117.062897,,,74,,5267,-34.3,3023,0.0
2026-07-29T09:56:49.944185,A4D97E,SKW3217,32.789383,-117.112061,,,104,,1650,-49.5,1850,6.3
2026-07-29T09:56:49.944185,A12D51,ARCAT70,33.093796,-116.808508,,,44,,4723,-49.5,3578,0.3
2026-07-29T09:56:49.944185,A4A425,N3989S,32.970612,-117.316681,,,345,,1200,-35.5,664,1.2
2026-07-29T09:56:49.944185,AA56F8,UAL1212,33.074294,-116.457881,,,121,,3274,-49.5,1345,22.9
2026-07-29T09:56:49.944185,A14D78,SKW3015,33.017441,-117.346454,,,135,,3222,-31.2,1007,0.2
2026-07-29T09:56:49.944185,A15743,KOW186,33.472,-116.599768,,,97,,,-37.3,35,0.8
2026-07-29T09:56:49.944185,A2AA97,N271E,32.980087,-117.254443,,,8,,2420,-34.9,651,1.8
2026-07-29T09:56:49.944185,A34FE6,SKW138Y,33.495895,-116.63465,,,91,,,-36.4,48,56.9
2026-07-29T09:56:49.944185,A95219,N7YY,32.960632,-117.299048,,,337,,7633,-31.3,324,0.3
2026-07-29T09:56:49.944185,A9ED95,,33.16293,-117.391382,,,309,,1200,-49.5,22,11.7
2026-07-29T09:56:49.944185,A2A2E6,,33.638306,-116.742348,,,259,,,-38.6,47,19.9
2026-07-29T09:56:49.944185,A12241,,33.153259,-117.122662,,,,,,-49.5,6,10.4
2026-07-29T09:56:54.995244,A1C0B6,N2118N,33.152527,-117.315747,,,316,,7340,-35.9,6152,0.5
2026-07-29T09:56:54.995244,A3EF2A,CXK234,33.112289,-117.061469,,,75,,5267,-34.8,3040,2.1
2026-07-29T09:56:54.995244,A4D97E,SKW3217,32.789383,-117.112061,,,104,,1650,-49.5,1850,11.3
2026-07-29T09:56:54.995244,A12D51,ARCAT70,33.096546,-116.805239,,,44,,4723,-49.5,3605,1.2
2026-07-29T09:56:54.995244,A4A425,N3989S,32.972946,-117.31734,,,345,,1200,-31.8,691,0.3
2026-07-29T09:56:54.995244,AA56F8,UAL1212,33.074294,-116.457881,,,121,,3274,-49.5,1346,27.9
2026-07-29T09:56:54.995244,A14D78,SKW3015,33.012519,-117.340599,,,134,,3222,-49.5,1069,0.4
2026-07-29T09:56:54.995244,A15743,KOW186,33.472,-116.599768,,,97,,,-49.5,42,5.9
2026-07-29T09:56:54.995244,A2AA97,N271E,32.983797,-117.253773,,,8,,2420,-35.4,695,1.0
2026-07-29T09:56:54.995244,A95219,N7YY,32.96315,-117.300311,,,336,,7633,-49.5,358,0.7
2026-07-29T09:56:54.995244,A9ED95,,33.16293,-117.391382,,,309,,1200,-49.5,22,16.7
2026-07-29T09:56:54.995244,A2A2E6,,33.638306,-116.742348,,,259,,,-38.6,47,25.0
2026-07-29T09:56:54.995244,A12241,,33.153259,-117.122662,,,,,,-49.5,6,15.4
2026-07-29T09:57:00.047107,A1C0B6,N2118N,33.154318,-117.317785,,,315,,7340,-49.5,6158,0.4
2026-07-29T09:57:00.047107,A3EF2A,CXK234,33.113022,-117.058612,,,65,,5267,-49.5,3065,1.1
2026-07-29T09:57:00.047107,A4D97E,SKW3217,32.784553,-117.090267,,,104,,1650,-33.1,1860,0.2
2026-07-29T09:57:00.047107,A12D51,ARCAT70,33.100782,-116.800251,,,44,,4723,-49.5,3634,0.0
2026-07-29T09:57:00.047107,A4A425,N3989S,32.974952,-117.317953,,,344,,1200,-49.5,741,0.3
2026-07-29T09:57:00.047107,AA56F8,UAL1212,33.074294,-116.457881,,,121,,3274,-35.2,1356,33.0
2026-07-29T09:57:00.047107,A14D78,SKW3015,33.007141,-117.334204,,,135,,3222,-49.5,1094,0.1
2026-07-29T09:57:00.047107,A15743,KOW186,33.472,-116.599768,,,97,,,-36.9,47,10.9
2026-07-29T09:57:00.047107,A2AA97,N271E,32.987366,-117.253125,,,8,,2420,-32.3,756,0.3
2026-07-29T09:57:00.047107,A95219,N7YY,32.963965,-117.300745,,,336,,7633,-49.5,361,4.3
2026-07-29T09:57:00.047107,A9ED95,,33.16293,-117.391382,,,309,,1200,-49.5,22,21.8
2026-07-29T09:57:00.047107,A2A2E6,,33.638306,-116.742348,,,259,,,-37.0,48,30.0
2026-07-29T09:57:00.047107,A12241,,33.153259,-117.122662,,,,,,-49.5,6,20.5
2026-07-29T09:57:05.096385,A1C0B6,N2118N,33.155869,-117.319647,,,315,,7340,-49.5,6166,1.0
2026-07-29T09:57:05.096385,A3EF2A,CXK234,33.114376,-117.056187,,,45,,5267,-49.5,3098,0.2
2026-07-29T09:57:05.096385,A4D97E,SKW3217,32.783569,-117.085803,,,104,,1650,-49.5,1877,1.8
2026-07-29T09:57:05.096385,A12D51,ARCAT70,33.104181,-116.796215,,,45,,4723,-35.5,3648,0.1
2026-07-29T09:57:05.096385,A4A425,N3989S,32.976974,-117.318604,,,344,,1200,-29.5,791,0.2
2026-07-29T09:57:05.096385,AA56F8,UAL1212,33.074294,-116.457881,,,121,,3274,-49.5,1358,38.0
2026-07-29T09:57:05.096385,A14D78,SKW3015,33.002792,-117.328986,,,134,,3222,-49.5,1130,0.6
2026-07-29T09:57:05.096385,A15743,KOW186,33.472,-116.599768,,,97,,,-36.9,47,16.0
2026-07-29T09:57:05.096385,A2AA97,N271E,32.990616,-117.252521,,,8,,2420,-49.5,814,0.2
2026-07-29T09:57:05.096385,A95219,N7YY,32.9689,-117.30338,,,335,,7633,-34.7,364,0.4
2026-07-29T09:57:05.096385,A9ED95,,33.16293,-117.391382,,,309,,1200,-49.5,22,26.9
2026-07-29T09:57:05.096385,A2A2E6,,33.638306,-116.742348,,,259,,,-37.0,48,35.1
2026-07-29T09:57:05.096385,A12241,,33.153259,-117.122662,,,,,,-49.5,6,25.5
2026-07-29T09:57:10.152100,A1C0B6,N2118N,33.156878,-117.320812,,,315,,7340,-49.5,6174,3.2
2026-07-29T09:57:10.152100,A3EF2A,CXK234,33.116135,-117.054712,,,28,,5267,-32.5,3135,0.0
2026-07-29T09:57:10.152100,A4D97E,SKW3217,32.783569,-117.085803,,,104,,1650,-49.5,1877,6.9
2026-07-29T09:57:10.152100,A12D51,ARCAT70,33.104181,-116.796215,,,45,,4723,-36.6,3667,5.2
2026-07-29T09:57:10.152100,A4A425,N3989S,32.978897,-117.319208,,,345,,1200,-49.5,845,0.5
2026-07-29T09:57:10.152100,AA56F8,UAL1212,33.074294,-116.457881,,,121,,3274,-49.5,1358,43.1
2026-07-29T09:57:10.152100,A14D78,SKW3015,32.99739,-117.32255,,,135,,3222,-49.5,1178,0.3
2026-07-29T09:57:10.152100,A15743,KOW186,33.472,-116.599768,,,97,,,-36.9,47,21.1
2026-07-29T09:57:10.152100,A2AA97,N271E,32.993666,-117.251979,,,8,,2420,-49.5,881,0.4
2026-07-29T09:57:10.152100,A95219,N7YY,32.970576,-117.30422,,,335,,7633,-36.7,375,2.5
2026-07-29T09:57:10.152100,A9ED95,,33.16293,-117.391382,,,309,,1200,-38.9,23,31.9
2026-07-29T09:57:10.152100,A2A2E6,,33.623937,-116.837883,,,259,,,-35.7,60,2.4
2026-07-29T09:57:10.152100,A12241,,33.153259,-117.122662,,,,,,-49.5,6,30.6
2026-07-29T09:57:15.230484,A1C0B6,N2118N,33.159345,-117.323615,,,316,,7340,-37.7,6179,1.3
2026-07-29T09:57:15.230484,A3EF2A,CXK234,33.116936,-117.054337,,,20,,5267,-36.4,3155,3.0
2026-07-29T09:57:15.230484,A4D97E,SKW3217,32.783569,-117.085803,,,104,,1650,-49.5,1877,11.9
2026-07-29T09:57:15.230484,A12D51,ARCAT70,33.110093,-116.789208,,,44,,4723,-49.5,3681,1.5
2026-07-29T09:57:15.230484,A4A425,N3989S,32.98119,-117.319915,,,345,,1200,-49.5,898,0.0
2026-07-29T09:57:15.230484,AA56F8,UAL1212,33.074294,-116.457881,,,121,,3274,-49.5,1358,48.2
2026-07-29T09:57:15.230484,A14D78,SKW3015,32.992409,-117.316608,,,135,,3222,-29.7,1204,0.2
2026-07-29T09:57:15.230484,A15743,KOW186,33.472,-116.599768,,,97,,,-36.9,47,26.1
2026-07-29T09:57:15.230484,A2AA97,N271E,32.996831,-117.251419,,,8,,2420,-49.5,945,0.4
2026-07-29T09:57:15.230484,A95219,N7YY,32.974533,-117.306238,,,338,,7633,-33.7,380,0.6
2026-07-29T09:57:15.230484,A9ED95,,33.16293,-117.391382,,,309,,1200,-38.9,23,37.0
2026-07-29T09:57:15.230484,A2A2E6,,33.623937,-116.837883,,,259,,,-49.5,62,7.5
2026-07-29T09:57:15.230484,A12241,,33.153259,-117.122662,,,,,,-49.5,6,35.7
2026-07-29T09:57:20.309616,A1C0B6,N2118N,33.159345,-117.323615,,,315,,7340,-49.5,6182,6.4
2026-07-29T09:57:20.309616,A3EF2A,CXK234,33.116936,-117.054337,,,20,,5267,-36.4,3155,8.1
2026-07-29T09:57:20.309616,A4D97E,SKW3217,32.779991,-117.069808,,,104,,1650,-49.5,1885,4.8
2026-07-29T09:57:20.309616,A12D51,ARCAT70,33.114096,-116.784444,,,45,,4723,-29.3,3715,0.6
2026-07-29T09:57:20.309616,A4A425,N3989S,32.982056,-117.320197,,,345,,1200,-49.5,918,3.1
2026-07-29T09:57:20.309616,AA56F8,UAL1212,33.074294,-116.457881,,,121,,3274,-49.5,1358,53.3
2026-07-29T09:57:20.309616,A14D78,SKW3015,32.987288,-117.310554,,,135,,3222,-49.5,1241,0.2
2026-07-29T09:57:20.309616,A15743,KOW186,33.472,-116.599768,,,97,,,-36.9,47,31.2
2026-07-29T09:57:20.309616,A2AA97,N271E,32.999066,-117.25097,,,8,,2420,-49.5,977,1.9
2026-07-29T09:57:20.309616,A95219,N7YY,32.977466,-117.307471,,,341,,7633,-49.5,405,0.6
2026-07-29T09:57:20.309616,A9ED95,,33.16293,-117.391382,,,309,,1200,-38.9,23,42.1
2026-07-29T09:57:20.309616,A2A2E6,,33.623937,-116.837883,,,259,,,-49.5,62,12.6
2026-07-29T09:57:20.309616,A12241,,33.153259,-117.122662,,,,,,-49.5,6,40.8
2026-07-29T09:57:20.309616,A9E8DB,,32.884221,-117.275465,,,,,,-49.5,2,4.4
2026-07-29T09:57:25.389136,A1C0B6,N2118N,33.159345,-117.323615,,,315,,7340,-49.5,6182,11.5
2026-07-29T09:57:25.389136,A3EF2A,CXK234,33.116936,-117.054337,,,20,,5267,-49.5,3157,13.2
2026-07-29T09:57:25.389136,A4D97E,SKW3217,32.779991,-117.069808,,,104,,1650,-35.7,1891,9.9
2026-07-29T09:57:25.389136,A12D51,ARCAT70,33.117371,-116.780603,,,44,,4723,-26.9,3764,0.8
2026-07-29T09:57:25.389136,A4A425,N3989S,32.985397,-117.32124,,,345,,1200,-49.5,921,0.1
2026-07-29T09:57:25.389136,AA56F8,UAL1212,33.074294,-116.457881,,,121,,3274,-49.5,1358,58.3
2026-07-29T09:57:25.389136,A14D78,SKW3015,32.982376,-117.304761,,,135,,3222,-31.3,1292,0.3
2026-07-29T09:57:25.389136,A15743,KOW186,33.472,-116.599768,,,97,,,-35.6,48,36.3
2026-07-29T09:57:25.389136,A2AA97,N271E,33.003433,-117.250159,,,8,,2420,-25.5,1036,0.1
2026-07-29T09:57:25.389136,A95219,N7YY,32.980631,-117.308761,,,340,,7633,-49.5,453,0.4
2026-07-29T09:57:25.389136,A9ED95,,33.16293,-117.391382,,,309,,1200,-38.9,23,47.2
2026-07-29T09:57:25.389136,A2A2E6,,33.623937,-116.837883,,,259,,,-49.5,62,17.7
2026-07-29T09:57:25.389136,A12241,,33.153259,-117.122662,,,,,,-49.5,6,45.8
2026-07-29T09:57:25.389136,A9E8DB,,32.884221,-117.275465,,,,,,-49.5,2,9.5
2026-07-29T09:57:25.389136,AA5395,,33.181274,-117.420062,,,213,,1200,-49.5,10,3.7
2026-07-29T09:57:30.466434,A1C0B6,N2118N,33.159345,-117.323615,,,315,,7340,-38.3,6183,16.5
2026-07-29T09:57:30.466434,A3EF2A,CXK234,33.116936,-117.054337,,,20,,5267,-49.5,3157,18.2
2026-07-29T09:57:30.466434,A4D97E,SKW3217,32.77636,-117.053497,,,105,,1650,-36.7,1903,2.1
2026-07-29T09:57:30.466434,A12D51,ARCAT70,33.120847,-116.77654,,,44,,4723,-31.9,3811,0.7
2026-07-29T09:57:30.466434,A4A425,N3989S,32.987567,-117.321877,,,346,,1200,-49.5,933,0.3
2026-07-29T09:57:30.466434,AA56F8,UAL1212,33.074294,-116.457881,,,121,,3274,-49.5,1358,63.4
2026-07-29T09:57:30.466434,A14D78,SKW3015,32.977661,-117.299103,,,135,,3222,-49.5,1334,0.3
2026-07-29T09:57:30.466434,A15743,KOW186,33.472,-116.599768,,,97,,,-38.0,51,41.3
2026-07-29T09:57:30.466434,A2AA97,N271E,33.006454,-117.249609,,,8,,2420,-23.8,1104,0.3
2026-07-29T09:57:30.466434,A95219,N7YY,32.983566,-117.310199,,,335,,7633,-49.5,490,0.3
2026-07-29T09:57:30.466434,A9ED95,,33.16293,-117.391382,,,309,,1200,-38.9,23,52.2
2026-07-29T09:57:30.466434,A2A2E6,,33.623937,-116.837883,,,259,,,-49.5,62,22.7
2026-07-29T09:57:30.466434,A12241,,33.153259,-117.122662,,,,,,-49.5,6,50.9
2026-07-29T09:57:30.466434,A9E8DB,,32.884221,-117.275465,,,,,,-49.5,2,14.5
2026-07-29T09:57:30.466434,AA5395,,33.178152,-117.422604,,,214,,1200,-34.9,16,0.0
2026-07-29T09:57:35.519400,A1C0B6,N2118N,33.159345,-117.323615,,,315,,7340,-38.3,6183,21.6
2026-07-29T09:57:35.519400,A3EF2A,CXK234,33.126251,-117.055591,,,339,,5267,-35.1,3164,1.5
2026-07-29T09:57:35.519400,A4D97E,SKW3217,32.77636,-117.053497,,,105,,1650,-36.7,1903,7.1
2026-07-29T09:57:35.519400,A12D51,ARCAT70,33.124384,-116.772336,,,45,,4723,-49.5,3850,0.6
2026-07-29T09:57:35.519400,A4A425,N3989S,32.989662,-117.322494,,,346,,1200,-35.1,979,0.6
2026-07-29T09:57:35.519400,AA56F8,UAL1212,33.074294,-116.457881,,,121,,3274,-49.5,1358,68.5
2026-07-29T09:57:35.519400,A14D78,SKW3015,32.972443,-117.29295,,,135,,3222,-27.8,1380,0.1
2026-07-29T09:57:35.519400,A15743,KOW186,33.472,-116.599768,,,97,,,-49.5,53,46.4
2026-07-29T09:57:35.519400,A2AA97,N271E,33.009819,-117.249008,,,8,,2420,-49.5,1161,0.1
2026-07-29T09:57:35.519400,A95219,N7YY,32.983566,-117.310199,,,335,,7633,-36.3,491,5.3
2026-07-29T09:57:35.519400,A9ED95,,33.16293,-117.391382,,,309,,1200,-38.9,23,57.3
2026-07-29T09:57:35.519400,A2A2E6,,33.623937,-116.837883,,,259,,,-49.5,62,27.8
2026-07-29T09:57:35.519400,A12241,,33.153259,-117.122662,,,,,,-49.5,6,56.0
2026-07-29T09:57:35.519400,A9E8DB,,32.884221,-117.275465,,,,,,-49.5,2,19.6
2026-07-29T09:57:35.519400,AA5395,,33.178152,-117.422604,,,214,,1200,-49.5,17,5.1
2026-07-29T09:57:35.519400,AC53D5,,33.602383,-116.62365,,,88,,,-36.8,3,0.4
2026-07-29T09:57:40.569861,A1C0B6,N2118N,33.159345,-117.323615,,,315,,7340,-49.5,6185,26.7
2026-07-29T09:57:40.569861,A3EF2A,CXK234,33.128998,-117.056635,,,343,,5267,-49.5,3186,0.0
2026-07-29T09:57:40.569861,A4D97E,SKW3217,32.77636,-117.053497,,,105,,1650,-36.7,1903,12.2
2026-07-29T09:57:40.569861,A12D51,ARCAT70,33.127258,-116.768903,,,44,,4723,-49.5,3882,1.3
2026-07-29T09:57:40.569861,A4A425,N3989S,32.991943,-117.323054,,,349,,1200,-35.2,1023,0.5
2026-07-29T09:57:40.569861,AA56F8,UAL1212,33.074294,-116.457881,,,121,,3274,-49.5,1358,73.5
2026-07-29T09:57:40.569861,A14D78,SKW3015,32.967773,-117.287402,,,135,,3222,-49.5,1426,0.4
2026-07-29T09:57:40.569861,A15743,KOW186,33.458771,-116.474634,,,97,,,-49.5,57,3.7
2026-07-29T09:57:40.569861,A2AA97,N271E,33.012909,-117.248401,,,8,,2420,-49.5,1214,0.3
2026-07-29T09:57:40.569861,A95219,N7YY,32.983566,-117.310199,,,335,,7633,-36.3,491,10.4
2026-07-29T09:57:40.569861,A9ED95,,33.16293,-117.391382,,,309,,1200,-38.9,23,62.3
2026-07-29T09:57:40.569861,A2A2E6,,33.623937,-116.837883,,,259,,,-36.1,64,32.8
2026-07-29T09:57:40.569861,A12241,,33.153259,-117.122662,,,,,,-49.5,6,61.0
2026-07-29T09:57:40.569861,A9E8DB,,32.884221,-117.275465,,,,,,-49.5,2,24.7
2026-07-29T09:57:40.569861,AA5395,,33.176151,-117.424229,,,214,,1200,-38.0,19,4.6
2026-07-29T09:57:40.569861,AC53D5,,33.6026,-116.611297,,,88,,,-34.6,20,0.7
2026-07-29T09:57:45.649142,A1C0B6,N2118N,33.159345,-117.323615,,,315,,7340,-38.6,6187,31.7
2026-07-29T09:57:45.649142,A3EF2A,CXK234,33.131104,-117.057349,,,345,,5267,-49.5,3229,0.2
2026-07-29T09:57:45.649142,A4D97E,SKW3217,32.77636,-117.053497,,,105,,1650,-36.7,1903,17.3
2026-07-29T09:57:45.649142,A12D51,ARCAT70,33.129412,-116.766339,,,44,,4723,-36.1,3911,3.3
2026-07-29T09:57:45.649142,A4A425,N3989S,32.991943,-117.323054,,,349,,1200,-49.5,1026,5.5
2026-07-29T09:57:45.649142,AA56F8,UAL1212,33.074294,-116.457881,,,121,,3274,-49.5,1358,78.6
2026-07-29T09:57:45.649142,A14D78,SKW3015,32.962372,-117.280975,,,135,,3222,-49.5,1489,0.0
2026-07-29T09:57:45.649142,A15743,KOW186,33.458771,-116.474634,,,97,,,-38.3,59,8.7
2026-07-29T09:57:45.649142,A2AA97,N271E,33.016151,-117.247775,,,9,,2420,-49.5,1281,0.2
2026-07-29T09:57:45.649142,A95219,N7YY,32.983566,-117.310199,,,335,,7633,-35.1,492,15.5
2026-07-29T09:57:45.649142,A9ED95,,33.16293,-117.391382,,,309,,1200,-38.9,23,67.4
2026-07-29T09:57:45.649142,A2A2E6,,33.610948,-116.924114,,,259,,,-35.5,76,3.9
2026-07-29T09:57:45.649142,A9E8DB,,32.884221,-117.275465,,,,,,-49.5,2,29.7
2026-07-29T09:57:45.649142,AA5395,,33.176151,-117.424229,,,214,,1200,-38.0,19,9.7
2026-07-29T09:57:45.649142,AC53D5,SWA4155,33.602848,-116.598759,,,88,,7275,-36.2,39,0.8
