timestamp,icao,flight,lat,lon,altitude_ft,speed_kts,track_deg,vertical_rate,squawk,rssi,messages,seen_pos
2026-07-28T19:34:09.346221,A4DD35,SKW3036,32.808388,-117.196375,,,110,,3364,-49.5,1233,9.4
2026-07-28T19:34:09.346221,ACAD1D,N916BQ,32.944134,-117.038082,,,122,,0241,-23.4,2327,0.3
2026-07-28T19:34:09.346221,A120C4,N172BR,33.230988,-117.470764,,,317,,0277,-37.5,480,103.7
2026-07-28T19:34:09.346221,A835E2,N628VT,33.020107,-117.058485,,,72,,4607,-24.7,2215,0.4
2026-07-28T19:34:09.346221,A4A244,N398UA,33.178802,-116.91189,,,129,,1200,-49.5,689,63.6
2026-07-28T19:34:09.346221,A868D2,N6409D,32.908264,-116.821033,,,114,,0254,-38.1,699,0.3
2026-07-28T19:34:09.346221,A28F12,ENY4021,33.117004,-117.155951,,,72,,7265,-49.5,1689,1.0
2026-07-28T19:34:09.346221,A242C5,N245CA,32.99675,-117.052679,,,149,,4666,-26.4,2027,0.1
2026-07-28T19:34:09.346221,C0501E,ROU2096,33.42879,-116.932591,,,134,,,-36.9,51,1.3
2026-07-28T19:34:09.346221,A19853,N20115,33.042872,-117.065884,,,103,,1200,-23.2,2000,0.4
2026-07-28T19:34:09.346221,ABADF9,SWA4345,33.419246,-117.737508,,,357,,4614,-38.1,60,28.4
2026-07-28T19:34:09.346221,ACAB3F,SWA4876,32.668219,-116.875025,,,88,,1302,-49.5,913,0.7
2026-07-28T19:34:09.346221,A45233,,33.531437,-116.034459,,,86,,,-49.5,6,38.2
2026-07-28T19:34:09.346221,A25BB7,FDX1222,32.625549,-117.181,,,96,,1373,-49.5,50,0.0
2026-07-28T19:34:14.424043,A4DD35,SKW3036,32.804718,-117.180176,,,110,,3364,-38.4,1243,2.8
2026-07-28T19:34:14.424043,ACAD1D,N916BQ,32.942688,-117.036035,,,137,,0241,-25.1,2383,0.5
2026-07-28T19:34:14.424043,A120C4,N172BR,33.230988,-117.470764,,,317,,0277,-37.5,480,108.8
2026-07-28T19:34:14.424043,A835E2,N628VT,33.021561,-117.052679,,,72,,4607,-25.7,2252,0.2
2026-07-28T19:34:14.424043,A4A244,N398UA,33.178802,-116.91189,,,129,,1200,-49.5,689,68.7
2026-07-28T19:34:14.424043,A868D2,N6409D,32.907715,-116.819659,,,114,,0254,-37.0,712,2.7
2026-07-28T19:34:14.424043,A28F12,ENY4021,33.119729,-117.144694,,,75,,7265,-28.7,1768,0.2
2026-07-28T19:34:14.424043,A242C5,N245CA,32.994597,-117.051199,,,149,,4666,-49.5,2078,0.3
2026-07-28T19:34:14.424043,C0501E,ROU2096,33.420044,-116.922107,,,134,,,-36.7,79,0.4
2026-07-28T19:34:14.424043,A19853,N20115,33.042173,-117.062689,,,104,,1200,-49.5,2061,0.0
2026-07-28T19:34:14.424043,ABADF9,SWA4345,33.419246,-117.737508,,,357,,4614,-38.1,60,33.5
2026-07-28T19:34:14.424043,ACAB3F,SWA4876,32.668498,-116.86516,,,88,,1302,-49.5,942,1.3
2026-07-28T19:34:14.424043,A45233,,33.531437,-116.034459,,,86,,,-49.5,6,43.3
2026-07-28T19:34:14.424043,A25BB7,FDX1222,32.624725,-117.172211,,,96,,1373,-49.5,101,0.0
2026-07-28T19:34:19.473091,A4DD35,SKW3036,32.804718,-117.180176,,,110,,3364,-38.4,1243,7.9
2026-07-28T19:34:19.473091,ACAD1D,N916BQ,32.940948,-117.034662,,,151,,0241,-49.5,2449,1.0
2026-07-28T19:34:19.473091,A835E2,N628VT,33.022807,-117.047891,,,72,,4607,-49.5,2310,0.9
2026-07-28T19:34:19.473091,A4A244,N398UA,33.149277,-116.873273,,,136,,1200,-37.0,699,0.7
2026-07-28T19:34:19.473091,A868D2,N6409D,32.906101,-116.815665,,,115,,0254,-49.5,730,0.0
2026-07-28T19:34:19.473091,A28F12,ENY4021,33.121545,-117.135222,,,78,,7265,-31.0,1855,0.4
2026-07-28T19:34:19.473091,A242C5,N245CA,32.992401,-117.049603,,,148,,4666,-31.7,2132,0.3
2026-07-28T19:34:19.473091,C0501E,ROU2096,33.412399,-116.912933,,,134,,,-49.5,113,0.3
2026-07-28T19:34:19.473091,A19853,N20115,33.041656,-117.059875,,,101,,1200,-14.3,2112,0.5
2026-07-28T19:34:19.473091,ABADF9,SWA4345,33.419246,-117.737508,,,357,,4614,-38.1,60,38.6
2026-07-28T19:34:19.473091,ACAB3F,SWA4876,32.668778,-116.852772,,,88,,1302,-49.5,945,1.0
2026-07-28T19:34:19.473091,A45233,,33.531437,-116.034459,,,86,,,-49.5,6,48.4
2026-07-28T19:34:19.473091,A25BB7,FDX1222,32.623994,-117.164817,,,96,,1373,-37.2,139,1.0
2026-07-28T19:34:24.552928,A4DD35,SKW3036,32.801452,-117.161566,,,110,,3364,-49.5,1249,0.1
2026-07-28T19:34:24.552928,ACAD1D,N916BQ,32.938568,-117.033398,,,156,,0241,-21.0,2508,0.2
2026-07-28T19:34:24.552928,A835E2,N628VT,33.024483,-117.041501,,,72,,4607,-49.5,2357,0.5
2026-07-28T19:34:24.552928,A4A244,N398UA,33.147675,-116.871515,,,137,,1200,-49.5,725,2.2
2026-07-28T19:34:24.552928,A868D2,N6409D,32.905106,-116.813177,,,115,,0254,-37.9,751,0.4
2026-07-28T19:34:24.552928,A28F12,ENY4021,33.123128,-117.124123,,,82,,7265,-49.5,1902,0.0
2026-07-28T19:34:24.552928,A242C5,N245CA,32.990267,-117.048004,,,146,,4666,-49.5,2185,0.5
2026-07-28T19:34:24.552928,C0501E,ROU2096,33.405839,-116.905069,,,134,,2621,-32.4,156,0.9
2026-07-28T19:34:24.552928,A19853,N20115,33.041196,-117.056636,,,99,,1200,-49.5,2181,0.0
2026-07-28T19:34:24.552928,ABADF9,SWA4345,33.419246,-117.737508,,,357,,4614,-38.1,60,43.7
2026-07-28T19:34:24.552928,ACAB3F,SWA4876,32.669104,-116.840553,,,88,,1302,-34.9,987,0.6
2026-07-28T19:34:24.552928,A45233,,33.531437,-116.034459,,,86,,,-49.5,6,53.4
2026-07-28T19:34:24.552928,A25BB7,FDX1222,32.623994,-117.164817,,,96,,1373,-37.2,139,6.1
2026-07-28T19:34:29.632950,A4DD35,SKW3036,32.800232,-117.154413,,,101,,3364,-33.7,1307,0.1
2026-07-28T19:34:29.632950,ACAD1D,N916BQ,32.936554,-117.03208,,,145,,0241,-22.0,2583,0.2
2026-07-28T19:34:29.632950,A835E2,N628VT,33.026066,-117.035224,,,73,,4607,-49.5,2430,0.1
2026-07-28T19:34:29.632950,A4A244,N398UA,33.145566,-116.869251,,,138,,1200,-38.3,735,2.6
2026-07-28T19:34:29.632950,A868D2,N6409D,32.90419,-116.81076,,,114,,0254,-49.5,766,0.9
2026-07-28T19:34:29.632950,A28F12,ENY4021,33.123966,-117.114258,,,85,,7265,-29.3,1944,0.2
2026-07-28T19:34:29.632950,A242C5,N245CA,32.98819,-117.046307,,,144,,4666,-49.5,2234,0.7
2026-07-28T19:34:29.632950,C0501E,ROU2096,33.39711,-116.894586,,,134,,2621,-49.5,201,0.0
2026-07-28T19:34:29.632950,A19853,N20115,33.040787,-117.053723,,,98,,1200,-49.5,2233,0.2
2026-07-28T19:34:29.632950,ABADF9,SWA4345,33.419246,-117.737508,,,357,,4614,-38.1,60,48.7
2026-07-28T19:34:29.632950,ACAB3F,SWA4876,32.669357,-116.830701,,,88,,1302,-49.5,1018,1.4
2026-07-28T19:34:29.632950,A45233,,33.531437,-116.034459,,,86,,,-49.5,6,58.5
2026-07-28T19:34:29.632950,A25BB7,FDX1222,32.622528,-117.148315,,,96,,1373,-49.5,158,2.1
2026-07-28T19:34:34.688933,A4DD35,SKW3036,32.799031,-117.147329,,,101,,3364,-49.5,1377,0.3
2026-07-28T19:34:34.688933,ACAD1D,N916BQ,32.93501,-117.030571,,,135,,0241,-21.4,2631,0.7
2026-07-28T19:34:34.688933,A835E2,N628VT,33.02737,-117.030235,,,73,,4607,-33.8,2476,0.9
2026-07-28T19:34:34.688933,A4A244,N398UA,33.145566,-116.869251,,,139,,1200,-37.4,740,7.6
2026-07-28T19:34:34.688933,A868D2,N6409D,32.90419,-116.81076,,,114,,0254,-49.5,766,6.0
2026-07-28T19:34:34.688933,A28F12,ENY4021,33.124466,-117.103601,,,87,,7265,-25.7,1995,0.1
2026-07-28T19:34:34.688933,A242C5,N245CA,32.985985,-117.04436,,,141,,4666,-49.5,2285,0.4
2026-07-28T19:34:34.688933,C0501E,ROU2096,33.393782,-116.890608,,,134,,2621,-38.0,219,2.8
2026-07-28T19:34:34.688933,A19853,N20115,33.040311,-117.050638,,,100,,1200,-49.5,2285,0.2
2026-07-28T19:34:34.688933,ABADF9,SWA4345,33.419246,-117.737508,,,357,,4614,-38.1,60,53.8
2026-07-28T19:34:34.688933,ACAB3F,SWA4876,32.669357,-116.830701,,,88,,1302,-39.2,1019,6.4
2026-07-28T19:34:34.688933,A25BB7,FDX1222,32.621341,-117.135109,,,95,,1373,-36.5,164,0.1
2026-07-28T19:34:39.736239,A4DD35,SKW3036,32.798565,-117.14447,,,101,,3364,-49.5,1402,2.5
2026-07-28T19:34:39.736239,ACAD1D,N916BQ,32.934079,-117.029394,,,132,,0241,-20.0,2656,0.2
2026-07-28T19:34:39.736239,A835E2,N628VT,33.028301,-117.026647,,,72,,4607,-19.1,2500,2.2
2026-07-28T19:34:39.736239,A4A244,N398UA,33.145566,-116.869251,,,140,,1200,-38.4,743,12.7
2026-07-28T19:34:39.736239,A868D2,N6409D,32.90419,-116.81076,,,114,,0254,-49.5,766,11.1
2026-07-28T19:34:39.736239,A28F12,ENY4021,33.124664,-117.098339,,,87,,7265,-49.5,2026,0.0
2026-07-28T19:34:39.736239,A242C5,N245CA,32.985007,-117.043407,,,138,,4666,-26.3,2315,2.4
2026-07-28T19:34:39.736239,C0501E,ROU2096,33.393782,-116.890608,,,134,,2621,-49.5,222,7.9
2026-07-28T19:34:39.736239,A19853,N20115,33.040146,-117.049438,,,100,,1200,-49.5,2301,2.5
2026-07-28T19:34:39.736239,ABADF9,SWA4345,33.419246,-117.737508,,,357,,4614,-38.1,60,58.8
2026-07-28T19:34:39.736239,ACAB3F,SWA4876,32.669357,-116.830701,,,88,,1302,-39.2,1019,11.5
2026-07-28T19:34:39.736239,A22DEC,,33.227325,-117.452197,,,,,,-39.7,3,2.5
2026-07-28T19:34:39.736239,A25BB7,FDX1222,32.621063,-117.131396,,,94,,1373,-39.4,171,2.5
2026-07-28T19:34:44.816631,A4DD35,SKW3036,32.797076,-117.135894,,,101,,3364,-49.5,1446,2.3
2026-07-28T19:34:44.816631,ACAD1D,N916BQ,32.931798,-117.026255,,,128,,0241,-20.4,2724,0.2
2026-07-28T19:34:44.816631,A835E2,N628VT,33.030675,-117.017455,,,73,,4607,-20.5,2588,0.4
2026-07-28T19:34:44.816631,A4A244,N398UA,33.138016,-116.861737,,,141,,1200,-49.5,778,1.5
2026-07-28T19:34:44.816631,A868D2,N6409D,32.90419,-116.81076,,,114,,0254,-49.5,766,16.1
2026-07-28T19:34:44.816631,A28F12,ENY4021,33.125153,-117.082837,,,87,,7265,-30.5,2115,0.3
2026-07-28T19:34:44.816631,A242C5,N245CA,32.982121,-117.040044,,,136,,4666,-31.5,2351,0.3
2026-07-28T19:34:44.816631,C0501E,ROU2096,33.377163,-116.870653,,,134,,2621,-37.9,255,1.6
2026-07-28T19:34:44.816631,A19853,N20115,33.039334,-117.044809,,,102,,1200,-49.5,2374,0.3
2026-07-28T19:34:44.816631,ACAB3F,SWA4876,32.669988,-116.804399,,,88,,1302,-49.5,1021,4.2
2026-07-28T19:34:44.816631,A22DEC,,33.228103,-117.454217,,,,,,-37.7,4,3.9
2026-07-28T19:34:44.816631,A25BB7,FDX1222,32.621063,-117.131396,,,94,,1373,-49.5,173,7.5
2026-07-28T19:34:44.816631,A9E26E,,33.041885,-117.278723,,,352,,,-36.8,4,4.1
2026-07-28T19:34:44.816631,AB0715,,33.049389,-117.014932,,,280,,,-49.5,5,0.4
2026-07-28T19:34:49.868631,A4DD35,SKW3036,32.795353,-117.126085,,,101,,3364,-37.5,1479,0.5
2026-07-28T19:34:49.868631,ACAD1D,N916BQ,32.930374,-117.02406,,,127,,0241,-22.9,2772,0.2
2026-07-28T19:34:49.868631,A835E2,N628VT,33.032318,-117.010931,,,72,,4607,-17.7,2652,0.2
2026-07-28T19:34:49.868631,A4A244,N398UA,33.136414,-116.860199,,,141,,1200,-37.4,780,2.7
2026-07-28T19:34:49.868631,A868D2,N6409D,32.90419,-116.81076,,,114,,0254,-39.8,767,21.2
2026-07-28T19:34:49.868631,A28F12,ENY4021,33.125519,-117.07196,,,87,,7265,-30.5,2175,0.2
2026-07-28T19:34:49.868631,A242C5,N245CA,32.980179,-117.037903,,,137,,4666,-21.0,2416,0.2
2026-07-28T19:34:49.868631,C0501E,ROU2096,33.368458,-116.860227,,,134,,2621,-49.5,266,0.8
2026-07-28T19:34:49.868631,A19853,N20115,33.038818,-117.041803,,,101,,1200,-33.0,2423,0.2
2026-07-28T19:34:49.868631,ACAB3F,SWA4876,32.669988,-116.804399,,,88,,1302,-49.5,1022,9.2
2026-07-28T19:34:49.868631,A22DEC,,33.228103,-117.454217,,,,,,-37.7,4,9.0
2026-07-28T19:34:49.868631,A25BB7,FDX1222,32.621063,-117.131396,,,94,,1373,-49.5,173,12.6
2026-07-28T19:34:49.868631,A9E26E,,33.041885,-117.278723,,,352,,,-36.8,4,9.2
2026-07-28T19:34:49.868631,AB0715,N81AT,33.049715,-117.017343,,,279,,4701,-49.5,30,1.7
2026-07-28T19:34:54.917111,A4DD35,SKW3036,32.795353,-117.126085,,,101,,3364,-49.5,1482,5.5
2026-07-28T19:34:54.917111,ACAD1D,N916BQ,32.928958,-117.021939,,,128,,0241,-49.5,2821,0.3
2026-07-28T19:34:54.917111,A835E2,N628VT,33.034012,-117.004449,,,73,,4607,-19.7,2727,0.0
2026-07-28T19:34:54.917111,A4A244,N398UA,33.136414,-116.860199,,,141,,1200,-37.4,780,7.7
2026-07-28T19:34:54.917111,A868D2,N6409D,32.899537,-116.798177,,,114,,0254,-38.2,768,2.7
2026-07-28T19:34:54.917111,A28F12,ENY4021,33.125874,-117.061456,,,87,,7265,-21.8,2236,0.1
2026-07-28T19:34:54.917111,A242C5,N245CA,32.97835,-117.035896,,,137,,4666,-49.5,2485,0.4
2026-07-28T19:34:54.917111,C0501E,ROU2096,33.362686,-116.853333,,,134,,2621,-49.5,305,1.9
2026-07-28T19:34:54.917111,A19853,N20115,33.038263,-117.038755,,,102,,1200,-35.8,2467,0.2
2026-07-28T19:34:54.917111,ACAB3F,SWA4876,32.669988,-116.804399,,,88,,1302,-49.5,1022,14.3
2026-07-28T19:34:54.917111,A22DEC,,33.228103,-117.454217,,,,,,-37.7,4,14.1
2026-07-28T19:34:54.917111,A25BB7,FDX1222,32.621063,-117.131396,,,94,,1373,-49.5,173,17.7
2026-07-28T19:34:54.917111,A9E26E,,33.041885,-117.278723,,,352,,,-36.8,4,14.2
2026-07-28T19:34:54.917111,AB0715,N81AT,33.050134,-117.020818,,,277,,4701,-49.5,42,0.5
2026-07-28T19:35:00.012201,A4DD35,SKW3036,32.795353,-117.126085,,,101,,3364,-49.5,1489,10.6
2026-07-28T19:35:00.012201,ACAD1D,N916BQ,32.927444,-117.019666,,,128,,0241,-49.5,2877,0.0
2026-07-28T19:35:00.012201,A835E2,N628VT,33.035477,-116.998682,,,73,,4607,-18.3,2784,0.6
2026-07-28T19:35:00.012201,A4A244,N398UA,33.136414,-116.860199,,,145,,1200,-49.5,793,12.8
2026-07-28T19:35:00.012201,A868D2,N6409D,32.899537,-116.798177,,,114,,0254,-38.2,768,7.9
2026-07-28T19:35:00.012201,A28F12,ENY4021,33.126251,-117.050977,,,87,,7265,-49.5,2302,0.3
2026-07-28T19:35:00.012201,A242C5,N245CA,32.976255,-117.03371,,,138,,4666,-21.2,2543,0.0
2026-07-28T19:35:00.012201,C0501E,ROU2096,33.353668,-116.842511,,,134,,2621,-49.5,341,0.9
2026-07-28T19:35:00.012201,A19853,N20115,33.037751,-117.035896,,,103,,1200,-49.5,2489,0.5
2026-07-28T19:35:00.012201,ACAB3F,SWA4876,32.671059,-116.760733,,,88,,1302,-49.5,1034,1.3
2026-07-28T19:35:00.012201,A22DEC,,33.228103,-117.454217,,,,,,-37.7,4,19.2
2026-07-28T19:35:00.012201,A25BB7,FDX1222,32.625205,-117.086007,,,74,,1373,-36.0,187,0.6
2026-07-28T19:35:00.012201,A9E26E,,33.041885,-117.278723,,,352,,,-36.8,4,19.4
2026-07-28T19:35:00.012201,AB0715,N81AT,33.05046,-117.023396,,,277,,4701,-49.5,89,0.5
2026-07-28T19:35:05.123931,A4DD35,SKW3036,32.795353,-117.126085,,,101,,3364,-49.5,1489,15.7
2026-07-28T19:35:05.123931,ACAD1D,N916BQ,32.925979,-117.017567,,,130,,0241,-23.9,2931,0.3
2026-07-28T19:35:05.123931,A835E2,N628VT,33.037216,-116.991815,,,73,,4607,-49.5,2845,0.3
2026-07-28T19:35:05.123931,A4A244,N398UA,33.128202,-116.853389,,,147,,1200,-36.8,819,1.6
2026-07-28T19:35:05.123931,A868D2,N6409D,32.899537,-116.798177,,,114,,0254,-38.2,768,12.9
2026-07-28T19:35:05.123931,A28F12,ENY4021,33.126572,-117.0401,,,87,,7265,-26.3,2360,0.2
2026-07-28T19:35:05.123931,A242C5,N245CA,32.974274,-117.031696,,,140,,4666,-20.2,2603,0.2
2026-07-28T19:35:05.123931,C0501E,ROU2096,33.346159,-116.833546,,,134,,2621,-32.7,376,0.9
2026-07-28T19:35:05.123931,A19853,N20115,33.037216,-117.033234,,,103,,1200,-32.1,2527,1.1
2026-07-28T19:35:05.123931,ACAB3F,SWA4876,32.671198,-116.746384,,,89,,1302,-36.0,1052,0.1
2026-07-28T19:35:05.123931,A22DEC,,33.228103,-117.454217,,,,,,-37.7,4,24.3
2026-07-28T19:35:05.123931,A25BB7,FDX1222,32.628277,-117.075133,,,70,,1373,-37.5,231,0.1
2026-07-28T19:35:05.123931,A9E26E,,33.041885,-117.278723,,,352,,,-36.8,4,24.4
2026-07-28T19:35:05.123931,AB0715,N81AT,33.05072,-117.025983,,,275,,4701,-24.2,152,0.0
2026-07-28T19:35:10.183244,A4DD35,SKW3036,32.790605,-117.098451,,,101,,3364,-36.4,1495,1.1
2026-07-28T19:35:10.183244,ACAD1D,N916BQ,32.924515,-117.015546,,,130,,0241,-49.5,2993,0.5
2026-07-28T19:35:10.183244,A835E2,N628VT,33.038961,-116.985056,,,73,,4607,-49.5,2910,0.0
2026-07-28T19:35:10.183244,A4A244,N398UA,33.124897,-116.850866,,,148,,1200,-49.5,857,0.2
2026-07-28T19:35:10.183244,A868D2,N6409D,32.899537,-116.798177,,,114,,0254,-38.2,768,18.0
2026-07-28T19:35:10.183244,A28F12,ENY4021,33.126938,-117.029993,,,87,,7265,-49.5,2409,0.4
2026-07-28T19:35:10.183244,A242C5,N245CA,32.972345,-117.029786,,,141,,4666,-28.8,2659,0.3
2026-07-28T19:35:10.183244,C0501E,ROU2096,33.337733,-116.8234,,,134,,2621,-35.8,415,0.2
2026-07-28T19:35:10.183244,A19853,N20115,33.03654,-117.029786,,,103,,1200,-25.9,2563,0.2
2026-07-28T19:35:10.183244,ACAB3F,SWA4876,32.671059,-116.737079,,,91,,1302,-49.5,1077,1.2
2026-07-28T19:35:10.183244,A22DEC,,33.228103,-117.454217,,,,,,-37.7,4,29.3
2026-07-28T19:35:10.183244,A25BB7,FDX1222,32.631443,-117.065436,,,68,,1373,-49.5,277,0.3
2026-07-28T19:35:10.183244,A9E26E,,33.041885,-117.278723,,,352,,,-36.8,4,29.5
2026-07-28T19:35:10.183244,AB0715,N81AT,33.050925,-117.028273,,,276,,4701,-49.5,205,0.4
2026-07-28T19:35:10.183244,A3500F,,33.643768,-116.632919,,,91,,,-38.4,19,0.1
2026-07-28T19:35:15.234400,A4DD35,SKW3036,32.789208,-117.090211,,,101,,3364,-49.5,1545,0.3
2026-07-28T19:35:15.234400,ACAD1D,N916BQ,32.922867,-117.013348,,,132,,0241,-49.5,3070,0.2
2026-07-28T19:35:15.234400,A835E2,N628VT,33.040637,-116.97861,,,72,,4607,-49.5,2973,0.0
2026-07-28T19:35:15.234400,A4A244,N398UA,33.122522,-116.849129,,,148,,1200,-35.4,888,0.5
2026-07-28T19:35:15.234400,A868D2,N6409D,32.899537,-116.798177,,,114,,0254,-38.2,768,23.0
2026-07-28T19:35:15.234400,A28F12,ENY4021,33.127317,-117.018408,,,87,,7265,-25.9,2471,0.0
2026-07-28T19:35:15.234400,A242C5,N245CA,32.970337,-117.02796,,,142,,4666,-26.0,2723,0.4
2026-07-28T19:35:15.234400,C0501E,ROU2096,33.335358,-116.820593,,,134,,2621,-37.9,431,3.6
2026-07-28T19:35:15.234400,A19853,N20115,33.035935,-117.026872,,,104,,1200,-26.8,2611,0.4
2026-07-28T19:35:15.234400,ACAB3F,SWA4876,32.670873,-116.723963,,,90,,1302,-36.6,1096,0.6
2026-07-28T19:35:15.234400,A22DEC,,33.228103,-117.454217,,,,,,-37.7,4,34.4
2026-07-28T19:35:15.234400,A25BB7,FDX1222,32.634476,-117.05625,,,69,,1373,-31.7,311,0.8
2026-07-28T19:35:15.234400,A9E26E,,33.041885,-117.278723,,,352,,,-49.5,5,34.5
2026-07-28T19:35:15.234400,AB0715,N81AT,33.051204,-117.030795,,,279,,4701,-29.0,247,0.2
2026-07-28T19:35:15.234400,A3500F,,33.643768,-116.632919,,,91,,,-49.5,22,5.1
2026-07-28T19:35:20.286470,A4DD35,SKW3036,32.788879,-117.08822,,,101,,3364,-35.6,1575,4.0
2026-07-28T19:35:20.286470,ACAD1D,N916BQ,32.921277,-117.011289,,,132,,0241,-25.3,3127,0.1
2026-07-28T19:35:20.286470,A835E2,N628VT,33.042297,-116.97204,,,72,,4607,-21.2,3028,0.0
2026-07-28T19:35:20.286470,A4A244,N398UA,33.119776,-116.847167,,,148,,1200,-37.3,911,0.2
2026-07-28T19:35:20.286470,A868D2,N6409D,32.899537,-116.798177,,,114,,0254,-38.2,768,28.1
2026-07-28T19:35:20.286470,A28F12,ENY4021,33.127625,-117.008844,,,87,,7265,-33.9,2520,0.6
2026-07-28T19:35:20.286470,A242C5,N245CA,32.968323,-117.026147,,,144,,4666,-20.0,2795,0.5
2026-07-28T19:35:20.286470,C0501E,ROU2096,33.323868,-116.806696,,,134,,2621,-49.5,438,0.8
2026-07-28T19:35:20.286470,A19853,N20115,33.035294,-117.02373,,,102,,1200,-49.5,2662,0.0
2026-07-28T19:35:20.286470,ACAB3F,SWA4876,32.670868,-116.721606,,,90,,1302,-49.5,1101,4.6
2026-07-28T19:35:20.286470,A22DEC,,33.228103,-117.454217,,,,,,-37.7,4,39.4
2026-07-28T19:35:20.286470,A25BB7,FDX1222,32.63796,-117.045369,,,69,,1373,-49.5,361,0.5
2026-07-28T19:35:20.286470,A9E26E,,33.058141,-117.280174,,,352,,,-49.5,9,2.3
2026-07-28T19:35:20.286470,AB0715,N81AT,33.051577,-117.033206,,,281,,4701,-23.3,295,0.2
2026-07-28T19:35:20.286470,A651E1,,33.50858,-117.240488,,,99,,,-38.4,15,4.2
2026-07-28T19:35:20.286470,A3500F,,33.643768,-116.632919,,,91,,,-49.5,22,10.2
2026-07-28T19:35:25.339496,A4DD35,SKW3036,32.786819,-117.07608,,,101,,3364,-35.0,1643,0.0
2026-07-28T19:35:25.339496,ACAD1D,N916BQ,32.919648,-117.009271,,,133,,0241,-49.5,3201,0.0
2026-07-28T19:35:25.339496,A835E2,N628VT,33.044035,-116.965382,,,73,,4607,-49.5,3090,0.0
2026-07-28T19:35:25.339496,A4A244,N398UA,33.117279,-116.845313,,,148,,1200,-35.9,944,0.4
2026-07-28T19:35:25.339496,A868D2,N6409D,32.899537,-116.798177,,,114,,0254,-38.2,768,33.2
2026-07-28T19:35:25.339496,A28F12,ENY4021,33.127969,-116.998173,,,87,,7265,-30.0,2555,0.7
2026-07-28T19:35:25.339496,A242C5,N245CA,32.966107,-117.024293,,,144,,4666,-22.0,2847,0.3
2026-07-28T19:35:25.339496,C0501E,ROU2096,33.31517,-116.796259,,,134,,2621,-49.5,501,0.0
2026-07-28T19:35:25.339496,A19853,N20115,33.034744,-117.020764,,,101,,1200,-31.2,2711,0.2
2026-07-28T19:35:25.339496,ACAB3F,SWA4876,32.670547,-116.700981,,,91,,1302,-49.5,1121,0.9
2026-07-28T19:35:25.339496,A22DEC,,33.228103,-117.454217,,,,,,-37.7,4,44.5
2026-07-28T19:35:25.339496,A25BB7,FDX1222,32.641525,-117.033838,,,69,,1373,-49.5,422,0.0
2026-07-28T19:35:25.339496,A9E26E,,33.059723,-117.28023,,,358,,,-36.8,16,3.6
2026-07-28T19:35:25.339496,AB0715,N81AT,33.052002,-117.035651,,,280,,4701,-25.3,348,0.3
2026-07-28T19:35:25.339496,A651E1,,33.506858,-117.227372,,,99,,,-37.0,16,3.4
2026-07-28T19:35:25.339496,A3500F,,33.643768,-116.632919,,,91,,,-49.5,22,15.3
2026-07-28T19:35:25.339496,A4EFBB,,32.859009,-117.243457,,,302,,,-35.9,8,2.7
2026-07-28T19:35:30.449113,A4DD35,SKW3036,32.785721,-117.069543,,,101,,3364,-49.5,1706,0.5
2026-07-28T19:35:30.449113,ACAD1D,N916BQ,32.91806,-117.007251,,,134,,0241,-25.7,3267,0.0
2026-07-28T19:35:30.449113,A835E2,N628VT,33.045639,-116.959021,,,73,,4607,-49.5,3149,0.3
2026-07-28T19:35:30.449113,A4A244,N398UA,33.116238,-116.844532,,,147,,1200,-49.5,957,3.4
2026-07-28T19:35:30.449113,A868D2,N6409D,32.899537,-116.798177,,,114,,0254,-38.2,768,38.3
2026-07-28T19:35:30.449113,A28F12,ENY4021,33.128341,-116.986121,,,87,,7265,-28.0,2616,0.2
2026-07-28T19:35:30.449113,A242C5,N245CA,32.963974,-117.022467,,,144,,4666,-49.5,2917,0.2
2026-07-28T19:35:30.449113,C0501E,ROU2096,33.307755,-116.78736,,,134,,2621,-49.5,550,0.0
2026-07-28T19:35:30.449113,A19853,N20115,33.034213,-117.017847,,,102,,1200,-31.0,2735,0.1
2026-07-28T19:35:30.449113,ACAB3F,SWA4876,32.670319,-116.687,,,91,,1302,-36.7,1136,0.0
2026-07-28T19:35:30.449113,A22DEC,,33.228103,-117.454217,,,,,,-49.5,5,49.6
2026-07-28T19:35:30.449113,A25BB7,FDX1222,32.644547,-117.02417,,,69,,1373,-35.2,483,0.5
2026-07-28T19:35:30.449113,A9E26E,,33.059723,-117.28023,,,358,,,-36.8,16,8.7
2026-07-28T19:35:30.449113,AB0715,N81AT,33.052368,-117.038013,,,279,,4701,-31.3,403,0.4
2026-07-28T19:35:30.449113,A651E1,,33.506858,-117.227372,,,99,,,-37.0,16,8.4
2026-07-28T19:35:30.449113,A3500F,,33.643768,-116.632919,,,91,,,-49.5,22,20.4
2026-07-28T19:35:30.449113,A4EFBB,,32.861132,-117.247327,,,303,,,-37.4,15,3.5
2026-07-28T19:35:35.525089,A4DD35,SKW3036,32.784739,-117.063922,,,101,,3364,-38.4,1759,1.3
2026-07-28T19:35:35.525089,ACAD1D,N916BQ,32.916779,-117.005713,,,134,,0241,-49.5,3322,1.0
2026-07-28T19:35:35.525089,A835E2,N628VT,33.047108,-116.953387,,,73,,4607,-49.5,3193,0.9
2026-07-28T19:35:35.525089,A4A244,N398UA,33.114422,-116.843131,,,147,,1200,-39.3,959,4.8
2026-07-28T19:35:35.525089,A868D2,N6409D,32.899537,-116.798177,,,114,,0254,-38.2,768,43.3
2026-07-28T19:35:35.525089,A28F12,ENY4021,33.128667,-116.97648,,,87,,7265,-49.5,2669,0.7
2026-07-28T19:35:35.525089,A242C5,N245CA,32.961868,-117.020654,,,144,,4666,-49.5,2977,0.3
2026-07-28T19:35:35.525089,C0501E,ROU2096,33.300797,-116.77901,,,134,,2621,-49.5,606,0.4
2026-07-28T19:35:35.525089,A19853,N20115,33.03392,-117.01615,,,102,,1200,-49.5,2762,2.3
2026-07-28T19:35:35.525089,ACAB3F,SWA4876,32.670135,-116.675354,,,91,,1302,-49.5,1145,0.1
2026-07-28T19:35:35.525089,A22DEC,N24CV,33.240967,-117.478619,,,311,,,-36.7,12,0.0
2026-07-28T19:35:35.525089,A25BB7,FDX1222,32.648109,-117.013027,,,69,,1373,-29.9,532,0.4
2026-07-28T19:35:35.525089,A9E26E,,33.059723,-117.28023,,,358,,,-36.8,16,13.7
2026-07-28T19:35:35.525089,AB0715,N81AT,33.052689,-117.04043,,,279,,4701,-49.5,454,0.4
2026-07-28T19:35:35.525089,A651E1,,33.506858,-117.227372,,,99,,,-37.0,16,13.5
2026-07-28T19:35:35.525089,A3500F,,33.643768,-116.632919,,,91,,,-49.5,22,25.4
2026-07-28T19:35:35.525089,A4EFBB,,32.861132,-117.247327,,,303,,,-37.4,15,8.6
2026-07-28T19:35:40.574320,A4DD35,SKW3036,32.783386,-117.05592,,,101,,3364,-32.1,1804,0.2
2026-07-28T19:35:40.574320,ACAD1D,N916BQ,32.91481,-117.003406,,,135,,0241,-24.5,3396,0.0
2026-07-28T19:35:40.574320,A835E2,N628VT,33.048798,-116.946661,,,73,,4607,-49.5,3245,0.9
2026-07-28T19:35:40.574320,A4A244,N398UA,33.114422,-116.843131,,,147,,1200,-39.3,959,9.9
2026-07-28T19:35:40.574320,A868D2,N6409D,32.899537,-116.798177,,,114,,0254,-38.2,768,48.4
2026-07-28T19:35:40.574320,A28F12,ENY4021,33.12886,-116.970172,,,87,,7265,-38.6,2699,2.8
2026-07-28T19:35:40.574320,A242C5,N245CA,32.959671,-117.018842,,,144,,4666,-49.5,3034,0.2
2026-07-28T19:35:40.574320,C0501E,ROU2096,33.292969,-116.769672,,,134,,2621,-33.6,656,0.1
2026-07-28T19:35:40.574320,A19853,N20115,33.033371,-117.013458,,,102,,1200,-36.1,2764,2.8
2026-07-28T19:35:40.574320,ACAB3F,SWA4876,32.670135,-116.675354,,,91,,1302,-49.5,1146,5.2
2026-07-28T19:35:40.574320,A22DEC,N24CV,33.242432,-117.480597,,,312,,,-36.3,24,0.2
2026-07-28T19:35:40.574320,A25BB7,FDX1222,32.65155,-117.002307,,,69,,1373,-31.2,595,0.4
2026-07-28T19:35:40.574320,A9E26E,,33.059723,-117.28023,,,358,,,-36.8,16,18.8
2026-07-28T19:35:40.574320,AB0715,N81AT,33.053066,-117.042903,,,280,,4701,-49.5,506,0.4
2026-07-28T19:35:40.574320,A651E1,,33.506858,-117.227372,,,99,,,-49.5,17,18.6
2026-07-28T19:35:40.574320,A3500F,,33.643768,-116.632919,,,91,,,-49.5,22,30.5
2026-07-28T19:35:40.574320,A4EFBB,,32.861132,-117.247327,,,303,,,-37.4,15,13.7
2026-07-28T19:35:45.652889,A4DD35,SKW3036,32.782319,-117.049629,,,101,,3364,-49.5,1877,0.2
2026-07-28T19:35:45.652889,ACAD1D,N916BQ,32.913363,-117.001648,,,135,,0241,-49.5,3461,0.6
2026-07-28T19:35:45.652889,A835E2,N628VT,33.050766,-116.939026,,,73,,4607,-34.2,3287,0.2
2026-07-28T19:35:45.652889,A4A244,N398UA,33.114422,-116.843131,,,147,,1200,-39.3,959,15.0
2026-07-28T19:35:45.652889,A868D2,N6409D,32.899537,-116.798177,,,114,,0254,-38.2,768,53.5
2026-07-28T19:35:45.652889,A28F12,ENY4021,33.129366,-116.953274,,,87,,7265,-49.5,2709,0.1
2026-07-28T19:35:45.652889,A242C5,N245CA,32.957634,-117.017006,,,141,,4666,-29.5,3087,0.3
2026-07-28T19:35:45.652889,C0501E,ROU2096,33.285641,-116.76079,,,134,,2621,-36.9,671,0.2
2026-07-28T19:35:45.652889,A19853,N20115,33.032501,-117.008899,,,103,,1200,-49.5,2781,0.0
2026-07-28T19:35:45.652889,ACAB3F,SWA4876,32.669848,-116.657428,,,91,,1302,-37.7,1163,2.6
2026-07-28T19:35:45.652889,A22DEC,N24CV,33.243988,-117.482574,,,312,,0245,-37.8,47,0.3
2026-07-28T19:35:45.652889,A25BB7,FDX1222,32.653881,-116.994922,,,69,,1373,-49.5,645,2.0
2026-07-28T19:35:45.652889,A9E26E,,33.059723,-117.28023,,,358,,,-36.8,16,23.9
2026-07-28T19:35:45.652889,AB0715,N81AT,33.053485,-117.045481,,,281,,4701,-27.2,555,0.3
2026-07-28T19:35:45.652889,A651E1,,33.506858,-117.227372,,,99,,,-49.5,17,23.6
2026-07-28T19:35:45.652889,A3500F,,33.643768,-116.632919,,,91,,,-49.5,22,35.6
2026-07-28T19:35:45.652889,A4EFBB,,32.861132,-117.247327,,,303,,,-49.5,17,18.7
2026-07-28T19:35:50.705036,A4DD35,SKW3036,32.781481,-117.044696,,,101,,3364,-38.0,1919,1.3
2026-07-28T19:35:50.705036,ACAD1D,N916BQ,32.911687,-116.999686,,,135,,0241,-24.4,3520,0.5
2026-07-28T19:35:50.705036,A835E2,N628VT,33.052505,-116.932159,,,73,,4607,-35.0,3319,0.0
2026-07-28T19:35:50.705036,A4A244,N398UA,33.114422,-116.843131,,,147,,1200,-39.3,959,20.0
2026-07-28T19:35:50.705036,A868D2,N6409D,32.899537,-116.798177,,,114,,0254,-38.2,768,58.5
2026-07-28T19:35:50.705036,A28F12,ENY4021,33.129691,-116.942793,,,87,,7265,-49.5,2753,0.3
2026-07-28T19:35:50.705036,A242C5,N245CA,32.955643,-117.015106,,,141,,4666,-27.0,3155,0.5
2026-07-28T19:35:50.705036,C0501E,ROU2096,33.285641,-116.76079,,,134,,2621,-36.6,680,5.2
2026-07-28T19:35:50.705036,A19853,N20115,33.032164,-117.007365,,,103,,1200,-36.3,2791,2.5
2026-07-28T19:35:50.705036,ACAB3F,SWA4876,32.669586,-116.643494,,,91,,1302,-37.3,1180,1.8
2026-07-28T19:35:50.705036,A22DEC,N24CV,33.245224,-117.484167,,,314,,0245,-36.4,56,1.3
2026-07-28T19:35:50.705036,A25BB7,FDX1222,32.658071,-116.979675,,,73,,1373,-32.8,664,0.0
2026-07-28T19:35:50.705036,A9E26E,,33.059723,-117.28023,,,358,,,-36.8,16,28.9
2026-07-28T19:35:50.705036,AB0715,N81AT,33.053925,-117.0479,,,282,,4701,-30.2,604,0.6
2026-07-28T19:35:50.705036,A651E1,,33.506858,-117.227372,,,99,,,-49.5,17,28.7
2026-07-28T19:35:50.705036,A3500F,,33.643768,-116.632919,,,91,,,-49.5,22,40.6
2026-07-28T19:35:50.705036,A4EFBB,,32.861132,-117.247327,,,303,,,-49.5,17,23.8
2026-07-28T19:35:55.756851,A4DD35,SKW3036,32.781481,-117.044696,,,101,,3364,-38.0,1919,6.3
2026-07-28T19:35:55.756851,ACAD1D,N916BQ,32.909958,-116.997638,,,135,,0241,-49.5,3585,0.2
2026-07-28T19:35:55.756851,A835E2,N628VT,33.053951,-116.926481,,,73,,4607,-39.2,3335,0.8
2026-07-28T19:35:55.756851,A4A244,N398UA,33.114422,-116.843131,,,147,,1200,-39.3,959,25.1
2026-07-28T19:35:55.756851,A28F12,ENY4021,33.130064,-116.93147,,,87,,7265,-33.6,2787,0.2
2026-07-28T19:35:55.756851,A242C5,N245CA,32.9534,-117.013129,,,143,,4666,-49.5,3225,0.2
2026-07-28T19:35:55.756851,C0501E,ROU2096,33.271317,-116.743579,,,134,,2621,-37.5,687,0.6
2026-07-28T19:35:55.756851,A19853,N20115,33.031373,-117.003386,,,102,,1200,-49.5,2818,0.4
2026-07-28T19:35:55.756851,ACAB3F,SWA4876,32.669586,-116.643494,,,91,,1302,-38.9,1183,6.8
2026-07-28T19:35:55.756851,A22DEC,N24CV,33.246957,-117.486111,,,317,,0245,-49.5,62,1.1
2026-07-28T19:35:55.756851,A25BB7,FDX1222,32.660614,-116.968414,,,75,,1373,-49.5,726,0.0
2026-07-28T19:35:55.756851,A9E26E,,33.059723,-117.28023,,,358,,,-36.8,16,34.0
2026-07-28T19:35:55.756851,AB0715,N81AT,33.054463,-117.050862,,,282,,4701,-49.5,630,0.0
2026-07-28T19:35:55.756851,A651E1,,33.506858,-117.227372,,,99,,,-49.5,17,33.8
2026-07-28T19:35:55.756851,A3500F,,33.643768,-116.632919,,,91,,,-49.5,22,45.7
2026-07-28T19:35:55.756851,A4EFBB,,32.875982,-117.273616,,,303,,,-38.3,19,2.5
2026-07-28T19:36:00.836026,A4DD35,SKW3036,32.781481,-117.044696,,,101,,3364,-38.0,1919,11.4
2026-07-28T19:36:00.836026,ACAD1D,N916BQ,32.908289,-116.995706,,,135,,0241,-49.5,3653,0.2
2026-07-28T19:36:00.836026,A835E2,N628VT,33.054696,-116.923567,,,73,,4607,-49.5,3346,3.6
2026-07-28T19:36:00.836026,A4A244,N398UA,33.114422,-116.843131,,,147,,1200,-39.3,959,30.1
2026-07-28T19:36:00.836026,A28F12,ENY4021,33.130417,-116.920514,,,87,,7265,-49.5,2841,0.3
2026-07-28T19:36:00.836026,A242C5,N245CA,32.95135,-117.011345,,,142,,4666,-28.2,3284,0.3
2026-07-28T19:36:00.836026,C0501E,ROU2096,33.263168,-116.733691,,,134,,2621,-49.5,737,0.0
2026-07-28T19:36:00.836026,A19853,N20115,33.030899,-117.000659,,,102,,1200,-49.5,2858,0.6
2026-07-28T19:36:00.836026,ACAB3F,SWA4876,32.669586,-116.643494,,,91,,1302,-38.9,1183,11.9
2026-07-28T19:36:00.836026,A22DEC,N24CV,33.246957,-117.486111,,,317,,0245,-39.0,63,6.1
2026-07-28T19:36:00.836026,A25BB7,FDX1222,32.662633,-116.957478,,,78,,1373,-32.5,771,0.3
2026-07-28T19:36:00.836026,A9E26E,,33.059723,-117.28023,,,358,,,-36.8,16,39.0
2026-07-28T19:36:00.836026,AB0715,N81AT,33.054975,-117.053553,,,282,,4701,-49.5,673,0.0
2026-07-28T19:36:00.836026,A651E1,,33.506858,-117.227372,,,99,,,-49.5,17,38.8
2026-07-28T19:36:00.836026,A3500F,,33.643768,-116.632919,,,91,,,-49.5,22,50.7
2026-07-28T19:36:00.836026,A4EFBB,,32.875982,-117.273616,,,303,,,-38.3,19,7.6
2026-07-28T19:36:05.893064,A4DD35,SKW3036,32.781481,-117.044696,,,101,,3364,-38.0,1919,16.4
2026-07-28T19:36:05.893064,ACAD1D,N916BQ,32.906662,-116.993738,,,135,,0241,-49.5,3709,0.2
2026-07-28T19:36:05.893064,A835E2,N628VT,33.054696,-116.923567,,,73,,4607,-37.1,3348,8.7
2026-07-28T19:36:05.893064,A4A244,N398UA,33.114422,-116.843131,,,147,,1200,-39.3,959,35.2
2026-07-28T19:36:05.893064,A28F12,ENY4021,33.130417,-116.920514,,,87,,7265,-49.5,2845,5.4
2026-07-28T19:36:05.893064,A242C5,N245CA,32.949371,-117.009503,,,141,,4666,-27.3,3347,0.5
2026-07-28T19:36:05.893064,C0501E,ROU2096,33.255981,-116.724957,,,134,,2621,-49.5,786,0.2
2026-07-28T19:36:05.893064,A19853,N20115,33.030258,-116.997418,,,103,,1200,-31.5,2880,0.1
2026-07-28T19:36:05.893064,ACAB3F,SWA4876,32.669586,-116.643494,,,91,,1302,-37.1,1184,17.0
2026-07-28T19:36:05.893064,A22DEC,N24CV,33.250763,-117.48999,,,317,,0245,-39.9,67,0.5
2026-07-28T19:36:05.893064,A25BB7,FDX1222,32.664402,-116.945819,,,80,,1373,-29.0,828,0.2
2026-07-28T19:36:05.893064,A9E26E,,33.059723,-117.28023,,,358,,,-36.8,16,44.1
2026-07-28T19:36:05.893064,AB0715,N81AT,33.055487,-117.056131,,,283,,4701,-49.5,729,0.3
2026-07-28T19:36:05.893064,A651E1,,33.506858,-117.227372,,,99,,,-49.5,17,43.9
2026-07-28T19:36:05.893064,A3500F,,33.643768,-116.632919,,,91,,,-49.5,22,55.8
2026-07-28T19:36:05.893064,A4EFBB,,32.882359,-117.285162,,,303,,,-34.9,24,1.8
2026-07-28T19:36:10.938729,A4DD35,SKW3036,32.781481,-117.044696,,,101,,3364,-49.5,1922,21.8
2026-07-28T19:36:10.938729,ACAD1D,N916BQ,32.905263,-116.992119,,,135,,0241,-26.1,3772,0.0
2026-07-28T19:36:10.938729,A835E2,N628VT,33.054696,-116.923567,,,73,,4607,-37.1,3348,14.1
2026-07-28T19:36:10.938729,A4A244,N398UA,33.114422,-116.843131,,,147,,1200,-39.3,959,40.6
2026-07-28T19:36:10.938729,A28F12,ENY4021,33.130966,-116.902936,,,87,,7265,-34.5,2848,2.7
2026-07-28T19:36:10.938729,A242C5,N245CA,32.947533,-117.007758,,,141,,4666,-28.7,3407,1.4
2026-07-28T19:36:10.938729,C0501E,ROU2096,33.249481,-116.717047,,,134,,2621,-49.5,806,0.0
2026-07-28T19:36:10.938729,A19853,N20115,33.029837,-116.995426,,,105,,1200,-31.9,2920,2.0
2026-07-28T19:36:10.938729,ACAB3F,SWA4876,32.669586,-116.643494,,,91,,1302,-37.1,1184,22.3
2026-07-28T19:36:10.938729,A22DEC,N24CV,33.250763,-117.48999,,,317,,0245,-39.9,67,5.9
2026-07-28T19:36:10.938729,A25BB7,FDX1222,32.665283,-116.938806,,,82,,1373,-35.9,864,2.6
2026-07-28T19:36:10.938729,A9E26E,,33.059723,-117.28023,,,358,,,-36.8,16,49.5
2026-07-28T19:36:10.938729,AB0715,N81AT,33.055984,-117.058557,,,283,,4701,-49.5,766,0.0
2026-07-28T19:36:10.938729,A651E1,,33.506858,-117.227372,,,90,,,-49.5,18,49.2
2026-07-28T19:36:10.938729,A3500F,,33.643768,-116.632919,,,91,,,-49.5,22,61.2
2026-07-28T19:36:10.938729,A4EFBB,,32.882359,-117.285162,,,301,,,-49.5,25,7.2
2026-07-28T19:36:16.287928,A4DD35,SKW3036,32.781481,-117.044696,,,101,,3364,-49.5,1934,26.8
2026-07-28T19:36:16.287928,ACAD1D,N916BQ,32.903261,-116.989821,,,135,,0241,-49.5,3853,0.3
2026-07-28T19:36:16.287928,A835E2,N628VT,33.054696,-116.923567,,,73,,4607,-37.1,3348,19.1
2026-07-28T19:36:16.287928,A4A244,N398UA,33.114422,-116.843131,,,147,,1200,-39.3,959,45.6
2026-07-28T19:36:16.287928,A28F12,ENY4021,33.131195,-116.89574,,,87,,7265,-49.5,2850,3.6
2026-07-28T19:36:16.287928,A242C5,N245CA,32.944972,-117.005291,,,140,,4666,-30.2,3479,0.0
2026-07-28T19:36:16.287928,C0501E,ROU2096,33.24234,-116.708423,,,134,,2621,-37.1,843,1.2
2026-07-28T19:36:16.287928,A19853,N20115,33.028885,-116.991595,,,106,,1200,-49.5,2969,0.1
2026-07-28T19:36:16.287928,ACAB3F,SWA4876,32.669586,-116.643494,,,91,,1302,-37.1,1184,27.4
2026-07-28T19:36:16.287928,A22DEC,N24CV,33.250763,-117.48999,,,317,,0245,-39.9,67,11.0
2026-07-28T19:36:16.287928,A25BB7,FDX1222,32.665283,-116.938806,,,83,,1373,-49.5,866,7.6
2026-07-28T19:36:16.287928,A9E26E,,33.059723,-117.28023,,,358,,,-36.8,16,54.5
2026-07-28T19:36:16.287928,AB0715,N81AT,33.056651,-117.061736,,,286,,4701,-26.6,828,0.3
2026-07-28T19:36:16.287928,A651E1,,33.506858,-117.227372,,,90,,,-49.5,18,54.3
2026-07-28T19:36:16.287928,A4EFBB,,32.886932,-117.293939,,,301,,,-39.7,27,3.5
2026-07-28T19:36:21.371358,A4DD35,SKW3036,32.775467,-117.009064,,,101,,3364,-49.5,1970,0.4
2026-07-28T19:36:21.371358,ACAD1D,N916BQ,32.901535,-116.987805,,,135,,0241,-28.2,3923,0.0
2026-07-28T19:36:21.371358,A835E2,N628VT,33.054696,-116.923567,,,73,,4607,-37.1,3348,24.2
2026-07-28T19:36:21.371358,A4A244,N398UA,33.114422,-116.843131,,,147,,1200,-39.3,959,50.7
2026-07-28T19:36:21.371358,A28F12,ENY4021,33.131836,-116.874811,,,87,,7265,-37.1,2852,0.0
2026-07-28T19:36:21.371358,A242C5,N245CA,32.943157,-117.003498,,,139,,4666,-49.5,3542,0.5
2026-07-28T19:36:21.371358,C0501E,ROU2096,33.24234,-116.708423,,,134,,2621,-37.1,843,6.3
2026-07-28T19:36:21.371358,A19853,N20115,33.028244,-116.988959,,,106,,1200,-49.5,3021,0.4
2026-07-28T19:36:21.371358,ACAB3F,SWA4876,32.669586,-116.643494,,,91,,1302,-37.1,1184,32.4
2026-07-28T19:36:21.371358,A22DEC,N24CV,33.250763,-117.48999,,,317,,0245,-39.9,67,16.0
2026-07-28T19:36:21.371358,A25BB7,FDX1222,32.667567,-116.909665,,,85,,1373,-35.9,879,0.1
2026-07-28T19:36:21.371358,A9E26E,,33.059723,-117.28023,,,358,,,-36.8,16,59.6
2026-07-28T19:36:21.371358,AB0715,N81AT,33.057629,-117.064315,,,301,,4701,-49.5,885,0.4
2026-07-28T19:36:21.371358,A651E1,,33.506858,-117.227372,,,90,,,-49.5,18,59.3
2026-07-28T19:36:21.371358,A4EFBB,N417SK,32.891809,-117.303548,,,300,,,-37.6,31,0.9
2026-07-28T19:36:26.435122,A4DD35,SKW3036,32.774638,-117.004002,,,101,,3364,-35.6,2007,0.8
2026-07-28T19:36:26.435122,ACAD1D,N916BQ,32.900003,-116.986065,,,135,,0241,-49.5,3989,0.4
2026-07-28T19:36:26.435122,A835E2,N628VT,33.054696,-116.923567,,,73,,4607,-37.1,3348,29.3
2026-07-28T19:36:26.435122,A4A244,N398UA,33.114422,-116.843131,,,147,,1200,-39.3,959,55.7
2026-07-28T19:36:26.435122,A28F12,ENY4021,33.132111,-116.865033,,,87,,7265,-36.1,2872,0.6
2026-07-28T19:36:26.435122,A242C5,N245CA,32.941315,-117.001593,,,139,,4666,-31.7,3603,0.8
2026-07-28T19:36:26.435122,C0501E,ROU2096,33.226639,-116.689471,,,134,,2621,-49.5,893,0.6
2026-07-28T19:36:26.435122,A19853,N20115,33.027509,-116.986177,,,107,,1200,-29.5,3064,0.3
2026-07-28T19:36:26.435122,ACAB3F,SWA4876,32.669586,-116.643494,,,91,,1302,-37.1,1184,37.5
2026-07-28T19:36:26.435122,A22DEC,N24CV,33.250763,-117.48999,,,317,,0245,-39.9,67,21.1
2026-07-28T19:36:26.435122,A25BB7,FDX1222,32.668121,-116.89931,,,86,,1373,-49.5,914,0.7
2026-07-28T19:36:26.435122,AB0715,N81AT,33.05928,-117.066632,,,316,,4701,-22.5,936,0.1
2026-07-28T19:36:26.435122,A651E1,,33.506858,-117.227372,,,90,,,-49.5,18,64.4
2026-07-28T19:36:26.435122,A4EFBB,N417SK,32.892883,-117.305695,,,300,,,-49.5,45,4.0
2026-07-28T19:36:31.513693,A4DD35,SKW3036,32.773865,-116.999506,,,101,,3364,-49.5,2034,1.9
2026-07-28T19:36:31.513693,ACAD1D,N916BQ,32.898327,-116.984103,,,135,,0241,-49.5,4057,0.3
2026-07-28T19:36:31.513693,A835E2,N628VT,33.054696,-116.923567,,,73,,4607,-37.1,3348,34.3
2026-07-28T19:36:31.513693,A28F12,ENY4021,33.132485,-116.853108,,,87,,7265,-49.5,2914,0.4
2026-07-28T19:36:31.513693,A242C5,N245CA,32.939026,-116.999341,,,140,,4666,-49.5,3669,0.1
2026-07-28T19:36:31.513693,C0501E,ROU2096,33.219177,-116.680353,,,134,,2621,-49.5,942,0.6
2026-07-28T19:36:31.513693,A19853,N20115,33.026764,-116.983263,,,106,,1200,-49.5,3109,0.2
2026-07-28T19:36:31.513693,ACAB3F,SWA4876,32.669586,-116.643494,,,91,,1302,-37.1,1184,42.6
2026-07-28T19:36:31.513693,A22DEC,N24CV,33.250763,-117.48999,,,317,,0245,-39.9,67,26.2
2026-07-28T19:36:31.513693,A25BB7,FDX1222,32.668312,-116.894251,,,87,,1373,-34.9,932,3.7
2026-07-28T19:36:31.513693,AB0715,N81AT,33.061249,-117.068335,,,330,,4701,-49.5,985,0.2
2026-07-28T19:36:31.513693,A651E1,,33.506858,-117.227372,,,90,,,-49.5,18,69.5
2026-07-28T19:36:31.513693,A4EFBB,N417SK,32.892883,-117.305695,,,300,,,-49.5,45,9.1
2026-07-28T19:36:36.637864,A4DD35,SKW3036,32.773865,-116.999506,,,101,,3364,-49.5,2037,7.0
2026-07-28T19:36:36.637864,ACAD1D,N916BQ,32.896837,-116.982366,,,135,,0241,-49.5,4114,0.8
2026-07-28T19:36:36.637864,A835E2,N628VT,33.054696,-116.923567,,,73,,4607,-37.1,3348,39.5
2026-07-28T19:36:36.637864,A28F12,ENY4021,33.132797,-116.842676,,,87,,7265,-49.5,2982,0.8
2026-07-28T19:36:36.637864,A242C5,N245CA,32.937012,-116.997332,,,140,,4666,-30.2,3720,0.1
2026-07-28T19:36:36.637864,C0501E,ROU2096,33.21181,-116.671442,,,134,,2621,-49.5,966,0.6
2026-07-28T19:36:36.637864,A19853,N20115,33.02602,-116.980292,,,106,,1200,-49.5,3146,0.2
2026-07-28T19:36:36.637864,ACAB3F,SWA4876,32.669586,-116.643494,,,91,,1302,-38.2,1187,47.7
2026-07-28T19:36:36.637864,A22DEC,N24CV,33.250763,-117.48999,,,317,,0245,-39.9,67,31.3
2026-07-28T19:36:36.637864,A25BB7,FDX1222,32.669057,-116.874352,,,87,,1373,-33.6,964,0.3
2026-07-28T19:36:36.637864,AB0715,N81AT,33.063541,-117.069528,,,340,,4701,-49.5,1029,0.2
2026-07-28T19:36:36.637864,A651E1,,33.506858,-117.227372,,,90,,,-49.5,18,74.6
2026-07-28T19:36:36.637864,A4EFBB,N417SK,32.892883,-117.305695,,,300,,,-49.5,45,14.3
2026-07-28T19:36:41.725058,A4DD35,SKW3036,32.773865,-116.999506,,,101,,3364,-49.5,2037,12.1
2026-07-28T19:36:41.725058,ACAD1D,N916BQ,32.895022,-116.980292,,,135,,0241,-27.9,4176,0.3
2026-07-28T19:36:41.725058,A835E2,N628VT,33.054696,-116.923567,,,73,,4607,-37.1,3348,44.5
2026-07-28T19:36:41.725058,A28F12,ENY4021,33.133163,-116.830261,,,87,,7265,-49.5,3057,0.3
2026-07-28T19:36:41.725058,A242C5,N245CA,32.935057,-116.995482,,,141,,4666,-32.8,3772,0.4
2026-07-28T19:36:41.725058,C0501E,ROU2096,33.203989,-116.661969,,,134,,2621,-33.3,1008,0.3
2026-07-28T19:36:41.725058,A19853,N20115,33.025406,-116.977698,,,105,,1200,-38.1,3171,0.7
2026-07-28T19:36:41.725058,ACAB3F,SWA4876,32.667567,-116.523238,,,91,,1302,-36.3,1192,2.4
2026-07-28T19:36:41.725058,A22DEC,N24CV,33.250763,-117.48999,,,317,,0245,-39.9,67,36.4
2026-07-28T19:36:41.725058,A25BB7,FDX1222,32.669243,-116.86942,,,87,,1373,-49.5,978,3.3
2026-07-28T19:36:41.725058,AB0715,N81AT,33.065964,-117.070422,,,345,,4701,-49.5,1077,0.2
2026-07-28T19:36:41.725058,A651E1,,33.506858,-117.227372,,,90,,,-49.5,18,79.7
2026-07-28T19:36:41.725058,A4EFBB,N417SK,32.892883,-117.305695,,,300,,,-49.5,45,19.3
2026-07-28T19:36:46.797592,A4DD35,SKW3036,32.773865,-116.999506,,,101,,3364,-49.5,2037,17.1
2026-07-28T19:36:46.797592,ACAD1D,N916BQ,32.893346,-116.97833,,,135,,0241,-28.8,4228,0.2
2026-07-28T19:36:46.797592,A835E2,N628VT,33.054696,-116.923567,,,73,,4607,-38.8,3351,49.6
2026-07-28T19:36:46.797592,A28F12,ENY4021,33.13353,-116.818835,,,87,,7265,-37.9,3115,0.2
2026-07-28T19:36:46.797592,A242C5,N245CA,32.932962,-116.99352,,,141,,4666,-32.5,3831,0.3
2026-07-28T19:36:46.797592,C0501E,ROU2096,33.197704,-116.654402,,,134,,2621,-34.7,1056,1.0
2026-07-28T19:36:46.797592,A19853,N20115,33.025406,-116.977698,,,105,,1200,-49.5,3174,5.8
2026-07-28T19:36:46.797592,ACAB3F,SWA4876,32.667567,-116.523238,,,91,,1302,-36.3,1192,7.5
2026-07-28T19:36:46.797592,A22DEC,N24CV,33.250763,-117.48999,,,317,,0245,-39.9,67,41.5
2026-07-28T19:36:46.797592,A25BB7,FDX1222,32.669769,-116.849707,,,88,,1373,-36.2,984,0.0
2026-07-28T19:36:46.797592,AB0715,N81AT,33.068382,-117.071153,,,345,,4701,-49.5,1130,0.4
2026-07-28T19:36:46.797592,A651E1,,33.506858,-117.227372,,,90,,,-49.5,18,84.8
2026-07-28T19:36:46.797592,A4EFBB,N417SK,32.892883,-117.305695,,,300,,,-49.5,45,24.4
2026-07-28T19:36:51.881534,A4DD35,SKW3036,32.773865,-116.999506,,,101,,3364,-49.5,2037,22.2
2026-07-28T19:36:51.881534,ACAD1D,N916BQ,32.891739,-116.976434,,,135,,0241,-49.5,4289,0.2
2026-07-28T19:36:51.881534,A835E2,N628VT,33.073224,-116.851146,,,73,,4607,-49.5,3358,0.1
2026-07-28T19:36:51.881534,A28F12,ENY4021,33.133788,-116.809499,,,87,,7265,-49.5,3133,1.1
2026-07-28T19:36:51.881534,A242C5,N245CA,32.930923,-116.99165,,,141,,4666,-49.5,3897,0.3
2026-07-28T19:36:51.881534,C0501E,ROU2096,33.194595,-116.65069,,,134,,2621,-36.6,1076,3.9
2026-07-28T19:36:51.881534,A19853,N20115,33.025406,-116.977698,,,105,,1200,-49.5,3174,10.9
2026-07-28T19:36:51.881534,ACAB3F,SWA4876,32.667567,-116.523238,,,91,,1302,-36.3,1192,12.6
2026-07-28T19:36:51.881534,A22DEC,N24CV,33.250763,-117.48999,,,317,,0245,-39.9,67,46.5
2026-07-28T19:36:51.881534,A25BB7,FDX1222,32.670081,-116.83775,,,88,,1373,-38.7,1027,0.0
2026-07-28T19:36:51.881534,AB0715,N81AT,33.071091,-117.071906,,,347,,4701,-34.0,1184,0.2
2026-07-28T19:36:51.881534,A651E1,,33.506858,-117.227372,,,90,,,-49.5,18,89.9
2026-07-28T19:36:51.881534,A4EFBB,N417SK,32.908661,-117.338917,,,289,,,-35.6,48,0.9
2026-07-28T19:36:51.881534,AD99F9,,32.842278,-117.383815,,,308,,,-38.4,3,3.0
2026-07-28T19:36:56.959258,A4DD35,SKW3036,32.773865,-116.999506,,,101,,3364,-49.5,2037,27.3
2026-07-28T19:36:56.959258,ACAD1D,N916BQ,32.890091,-116.974567,,,135,,0241,-49.5,4349,0.3
2026-07-28T19:36:56.959258,A835E2,N628VT,33.073224,-116.851146,,,73,,4607,-39.1,3363,5.2
2026-07-28T19:36:56.959258,A28F12,ENY4021,33.134207,-116.797,,,87,,7265,-37.1,3136,0.7
2026-07-28T19:36:56.959258,A242C5,N245CA,32.928958,-116.989821,,,141,,4666,-49.5,3965,0.4
2026-07-28T19:36:56.959258,C0501E,ROU2096,33.194595,-116.65069,,,134,,2621,-49.5,1077,9.0
2026-07-28T19:36:56.959258,A19853,N20115,33.025406,-116.977698,,,105,,1200,-49.5,3174,15.9
2026-07-28T19:36:56.959258,ACAB3F,SWA4876,32.667567,-116.523238,,,91,,1302,-36.3,1192,17.6
2026-07-28T19:36:56.959258,A22DEC,N24CV,33.250763,-117.48999,,,317,,0245,-39.9,67,51.6
2026-07-28T19:36:56.959258,A25BB7,FDX1222,32.670081,-116.83775,,,88,,1373,-37.1,1028,5.1
2026-07-28T19:36:56.959258,AB0715,N81AT,33.073746,-117.07251,,,348,,4701,-21.4,1236,0.0
2026-07-28T19:36:56.959258,A651E1,,33.506858,-117.227372,,,90,,,-49.5,18,94.9
2026-07-28T19:36:56.959258,A4EFBB,N417SK,32.909546,-117.342392,,,283,,,-49.5,53,3.1
2026-07-28T19:36:56.959258,AD99F9,,32.842278,-117.383815,,,308,,,-38.4,3,8.1
2026-07-28T19:37:02.003318,A4DD35,SKW3036,32.773865,-116.999506,,,101,,3364,-49.5,2037,32.3
2026-07-28T19:37:02.003318,ACAD1D,N916BQ,32.888489,-116.972699,,,135,,0241,-49.5,4414,0.2
2026-07-28T19:37:02.003318,A835E2,N628VT,33.076156,-116.839768,,,73,,4607,-49.5,3366,1.6
2026-07-28T19:37:02.003318,A28F12,ENY4021,33.134537,-116.784943,,,87,,7265,-35.1,3172,0.2
2026-07-28T19:37:02.003318,A242C5,N245CA,32.926758,-116.987695,,,140,,4666,-34.8,4024,0.0
2026-07-28T19:37:02.003318,C0501E,ROU2096,33.175415,-116.627618,,,134,,2621,-34.0,1104,0.7
2026-07-28T19:37:02.003318,A19853,N20115,33.022614,-116.966492,,,107,,1200,-49.5,3189,1.4
2026-07-28T19:37:02.003318,ACAB3F,SWA4876,32.667567,-116.523238,,,91,,1302,-36.3,1192,22.7
2026-07-28T19:37:02.003318,A22DEC,N24CV,33.250763,-117.48999,,,317,,0245,-39.9,67,56.6
2026-07-28T19:37:02.003318,A25BB7,FDX1222,32.670081,-116.83775,,,88,,1373,-37.1,1028,10.2
2026-07-28T19:37:02.003318,AB0715,N81AT,33.076436,-117.073227,,,346,,4701,-49.5,1289,0.0
2026-07-28T19:37:02.003318,A651E1,,33.506858,-117.227372,,,90,,,-49.5,18,100.0
2026-07-28T19:37:02.003318,A4EFBB,N417SK,32.910244,-117.352538,,,266,,,-37.1,67,0.3
2026-07-28T19:37:02.003318,AD99F9,,32.842278,-117.383815,,,308,,,-38.4,3,13.1
2026-07-28T19:37:07.153266,A4DD35,SKW3036,32.773865,-116.999506,,,101,,3364,-49.5,2037,37.5
2026-07-28T19:37:07.153266,ACAD1D,N916BQ,32.886735,-116.970651,,,135,,0241,-30.0,4491,0.0
2026-07-28T19:37:07.153266,A835E2,N628VT,33.077506,-116.834499,,,73,,4607,-49.5,3373,2.9
2026-07-28T19:37:07.153266,A28F12,ENY4021,33.134766,-116.777802,,,88,,7265,-35.9,3188,2.2
2026-07-28T19:37:07.153266,A242C5,N245CA,32.925064,-116.986047,,,140,,4666,-49.5,4061,1.0
2026-07-28T19:37:07.153266,C0501E,ROU2096,33.168376,-116.618696,,,132,,2621,-49.5,1146,0.9
2026-07-28T19:37:07.153266,A19853,N20115,33.021698,-116.963031,,,107,,1200,-49.5,3202,0.0
2026-07-28T19:37:07.153266,ACAB3F,SWA4876,32.667567,-116.523238,,,91,,1302,-49.5,1193,27.9
2026-07-28T19:37:07.153266,A25BB7,FDX1222,32.670081,-116.83775,,,88,,1373,-37.1,1028,15.4
2026-07-28T19:37:07.153266,AB0715,N81AT,33.078918,-117.073938,,,345,,4701,-34.5,1319,0.5
2026-07-28T19:37:07.153266,A4EFBB,N417SK,32.909866,-117.357385,,,262,,7253,-36.1,108,1.8
2026-07-28T19:37:07.153266,AD99F9,,32.842278,-117.383815,,,308,,,-38.4,3,18.4
2026-07-28T19:37:12.252191,A4DD35,SKW3036,32.773865,-116.999506,,,101,,3364,-49.5,2037,42.6
2026-07-28T19:37:12.252191,ACAD1D,N916BQ,32.88492,-116.968633,,,136,,0241,-30.0,4544,0.0
2026-07-28T19:37:12.252191,A835E2,N628VT,33.077506,-116.834499,,,73,,4607,-49.5,3374,7.9
2026-07-28T19:37:12.252191,A28F12,ENY4021,33.134998,-116.77015,,,88,,7265,-38.8,3199,2.3
2026-07-28T19:37:12.252191,A242C5,N245CA,32.925064,-116.986047,,,140,,4666,-49.5,4077,6.1
2026-07-28T19:37:12.252191,C0501E,ROU2096,33.165436,-116.614819,,,131,,2621,-49.5,1165,2.3
2026-07-28T19:37:12.252191,A19853,N20115,33.02124,-116.961163,,,106,,1200,-38.0,3216,1.4
2026-07-28T19:37:12.252191,ACAB3F,SWA4876,32.666264,-116.451435,,,91,,1302,-38.0,1196,2.3
2026-07-28T19:37:12.252191,A25BB7,FDX1222,32.670081,-116.83775,,,88,,1373,-37.1,1028,20.5
2026-07-28T19:37:12.252191,AB0715,N81AT,33.081482,-117.074762,,,344,,4701,-49.5,1366,0.8
2026-07-28T19:37:12.252191,A4EFBB,N417SK,32.909866,-117.357385,,,262,,7253,-49.5,113,6.9
2026-07-28T19:37:12.252191,AD99F9,,32.842278,-117.383815,,,308,,,-38.4,3,23.4
2026-07-28T19:37:12.252191,A3A67B,,32.626007,-117.186713,,,96,,,-49.5,14,1.3
2026-07-28T19:37:17.362980,A4DD35,SKW3036,32.773865,-116.999506,,,101,,3364,-49.5,2037,47.7
2026-07-28T19:37:17.362980,ACAD1D,N916BQ,32.883087,-116.966602,,,137,,0241,-49.5,4601,0.1
2026-07-28T19:37:17.362980,A835E2,N628VT,33.077506,-116.834499,,,73,,4607,-49.5,3374,13.0
2026-07-28T19:37:17.362980,A28F12,ENY4021,33.134998,-116.77015,,,88,,7265,-38.8,3199,7.4
2026-07-28T19:37:17.362980,A242C5,N245CA,32.922441,-116.983431,,,140,,4666,-38.8,4079,4.4
2026-07-28T19:37:17.362980,C0501E,ROU2096,33.154953,-116.599658,,,127,,2621,-37.6,1175,0.8
2026-07-28T19:37:17.362980,A19853,N20115,33.02037,-116.957703,,,107,,1200,-33.6,3244,0.8
2026-07-28T19:37:17.362980,ACAB3F,SWA4876,32.666264,-116.451435,,,91,,1302,-49.5,1198,7.4
2026-07-28T19:37:17.362980,A25BB7,FDX1222,32.670081,-116.83775,,,88,,1373,-49.5,1033,25.5
2026-07-28T19:37:17.362980,AB0715,N81AT,33.084549,-117.075751,,,345,,4701,-24.8,1408,0.0
2026-07-28T19:37:17.362980,A4EFBB,N417SK,32.90799,-117.371832,,,260,,7253,-49.5,117,0.7
2026-07-28T19:37:17.362980,AD99F9,,32.842278,-117.383815,,,308,,,-38.4,3,28.5
2026-07-28T19:37:17.362980,A3A67B,UPS921,32.624908,-117.175726,,,96,,1067,-49.5,53,0.4
2026-07-28T19:37:22.433442,A4DD35,SKW3036,32.773865,-116.999506,,,101,,3364,-49.5,2037,52.8
2026-07-28T19:37:22.433442,ACAD1D,N916BQ,32.881256,-116.964569,,,136,,0241,-32.0,4660,0.1
2026-07-28T19:37:22.433442,A835E2,N628VT,33.083512,-116.810789,,,73,,4607,-37.4,3376,0.0
2026-07-28T19:37:22.433442,A28F12,ENY4021,33.134998,-116.77015,,,88,,7265,-38.8,3199,12.5
2026-07-28T19:37:22.433442,A242C5,N245CA,32.922441,-116.983431,,,140,,4666,-38.8,4079,9.5
2026-07-28T19:37:22.433442,C0501E,ROU2096,33.154953,-116.599658,,,127,,2621,-36.4,1176,5.8
2026-07-28T19:37:22.433442,A19853,N20115,33.019592,-116.954626,,,105,,1200,-49.5,3289,0.3
2026-07-28T19:37:22.433442,ACAB3F,SWA4876,32.666264,-116.451435,,,91,,1302,-49.5,1198,12.4
2026-07-28T19:37:22.433442,A25BB7,FDX1222,32.671431,-116.766115,,,88,,1373,-49.5,1037,0.8
2026-07-28T19:37:22.433442,AB0715,N81AT,33.08725,-117.07663,,,345,,4701,-49.5,1458,0.2
2026-07-28T19:37:22.433442,A4EFBB,N417SK,32.90799,-117.371832,,,260,,7253,-49.5,117,5.8
2026-07-28T19:37:22.433442,AD99F9,,32.842278,-117.383815,,,308,,,-38.4,3,33.6
2026-07-28T19:37:22.433442,A3A67B,UPS921,32.624041,-117.166107,,,96,,1067,-49.5,93,0.3
2026-07-28T19:37:27.522532,A4DD35,SKW3036,32.773865,-116.999506,,,101,,3364,-49.5,2037,57.9
2026-07-28T19:37:27.522532,ACAD1D,N916BQ,32.879425,-116.962537,,,136,,0241,-32.6,4712,0.4
2026-07-28T19:37:27.522532,A835E2,N628VT,33.083512,-116.810789,,,73,,4607,-49.5,3378,5.1
2026-07-28T19:37:27.522532,A28F12,ENY4021,33.134998,-116.77015,,,88,,7265,-37.3,3200,17.6
2026-07-28T19:37:27.522532,A242C5,N245CA,32.922441,-116.983431,,,140,,4666,-38.8,4079,14.6
2026-07-28T19:37:27.522532,C0501E,ROU2096,33.141888,-116.57789,,,123,,2621,-49.5,1209,0.0
2026-07-28T19:37:27.522532,A19853,N20115,33.018897,-116.951649,,,106,,1200,-49.5,3333,0.0
2026-07-28T19:37:27.522532,ACAB3F,SWA4876,32.666264,-116.451435,,,91,,1302,-49.5,1198,17.5
2026-07-28T19:37:27.522532,A25BB7,FDX1222,32.671646,-116.753082,,,88,,1373,-49.5,1062,0.5
2026-07-28T19:37:27.522532,AB0715,N81AT,33.089859,-117.077399,,,345,,4701,-49.5,1514,0.5
2026-07-28T19:37:27.522532,A4EFBB,N417SK,32.90799,-117.371832,,,260,,7253,-49.5,117,10.9
2026-07-28T19:37:27.522532,AD99F9,,32.872677,-117.431516,,,306,,,-34.0,36,0.2
2026-07-28T19:37:27.522532,A3A67B,UPS921,32.623856,-117.164081,,,96,,1067,-38.8,95,4.3
2026-07-28T19:37:27.522532,A8C74E,FDX1366,33.527573,-117.303324,,,111,,,-49.5,14,1.4
2026-07-28T19:37:32.591862,A4DD35,SKW3036,32.773865,-116.999506,,,101,,3364,-49.5,2037,62.9
2026-07-28T19:37:32.591862,ACAD1D,N916BQ,32.877411,-116.960229,,,136,,0241,-35.1,4775,0.0
2026-07-28T19:37:32.591862,A835E2,N628VT,33.083512,-116.810789,,,73,,4607,-49.5,3378,10.2
2026-07-28T19:37:32.591862,A28F12,ENY4021,33.134998,-116.77015,,,88,,7265,-38.9,3203,22.7
2026-07-28T19:37:32.591862,A242C5,N245CA,32.922441,-116.983431,,,140,,4666,-38.8,4079,19.6
2026-07-28T19:37:32.591862,C0501E,ROU2096,33.137238,-116.569061,,,121,,2621,-49.5,1237,0.8
2026-07-28T19:37:32.591862,A19853,N20115,33.018292,-116.949407,,,108,,1200,-49.5,3370,1.1
2026-07-28T19:37:32.591862,ACAB3F,SWA4876,32.666264,-116.451435,,,91,,1302,-49.5,1198,22.6
2026-07-28T19:37:32.591862,A25BB7,FDX1222,32.671804,-116.741507,,,89,,1373,-33.3,1108,0.8
2026-07-28T19:37:32.591862,AB0715,N81AT,33.092636,-117.078272,,,345,,4701,-30.9,1528,0.4
2026-07-28T19:37:32.591862,A4EFBB,N417SK,32.90799,-117.371832,,,260,,7253,-49.5,117,15.9
2026-07-28T19:37:32.591862,AD99F9,,32.87384,-117.43331,,,306,,7220,-49.5,57,3.8
2026-07-28T19:37:32.591862,A3A67B,UPS921,32.622574,-117.150238,,,96,,1067,-37.2,104,2.0
2026-07-28T19:37:32.591862,A8C74E,FDX1366,33.523132,-117.28949,,,111,,,-37.4,20,0.3
2026-07-28T19:37:37.673345,ACAD1D,N916BQ,32.87547,-116.958039,,,136,,0241,-49.5,4826,0.0
2026-07-28T19:37:37.673345,A835E2,N628VT,33.083512,-116.810789,,,73,,4607,-49.5,3378,15.3
2026-07-28T19:37:37.673345,A28F12,ENY4021,33.136688,-116.712872,,,88,,7265,-39.3,3207,3.9
2026-07-28T19:37:37.673345,A242C5,N245CA,32.922441,-116.983431,,,140,,4666,-38.8,4079,24.7
2026-07-28T19:37:37.673345,C0501E,ROU2096,33.133118,-116.560712,,,118,,2621,-35.9,1248,2.0
2026-07-28T19:37:37.673345,A19853,N20115,33.017687,-116.947221,,,108,,1200,-36.4,3388,2.1
2026-07-28T19:37:37.673345,ACAB3F,SWA4876,32.666264,-116.451435,,,91,,1302,-49.5,1198,27.7
2026-07-28T19:37:37.673345,A25BB7,FDX1222,32.671897,-116.727999,,,89,,1373,-35.1,1135,0.4
2026-07-28T19:37:37.673345,AB0715,N81AT,33.095429,-117.079113,,,345,,4701,-49.5,1581,0.3
2026-07-28T19:37:37.673345,A4EFBB,N417SK,32.90799,-117.371832,,,260,,7253,-49.5,117,21.0
2026-07-28T19:37:37.673345,AD99F9,,32.87384,-117.43331,,,306,,7220,-49.5,57,8.9
2026-07-28T19:37:37.673345,A3A67B,UPS921,32.621521,-117.137219,,,96,,1067,-36.3,108,0.4
2026-07-28T19:37:37.673345,A8C74E,FDX1366,33.52002,-117.279932,,,111,,,-37.0,32,1.1
2026-07-28T19:37:42.749252,ACAD1D,N916BQ,32.873608,-116.955965,,,136,,0241,-49.5,4873,0.4
2026-07-28T19:37:42.749252,A835E2,N628VT,33.089098,-116.788816,,,73,,4607,-38.4,3380,3.6
2026-07-28T19:37:42.749252,A28F12,ENY4021,33.136688,-116.712872,,,88,,7265,-49.5,3209,9.0
2026-07-28T19:37:42.749252,A242C5,N245CA,32.922441,-116.983431,,,140,,4666,-38.8,4079,29.8
2026-07-28T19:37:42.749252,C0501E,ROU2096,33.12886,-116.551428,,,118,,2621,-35.8,1260,2.7
2026-07-28T19:37:42.749252,A19853,N20115,33.016617,-116.943201,,,107,,1200,-34.3,3428,0.2
2026-07-28T19:37:42.749252,ACAB3F,SWA4876,32.666264,-116.451435,,,91,,1302,-49.5,1198,32.8
2026-07-28T19:37:42.749252,A25BB7,FDX1222,32.671829,-116.715234,,,90,,1373,-49.5,1173,0.3
2026-07-28T19:37:42.749252,AB0715,N81AT,33.098222,-117.079954,,,345,,4701,-31.0,1632,0.2
2026-07-28T19:37:42.749252,A4EFBB,N417SK,32.90799,-117.371832,,,260,,7253,-49.5,117,26.1
2026-07-28T19:37:42.749252,AD99F9,,32.87384,-117.43331,,,306,,7220,-49.5,57,14.0
2026-07-28T19:37:42.749252,A3A67B,UPS921,32.620969,-117.127542,,,92,,1067,-49.5,125,0.6
2026-07-28T19:37:42.749252,A8C74E,FDX1366,33.52002,-117.279932,,,111,,,-37.0,32,6.2
2026-07-28T19:37:47.834175,ACAD1D,N916BQ,32.872284,-116.954407,,,136,,0241,-36.0,4908,1.9
2026-07-28T19:37:47.834175,A835E2,N628VT,33.089098,-116.788816,,,73,,4607,-38.4,3380,8.7
2026-07-28T19:37:47.834175,A28F12,ENY4021,33.136688,-116.712872,,,88,,7265,-49.5,3209,14.1
2026-07-28T19:37:47.834175,A242C5,N245CA,32.922441,-116.983431,,,140,,4666,-38.8,4079,34.9
2026-07-28T19:37:47.834175,C0501E,ROU2096,33.12886,-116.551428,,,118,,2621,-35.8,1260,7.8
2026-07-28T19:37:47.834175,A19853,N20115,33.015871,-116.940438,,,108,,1200,-34.5,3460,0.3
2026-07-28T19:37:47.834175,ACAB3F,SWA4876,32.666264,-116.451435,,,91,,1302,-49.5,1198,37.8
2026-07-28T19:37:47.834175,A25BB7,FDX1222,32.671711,-116.709165,,,91,,1373,-38.7,1187,2.9
2026-07-28T19:37:47.834175,AB0715,N81AT,33.099572,-117.080402,,,343,,4701,-35.5,1652,2.7
2026-07-28T19:37:47.834175,A4EFBB,N417SK,32.90799,-117.371832,,,260,,7253,-49.5,118,31.2
2026-07-28T19:37:47.834175,AD99F9,,32.886503,-117.45304,,,307,,7220,-37.5,71,3.4
2026-07-28T19:37:47.834175,A3A67B,UPS921,32.620969,-117.127542,,,92,,1067,-49.5,125,5.7
2026-07-28T19:37:47.834175,A8C74E,FDX1366,33.52002,-117.279932,,,111,,,-37.0,32,11.3
2026-07-28T19:37:52.906700,ACAD1D,N916BQ,32.871277,-116.953253,,,135,,0241,-36.9,4924,4.4
2026-07-28T19:37:52.906700,A835E2,N628VT,33.089098,-116.788816,,,73,,4607,-38.4,3380,13.8
2026-07-28T19:37:52.906700,A28F12,ENY4021,33.136688,-116.712872,,,88,,7265,-49.5,3209,19.2
2026-07-28T19:37:52.906700,A242C5,N245CA,32.922441,-116.983431,,,140,,4666,-38.8,4079,40.0
2026-07-28T19:37:52.906700,C0501E,ROU2096,33.12886,-116.551428,,,118,,2621,-35.8,1260,12.9
2026-07-28T19:37:52.906700,A19853,N20115,33.015545,-116.939317,,,108,,1200,-38.4,3467,3.4
2026-07-28T19:37:52.906700,ACAB3F,SWA4876,32.666264,-116.451435,,,91,,1302,-49.5,1198,42.9
2026-07-28T19:37:52.906700,A25BB7,FDX1222,32.671711,-116.709165,,,91,,1373,-49.5,1190,8.0
2026-07-28T19:37:52.906700,AB0715,N81AT,33.103064,-117.0827,,,316,,4701,-38.2,1663,0.3
2026-07-28T19:37:52.906700,A4EFBB,N417SK,32.90799,-117.371832,,,260,,7253,-49.5,118,36.3
2026-07-28T19:37:52.906700,AD99F9,,32.890869,-117.459723,,,307,,7220,-37.8,91,3.3
2026-07-28T19:37:52.906700,A3A67B,UPS921,32.620969,-117.127542,,,92,,1067,-49.5,125,10.8
2026-07-28T19:37:52.906700,A8C74E,FDX1366,33.510498,-117.248621,,,111,,7310,-38.3,35,2.5
2026-07-28T19:37:57.990737,ACAD1D,N916BQ,32.867695,-116.949127,,,135,,0241,-49.5,4938,0.2
2026-07-28T19:37:57.990737,A835E2,N628VT,33.089098,-116.788816,,,73,,4607,-38.4,3380,18.8
2026-07-28T19:37:57.990737,A28F12,ENY4021,33.136688,-116.712872,,,88,,7265,-49.5,3209,24.2
2026-07-28T19:37:57.990737,A242C5,N245CA,32.922441,-116.983431,,,140,,4666,-38.8,4079,45.0
2026-07-28T19:37:57.990737,C0501E,ROU2096,33.12886,-116.551428,,,113,,2621,-49.5,1266,18.0
2026-07-28T19:37:57.990737,A19853,N20115,33.015545,-116.939317,,,108,,1200,-36.7,3468,8.5
2026-07-28T19:37:57.990737,ACAB3F,SWA4876,32.666264,-116.451435,,,91,,1302,-49.5,1198,48.0
2026-07-28T19:37:57.990737,A25BB7,FDX1222,32.671711,-116.709165,,,91,,1373,-49.5,1190,13.1
2026-07-28T19:37:57.990737,AB0715,N81AT,33.104736,-117.085474,,,298,,4701,-33.8,1696,0.0
2026-07-28T19:37:57.990737,A4EFBB,N417SK,32.90799,-117.371832,,,260,,7253,-49.5,118,41.3
2026-07-28T19:37:57.990737,AD99F9,,32.890869,-117.459723,,,307,,7220,-49.5,93,8.4
2026-07-28T19:37:57.990737,A3A67B,UPS921,32.620969,-117.127542,,,92,,1067,-49.5,125,15.8
2026-07-28T19:37:57.990737,A8C74E,FDX1366,33.508255,-117.238843,,,103,,7310,-49.5,45,3.4
2026-07-28T19:38:03.071933,ACAD1D,N916BQ,32.866516,-116.94776,,,135,,0241,-37.3,4955,2.2
2026-07-28T19:38:03.071933,A835E2,N628VT,33.089098,-116.788816,,,73,,4607,-38.4,3380,23.9
2026-07-28T19:38:03.071933,A28F12,ENY4021,33.136688,-116.712872,,,88,,7265,-49.5,3209,29.3
2026-07-28T19:38:03.071933,A242C5,N245CA,32.902588,-116.964294,,,141,,4666,-49.5,4085,0.5
2026-07-28T19:38:03.071933,C0501E,ROU2096,33.12886,-116.551428,,,114,,2621,-38.3,1267,23.0
2026-07-28T19:38:03.071933,A19853,N20115,33.013458,-116.931995,,,107,,1200,-33.7,3496,0.5
2026-07-28T19:38:03.071933,ACAB3F,SWA4876,32.666264,-116.451435,,,91,,1302,-49.5,1198,53.1
2026-07-28T19:38:03.071933,A25BB7,FDX1222,32.671711,-116.709165,,,91,,1373,-49.5,1190,18.2
2026-07-28T19:38:03.071933,AB0715,N81AT,33.105423,-117.087177,,,292,,4701,-49.5,1721,2.2
2026-07-28T19:38:03.071933,A4EFBB,N417SK,32.90799,-117.371832,,,262,,7253,-37.0,120,46.4
2026-07-28T19:38:03.071933,AD99F9,,32.890869,-117.459723,,,307,,7220,-49.5,93,13.5
2026-07-28T19:38:03.071933,A3A67B,UPS921,32.625687,-117.084595,,,75,,1067,-37.5,135,0.0
2026-07-28T19:38:03.071933,A8C74E,FDX1366,33.508255,-117.238843,,,100,,7310,-49.5,49,8.5
2026-07-28T19:38:08.144014,ACAD1D,N916BQ,32.864822,-116.945782,,,135,,0241,-49.5,4966,2.8
2026-07-28T19:38:08.144014,A835E2,N628VT,33.089098,-116.788816,,,73,,4607,-38.4,3380,29.0
2026-07-28T19:38:08.144014,A28F12,ENY4021,33.136688,-116.712872,,,88,,7265,-49.5,3209,34.4
2026-07-28T19:38:08.144014,A242C5,N245CA,32.900515,-116.962411,,,142,,4666,-35.4,4108,0.5
2026-07-28T19:38:08.144014,C0501E,ROU2096,33.104828,-116.488916,,,114,,2621,-35.7,1284,0.1
2026-07-28T19:38:08.144014,A19853,N20115,33.012938,-116.930069,,,107,,1200,-37.4,3527,2.0
2026-07-28T19:38:08.144014,ACAB3F,SWA4876,32.666264,-116.451435,,,91,,1302,-49.5,1198,58.1
2026-07-28T19:38:08.144014,A25BB7,FDX1222,32.670273,-116.655634,,,91,,1373,-36.6,1196,1.8
2026-07-28T19:38:08.144014,AB0715,N81AT,33.106522,-117.090912,,,287,,4701,-49.5,1758,1.0
2026-07-28T19:38:08.144014,A4EFBB,N417SK,32.90799,-117.371832,,,262,,7253,-49.5,122,51.5
2026-07-28T19:38:08.144014,AD99F9,,32.906473,-117.483253,,,308,,7220,-38.4,107,0.1
2026-07-28T19:38:08.144014,A3A67B,UPS921,32.6273,-117.078552,,,71,,1067,-37.3,167,2.1
2026-07-28T19:38:08.144014,A8C74E,FDX1366,33.508255,-117.238843,,,100,,7310,-49.5,49,13.6
2026-07-28T19:38:13.231408,ACAD1D,N916BQ,32.864822,-116.945782,,,135,,0241,-49.5,4966,7.9
2026-07-28T19:38:13.231408,A835E2,N628VT,33.089098,-116.788816,,,73,,4607,-38.4,3380,34.1
2026-07-28T19:38:13.231408,A28F12,ENY4021,33.136688,-116.712872,,,88,,7265,-49.5,3209,39.5
2026-07-28T19:38:13.231408,A242C5,N245CA,32.898327,-116.960393,,,142,,4666,-38.1,4131,0.1
2026-07-28T19:38:13.231408,C0501E,ROU2096,33.104134,-116.487084,,,114,,2621,-49.5,1290,4.4
2026-07-28T19:38:13.231408,A19853,N20115,33.011993,-116.926611,,,108,,1200,-49.5,3546,1.0
2026-07-28T19:38:13.231408,ACAB3F,SWA4876,32.666264,-116.451435,,,91,,1302,-49.5,1198,63.2
2026-07-28T19:38:13.231408,A25BB7,FDX1222,32.670273,-116.655634,,,91,,1373,-49.5,1197,6.9
2026-07-28T19:38:13.231408,AB0715,N81AT,33.106522,-117.090912,,,287,,4701,-49.5,1758,6.1
2026-07-28T19:38:13.231408,A4EFBB,N417SK,32.90799,-117.371832,,,262,,7253,-49.5,122,56.6
2026-07-28T19:38:13.231408,AD99F9,,32.907394,-117.484552,,,308,,7220,-49.5,110,4.1
2026-07-28T19:38:13.231408,A3A67B,UPS921,32.63135,-117.065436,,,68,,1067,-49.5,189,0.8
2026-07-28T19:38:13.231408,A8C74E,FDX1366,33.508255,-117.238843,,,100,,7310,-49.5,49,18.7
2026-07-28T19:38:18.273504,ACAD1D,N916BQ,32.864822,-116.945782,,,135,,0241,-49.5,4966,12.9
2026-07-28T19:38:18.273504,A835E2,N628VT,33.089098,-116.788816,,,73,,4607,-38.4,3380,39.1
2026-07-28T19:38:18.273504,A28F12,ENY4021,33.136688,-116.712872,,,88,,7265,-49.5,3209,44.5
2026-07-28T19:38:18.273504,A242C5,N245CA,32.898327,-116.960393,,,142,,4666,-39.2,4135,5.1
2026-07-28T19:38:18.273504,C0501E,ROU2096,33.099701,-116.475293,,,114,,2621,-49.5,1297,4.1
2026-07-28T19:38:18.273504,A19853,N20115,33.011124,-116.92359,,,108,,1200,-49.5,3578,0.7
2026-07-28T19:38:18.273504,A25BB7,FDX1222,32.670273,-116.655634,,,91,,1373,-49.5,1197,11.9
2026-07-28T19:38:18.273504,AB0715,N81AT,33.107941,-117.097064,,,284,,4701,-49.5,1774,1.1
2026-07-28T19:38:18.273504,A4EFBB,N417SK,32.90799,-117.371832,,,262,,7253,-49.5,122,61.6
2026-07-28T19:38:18.273504,AD99F9,,32.907394,-117.484552,,,308,,7220,-39.1,111,9.1
2026-07-28T19:38:18.273504,A3A67B,UPS921,32.635167,-117.053833,,,68,,1067,-49.5,238,0.1
2026-07-28T19:38:18.273504,A8C74E,FDX1366,33.508255,-117.238843,,,100,,7310,-49.5,49,23.7
2026-07-28T19:38:23.330600,ACAD1D,N916BQ,32.864822,-116.945782,,,135,,0241,-49.5,4966,18.0
2026-07-28T19:38:23.330600,A835E2,N628VT,33.089098,-116.788816,,,73,,4607,-38.4,3380,44.2
2026-07-28T19:38:23.330600,A28F12,ENY4021,33.136688,-116.712872,,,88,,7265,-49.5,3209,49.6
2026-07-28T19:38:23.330600,A242C5,N245CA,32.898327,-116.960393,,,142,,4666,-38.0,4136,10.2
2026-07-28T19:38:23.330600,C0501E,ROU2096,33.095476,-116.464047,,,114,,2621,-36.6,1304,4.2
2026-07-28T19:38:23.330600,A19853,N20115,33.010331,-116.920876,,,109,,1200,-35.9,3608,0.8
2026-07-28T19:38:23.330600,A25BB7,FDX1222,32.670273,-116.655634,,,91,,1373,-49.5,1197,17.0
2026-07-28T19:38:23.330600,AB0715,N81AT,33.108836,-117.100861,,,286,,4701,-33.0,1812,0.2
2026-07-28T19:38:23.330600,A4EFBB,N417SK,32.90799,-117.371832,,,262,,7253,-49.5,122,66.7
2026-07-28T19:38:23.330600,AD99F9,,32.907394,-117.484552,,,306,,7220,-49.5,114,14.2
2026-07-28T19:38:23.330600,A3A67B,UPS921,32.63855,-117.043341,,,69,,1067,-30.7,292,0.0
2026-07-28T19:38:23.330600,A8C74E,FDX1366,33.508255,-117.238843,,,100,,7310,-49.5,49,28.8
2026-07-28T19:38:28.375299,ACAD1D,N916BQ,32.864822,-116.945782,,,135,,0241,-49.5,4966,23.0
2026-07-28T19:38:28.375299,A835E2,N628VT,33.089098,-116.788816,,,73,,4607,-38.4,3380,49.2
2026-07-28T19:38:28.375299,A28F12,ENY4021,33.136688,-116.712872,,,88,,7265,-49.5,3209,54.6
2026-07-28T19:38:28.375299,A242C5,N245CA,32.898327,-116.960393,,,142,,4666,-38.0,4136,15.2
2026-07-28T19:38:28.375299,C0501E,ROU2096,33.095476,-116.464047,,,114,,2621,-36.6,1304,9.2
2026-07-28T19:38:28.375299,A19853,N20115,33.009384,-116.917822,,,110,,1200,-37.1,3616,0.4
2026-07-28T19:38:28.375299,A25BB7,FDX1222,32.670273,-116.655634,,,91,,1373,-49.5,1197,22.0
2026-07-28T19:38:28.375299,AB0715,N81AT,33.108883,-117.101085,,,286,,4701,-37.3,1819,4.7
2026-07-28T19:38:28.375299,A4EFBB,N417SK,32.90799,-117.371832,,,262,,7253,-49.5,122,71.7
2026-07-28T19:38:28.375299,AD99F9,,32.907394,-117.484552,,,306,,7220,-49.5,114,19.2
2026-07-28T19:38:28.375299,A3A67B,UPS921,32.641663,-117.033344,,,69,,1067,-32.4,351,0.3
2026-07-28T19:38:28.375299,A8C74E,FDX1366,33.508255,-117.238843,,,100,,7310,-49.5,49,33.8
2026-07-28T19:38:33.429412,ACAD1D,N916BQ,32.864822,-116.945782,,,135,,0241,-49.5,4966,28.1
2026-07-28T19:38:33.429412,A835E2,N628VT,33.089098,-116.788816,,,73,,4607,-38.4,3380,54.2
2026-07-28T19:38:33.429412,A28F12,ENY4021,33.136688,-116.712872,,,88,,7265,-49.5,3209,59.6
2026-07-28T19:38:33.429412,A242C5,N245CA,32.898327,-116.960393,,,142,,4666,-38.0,4136,20.3
2026-07-28T19:38:33.429412,C0501E,ROU2096,33.095476,-116.464047,,,114,,2621,-36.6,1304,14.3
2026-07-28T19:38:33.429412,A19853,N20115,33.008656,-116.915551,,,110,,1200,-38.6,3623,1.3
2026-07-28T19:38:33.429412,A25BB7,FDX1222,32.670273,-116.655634,,,91,,1373,-49.5,1197,27.0
2026-07-28T19:38:33.429412,AB0715,N81AT,33.11055,-117.106897,,,290,,4701,-31.3,1860,0.3
2026-07-28T19:38:33.429412,A4EFBB,N417SK,32.90799,-117.371832,,,262,,7253,-49.5,122,76.7
2026-07-28T19:38:33.429412,AD99F9,,32.907394,-117.484552,,,306,,7220,-49.5,114,24.3
2026-07-28T19:38:33.429412,A3A67B,UPS921,32.644272,-117.025049,,,69,,1067,-37.4,411,1.3
2026-07-28T19:38:33.429412,A8C74E,FDX1366,33.508255,-117.238843,,,100,,7310,-49.5,49,38.8
2026-07-28T19:38:38.469740,ACAD1D,N916BQ,32.864822,-116.945782,,,135,,0241,-49.5,4966,33.1
2026-07-28T19:38:38.469740,A835E2,N628VT,33.089098,-116.788816,,,73,,4607,-38.4,3380,59.3
2026-07-28T19:38:38.469740,A28F12,ENY4021,33.136688,-116.712872,,,88,,7265,-49.5,3209,64.7
2026-07-28T19:38:38.469740,A242C5,N245CA,32.898327,-116.960393,,,142,,4666,-38.0,4136,25.3
2026-07-28T19:38:38.469740,C0501E,ROU2096,33.095476,-116.464047,,,114,,2621,-36.6,1304,19.3
2026-07-28T19:38:38.469740,A19853,N20115,33.008656,-116.915551,,,110,,1200,-38.6,3623,6.4
2026-07-28T19:38:38.469740,A25BB7,FDX1222,32.670273,-116.655634,,,91,,1373,-49.5,1197,32.1
2026-07-28T19:38:38.469740,AB0715,N81AT,33.111145,-117.10871,,,292,,4701,-36.6,1891,2.4
2026-07-28T19:38:38.469740,A4EFBB,N417SK,32.90799,-117.371832,,,262,,7253,-49.5,122,81.8
2026-07-28T19:38:38.469740,AD99F9,,32.907394,-117.484552,,,306,,7220,-37.9,116,29.3
2026-07-28T19:38:38.469740,A3A67B,UPS921,32.648346,-117.012305,,,69,,1067,-49.5,449,0.3
2026-07-28T19:38:38.469740,A8C74E,FDX1366,33.508255,-117.238843,,,100,,7310,-49.5,49,43.9
2026-07-28T19:38:38.469740,AC1B21,,33.959811,-116.148663,,,107,,,-49.5,2,5.6
2026-07-28T19:38:43.532004,ACAD1D,N916BQ,32.864822,-116.945782,,,146,,0241,-37.7,4968,38.2
2026-07-28T19:38:43.532004,A242C5,N245CA,32.898327,-116.960393,,,142,,4666,-38.0,4136,30.4
2026-07-28T19:38:43.532004,C0501E,ROU2096,33.095476,-116.464047,,,114,,2621,-49.5,1305,24.4
2026-07-28T19:38:43.532004,A19853,N20115,33.008656,-116.915551,,,110,,1200,-38.6,3623,11.4
2026-07-28T19:38:43.532004,A25BB7,FDX1222,32.670273,-116.655634,,,91,,1373,-49.5,1197,37.2
2026-07-28T19:38:43.532004,AB0715,N81AT,33.112281,-117.112016,,,292,,4701,-37.8,1907,1.9
2026-07-28T19:38:43.532004,A4EFBB,N417SK,32.90799,-117.371832,,,262,,7253,-49.5,122,86.9
2026-07-28T19:38:43.532004,AD99F9,,32.907394,-117.484552,,,306,,7220,-37.2,120,34.4
2026-07-28T19:38:43.532004,A3A67B,UPS921,32.65174,-117.001928,,,69,,1067,-32.7,511,0.3
2026-07-28T19:38:43.532004,A8C74E,FDX1366,33.502121,-117.126013,,,100,,7310,-37.3,52,3.4
2026-07-28T19:38:43.532004,AC1B21,,33.959811,-116.148663,,,107,,,-49.5,2,10.7
2026-07-28T19:38:48.589175,ACAD1D,N916BQ,32.864822,-116.945782,,,146,,0241,-40.0,4971,43.2
2026-07-28T19:38:48.589175,A242C5,N245CA,32.898327,-116.960393,,,142,,4666,-38.0,4136,35.4
2026-07-28T19:38:48.589175,C0501E,ROU2096,33.095476,-116.464047,,,114,,2621,-49.5,1305,29.4
2026-07-28T19:38:48.589175,A19853,N20115,33.008656,-116.915551,,,110,,1200,-38.6,3623,16.5
2026-07-28T19:38:48.589175,A25BB7,FDX1222,32.670273,-116.655634,,,91,,1373,-49.5,1197,42.2
2026-07-28T19:38:48.589175,AB0715,N81AT,33.113708,-117.115961,,,292,,4701,-49.5,1913,0.4
2026-07-28T19:38:48.589175,A4EFBB,N417SK,32.906525,-117.480762,,,319,,7253,-36.7,140,1.3
2026-07-28T19:38:48.589175,AD99F9,,32.938293,-117.533167,,,306,,7220,-36.1,136,2.1
2026-07-28T19:38:48.589175,A3A67B,UPS921,32.653793,-116.995551,,,69,,1067,-34.6,540,2.3
2026-07-28T19:38:48.589175,A8C74E,FDX1366,33.502121,-117.126013,,,100,,7310,-37.3,52,8.4
2026-07-28T19:38:48.589175,AC1B21,,33.959811,-116.148663,,,107,,,-49.5,2,15.7
2026-07-28T19:38:48.589175,A651E1,,33.498013,-116.756866,,,91,,,-49.5,18,0.4
2026-07-28T19:38:53.642729,ACAD1D,N916BQ,32.864822,-116.945782,,,146,,0241,-40.0,4971,48.3
2026-07-28T19:38:53.642729,A242C5,N245CA,32.898327,-116.960393,,,142,,4666,-38.0,4136,40.5
2026-07-28T19:38:53.642729,C0501E,ROU2096,33.067886,-116.390643,,,114,,2621,-49.5,1309,1.7
2026-07-28T19:38:53.642729,A19853,N20115,33.008656,-116.915551,,,110,,1200,-38.6,3623,21.6
2026-07-28T19:38:53.642729,A25BB7,FDX1222,32.670273,-116.655634,,,91,,1373,-49.5,1197,47.3
2026-07-28T19:38:53.642729,AB0715,N81AT,33.114934,-117.119247,,,294,,4701,-31.6,1963,0.0
2026-07-28T19:38:53.642729,A4EFBB,N417SK,32.906525,-117.480762,,,319,,7253,-36.7,140,6.3
2026-07-28T19:38:53.642729,AD99F9,,32.938293,-117.533167,,,306,,7220,-36.5,144,7.2
2026-07-28T19:38:53.642729,A3A67B,UPS921,32.656998,-116.984344,,,73,,1067,-49.5,549,2.2
2026-07-28T19:38:53.642729,A8C74E,FDX1366,33.502121,-117.126013,,,100,,7310,-37.3,52,13.5
2026-07-28T19:38:53.642729,AC1B21,,33.959811,-116.148663,,,107,,,-49.5,2,20.8
2026-07-28T19:38:53.642729,A651E1,,33.49791,-116.750116,,,91,,7711,-36.9,56,2.5
2026-07-28T19:38:58.699419,ACAD1D,N916BQ,32.864822,-116.945782,,,146,,0241,-40.0,4971,53.4
2026-07-28T19:38:58.699419,A242C5,N245CA,32.898327,-116.960393,,,142,,4666,-38.0,4136,45.6
2026-07-28T19:38:58.699419,C0501E,ROU2096,33.062517,-116.37638,,,114,,2621,-49.5,1317,0.4
2026-07-28T19:38:58.699419,A19853,N20115,33.008656,-116.915551,,,110,,1200,-38.6,3623,26.6
2026-07-28T19:38:58.699419,A25BB7,FDX1222,32.670273,-116.655634,,,91,,1373,-49.5,1197,52.4
2026-07-28T19:38:58.699419,AB0715,N81AT,33.116089,-117.122278,,,294,,4701,-49.5,2013,0.0
2026-07-28T19:38:58.699419,A4EFBB,N417SK,32.906525,-117.480762,,,319,,7253,-36.7,140,11.4
2026-07-28T19:38:58.699419,AD99F9,,32.945764,-117.544967,,,307,,7220,-49.5,154,3.2
2026-07-28T19:38:58.699419,A3A67B,UPS921,32.660706,-116.968689,,,75,,1067,-49.5,609,0.0
2026-07-28T19:38:58.699419,A8C74E,FDX1366,33.502121,-117.126013,,,100,,7310,-37.3,52,18.6
2026-07-28T19:38:58.699419,AC1B21,,33.959811,-116.148663,,,107,,,-49.5,2,25.9
2026-07-28T19:38:58.699419,A651E1,,33.49791,-116.750116,,,91,,7711,-36.9,56,7.6
2026-07-28T19:39:03.764793,ACAD1D,N916BQ,32.864822,-116.945782,,,146,,0241,-40.0,4971,58.4
2026-07-28T19:39:03.764793,A242C5,N245CA,32.898327,-116.960393,,,142,,4666,-38.0,4136,50.6
2026-07-28T19:39:03.764793,C0501E,ROU2096,33.059258,-116.367748,,,113,,2621,-36.1,1332,1.5
2026-07-28T19:39:03.764793,A19853,N20115,33.008656,-116.915551,,,110,,1200,-38.6,3623,31.7
2026-07-28T19:39:03.764793,A25BB7,FDX1222,32.670273,-116.655634,,,91,,1373,-49.5,1197,57.4
2026-07-28T19:39:03.764793,AB0715,N81AT,33.117169,-117.125076,,,294,,4701,-49.5,2053,0.3
2026-07-28T19:39:03.764793,A4EFBB,N417SK,32.906525,-117.480762,,,319,,7253,-36.7,140,16.4
2026-07-28T19:39:03.764793,AD99F9,,32.945764,-117.544967,,,307,,7220,-49.5,154,8.2
2026-07-28T19:39:03.764793,A3A67B,UPS921,32.662772,-116.957647,,,78,,1067,-49.5,669,0.0
2026-07-28T19:39:03.764793,A8C74E,FDX1366,33.502121,-117.126013,,,100,,7310,-37.3,52,23.6
2026-07-28T19:39:03.764793,AC1B21,,33.959811,-116.148663,,,107,,,-49.5,2,30.9
2026-07-28T19:39:03.764793,A651E1,,33.49791,-116.750116,,,91,,7711,-36.9,56,12.6
2026-07-28T19:39:08.830462,ACAD1D,N916BQ,32.864822,-116.945782,,,146,,0241,-40.0,4971,63.5
2026-07-28T19:39:08.830462,A242C5,N245CA,32.898327,-116.960393,,,142,,4666,-38.0,4136,55.7
2026-07-28T19:39:08.830462,C0501E,ROU2096,33.056558,-116.360461,,,113,,2621,-38.8,1343,3.4
2026-07-28T19:39:08.830462,A19853,N20115,33.008656,-116.915551,,,110,,1200,-38.6,3623,36.8
2026-07-28T19:39:08.830462,A25BB7,FDX1222,32.670273,-116.655634,,,91,,1373,-49.5,1197,62.5
2026-07-28T19:39:08.830462,AB0715,N81AT,33.117416,-117.125739,,,294,,4701,-36.0,2060,4.3
2026-07-28T19:39:08.830462,A4EFBB,N417SK,32.906525,-117.480762,,,319,,7253,-36.7,140,21.5
2026-07-28T19:39:08.830462,AD99F9,,32.945764,-117.544967,,,307,,7220,-49.5,154,13.3
2026-07-28T19:39:08.830462,A3A67B,UPS921,32.664495,-116.946212,,,80,,1067,-49.5,725,0.0
2026-07-28T19:39:08.830462,A8C74E,FDX1366,33.502121,-117.126013,,,100,,7310,-37.3,52,28.7
2026-07-28T19:39:08.830462,AC1B21,,33.959811,-116.148663,,,107,,,-49.5,2,36.0
2026-07-28T19:39:08.830462,A651E1,,33.49791,-116.750116,,,91,,7711,-36.9,56,17.7
2026-07-28T19:39:13.906217,ACAD1D,N916BQ,32.864822,-116.945782,,,146,,0241,-40.0,4971,68.6
2026-07-28T19:39:13.906217,A242C5,N245CA,32.898327,-116.960393,,,142,,4666,-38.0,4136,60.8
2026-07-28T19:39:13.906217,C0501E,ROU2096,33.056558,-116.360461,,,113,,2621,-38.8,1343,8.5
2026-07-28T19:39:13.906217,A19853,N20115,33.008656,-116.915551,,,110,,1200,-38.6,3623,41.8
2026-07-28T19:39:13.906217,AB0715,N81AT,33.119543,-117.131186,,,295,,4701,-49.5,2082,0.1
2026-07-28T19:39:13.906217,A4EFBB,N417SK,32.906525,-117.480762,,,319,,7253,-36.7,140,26.6
2026-07-28T19:39:13.906217,AD99F9,,32.945764,-117.544967,,,307,,7220,-49.5,154,18.4
2026-07-28T19:39:13.906217,A3A67B,UPS921,32.665421,-116.938367,,,81,,1067,-38.1,767,1.6
2026-07-28T19:39:13.906217,A8C74E,FDX1366,33.502121,-117.126013,,,100,,7310,-37.3,52,33.8
2026-07-28T19:39:13.906217,AC1B21,,33.959811,-116.148663,,,107,,,-49.5,2,41.1
2026-07-28T19:39:13.906217,A651E1,,33.49791,-116.750116,,,91,,7711,-36.9,56,22.8
2026-07-28T19:39:18.979213,ACAD1D,N916BQ,32.864822,-116.945782,,,146,,0241,-40.0,4971,73.7
2026-07-28T19:39:18.979213,A242C5,N245CA,32.898327,-116.960393,,,142,,4666,-38.0,4136,65.9
2026-07-28T19:39:18.979213,C0501E,ROU2096,33.056558,-116.360461,,,113,,2621,-38.8,1343,13.5
2026-07-28T19:39:18.979213,A19853,N20115,33.008656,-116.915551,,,110,,1200,-38.6,3623,46.9
2026-07-28T19:39:18.979213,AB0715,N81AT,33.120758,-117.134143,,,295,,4701,-28.8,2132,0.2
2026-07-28T19:39:18.979213,A4EFBB,N417SK,32.906525,-117.480762,,,319,,7253,-36.7,140,31.7
2026-07-28T19:39:18.979213,AD99F9,,32.945764,-117.544967,,,307,,7220,-49.5,154,23.4
2026-07-28T19:39:18.979213,A3A67B,UPS921,32.665421,-116.938367,,,81,,1067,-38.1,767,6.7
2026-07-28T19:39:18.979213,A8C74E,FDX1366,33.502121,-117.126013,,,100,,7310,-37.3,52,38.8
2026-07-28T19:39:18.979213,AC1B21,,33.959811,-116.148663,,,107,,,-49.5,2,46.1
2026-07-28T19:39:18.979213,A651E1,,33.49791,-116.750116,,,91,,7711,-36.9,56,27.8
2026-07-28T19:39:24.028117,ACAD1D,N916BQ,32.864822,-116.945782,,,146,,0241,-40.0,4971,78.7
2026-07-28T19:39:24.028117,C0501E,ROU2096,33.056558,-116.360461,,,113,,2621,-38.8,1343,18.6
2026-07-28T19:39:24.028117,A19853,N20115,33.008656,-116.915551,,,110,,1200,-38.6,3623,52.0
2026-07-28T19:39:24.028117,AB0715,N81AT,33.121857,-117.13689,,,295,,4701,-49.5,2173,0.4
2026-07-28T19:39:24.028117,A4EFBB,N417SK,32.906525,-117.480762,,,319,,7253,-36.7,140,36.7
2026-07-28T19:39:24.028117,AD99F9,,32.945764,-117.544967,,,307,,7220,-49.5,154,28.5
2026-07-28T19:39:24.028117,A3A67B,UPS921,32.665421,-116.938367,,,81,,1067,-38.1,767,11.7
2026-07-28T19:39:24.028117,A8C74E,FDX1366,33.502121,-117.126013,,,100,,7310,-37.3,52,43.9
2026-07-28T19:39:24.028117,AC1B21,,33.959811,-116.148663,,,107,,,-49.5,2,51.2
2026-07-28T19:39:24.028117,A651E1,,33.49791,-116.750116,,,91,,7711,-36.9,56,32.9
2026-07-28T19:39:29.105959,ACAD1D,N916BQ,32.864822,-116.945782,,,146,,0241,-40.0,4971,83.8
2026-07-28T19:39:29.105959,C0501E,ROU2096,33.056558,-116.360461,,,113,,2621,-38.8,1343,23.7
2026-07-28T19:39:29.105959,A19853,N20115,33.008656,-116.915551,,,110,,1200,-38.6,3623,57.1
2026-07-28T19:39:29.105959,AB0715,N81AT,33.123138,-117.140021,,,296,,4701,-49.5,2233,0.0
2026-07-28T19:39:29.105959,A4EFBB,N417SK,32.906525,-117.480762,,,319,,7253,-36.7,140,41.8
2026-07-28T19:39:29.105959,AD99F9,,32.945764,-117.544967,,,307,,7220,-49.5,154,33.6
2026-07-28T19:39:29.105959,A3A67B,UPS921,32.668033,-116.900193,,,86,,1067,-37.3,787,0.0
2026-07-28T19:39:29.105959,A8C74E,FDX1366,33.502121,-117.126013,,,100,,7310,-37.3,52,49.0
2026-07-28T19:39:29.105959,AC1B21,,33.959811,-116.148663,,,107,,,-49.5,2,56.3
2026-07-28T19:39:29.105959,A651E1,,33.49791,-116.750116,,,91,,7711,-36.9,56,38.0
2026-07-28T19:39:29.105959,AB04E1,,33.182007,-117.371283,,,117,,,-49.5,13,0.1
2026-07-28T19:39:34.185333,ACAD1D,N916BQ,32.864822,-116.945782,,,146,,0241,-40.0,4971,88.9
2026-07-28T19:39:34.185333,C0501E,ROU2096,33.056558,-116.360461,,,113,,2621,-38.8,1343,28.8
2026-07-28T19:39:34.185333,AB0715,N81AT,33.124374,-117.142877,,,296,,4701,-49.5,2277,0.1
2026-07-28T19:39:34.185333,A4EFBB,N417SK,32.906525,-117.480762,,,319,,7253,-49.5,141,46.9
2026-07-28T19:39:34.185333,AD99F9,,32.945764,-117.544967,,,307,,7220,-49.5,154,38.6
2026-07-28T19:39:34.185333,A3A67B,UPS921,32.668126,-116.898959,,,86,,1067,-36.4,796,4.6
2026-07-28T19:39:34.185333,A8C74E,FDX1366,33.502121,-117.126013,,,100,,7310,-37.3,52,54.0
2026-07-28T19:39:34.185333,AC1B21,,33.959811,-116.148663,,,107,,,-49.5,2,61.4
2026-07-28T19:39:34.185333,A651E1,,33.49791,-116.750116,,,91,,7711,-36.9,56,43.1
2026-07-28T19:39:34.185333,AB04E1,N809SE,33.180433,-117.367728,,,117,,,-36.7,32,0.6
2026-07-28T19:39:39.264370,ACAD1D,N916BQ,32.864822,-116.945782,,,146,,0241,-40.0,4971,93.9
2026-07-28T19:39:39.264370,C0501E,ROU2096,33.056558,-116.360461,,,113,,2621,-38.8,1343,33.8
2026-07-28T19:39:39.264370,AB0715,N81AT,33.125548,-117.145703,,,296,,4701,-49.5,2329,0.2
2026-07-28T19:39:39.264370,A4EFBB,N417SK,32.906525,-117.480762,,,319,,7253,-49.5,141,51.9
2026-07-28T19:39:39.264370,AD99F9,,32.945764,-117.544967,,,307,,7220,-49.5,154,43.7
2026-07-28T19:39:39.264370,A3A67B,UPS921,32.668808,-116.882117,,,87,,1067,-34.5,820,2.3
2026-07-28T19:39:39.264370,A8C74E,FDX1366,33.502121,-117.126013,,,100,,7310,-37.3,52,59.1
2026-07-28T19:39:39.264370,A651E1,,33.49791,-116.750116,,,91,,7711,-36.9,56,48.1
2026-07-28T19:39:39.264370,AB04E1,N809SE,33.178525,-117.363524,,,117,,,-37.9,47,0.0
2026-07-28T19:39:44.314159,ACAD1D,N916BQ,32.864822,-116.945782,,,146,,0241,-40.0,4971,99.0
2026-07-28T19:39:44.314159,C0501E,ROU2096,33.056558,-116.360461,,,113,,2621,-38.8,1343,38.9
2026-07-28T19:39:44.314159,AB0715,N81AT,33.12648,-117.147931,,,296,,4701,-38.5,2375,1.3
2026-07-28T19:39:44.314159,A4EFBB,N417SK,32.906525,-117.480762,,,319,,7253,-49.5,141,57.0
2026-07-28T19:39:44.314159,AD99F9,,32.985286,-117.607017,,,306,,7220,-49.5,165,1.7
2026-07-28T19:39:44.314159,A3A67B,UPS921,32.669312,-116.867615,,,87,,1067,-37.0,844,1.1
2026-07-28T19:39:44.314159,A651E1,,33.495895,-116.631848,,,91,,7711,-49.5,58,2.3
2026-07-28T19:39:44.314159,AB04E1,N809SE,33.177017,-117.360187,,,118,,4747,-35.4,76,0.5
2026-07-28T19:39:44.314159,A2BE6D,,33.521667,-117.300531,,,,,,-38.9,3,2.6
2026-07-28T19:39:49.368259,C0501E,ROU2096,33.056558,-116.360461,,,113,,2621,-38.8,1343,43.9
2026-07-28T19:39:49.368259,AB0715,N81AT,33.127945,-117.151337,,,296,,4701,-35.2,2415,0.4
2026-07-28T19:39:49.368259,A4EFBB,N417SK,32.906525,-117.480762,,,319,,7253,-49.5,141,62.0
2026-07-28T19:39:49.368259,AD99F9,,32.990733,-117.615705,,,306,,7220,-36.4,184,0.4
2026-07-28T19:39:49.368259,A3A67B,UPS921,32.669312,-116.867615,,,87,,1067,-37.0,844,6.1
2026-07-28T19:39:49.368259,A651E1,,33.495621,-116.616083,,,91,,7711,-37.3,83,0.6
2026-07-28T19:39:49.368259,AB04E1,N809SE,33.175173,-117.356013,,,117,,4747,-34.8,112,0.2
2026-07-28T19:39:49.368259,A2BE6D,,33.521667,-117.300531,,,,,,-38.9,3,7.7
2026-07-28T19:39:54.431935,C0501E,ROU2096,33.056558,-116.360461,,,113,,2621,-38.8,1343,49.0
2026-07-28T19:39:54.431935,AB0715,N81AT,33.129179,-117.154279,,,296,,4701,-49.5,2477,0.4
2026-07-28T19:39:54.431935,A4EFBB,N417SK,32.906525,-117.480762,,,319,,7253,-49.5,141,67.1
2026-07-28T19:39:54.431935,AD99F9,,32.995481,-117.623048,,,307,,7220,-35.4,204,0.2
2026-07-28T19:39:54.431935,A3A67B,UPS921,32.669988,-116.841505,,,88,,1067,-35.5,872,0.0
2026-07-28T19:39:54.431935,A651E1,,33.495499,-116.608831,,,91,,7711,-36.8,100,2.7
2026-07-28T19:39:54.431935,AB04E1,N809SE,33.173538,-117.352332,,,117,,4747,-49.5,162,0.3
2026-07-28T19:39:54.431935,A2BE6D,,33.5159,-117.27757,,,,,,-49.5,5,1.8
2026-07-28T19:39:59.498672,C0501E,ROU2096,33.056558,-116.360461,,,113,,2621,-38.8,1343,54.1
2026-07-28T19:39:59.498672,AB0715,N81AT,33.130436,-117.15725,,,296,,4701,-31.3,2527,0.3
2026-07-28T19:39:59.498672,A4EFBB,N417SK,32.906525,-117.480762,,,319,,7253,-49.5,141,72.2
2026-07-28T19:39:59.498672,AD99F9,,32.995481,-117.623048,,,307,,7220,-49.5,214,5.2
2026-07-28T19:39:59.498672,A3A67B,UPS921,32.670081,-116.837974,,,88,,1067,-36.3,888,3.6
2026-07-28T19:39:59.498672,A651E1,,33.495499,-116.608831,,,91,,7711,-36.8,100,7.7
2026-07-28T19:39:59.498672,AB04E1,N809SE,33.17189,-117.348541,,,117,,4747,-49.5,209,0.4
2026-07-28T19:39:59.498672,A2BE6D,,33.5159,-117.27757,,,,,,-49.5,5,6.9
2026-07-28T19:40:04.549581,C0501E,ROU2096,33.056558,-116.360461,,,113,,2621,-38.8,1343,59.1
2026-07-28T19:40:04.549581,AB0715,N81AT,33.131699,-117.160291,,,296,,4701,-49.5,2577,0.0
2026-07-28T19:40:04.549581,A4EFBB,N417SK,32.906525,-117.480762,,,319,,7253,-49.5,141,77.2
2026-07-28T19:40:04.549581,AD99F9,,32.995481,-117.623048,,,307,,7220,-37.8,216,10.3
2026-07-28T19:40:04.549581,A3A67B,UPS921,32.670081,-116.837974,,,88,,1067,-36.3,888,8.6
2026-07-28T19:40:04.549581,A651E1,,33.495499,-116.608831,,,91,,7711,-36.8,100,12.8
2026-07-28T19:40:04.549581,AB04E1,N809SE,33.170471,-117.345307,,,117,,4747,-38.3,243,1.1
2026-07-28T19:40:04.549581,A2BE6D,,33.5159,-117.27757,,,,,,-49.5,5,12.0
2026-07-28T19:40:09.606670,AB0715,N81AT,33.132889,-117.163037,,,297,,4701,-49.5,2621,0.3
2026-07-28T19:40:09.606670,A4EFBB,N417SK,32.906525,-117.480762,,,319,,7253,-49.5,141,82.3
2026-07-28T19:40:09.606670,AD99F9,,32.995481,-117.623048,,,307,,7220,-37.8,216,15.3
2026-07-28T19:40:09.606670,A3A67B,UPS921,32.670081,-116.837974,,,88,,1067,-36.3,888,13.7
2026-07-28T19:40:09.606670,A651E1,,33.495499,-116.608831,,,91,,7711,-36.8,100,17.8
2026-07-28T19:40:09.606670,AB04E1,N809SE,33.170471,-117.345307,,,117,,4747,-49.5,245,6.2
2026-07-28T19:40:09.606670,A2BE6D,,33.50858,-117.240825,,,101,,,-36.4,16,0.2
2026-07-28T19:40:14.653952,AB0715,N81AT,33.133759,-117.16507,,,296,,4701,-49.5,2634,1.8
2026-07-28T19:40:14.653952,A4EFBB,N417SK,32.906525,-117.480762,,,319,,7253,-49.5,141,87.3
2026-07-28T19:40:14.653952,AD99F9,,32.995481,-117.623048,,,307,,7220,-37.8,216,20.4
2026-07-28T19:40:14.653952,A3A67B,UPS921,32.670081,-116.837974,,,88,,1067,-36.3,888,18.7
2026-07-28T19:40:14.653952,A651E1,,33.495499,-116.608831,,,91,,7711,-36.8,100,22.9
2026-07-28T19:40:14.653952,AB04E1,N809SE,33.170471,-117.345307,,,117,,4747,-49.5,245,11.2
2026-07-28T19:40:14.653952,A2BE6D,,33.507111,-117.229834,,,99,,,-37.3,24,0.1
2026-07-28T19:40:19.711700,AB0715,N81AT,33.133759,-117.16507,,,296,,4701,-49.5,2634,6.8
2026-07-28T19:40:19.711700,A4EFBB,N417SK,32.906525,-117.480762,,,319,,7253,-49.5,141,92.4
2026-07-28T19:40:19.711700,AD99F9,,32.995481,-117.623048,,,307,,7220,-37.8,216,25.4
2026-07-28T19:40:19.711700,A3A67B,UPS921,32.670081,-116.837974,,,88,,1067,-36.3,888,23.8
2026-07-28T19:40:19.711700,A651E1,,33.495499,-116.608831,,,91,,7711,-36.8,100,27.9
2026-07-28T19:40:19.711700,AB04E1,N809SE,33.170471,-117.345307,,,117,,4747,-49.5,245,16.3
2026-07-28T19:40:19.711700,A2BE6D,SKW3846,33.507111,-117.229834,,,97,,,-37.0,32,5.2
2026-07-28T19:40:24.756829,AB0715,N81AT,33.136535,-117.171712,,,297,,4701,-49.5,2670,0.3
2026-07-28T19:40:24.756829,A4EFBB,N417SK,32.906525,-117.480762,,,319,,7253,-49.5,141,97.4
2026-07-28T19:40:24.756829,AD99F9,,32.995481,-117.623048,,,307,,7220,-37.8,216,30.5
2026-07-28T19:40:24.756829,A3A67B,UPS921,32.670081,-116.837974,,,88,,1067,-49.5,889,28.8
2026-07-28T19:40:24.756829,A651E1,,33.495499,-116.608831,,,91,,7711,-36.8,100,33.0
2026-07-28T19:40:24.756829,AB04E1,N809SE,33.170471,-117.345307,,,117,,4747,-49.5,246,21.3
2026-07-28T19:40:24.756829,A2BE6D,SKW3846,33.507111,-117.229834,,,97,,,-37.0,32,10.2
2026-07-28T19:40:24.756829,A017C9,,33.649933,-116.725925,,,96,,,-38.8,3,4.7
2026-07-28T19:40:29.808679,AB0715,N81AT,33.137838,-117.174683,,,296,,4701,-49.5,2717,0.3
2026-07-28T19:40:29.808679,A4EFBB,N417SK,32.906525,-117.480762,,,319,,7253,-38.1,144,102.5
2026-07-28T19:40:29.808679,AD99F9,,32.995481,-117.623048,,,307,,7220,-37.8,216,35.5
2026-07-28T19:40:29.808679,A3A67B,UPS921,32.671371,-116.761707,,,88,,1067,-39.0,891,1.8
2026-07-28T19:40:29.808679,A651E1,,33.495499,-116.608831,,,91,,7711,-36.8,100,38.0
2026-07-28T19:40:29.808679,AB04E1,N809SE,33.170471,-117.345307,,,117,,4747,-37.9,248,26.4
2026-07-28T19:40:29.808679,A2BE6D,SKW3846,33.507111,-117.229834,,,97,,,-37.0,32,15.3
2026-07-28T19:40:29.808679,A017C9,,33.649933,-116.725925,,,96,,,-37.1,4,9.8
2026-07-28T19:40:34.861765,AB0715,N81AT,33.138024,-117.175131,,,296,,4701,-38.2,2735,4.5
2026-07-28T19:40:34.861765,A4EFBB,N417SK,32.906525,-117.480762,,,325,,7253,-36.9,148,107.5
2026-07-28T19:40:34.861765,AD99F9,,32.995481,-117.623048,,,307,,7220,-37.8,216,40.6
2026-07-28T19:40:34.861765,A3A67B,UPS921,32.671617,-116.749131,,,88,,1067,-49.5,909,1.6
2026-07-28T19:40:34.861765,A651E1,,33.495499,-116.608831,,,91,,7711,-36.8,100,43.1
2026-07-28T19:40:34.861765,AB04E1,N809SE,33.170471,-117.345307,,,117,,4747,-37.9,248,31.4
2026-07-28T19:40:34.861765,A2BE6D,SKW3846,33.507111,-117.229834,,,97,,,-49.5,33,20.3
2026-07-28T19:40:34.861765,A017C9,,33.649933,-116.725925,,,96,,,-37.1,4,14.8
2026-07-28T19:40:39.925250,AB0715,N81AT,33.139114,-117.177759,,,296,,4701,-36.5,2736,5.0
2026-07-28T19:40:39.925250,A4EFBB,N417SK,32.906525,-117.480762,,,325,,7253,-49.5,149,112.6
2026-07-28T19:40:39.925250,AD99F9,,32.995481,-117.623048,,,307,,7220,-37.8,216,45.7
2026-07-28T19:40:39.925250,A3A67B,UPS921,32.671875,-116.735339,,,89,,1067,-34.4,948,1.0
2026-07-28T19:40:39.925250,A651E1,,33.495499,-116.608831,,,91,,7711,-36.8,100,48.2
2026-07-28T19:40:39.925250,AB04E1,N809SE,33.170471,-117.345307,,,117,,4747,-37.9,248,36.5
2026-07-28T19:40:39.925250,A2BE6D,SKW3846,33.507111,-117.229834,,,97,,,-49.5,33,25.4
2026-07-28T19:40:39.925250,A017C9,,33.649933,-116.725925,,,96,,,-37.1,4,19.9
2026-07-28T19:40:45.006149,AB0715,N81AT,33.141541,-117.183417,,,296,,4701,-49.5,2789,0.3
2026-07-28T19:40:45.006149,A4EFBB,N417SK,32.906525,-117.480762,,,325,,7253,-37.1,152,117.7
2026-07-28T19:40:45.006149,AD99F9,,32.995481,-117.623048,,,307,,7220,-37.8,216,50.7
2026-07-28T19:40:45.006149,A3A67B,UPS921,32.671921,-116.722925,,,90,,1067,-38.2,975,0.9
2026-07-28T19:40:45.006149,A651E1,,33.495499,-116.608831,,,91,,7711,-36.8,100,53.2
2026-07-28T19:40:45.006149,AB04E1,N809SE,33.170471,-117.345307,,,117,,4747,-37.9,248,41.6
2026-07-28T19:40:45.006149,A2BE6D,SKW3846,33.507111,-117.229834,,,97,,,-49.5,33,30.5
2026-07-28T19:40:45.006149,A017C9,,33.644028,-116.666004,,,96,,,-36.8,20,2.0
2026-07-28T19:40:50.082428,AB0715,N81AT,33.142773,-117.186342,,,296,,4701,-35.8,2839,0.3
2026-07-28T19:40:50.082428,A4EFBB,N417SK,32.906525,-117.480762,,,324,,7253,-49.5,154,122.8
2026-07-28T19:40:50.082428,AD99F9,,32.995481,-117.623048,,,307,,7220,-37.8,216,55.8
2026-07-28T19:40:50.082428,A3A67B,UPS921,32.671829,-116.715289,,,90,,1067,-38.6,991,2.9
2026-07-28T19:40:50.082428,A651E1,,33.495499,-116.608831,,,91,,7711,-36.8,100,58.3
2026-07-28T19:40:50.082428,AB04E1,N809SE,33.154907,-117.310419,,,117,,4747,-38.2,255,0.0
2026-07-28T19:40:50.082428,A2BE6D,SKW3846,33.507111,-117.229834,,,97,,,-49.5,33,35.6
2026-07-28T19:40:50.082428,A017C9,,33.644028,-116.666004,,,96,,,-36.8,20,7.1
2026-07-28T19:40:55.151275,AB0715,N81AT,33.144076,-117.189368,,,296,,4701,-35.0,2879,0.1
2026-07-28T19:40:55.151275,A4EFBB,N417SK,32.906525,-117.480762,,,324,,7253,-49.5,154,127.8
2026-07-28T19:40:55.151275,AD99F9,,32.995481,-117.623048,,,307,,7220,-37.8,216,60.9
2026-07-28T19:40:55.151275,A3A67B,UPS921,32.671829,-116.715289,,,91,,1067,-49.5,997,7.9
2026-07-28T19:40:55.151275,AB04E1,N809SE,33.154907,-117.310419,,,118,,4747,-38.5,279,5.1
2026-07-28T19:40:55.151275,A2BE6D,SKW3846,33.507111,-117.229834,,,97,,,-49.5,33,40.6
2026-07-28T19:40:55.151275,A017C9,,33.644028,-116.666004,,,96,,,-36.8,20,12.1
2026-07-28T19:41:00.200748,AB0715,N81AT,33.14534,-117.192371,,,296,,4701,-36.4,2915,0.1
2026-07-28T19:41:00.200748,A4EFBB,N417SK,32.906525,-117.480762,,,324,,7253,-49.5,154,132.9
2026-07-28T19:41:00.200748,AD99F9,,32.995481,-117.623048,,,307,,7220,-37.8,216,66.0
2026-07-28T19:41:00.200748,A3A67B,UPS921,32.671829,-116.715289,,,91,,1067,-49.5,997,13.0
2026-07-28T19:41:00.200748,AB04E1,N809SE,33.15185,-117.303604,,,118,,4747,-38.7,283,1.2
2026-07-28T19:41:00.200748,A2BE6D,SKW3846,33.50354,-117.13656,,,97,,,-40.0,35,4.1
2026-07-28T19:41:00.200748,A017C9,,33.644028,-116.666004,,,96,,,-36.8,20,17.2
2026-07-28T19:41:05.287768,AB0715,N81AT,33.146636,-117.195366,,,296,,4701,-49.5,2954,0.0
2026-07-28T19:41:05.287768,A4EFBB,N417SK,32.906525,-117.480762,,,324,,7253,-49.5,154,138.0
2026-07-28T19:41:05.287768,A3A67B,UPS921,32.671829,-116.715289,,,91,,1067,-49.5,997,18.1
2026-07-28T19:41:05.287768,AB04E1,N809SE,33.15185,-117.303604,,,118,,4747,-38.7,283,6.2
2026-07-28T19:41:05.287768,A2BE6D,SKW3846,33.50354,-117.13656,,,90,,,-49.5,38,9.2
2026-07-28T19:41:05.287768,A017C9,,33.644028,-116.666004,,,96,,,-36.8,20,22.3
2026-07-28T19:41:05.287768,A8C74E,,33.496244,-116.750027,,,90,,,-49.5,6,0.2
2026-07-28T19:41:10.359430,AB0715,N81AT,33.147308,-117.196985,,,296,,4701,-36.1,2972,2.5
2026-07-28T19:41:10.359430,A4EFBB,N417SK,32.906525,-117.480762,,,324,,7253,-49.5,154,143.0
2026-07-28T19:41:10.359430,A3A67B,UPS921,32.671829,-116.715289,,,91,,1067,-49.5,997,23.1
2026-07-28T19:41:10.359430,AB04E1,N809SE,33.15185,-117.303604,,,118,,4747,-38.7,283,11.3
2026-07-28T19:41:10.359430,A2BE6D,SKW3846,33.50354,-117.13656,,,90,,,-49.5,38,14.2
2026-07-28T19:41:10.359430,A017C9,,33.644028,-116.666004,,,96,,,-36.8,20,27.3
2026-07-28T19:41:10.359430,A8C74E,,33.496244,-116.750027,,,90,,,-49.5,6,5.3
2026-07-28T19:41:15.413499,AB0715,N81AT,33.147308,-117.196985,,,296,,4701,-36.1,2972,7.5
2026-07-28T19:41:15.413499,A4EFBB,N417SK,32.906525,-117.480762,,,324,,7253,-49.5,154,148.1
2026-07-28T19:41:15.413499,A3A67B,UPS921,32.671829,-116.715289,,,91,,1067,-49.5,997,28.2
2026-07-28T19:41:15.413499,AB04E1,N809SE,33.15185,-117.303604,,,118,,4747,-38.7,283,16.4
2026-07-28T19:41:15.413499,A2BE6D,SKW3846,33.50354,-117.13656,,,90,,,-49.5,38,19.3
2026-07-28T19:41:15.413499,A017C9,,33.644028,-116.666004,,,96,,,-36.8,20,32.4
2026-07-28T19:41:15.413499,A8C74E,,33.496244,-116.750027,,,90,,,-49.5,6,10.4
2026-07-28T19:41:20.495451,AB0715,N81AT,33.147308,-117.196985,,,296,,4701,-49.5,2974,12.6
2026-07-28T19:41:20.495451,A4EFBB,N417SK,33.024765,-117.582056,,,324,,7253,-39.0,155,2.9
2026-07-28T19:41:20.495451,A3A67B,UPS921,32.671829,-116.715289,,,91,,1067,-49.5,997,33.3
2026-07-28T19:41:20.495451,AB04E1,N809SE,33.15185,-117.303604,,,118,,4747,-38.7,283,21.4
2026-07-28T19:41:20.495451,A2BE6D,SKW3846,33.50354,-117.13656,,,90,,,-49.5,38,24.3
2026-07-28T19:41:20.495451,A017C9,,33.644028,-116.666004,,,96,,,-36.8,20,37.5
2026-07-28T19:41:20.495451,A8C74E,,33.496244,-116.750027,,,90,,,-49.5,6,15.4
2026-07-28T19:41:20.495451,A8B4C6,,33.532973,-117.345139,,,106,,,-49.5,5,1.0
2026-07-28T19:41:25.541686,AB0715,N81AT,33.147308,-117.196985,,,296,,4701,-40.1,2975,17.6
2026-07-28T19:41:25.541686,A4EFBB,N417SK,33.024765,-117.582056,,,324,,7253,-39.0,155,8.0
2026-07-28T19:41:25.541686,A3A67B,UPS921,32.671829,-116.715289,,,91,,1067,-49.5,997,38.3
2026-07-28T19:41:25.541686,AB04E1,N809SE,33.15185,-117.303604,,,118,,4747,-38.7,283,26.5
2026-07-28T19:41:25.541686,A2BE6D,SKW3846,33.50354,-117.13656,,,90,,,-49.5,38,29.4
2026-07-28T19:41:25.541686,A017C9,,33.644028,-116.666004,,,96,,,-36.8,20,42.5
2026-07-28T19:41:25.541686,A8C74E,,33.496244,-116.750027,,,90,,,-49.5,6,20.5
2026-07-28T19:41:25.541686,A8B4C6,,33.532973,-117.345139,,,106,,,-49.5,5,6.0
2026-07-28T19:41:30.603957,AB0715,N81AT,33.147308,-117.196985,,,296,,4701,-40.1,2975,22.7
2026-07-28T19:41:30.603957,A4EFBB,N417SK,33.024765,-117.582056,,,324,,7253,-39.0,155,13.1
2026-07-28T19:41:30.603957,A3A67B,UPS921,32.671829,-116.715289,,,91,,1067,-49.5,997,43.4
2026-07-28T19:41:30.603957,AB04E1,N809SE,33.141423,-117.280342,,,118,,4747,-49.5,306,0.4
2026-07-28T19:41:30.603957,A2BE6D,SKW3846,33.50354,-117.13656,,,90,,,-49.5,38,34.5
2026-07-28T19:41:30.603957,A017C9,,33.644028,-116.666004,,,96,,,-36.8,20,47.6
2026-07-28T19:41:30.603957,A8C74E,,33.496244,-116.750027,,,90,,,-49.5,6,25.5
2026-07-28T19:41:30.603957,A8B4C6,,33.532973,-117.345139,,,106,,,-49.5,5,11.1
2026-07-28T19:41:35.670482,AB0715,N81AT,33.154504,-117.213863,,,296,,4701,-37.5,2979,1.1
2026-07-28T19:41:35.670482,A4EFBB,N417SK,33.024765,-117.582056,,,324,,7253,-39.0,155,18.1
2026-07-28T19:41:35.670482,A3A67B,UPS921,32.671829,-116.715289,,,91,,1067,-49.5,997,48.5
2026-07-28T19:41:35.670482,AB04E1,N809SE,33.139886,-117.276923,,,118,,4747,-34.2,371,0.8
2026-07-28T19:41:35.670482,A2BE6D,SKW3846,33.50354,-117.13656,,,90,,,-49.5,38,39.5
2026-07-28T19:41:35.670482,A017C9,,33.644028,-116.666004,,,96,,,-49.5,21,52.7
2026-07-28T19:41:35.670482,A8C74E,,33.496244,-116.750027,,,90,,,-49.5,6,30.6
2026-07-28T19:41:35.670482,A8B4C6,,33.524035,-117.309433,,,106,,,-49.5,9,0.7
2026-07-28T19:41:40.759951,AB0715,N81AT,33.155136,-117.215387,,,296,,4701,-49.5,2989,3.9
2026-07-28T19:41:40.759951,A4EFBB,N417SK,33.024765,-117.582056,,,324,,7253,-39.0,155,23.2
2026-07-28T19:41:40.759951,A3A67B,UPS921,32.671829,-116.715289,,,91,,1067,-49.5,997,53.6
2026-07-28T19:41:40.759951,AB04E1,N809SE,33.137931,-117.272607,,,118,,4747,-49.5,453,0.2
2026-07-28T19:41:40.759951,A2BE6D,SKW3846,33.50354,-117.13656,,,90,,,-49.5,38,44.6
2026-07-28T19:41:40.759951,A017C9,,33.644028,-116.666004,,,96,,,-49.5,21,57.8
2026-07-28T19:41:40.759951,A8C74E,,33.496244,-116.750027,,,90,,,-49.5,6,35.7
2026-07-28T19:41:40.759951,A8B4C6,,33.521056,-117.297494,,,106,,2025,-49.5,22,0.6
2026-07-28T19:41:45.840249,AB0715,N81AT,33.15753,-117.221038,,,296,,4701,-32.0,3016,0.4
2026-07-28T19:41:45.840249,A4EFBB,N417SK,33.024765,-117.582056,,,324,,7253,-39.0,155,28.3
2026-07-28T19:41:45.840249,A3A67B,UPS921,32.671829,-116.715289,,,91,,1067,-49.5,997,58.6
2026-07-28T19:41:45.840249,AB04E1,N809SE,33.136255,-117.268907,,,118,,4747,-49.5,530,0.2
2026-07-28T19:41:45.840249,A2BE6D,SKW3846,33.50354,-117.13656,,,90,,,-49.5,38,49.7
2026-07-28T19:41:45.840249,A017C9,,33.627411,-116.498743,,,96,,,-36.2,27,0.2
2026-07-28T19:41:45.840249,A8C74E,,33.496244,-116.750027,,,90,,,-49.5,6,40.8
2026-07-28T19:41:45.840249,A8B4C6,,33.518728,-117.288189,,,106,,2025,-35.2,32,1.6
2026-07-28T19:41:50.911784,AB0715,N81AT,33.159073,-117.224615,,,296,,4701,-49.5,3070,0.2
2026-07-28T19:41:50.911784,A4EFBB,N417SK,33.024765,-117.582056,,,324,,7253,-39.0,155,33.4
2026-07-28T19:41:50.911784,A3A67B,UPS921,32.671829,-116.715289,,,91,,1067,-49.5,997,63.7
2026-07-28T19:41:50.911784,AB04E1,N809SE,33.135223,-117.266583,,,118,,4747,-37.0,552,2.2
2026-07-28T19:41:50.911784,A2BE6D,SKW3846,33.50354,-117.13656,,,90,,,-49.5,38,54.8
2026-07-28T19:41:50.911784,A017C9,,33.626124,-116.485348,,,95,,7367,-49.5,73,0.2
2026-07-28T19:41:50.911784,A8C74E,FDX1366,33.49494,-116.627776,,,90,,7310,-49.5,13,0.4
2026-07-28T19:41:50.911784,A8B4C6,,33.516028,-117.277483,,,106,,2025,-37.7,43,2.1
2026-07-28T19:41:55.992266,AB0715,N81AT,33.160492,-117.228076,,,296,,4701,-33.1,3132,0.3
2026-07-28T19:41:55.992266,A4EFBB,N417SK,33.024765,-117.582056,,,324,,7253,-39.0,155,38.4
2026-07-28T19:41:55.992266,AB04E1,N809SE,33.135223,-117.266583,,,118,,4747,-37.0,552,7.2
2026-07-28T19:41:55.992266,A2BE6D,SKW3846,33.50354,-117.13656,,,90,,,-49.5,38,59.8
2026-07-28T19:41:55.992266,A017C9,FDX1648,33.625193,-116.470985,,,93,,7367,-49.5,105,0.0
2026-07-28T19:41:55.992266,A8C74E,FDX1366,33.494801,-116.616902,,,90,,7310,-36.8,39,1.5
2026-07-28T19:41:55.992266,A8B4C6,,33.516028,-117.277483,,,106,,2025,-37.7,43,7.2
2026-07-28T19:42:01.039595,AB0715,N81AT,33.161957,-117.231482,,,296,,4701,-49.5,3173,0.3
2026-07-28T19:42:01.039595,A4EFBB,N417SK,33.024765,-117.582056,,,324,,7253,-39.0,155,43.5
2026-07-28T19:42:01.039595,AB04E1,N809SE,33.135223,-117.266583,,,118,,4747,-37.0,552,12.3
2026-07-28T19:42:01.039595,A2BE6D,SKW3846,33.50354,-117.13656,,,90,,,-49.5,38,64.9
2026-07-28T19:42:01.039595,A017C9,FDX1648,33.624847,-116.458273,,,93,,7367,-38.2,123,0.4
2026-07-28T19:42:01.039595,A8C74E,FDX1366,33.494661,-116.606028,,,90,,7310,-35.9,48,2.5
2026-07-28T19:42:01.039595,A8B4C6,,33.516028,-117.277483,,,106,,2025,-37.7,43,12.2
2026-07-28T19:42:06.102251,AB0715,N81AT,33.162697,-117.233202,,,296,,4701,-49.5,3205,2.9
2026-07-28T19:42:06.102251,A4EFBB,N417SK,33.024765,-117.582056,,,324,,7253,-37.4,156,48.6
2026-07-28T19:42:06.102251,AB04E1,N809SE,33.135223,-117.266583,,,118,,4747,-37.0,552,17.4
2026-07-28T19:42:06.102251,A017C9,FDX1648,33.624847,-116.458273,,,89,,7367,-37.8,135,5.5
2026-07-28T19:42:06.102251,A8C74E,FDX1366,33.494568,-116.595374,,,90,,7310,-37.2,52,3.6
2026-07-28T19:42:06.102251,A8B4C6,FFT2564,33.506858,-117.237406,,,101,,2025,-36.3,56,0.2
2026-07-28T19:42:11.185166,AB0715,N81AT,33.162697,-117.233202,,,296,,4701,-49.5,3205,8.0
2026-07-28T19:42:11.185166,A4EFBB,N417SK,33.024765,-117.582056,,,324,,7253,-37.4,156,53.6
2026-07-28T19:42:11.185166,AB04E1,N809SE,33.135223,-117.266583,,,118,,4747,-37.0,552,22.4
2026-07-28T19:42:11.185166,A017C9,FDX1648,33.625259,-116.436076,,,85,,7367,-49.5,142,2.5
2026-07-28T19:42:11.185166,A8C74E,FDX1366,33.494568,-116.595374,,,90,,7310,-37.2,52,8.7
2026-07-28T19:42:11.185166,A8B4C6,FFT2564,33.505508,-117.227802,,,101,,2025,-38.7,63,1.3
2026-07-28T19:42:11.185166,ABF375,,32.647131,-117.268179,,,128,,,-49.5,2,1.0
2026-07-28T19:42:16.249416,AB0715,N81AT,33.162697,-117.233202,,,296,,4701,-49.5,3205,13.0
2026-07-28T19:42:16.249416,A4EFBB,N417SK,33.024765,-117.582056,,,324,,7253,-37.4,156,58.7
2026-07-28T19:42:16.249416,AB04E1,N809SE,33.126293,-117.246318,,,117,,4747,-49.5,558,0.4
2026-07-28T19:42:16.249416,A017C9,FDX1648,33.625706,-116.427727,,,85,,7367,-49.5,149,4.5
2026-07-28T19:42:16.249416,A8C74E,FDX1366,33.494568,-116.595374,,,90,,7310,-37.2,52,13.7
2026-07-28T19:42:16.249416,A8B4C6,FFT2564,33.505508,-117.227802,,,101,,2025,-37.5,64,6.3
2026-07-28T19:42:16.249416,ABF375,,32.64537,-117.26554,,,128,,,-37.0,4,3.8
2026-07-28T19:42:21.301452,AB0715,N81AT,33.168004,-117.245757,,,296,,4701,-36.2,3219,0.3
2026-07-28T19:42:21.301452,A4EFBB,N417SK,33.024765,-117.582056,,,324,,7253,-37.4,156,63.7
2026-07-28T19:42:21.301452,AB04E1,N809SE,33.125036,-117.243515,,,118,,4747,-49.5,594,1.6
2026-07-28T19:42:21.301452,A017C9,FDX1648,33.625706,-116.427727,,,85,,7367,-49.5,149,9.5
2026-07-28T19:42:21.301452,A8C74E,FDX1366,33.494568,-116.595374,,,90,,7310,-37.2,52,18.8
2026-07-28T19:42:21.301452,A8B4C6,FFT2564,33.503971,-117.202989,,,101,,2025,-49.5,66,1.2
2026-07-28T19:42:21.301452,A48315,,33.535767,-117.356122,,,,,,-49.5,2,2.3
2026-07-28T19:42:21.301452,ABF375,,32.64537,-117.26554,,,128,,,-37.0,4,8.8
2026-07-28T19:42:26.361447,AB0715,N81AT,33.16864,-117.247247,,,296,,4701,-49.5,3238,3.3
2026-07-28T19:42:26.361447,A4EFBB,N417SK,33.077637,-117.628088,,,324,,7253,-49.5,157,0.8
2026-07-28T19:42:26.361447,AB04E1,N809SE,33.122864,-117.238678,,,118,,4747,-36.1,612,0.2
2026-07-28T19:42:26.361447,A017C9,FDX1648,33.625706,-116.427727,,,79,,7367,-49.5,153,14.6
2026-07-28T19:42:26.361447,A8C74E,FDX1366,33.494568,-116.595374,,,90,,7310,-37.2,52,23.9
2026-07-28T19:42:26.361447,A8B4C6,FFT2564,33.503925,-117.192563,,,89,,2025,-35.9,72,2.0
2026-07-28T19:42:26.361447,A48315,,33.532834,-117.34413,,,106,,,-38.0,15,2.2
2026-07-28T19:42:26.361447,ABF375,,32.64537,-117.26554,,,128,,,-37.0,4,13.9
2026-07-28T19:42:31.432044,AB0715,N81AT,33.16864,-117.247247,,,296,,4701,-49.5,3238,8.4
2026-07-28T19:42:31.432044,A4EFBB,N417SK,33.079136,-117.629382,,,324,,7253,-49.5,158,3.9
2026-07-28T19:42:31.432044,AB04E1,N809SE,33.121216,-117.234998,,,117,,4747,-33.6,680,0.3
2026-07-28T19:42:31.432044,A017C9,FDX1648,33.625706,-116.427727,,,79,,7367,-37.4,156,19.7
2026-07-28T19:42:31.432044,A8C74E,FDX1366,33.494568,-116.595374,,,90,,7310,-37.2,52,28.9
2026-07-28T19:42:31.432044,A8B4C6,FFT2564,33.503925,-117.192563,,,89,,2025,-49.5,73,7.1
2026-07-28T19:42:31.432044,A48315,,33.532834,-117.34413,,,106,,,-38.0,15,7.3
2026-07-28T19:42:31.432044,ABF375,,32.64537,-117.26554,,,128,,,-37.0,4,19.0
2026-07-28T19:42:36.484031,AB0715,N81AT,33.16864,-117.247247,,,296,,4701,-49.5,3238,13.4
2026-07-28T19:42:36.484031,A4EFBB,N417SK,33.079136,-117.629382,,,324,,7253,-49.5,158,9.0
2026-07-28T19:42:36.484031,AB04E1,N809SE,33.119659,-117.231427,,,117,,4747,-49.5,741,0.4
2026-07-28T19:42:36.484031,A017C9,FDX1648,33.625706,-116.427727,,,75,,7367,-49.5,161,24.7
2026-07-28T19:42:36.484031,A8C74E,FDX1366,33.494568,-116.595374,,,90,,7310,-37.2,52,34.0
2026-07-28T19:42:36.484031,A8B4C6,FFT2564,33.503925,-117.192563,,,89,,2025,-49.5,73,12.1
2026-07-28T19:42:36.484031,A48315,,33.532834,-117.34413,,,106,,,-38.0,15,12.3
2026-07-28T19:42:36.484031,ABF375,,32.64537,-117.26554,,,128,,,-37.0,4,24.0
2026-07-28T19:42:41.537990,AB0715,N81AT,33.173538,-117.258838,,,296,,4701,-36.9,3244,2.3
2026-07-28T19:42:41.537990,A4EFBB,N417SK,33.079136,-117.629382,,,324,,7253,-49.5,158,14.0
2026-07-28T19:42:41.537990,AB04E1,N809SE,33.117867,-117.227372,,,117,,4747,-36.6,788,0.1
2026-07-28T19:42:41.537990,A017C9,FDX1648,33.625706,-116.427727,,,75,,7367,-49.5,161,29.8
2026-07-28T19:42:41.537990,A8C74E,FDX1366,33.494568,-116.595374,,,90,,7310,-37.2,52,39.0
2026-07-28T19:42:41.537990,A8B4C6,FFT2564,33.503925,-117.192563,,,89,,2025,-49.5,73,17.2
2026-07-28T19:42:41.537990,A48315,,33.532834,-117.34413,,,106,,,-49.5,17,17.4
2026-07-28T19:42:41.537990,ABF375,,32.64537,-117.26554,,,128,,,-37.0,4,29.1
2026-07-28T19:42:46.587942,AB0715,N81AT,33.175644,-117.263892,,,296,,4701,-49.5,3269,0.4
2026-07-28T19:42:46.587942,A4EFBB,N417SK,33.079136,-117.629382,,,324,,7253,-49.5,158,19.1
2026-07-28T19:42:46.587942,AB04E1,N809SE,33.116564,-117.224401,,,118,,4747,-49.5,794,1.1
2026-07-28T19:42:46.587942,A017C9,FDX1648,33.625706,-116.427727,,,75,,7367,-49.5,161,34.9
2026-07-28T19:42:46.587942,A8C74E,FDX1366,33.494568,-116.595374,,,90,,7310,-37.2,52,44.1
2026-07-28T19:42:46.587942,A8B4C6,FFT2564,33.504044,-117.139966,,,90,,2025,-49.5,81,0.9
2026-07-28T19:42:46.587942,A48315,,33.521429,-117.298447,,,106,,,-49.5,34,2.8
2026-07-28T19:42:46.587942,ABF375,,32.64537,-117.26554,,,128,,,-37.0,4,34.2
2026-07-28T19:42:51.676444,AB0715,N81AT,33.177268,-117.26773,,,296,,4701,-33.5,3312,0.0
2026-07-28T19:42:51.676444,A4EFBB,N417SK,33.079136,-117.629382,,,324,,7253,-49.5,158,24.2
2026-07-28T19:42:51.676444,AB04E1,N809SE,33.114934,-117.220758,,,118,,4747,-49.5,805,1.3
2026-07-28T19:42:51.676444,A017C9,FDX1648,33.625706,-116.427727,,,75,,7367,-49.5,161,39.9
2026-07-28T19:42:51.676444,A8C74E,FDX1366,33.494568,-116.595374,,,90,,7310,-37.2,52,49.2
2026-07-28T19:42:51.676444,A8B4C6,FFT2564,33.503952,-117.127057,,,90,,2025,-49.5,101,0.7
2026-07-28T19:42:51.676444,A48315,,33.518263,-117.285891,,,106,,1026,-49.5,50,2.5
2026-07-28T19:42:51.676444,ABF375,,32.64537,-117.26554,,,128,,,-37.0,4,39.2
2026-07-28T19:42:56.745066,AB0715,N81AT,33.178571,-117.270757,,,296,,4701,-36.7,3351,1.0
2026-07-28T19:42:56.745066,A4EFBB,N417SK,33.079136,-117.629382,,,324,,7253,-49.5,158,29.3
2026-07-28T19:42:56.745066,AB04E1,N809SE,33.114934,-117.220758,,,118,,4747,-49.5,805,6.4
2026-07-28T19:42:56.745066,A017C9,FDX1648,33.625706,-116.427727,,,75,,7367,-49.5,161,45.0
2026-07-28T19:42:56.745066,A8C74E,FDX1366,33.494568,-116.595374,,,90,,7310,-37.2,52,54.3
2026-07-28T19:42:56.745066,A8B4C6,FFT2564,33.50386,-117.119421,,,90,,2025,-49.5,121,2.7
2026-07-28T19:42:56.745066,A48315,,33.514481,-117.269604,,,104,,1026,-49.5,61,0.6
2026-07-28T19:42:56.745066,ABF375,,32.64537,-117.26554,,,128,,,-37.0,4,44.3
2026-07-28T19:43:01.824050,AB0715,N81AT,33.180294,-117.274793,,,296,,4701,-49.5,3385,0.4
2026-07-28T19:43:01.824050,A4EFBB,N417SK,33.079136,-117.629382,,,324,,7253,-49.5,158,34.3
2026-07-28T19:43:01.824050,AB04E1,N809SE,33.114934,-117.220758,,,118,,4747,-49.5,805,11.4
2026-07-28T19:43:01.824050,A017C9,FDX1648,33.625706,-116.427727,,,75,,7367,-49.5,161,50.1
2026-07-28T19:43:01.824050,A8C74E,FDX1366,33.494568,-116.595374,,,90,,7310,-37.2,52,59.3
2026-07-28T19:43:01.824050,A8B4C6,FFT2564,33.50386,-117.119421,,,90,,2025,-49.5,121,7.8
2026-07-28T19:43:01.824050,A48315,,33.514481,-117.269604,,,104,,1026,-49.5,61,5.7
2026-07-28T19:43:01.824050,ABF375,,32.64537,-117.26554,,,128,,,-37.0,4,49.4
2026-07-28T19:43:06.880872,AB0715,N81AT,33.181876,-117.278604,,,296,,4701,-34.9,3427,0.3
2026-07-28T19:43:06.880872,A4EFBB,N417SK,33.079136,-117.629382,,,324,,7253,-49.5,158,39.4
2026-07-28T19:43:06.880872,AB04E1,N809SE,33.114934,-117.220758,,,118,,4747,-49.5,805,16.5
2026-07-28T19:43:06.880872,A017C9,FDX1648,33.625706,-116.427727,,,75,,7367,-49.5,161,55.1
2026-07-28T19:43:06.880872,A8B4C6,FFT2564,33.50386,-117.119421,,,90,,2025,-49.5,121,12.8
2026-07-28T19:43:06.880872,A48315,DAL2686,33.509903,-117.244501,,,100,,1026,-49.5,78,0.2
2026-07-28T19:43:06.880872,ABF375,SWA4675,32.625065,-117.184212,,,94,,1316,-49.5,38,0.4
2026-07-28T19:43:11.968101,AB0715,N81AT,33.183426,-117.282184,,,296,,4701,-49.5,3469,0.5
2026-07-28T19:43:11.968101,A4EFBB,N417SK,33.079136,-117.629382,,,324,,7253,-49.5,158,44.5
2026-07-28T19:43:11.968101,AB04E1,N809SE,33.114934,-117.220758,,,118,,4747,-49.5,805,21.6
2026-07-28T19:43:11.968101,A017C9,FDX1648,33.625706,-116.427727,,,75,,7367,-49.5,161,60.2
2026-07-28T19:43:11.968101,A8B4C6,FFT2564,33.50386,-117.119421,,,90,,2025,-49.5,121,17.9
2026-07-28T19:43:11.968101,A48315,DAL2686,33.508115,-117.231856,,,98,,1026,-49.5,113,0.0
2026-07-28T19:43:11.968101,ABF375,SWA4675,32.624553,-117.17614,,,93,,1316,-30.9,88,0.7
2026-07-28T19:43:17.039929,AB0715,N81AT,33.185042,-117.286059,,,296,,4701,-49.5,3510,0.3
2026-07-28T19:43:17.039929,A4EFBB,N417SK,33.079136,-117.629382,,,324,,7253,-49.5,158,49.5
2026-07-28T19:43:17.039929,AB04E1,N809SE,33.114934,-117.220758,,,118,,4747,-49.5,805,26.6
2026-07-28T19:43:17.039929,A017C9,FDX1648,33.625706,-116.427727,,,75,,7367,-49.5,161,65.3
2026-07-28T19:43:17.039929,A8B4C6,FFT2564,33.50386,-117.119421,,,90,,2025,-49.5,121,23.0
2026-07-28T19:43:17.039929,A48315,DAL2686,33.50679,-117.219781,,,97,,1026,-49.5,146,0.2
2026-07-28T19:43:17.039929,ABF375,SWA4675,32.624039,-117.166663,,,93,,1316,-32.5,152,0.2
2026-07-28T19:43:22.120491,AB0715,N81AT,33.186671,-117.289871,,,296,,4701,-37.4,3547,0.1
2026-07-28T19:43:22.120491,A4EFBB,N417SK,33.079136,-117.629382,,,324,,7253,-49.5,158,54.6
2026-07-28T19:43:22.120491,AB04E1,N809SE,33.104507,-117.19744,,,118,,4747,-49.5,842,0.1
2026-07-28T19:43:22.120491,A017C9,FDX1648,33.625706,-116.427727,,,75,,7367,-49.5,161,70.4
2026-07-28T19:43:22.120491,A8B4C6,FFT2564,33.50386,-117.119421,,,90,,2025,-49.5,121,28.1
2026-07-28T19:43:22.120491,A48315,DAL2686,33.50679,-117.219781,,,95,,1026,-49.5,153,5.2
2026-07-28T19:43:22.120491,ABF375,SWA4675,32.623762,-117.162015,,,93,,1316,-49.5,174,2.6
2026-07-28T19:43:27.200741,AB0715,N81AT,33.188161,-117.293402,,,296,,4701,-35.8,3572,0.4
2026-07-28T19:43:27.200741,A4EFBB,N417SK,33.079136,-117.629382,,,324,,7253,-49.5,158,59.7
2026-07-28T19:43:27.200741,AB04E1,N809SE,33.102877,-117.193853,,,118,,4747,-49.5,910,0.3
2026-07-28T19:43:27.200741,A017C9,FDX1648,33.625706,-116.427727,,,75,,7367,-49.5,161,75.5
2026-07-28T19:43:27.200741,A8B4C6,FFT2564,33.50386,-117.119421,,,90,,2025,-49.5,121,33.1
2026-07-28T19:43:27.200741,A48315,DAL2686,33.504996,-117.19531,,,94,,1026,-49.5,162,0.4
2026-07-28T19:43:27.200741,ABF375,SWA4675,32.623017,-117.14901,,,93,,1316,-35.4,184,0.4
2026-07-28T19:43:32.242826,AB0715,N81AT,33.189606,-117.296851,,,296,,4701,-35.5,3596,0.8
2026-07-28T19:43:32.242826,AB04E1,N809SE,33.101257,-117.190228,,,117,,4747,-49.5,978,0.5
2026-07-28T19:43:32.242826,A017C9,FDX1648,33.625706,-116.427727,,,75,,7367,-49.5,161,80.5
2026-07-28T19:43:32.242826,A8B4C6,FFT2564,33.502441,-117.025049,,,91,,2025,-36.6,124,0.3
2026-07-28T19:43:32.242826,A48315,DAL2686,33.504996,-117.19531,,,93,,1026,-49.5,166,5.4
2026-07-28T19:43:32.242826,ABF375,SWA4675,32.622803,-117.145679,,,94,,1316,-38.4,203,3.6
2026-07-28T19:43:37.303329,AB0715,N81AT,33.189606,-117.296851,,,296,,4701,-49.5,3597,5.8
2026-07-28T19:43:37.303329,AB04E1,N809SE,33.099665,-117.186566,,,117,,4747,-31.9,1035,0.7
2026-07-28T19:43:37.303329,A8B4C6,FFT2564,33.502441,-117.025049,,,91,,2025,-36.6,124,5.4
2026-07-28T19:43:37.303329,A48315,DAL2686,33.504996,-117.19531,,,93,,1026,-49.5,166,10.5
2026-07-28T19:43:37.303329,ABF375,SWA4675,32.621933,-117.131177,,,94,,1316,-49.5,230,0.8
2026-07-28T19:43:42.347066,AB0715,N81AT,33.19281,-117.304486,,,296,,4701,-37.1,3607,0.4
2026-07-28T19:43:42.347066,AB04E1,N809SE,33.097943,-117.18253,,,117,,4747,-49.5,1097,0.3
2026-07-28T19:43:42.347066,A8B4C6,FFT2564,33.502016,-117.001816,,,91,,2025,-49.5,130,1.1
2026-07-28T19:43:42.347066,A48315,DAL2686,33.504996,-117.19531,,,93,,1026,-49.5,166,15.5
2026-07-28T19:43:42.347066,ABF375,SWA4675,32.621613,-117.125519,,,93,,1316,-49.5,250,2.8
2026-07-28T19:43:47.400292,AB0715,N81AT,33.194399,-117.308256,,,296,,4701,-49.5,3658,0.4
2026-07-28T19:43:47.400292,AB04E1,N809SE,33.096222,-117.178693,,,117,,4747,-49.5,1154,0.3
2026-07-28T19:43:47.400292,A8B4C6,FFT2564,33.502016,-117.001816,,,91,,2025,-49.5,130,6.2
2026-07-28T19:43:47.400292,A48315,DAL2686,33.504996,-117.19531,,,93,,1026,-38.6,167,20.6
2026-07-28T19:43:47.400292,ABF375,SWA4675,32.621613,-117.125519,,,93,,1316,-49.5,250,7.9
2026-07-28T19:43:47.400292,AD99F9,,33.232525,-117.980776,,,291,,,-49.5,2,3.4
2026-07-28T19:43:52.450286,AB0715,N81AT,33.196014,-117.311957,,,296,,4701,-49.5,3706,0.3
2026-07-28T19:43:52.450286,AB04E1,N809SE,33.094482,-117.174847,,,118,,4747,-49.5,1226,0.1
2026-07-28T19:43:52.450286,A8B4C6,FFT2564,33.502016,-117.001816,,,91,,2025,-49.5,130,11.2
2026-07-28T19:43:52.450286,A48315,DAL2686,33.503739,-117.132587,,,91,,1026,-36.6,203,0.3
2026-07-28T19:43:52.450286,ABF375,SWA4675,32.621613,-117.125519,,,93,,1316,-49.5,250,12.9
2026-07-28T19:43:52.450286,AD99F9,,33.237808,-117.996515,,,291,,,-39.4,3,0.4
2026-07-28T19:43:57.505277,AB0715,N81AT,33.197662,-117.315967,,,296,,4701,-32.3,3760,0.0
2026-07-28T19:43:57.505277,AB04E1,N809SE,33.092822,-117.171039,,,117,,4747,-49.5,1297,0.1
2026-07-28T19:43:57.505277,A8B4C6,FFT2564,33.501411,-116.964429,,,91,,2025,-39.0,131,1.2
2026-07-28T19:43:57.505277,A48315,DAL2686,33.503552,-117.122385,,,91,,1026,-36.3,244,1.3
2026-07-28T19:43:57.505277,ABF375,SWA4675,32.621613,-117.125519,,,93,,1316,-49.5,250,18.0
2026-07-28T19:43:57.505277,AD99F9,,33.238403,-117.998328,,,291,,,-49.5,5,4.6
2026-07-28T19:44:02.590389,AB0715,N81AT,33.199173,-117.319482,,,296,,4701,-49.5,3802,0.3
2026-07-28T19:44:02.590389,AB04E1,N809SE,33.091193,-117.167284,,,117,,4747,-49.5,1354,0.2
2026-07-28T19:44:02.590389,A8B4C6,FFT2564,33.501411,-116.964429,,,91,,2025,-39.0,131,6.3
2026-07-28T19:44:02.590389,A48315,DAL2686,33.503459,-117.116892,,,91,,1026,-49.5,254,4.2
2026-07-28T19:44:02.590389,ABF375,SWA4675,32.621613,-117.125519,,,93,,1316,-49.5,250,23.1
2026-07-28T19:44:02.590389,AD99F9,,33.238403,-117.998328,,,291,,,-49.5,6,9.7
2026-07-28T19:44:07.660488,AB0715,N81AT,33.20073,-117.323222,,,296,,4701,-33.0,3852,0.2
2026-07-28T19:44:07.660488,AB04E1,N809SE,33.089539,-117.163477,,,117,,4747,-33.5,1404,0.1
2026-07-28T19:44:07.660488,A8B4C6,FFT2564,33.501411,-116.964429,,,90,,2025,-37.1,132,11.4
2026-07-28T19:44:07.660488,A48315,DAL2686,33.503459,-117.116892,,,91,,1026,-49.5,254,9.3
2026-07-28T19:44:07.660488,ABF375,SWA4675,32.627439,-117.072555,,,71,,1316,-49.5,273,1.0
2026-07-28T19:44:07.660488,AD99F9,,33.238403,-117.998328,,,291,,,-49.5,6,14.7
2026-07-28T19:44:12.711725,AB0715,N81AT,33.202332,-117.327008,,,296,,4701,-49.5,3901,0.2
2026-07-28T19:44:12.711725,AB04E1,N809SE,33.087891,-117.159741,,,116,,4747,-49.5,1430,0.0
2026-07-28T19:44:12.711725,A8B4C6,FFT2564,33.500885,-116.926172,,,90,,2025,-37.8,139,1.1
2026-07-28T19:44:12.711725,A48315,DAL2686,33.503459,-117.116892,,,91,,1026,-49.5,254,14.3
2026-07-28T19:44:12.711725,ABF375,SWA4675,32.630402,-117.062732,,,69,,1316,-37.1,296,1.0
2026-07-28T19:44:12.711725,AD99F9,,33.238403,-117.998328,,,291,,,-49.5,6,19.8
2026-07-28T19:44:12.711725,A3E08D,,33.516401,-117.337291,,,97,,,-38.4,7,3.7
2026-07-28T19:44:17.763098,AB0715,N81AT,33.203934,-117.330798,,,296,,4701,-49.5,3962,0.0
2026-07-28T19:44:17.763098,AB04E1,N809SE,33.086197,-117.155896,,,119,,4747,-49.5,1490,0.0
2026-07-28T19:44:17.763098,A8B4C6,FFT2564,33.500885,-116.926172,,,90,,2025,-36.2,140,6.1
2026-07-28T19:44:17.763098,A48315,DAL2686,33.503459,-117.116892,,,91,,1026,-49.5,254,19.4
2026-07-28T19:44:17.763098,ABF375,SWA4675,32.63391,-117.051871,,,69,,1316,-49.5,350,0.5
2026-07-28T19:44:17.763098,AD99F9,,33.238403,-117.998328,,,291,,,-49.5,6,24.8
2026-07-28T19:44:17.763098,A3E08D,,33.516401,-117.337291,,,97,,,-38.4,7,8.7
2026-07-28T19:44:22.815436,AB0715,N81AT,33.205525,-117.334601,,,296,,4701,-34.5,4008,0.0
2026-07-28T19:44:22.815436,AB04E1,N809SE,33.084869,-117.153314,,,123,,4747,-49.5,1514,1.4
2026-07-28T19:44:22.815436,A8B4C6,FFT2564,33.500885,-116.926172,,,90,,2025,-36.2,140,11.2
2026-07-28T19:44:22.815436,A48315,DAL2686,33.503459,-117.116892,,,91,,1026,-39.2,259,24.4
2026-07-28T19:44:22.815436,ABF375,SWA4675,32.637451,-117.041034,,,68,,1316,-49.5,414,0.0
2026-07-28T19:44:22.815436,AD99F9,,33.238403,-117.998328,,,291,,,-49.5,6,29.9
2026-07-28T19:44:22.815436,A3E08D,,33.513096,-117.307023,,,97,,,-35.8,12,1.8
2026-07-28T19:44:22.815436,A4EFBB,,33.167957,-117.710602,,,322,,,-38.1,7,0.0
2026-07-28T19:44:22.815436,ABC948,,33.626497,-116.488552,,,,,,-36.3,4,0.8
2026-07-28T19:44:27.865647,AB0715,N81AT,33.207061,-117.338132,,,296,,4701,-49.5,4046,0.2
2026-07-28T19:44:27.865647,AB04E1,N809SE,33.082214,-117.149249,,,132,,4747,-49.5,1594,0.4
2026-07-28T19:44:27.865647,A8B4C6,FFT2564,33.500885,-116.926172,,,90,,2025,-36.2,140,16.2
2026-07-28T19:44:27.865647,A48315,DAL2686,33.503459,-117.116892,,,91,,1026,-39.2,259,29.5
2026-07-28T19:44:27.865647,ABF375,SWA4675,32.640564,-117.03186,,,68,,1316,-31.3,472,0.5
2026-07-28T19:44:27.865647,AD99F9,,33.238403,-117.998328,,,291,,,-49.5,6,34.9
2026-07-28T19:44:27.865647,A3E08D,,33.511734,-117.294763,,,97,,1066,-49.5,34,2.1
2026-07-28T19:44:27.865647,A4EFBB,,33.171249,-117.713617,,,322,,,-34.9,24,0.6
2026-07-28T19:44:27.865647,ABC948,FDX1355,33.625147,-116.475334,,,96,,,-36.9,20,1.1
2026-07-28T19:44:32.919388,AB0715,N81AT,33.208411,-117.341383,,,296,,4701,-36.3,4072,0.9
2026-07-28T19:44:32.919388,AB04E1,N809SE,33.079601,-117.146488,,,141,,4747,-26.9,1623,0.3
2026-07-28T19:44:32.919388,A8B4C6,FFT2564,33.500885,-116.926172,,,90,,2025,-36.2,140,21.3
2026-07-28T19:44:32.919388,A48315,DAL2686,33.503459,-117.116892,,,91,,1026,-39.2,259,34.5
2026-07-28T19:44:32.919388,ABF375,SWA4675,32.644245,-117.021098,,,67,,1316,-36.5,511,0.1
2026-07-28T19:44:32.919388,AD99F9,,33.238403,-117.998328,,,291,,,-39.9,7,40.0
2026-07-28T19:44:32.919388,A3E08D,,33.509837,-117.276699,,,97,,1066,-49.5,46,0.0
2026-07-28T19:44:32.919388,A4EFBB,,33.17522,-117.717777,,,314,,,-49.5,50,0.2
2026-07-28T19:44:32.919388,ABC948,FDX1355,33.624309,-116.467094,,,96,,,-49.5,26,3.2
2026-07-28T19:44:37.976380,AB0715,N81AT,33.21018,-117.345531,,,296,,4701,-49.5,4089,0.4
2026-07-28T19:44:37.976380,AB04E1,N809SE,33.076859,-117.144141,,,145,,4747,-49.5,1678,0.4
2026-07-28T19:44:37.976380,A8B4C6,FFT2564,33.500885,-116.926172,,,90,,2025,-36.2,140,26.4
2026-07-28T19:44:37.976380,A48315,DAL2686,33.502029,-117.02384,,,91,,1026,-49.5,282,2.5
2026-07-28T19:44:37.976380,ABF375,SWA4675,32.647659,-117.011371,,,67,,1316,-32.5,563,0.4
2026-07-28T19:44:37.976380,A2BE6D,SKW3846,33.463704,-116.634895,,,97,,,-49.5,29,3.5
2026-07-28T19:44:37.976380,AD99F9,,33.238403,-117.998328,,,291,,,-39.9,7,45.1
2026-07-28T19:44:37.976380,A3E08D,,33.509837,-117.276699,,,97,,1066,-38.1,47,5.1
2026-07-28T19:44:37.976380,A4EFBB,,33.175499,-117.718057,,,310,,,-37.0,55,4.9
2026-07-28T19:44:37.976380,ABC948,FDX1355,33.624309,-116.467094,,,96,,,-49.5,30,8.2
2026-07-28T19:44:43.048535,AB0715,N81AT,33.21167,-117.349063,,,296,,4701,-35.6,4108,0.7
2026-07-28T19:44:43.048535,AB04E1,N809SE,33.073746,-117.141724,,,148,,4747,-22.5,1736,0.1
2026-07-28T19:44:43.048535,A8B4C6,FFT2564,33.500885,-116.926172,,,90,,2025,-36.2,140,31.4
2026-07-28T19:44:43.048535,A48315,DAL2686,33.502029,-117.02384,,,90,,1026,-38.0,283,7.6
2026-07-28T19:44:43.048535,ABF375,SWA4675,32.651321,-117.000989,,,67,,1316,-49.5,621,0.4
2026-07-28T19:44:43.048535,A2BE6D,SKW3846,33.463704,-116.634895,,,97,,,-49.5,29,8.6
2026-07-28T19:44:43.048535,AD99F9,,33.238403,-117.998328,,,291,,,-39.9,7,50.1
2026-07-28T19:44:43.048535,A3E08D,,33.509837,-117.276699,,,97,,1066,-38.1,47,10.2
2026-07-28T19:44:43.048535,A4EFBB,N417SK,33.178851,-117.723831,,,310,,,-49.5,61,3.8
2026-07-28T19:44:43.048535,ABC948,FDX1355,33.624309,-116.467094,,,96,,,-40.3,31,13.3
2026-07-28T19:44:48.101507,AB0715,N81AT,33.213318,-117.352991,,,296,,4701,-49.5,4145,0.4
2026-07-28T19:44:48.101507,AB04E1,N809SE,33.070908,-117.139691,,,149,,4747,-49.5,1794,0.4
2026-07-28T19:44:48.101507,A8B4C6,FFT2564,33.500885,-116.926172,,,90,,2025,-49.5,141,36.5
2026-07-28T19:44:48.101507,A48315,DAL2686,33.501783,-117.003666,,,90,,1026,-37.0,292,4.6
2026-07-28T19:44:48.101507,ABF375,SWA4675,32.654251,-116.992694,,,67,,1316,-49.5,662,1.3
2026-07-28T19:44:48.101507,A2BE6D,SKW3846,33.463704,-116.634895,,,97,,,-49.5,29,13.6
2026-07-28T19:44:48.101507,AD99F9,,33.238403,-117.998328,,,291,,,-39.9,7,55.2
2026-07-28T19:44:48.101507,A3E08D,,33.506699,-117.237964,,,94,,1066,-35.0,72,0.1
2026-07-28T19:44:48.101507,A4EFBB,N417SK,33.178851,-117.723831,,,310,,,-49.5,61,8.8
2026-07-28T19:44:48.101507,ABC948,FDX1355,33.624309,-116.467094,,,96,,,-40.3,31,18.3
2026-07-28T19:44:53.164614,AB0715,N81AT,33.214556,-117.355901,,,296,,4701,-37.0,4175,1.6
2026-07-28T19:44:53.164614,AB04E1,N809SE,33.067795,-117.137604,,,151,,4747,-49.5,1857,0.2
2026-07-28T19:44:53.164614,A8B4C6,FFT2564,33.500885,-116.926172,,,90,,2025,-49.5,141,41.5
2026-07-28T19:44:53.164614,A48315,DAL2686,33.501783,-117.003666,,,90,,1026,-37.0,292,9.7
2026-07-28T19:44:53.164614,ABF375,SWA4675,32.658371,-116.98006,,,70,,1316,-49.5,686,0.4
2026-07-28T19:44:53.164614,A2BE6D,SKW3846,33.463704,-116.634895,,,97,,,-49.5,29,18.7
2026-07-28T19:44:53.164614,AD99F9,,33.238403,-117.998328,,,291,,,-39.9,7,60.2
2026-07-28T19:44:53.164614,A3E08D,UPS905,33.505927,-117.224794,,,93,,1066,-49.5,114,0.0
2026-07-28T19:44:53.164614,A4EFBB,N417SK,33.178851,-117.723831,,,310,,,-49.5,61,13.9
2026-07-28T19:44:53.164614,ABC948,FDX1355,33.624309,-116.467094,,,96,,,-40.3,31,23.4
2026-07-28T19:44:58.235382,AB0715,N81AT,33.21579,-117.358759,,,296,,4701,-39.0,4195,2.7
2026-07-28T19:44:58.235382,AB04E1,N809SE,33.064565,-117.135558,,,151,,4747,-49.5,1905,0.0
2026-07-28T19:44:58.235382,A8B4C6,FFT2564,33.500885,-116.926172,,,90,,2025,-49.5,141,46.6
2026-07-28T19:44:58.235382,A48315,DAL2686,33.501783,-117.003666,,,90,,1026,-37.0,292,14.8
2026-07-28T19:44:58.235382,ABF375,SWA4675,32.661346,-116.968964,,,73,,1316,-30.8,732,0.2
2026-07-28T19:44:58.235382,A2BE6D,SKW3846,33.463704,-116.634895,,,97,,,-49.5,29,23.7
2026-07-28T19:44:58.235382,AD99F9,,33.238403,-117.998328,,,291,,,-39.9,7,65.3
2026-07-28T19:44:58.235382,A3E08D,UPS905,33.505275,-117.212574,,,93,,1066,-36.4,147,0.4
2026-07-28T19:44:58.235382,A4EFBB,N417SK,33.178851,-117.723831,,,310,,,-49.5,61,19.0
2026-07-28T19:44:58.235382,ABC948,FDX1355,33.624309,-116.467094,,,96,,,-40.3,31,28.5
2026-07-28T19:45:03.285756,AB0715,N81AT,33.21579,-117.358759,,,296,,4701,-37.6,4196,7.7
2026-07-28T19:45:03.285756,AB04E1,N809SE,33.061492,-117.133596,,,151,,4747,-17.1,1967,0.0
2026-07-28T19:45:03.285756,A8B4C6,FFT2564,33.500885,-116.926172,,,90,,2025,-49.5,141,51.7
2026-07-28T19:45:03.285756,A48315,DAL2686,33.501783,-117.003666,,,90,,1026,-37.0,292,19.8
2026-07-28T19:45:03.285756,ABF375,SWA4675,32.66361,-116.958543,,,77,,1316,-32.3,771,0.5
2026-07-28T19:45:03.285756,A2BE6D,SKW3846,33.463704,-116.634895,,,97,,,-49.5,29,28.8
2026-07-28T19:45:03.285756,AD99F9,,33.238403,-117.998328,,,291,,,-39.9,7,70.3
2026-07-28T19:45:03.285756,A3E08D,UPS905,33.504809,-117.200074,,,93,,1066,-49.5,158,0.7
2026-07-28T19:45:03.285756,A4EFBB,N417SK,33.178851,-117.723831,,,310,,,-49.5,61,24.0
2026-07-28T19:45:03.285756,ABC948,FDX1355,33.624309,-116.467094,,,96,,,-40.3,31,33.5
2026-07-28T19:45:08.340513,AB0715,N81AT,33.21579,-117.358759,,,296,,4701,-37.6,4196,12.8
2026-07-28T19:45:08.340513,AB04E1,N809SE,33.058365,-117.131561,,,151,,4747,-49.5,2033,0.0
2026-07-28T19:45:08.340513,A8B4C6,FFT2564,33.498871,-116.792798,,,91,,2025,-49.5,146,3.9
2026-07-28T19:45:08.340513,A48315,DAL2686,33.501783,-117.003666,,,90,,1026,-37.0,292,24.9
2026-07-28T19:45:08.340513,ABF375,SWA4675,32.665466,-116.947046,,,80,,1316,-29.2,827,0.4
2026-07-28T19:45:08.340513,A2BE6D,SKW3846,33.463704,-116.634895,,,97,,,-49.5,29,33.9
2026-07-28T19:45:08.340513,AD99F9,,33.238403,-117.998328,,,291,,,-39.9,7,75.4
2026-07-28T19:45:08.340513,A3E08D,UPS905,33.504809,-117.200074,,,93,,1066,-49.5,158,5.7
2026-07-28T19:45:08.340513,A4EFBB,N417SK,33.178851,-117.723831,,,310,,,-49.5,61,29.1
2026-07-28T19:45:08.340513,ABC948,FDX1355,33.624309,-116.467094,,,96,,,-40.3,31,38.6
2026-07-28T19:45:13.424117,AB0715,N81AT,33.21579,-117.358759,,,296,,4701,-37.6,4196,17.9
2026-07-28T19:45:13.424117,AB04E1,N809SE,33.055394,-117.129616,,,151,,4747,-49.5,2093,0.2
2026-07-28T19:45:13.424117,A8B4C6,FFT2564,33.498871,-116.792798,,,91,,2025,-38.8,147,9.0
2026-07-28T19:45:13.424117,A48315,DAL2686,33.501783,-117.003666,,,90,,1026,-37.0,292,30.0
2026-07-28T19:45:13.424117,ABF375,SWA4675,32.666497,-116.937804,,,83,,1316,-34.5,856,1.4
2026-07-28T19:45:13.424117,A2BE6D,SKW3846,33.463704,-116.634895,,,97,,,-49.5,29,38.9
2026-07-28T19:45:13.424117,AD99F9,,33.238403,-117.998328,,,291,,,-39.9,7,80.5
2026-07-28T19:45:13.424117,A3E08D,UPS905,33.504809,-117.200074,,,93,,1066,-49.5,158,10.8
2026-07-28T19:45:13.424117,A4EFBB,N417SK,33.178851,-117.723831,,,310,,,-49.5,61,34.2
2026-07-28T19:45:13.424117,ABC948,FDX1355,33.624309,-116.467094,,,96,,,-40.3,31,43.7
2026-07-28T19:45:18.501721,AB0715,N81AT,33.21579,-117.358759,,,296,,4701,-37.6,4196,23.0
2026-07-28T19:45:18.501721,AB04E1,N809SE,33.052414,-117.127661,,,150,,4747,-49.5,2161,0.4
2026-07-28T19:45:18.501721,A8B4C6,FFT2564,33.498276,-116.759125,,,91,,2025,-34.8,163,0.8
2026-07-28T19:45:18.501721,A48315,DAL2686,33.501783,-117.003666,,,90,,1026,-36.9,296,35.1
2026-07-28T19:45:18.501721,ABF375,SWA4675,32.666497,-116.937804,,,83,,1316,-49.5,858,6.4
2026-07-28T19:45:18.501721,A2BE6D,SKW3846,33.463704,-116.634895,,,97,,,-49.5,29,44.0
2026-07-28T19:45:18.501721,AD99F9,,33.238403,-117.998328,,,291,,,-39.9,7,85.6
2026-07-28T19:45:18.501721,A3E08D,UPS905,33.504809,-117.200074,,,93,,1066,-49.5,158,15.9
2026-07-28T19:45:18.501721,A4EFBB,N417SK,33.178851,-117.723831,,,310,,,-49.5,61,39.3
2026-07-28T19:45:18.501721,ABC948,FDX1355,33.624309,-116.467094,,,96,,,-40.3,31,48.8
2026-07-28T19:45:23.583775,AB0715,N81AT,33.21579,-117.358759,,,296,,4701,-37.6,4196,28.1
2026-07-28T19:45:23.583775,AB04E1,N809SE,33.049063,-117.125412,,,150,,4747,-29.0,2223,0.0
2026-07-28T19:45:23.583775,A8B4C6,FFT2564,33.497955,-116.744513,,,91,,2025,-49.5,197,0.2
2026-07-28T19:45:23.583775,A48315,DAL2686,33.500427,-116.912274,,,90,,1026,-38.2,299,4.4
2026-07-28T19:45:23.583775,ABF375,SWA4675,32.666497,-116.937804,,,83,,1316,-35.9,863,11.5
2026-07-28T19:45:23.583775,A2BE6D,SKW3846,33.463704,-116.634895,,,97,,,-49.5,29,49.1
2026-07-28T19:45:23.583775,AD99F9,,33.238403,-117.998328,,,291,,,-39.9,7,90.7
2026-07-28T19:45:23.583775,A3E08D,UPS905,33.504809,-117.200074,,,93,,1066,-49.5,158,21.0
2026-07-28T19:45:23.583775,A4EFBB,N417SK,33.178851,-117.723831,,,310,,,-49.5,61,44.3
2026-07-28T19:45:23.583775,ABC948,FDX1355,33.624309,-116.467094,,,96,,,-40.3,31,53.8
2026-07-28T19:45:28.661780,AB0715,N81AT,33.21579,-117.358759,,,296,,4701,-37.6,4196,33.1
2026-07-28T19:45:28.661780,AB04E1,N809SE,33.045914,-117.123376,,,151,,4747,-28.5,2292,0.0
2026-07-28T19:45:28.661780,A8B4C6,FFT2564,33.497864,-116.741711,,,92,,2025,-49.5,205,4.2
2026-07-28T19:45:28.661780,A48315,DAL2686,33.500244,-116.89942,,,90,,1026,-49.5,302,4.4
2026-07-28T19:45:28.661780,ABF375,SWA4675,32.667847,-116.900958,,,90,,1316,-49.5,917,0.2
2026-07-28T19:45:28.661780,A2BE6D,SKW3846,33.463704,-116.634895,,,97,,,-49.5,29,54.2
2026-07-28T19:45:28.661780,AD99F9,,33.238403,-117.998328,,,291,,,-39.9,7,95.7
2026-07-28T19:45:28.661780,A3E08D,UPS905,33.50332,-117.134997,,,91,,1066,-35.7,175,1.0
2026-07-28T19:45:28.661780,A4EFBB,N417SK,33.178851,-117.723831,,,310,,,-49.5,61,49.4
2026-07-28T19:45:28.661780,ABC948,FDX1355,33.624309,-116.467094,,,96,,,-40.3,31,58.9
2026-07-28T19:45:33.735160,AB0715,N81AT,33.21579,-117.358759,,,296,,4701,-37.6,4196,38.2
2026-07-28T19:45:33.735160,AB04E1,N809SE,33.043121,-117.121509,,,151,,4747,-49.5,2341,0.4
2026-07-28T19:45:33.735160,A8B4C6,FFT2564,33.497864,-116.741711,,,92,,2025,-49.5,205,9.2
2026-07-28T19:45:33.735160,A48315,DAL2686,33.500244,-116.89942,,,90,,1026,-37.8,304,9.4
2026-07-28T19:45:33.735160,ABF375,SWA4675,32.667892,-116.890741,,,89,,1316,-49.5,945,0.8
2026-07-28T19:45:33.735160,A2BE6D,SKW3846,33.463704,-116.634895,,,97,,,-49.5,29,59.3
2026-07-28T19:45:33.735160,A3E08D,UPS905,33.503174,-117.124365,,,91,,1066,-49.5,202,2.1
2026-07-28T19:45:33.735160,A4EFBB,N417SK,33.178851,-117.723831,,,310,,,-49.5,61,54.5
2026-07-28T19:45:33.735160,ABC948,FDX1355,33.624309,-116.467094,,,96,,,-40.3,31,64.0
2026-07-28T19:45:33.735160,ABEFBA,,33.648193,-116.708941,,,96,,,-49.5,13,0.7
2026-07-28T19:45:38.821144,AB0715,N81AT,33.21579,-117.358759,,,296,,4701,-37.6,4196,43.3
2026-07-28T19:45:38.821144,AB04E1,N809SE,33.039892,-117.119359,,,150,,4747,-49.5,2390,0.2
2026-07-28T19:45:38.821144,A8B4C6,FFT2564,33.497864,-116.741711,,,92,,2025,-49.5,205,14.3
2026-07-28T19:45:38.821144,A48315,DAL2686,33.499782,-116.866169,,,91,,1026,-35.2,339,1.6
2026-07-28T19:45:38.821144,ABF375,SWA4675,32.66794,-116.881023,,,89,,1316,-49.5,994,1.6
2026-07-28T19:45:38.821144,A3E08D,UPS905,33.503174,-117.124365,,,91,,1066,-49.5,202,7.2
2026-07-28T19:45:38.821144,A4EFBB,N417SK,33.178851,-117.723831,,,310,,,-49.5,61,59.6
2026-07-28T19:45:38.821144,ABC948,FDX1355,33.624309,-116.467094,,,96,,,-40.3,31,69.1
2026-07-28T19:45:38.821144,ABEFBA,,33.647964,-116.706643,,,96,,6735,-49.5,26,4.7
2026-07-28T19:45:43.889642,AB0715,N81AT,33.21579,-117.358759,,,296,,4701,-37.6,4196,48.4
2026-07-28T19:45:43.889642,AB04E1,N809SE,33.036804,-117.117279,,,150,,4747,-49.5,2438,0.2
2026-07-28T19:45:43.889642,A8B4C6,FFT2564,33.497864,-116.741711,,,92,,2025,-49.5,205,19.4
2026-07-28T19:45:43.889642,A48315,DAL2686,33.499695,-116.860858,,,91,,1026,-49.5,350,4.6
2026-07-28T19:45:43.889642,ABF375,SWA4675,32.66803,-116.869812,,,89,,1316,-36.4,1024,1.8
2026-07-28T19:45:43.889642,A3E08D,UPS905,33.503174,-117.124365,,,91,,1066,-49.5,202,12.2
2026-07-28T19:45:43.889642,ABEFBA,,33.647964,-116.706643,,,96,,6735,-38.4,28,9.8
2026-07-28T19:45:48.940703,AB0715,N81AT,33.21579,-117.358759,,,296,,4701,-37.6,4196,53.4
2026-07-28T19:45:48.940703,AB04E1,N809SE,33.033737,-117.115192,,,150,,4747,-49.5,2489,0.2
2026-07-28T19:45:48.940703,A8B4C6,FFT2564,33.492371,-116.683813,,,97,,2025,-49.5,217,1.3
2026-07-28T19:45:48.940703,A48315,DAL2686,33.499695,-116.860858,,,91,,1026,-38.2,351,9.7
2026-07-28T19:45:48.940703,ABF375,SWA4675,32.66803,-116.869812,,,89,,1316,-49.5,1025,6.9
2026-07-28T19:45:48.940703,A3E08D,UPS905,33.503174,-117.124365,,,91,,1066,-49.5,202,17.3
2026-07-28T19:45:48.940703,ABEFBA,,33.644623,-116.672899,,,96,,6735,-49.5,37,1.0
2026-07-28T19:45:48.940703,AD7631,,33.408417,-117.77124,,,138,,,-39.4,3,2.5
2026-07-28T19:45:54.019913,AB0715,N81AT,33.21579,-117.358759,,,296,,4701,-37.6,4196,58.5
2026-07-28T19:45:54.019913,AB04E1,N809SE,33.030768,-117.113193,,,150,,4747,-49.5,2542,0.3
2026-07-28T19:45:54.019913,A8B4C6,FFT2564,33.49118,-116.673376,,,97,,2025,-36.7,228,2.1
2026-07-28T19:45:54.019913,A48315,DAL2686,33.499695,-116.860858,,,91,,1026,-37.0,360,14.7
2026-07-28T19:45:54.019913,ABF375,SWA4675,32.66835,-116.842346,,,89,,1316,-34.2,1044,0.0
2026-07-28T19:45:54.019913,A3E08D,UPS905,33.503174,-117.124365,,,91,,1066,-49.5,202,22.3
2026-07-28T19:45:54.019913,ABEFBA,SWA3160,33.64389,-116.665164,,,96,,6735,-39.2,51,2.8
2026-07-28T19:45:54.019913,AD7631,,33.408417,-117.77124,,,138,,,-38.9,7,7.5
2026-07-28T19:45:59.080210,AB0715,N81AT,33.21579,-117.358759,,,296,,4701,-37.6,4196,63.6
2026-07-28T19:45:59.080210,AB04E1,N809SE,33.027649,-117.111007,,,150,,4747,-12.1,2587,0.2
2026-07-28T19:45:59.080210,A8B4C6,FFT2564,33.49118,-116.673376,,,97,,2025,-49.5,229,7.1
2026-07-28T19:45:59.080210,A48315,DAL2686,33.498851,-116.811461,,,91,,1026,-36.4,407,0.7
2026-07-28T19:45:59.080210,ABF375,SWA4675,32.668488,-116.835645,,,88,,1316,-37.9,1071,2.2
2026-07-28T19:45:59.080210,A3E08D,UPS905,33.503174,-117.124365,,,91,,1066,-38.0,203,27.4
2026-07-28T19:45:59.080210,ABEFBA,SWA3160,33.64389,-116.665164,,,96,,6735,-39.2,51,7.9
2026-07-28T19:45:59.080210,AD7631,,33.391548,-117.753315,,,138,,,-49.5,21,0.4
2026-07-28T19:46:04.162411,AB04E1,N809SE,33.024445,-117.10882,,,149,,4747,-49.5,2642,0.0
2026-07-28T19:46:04.162411,A8B4C6,FFT2564,33.49118,-116.673376,,,97,,2025,-49.5,229,12.2
2026-07-28T19:46:04.162411,A48315,DAL2686,33.498711,-116.800867,,,91,,1026,-38.7,447,1.7
2026-07-28T19:46:04.162411,ABF375,SWA4675,32.668488,-116.835645,,,88,,1316,-37.9,1071,7.3
2026-07-28T19:46:04.162411,A3E08D,UPS905,33.503174,-117.124365,,,91,,1066,-38.0,203,32.5
2026-07-28T19:46:04.162411,ABEFBA,SWA3160,33.64389,-116.665164,,,96,,6735,-39.2,51,13.0
2026-07-28T19:46:04.162411,AD7631,ASA369,33.385124,-117.74642,,,138,,,-49.5,38,0.8
2026-07-28T19:46:09.226836,AB04E1,N809SE,33.021515,-117.106787,,,150,,4747,-10.4,2711,0.3
2026-07-28T19:46:09.226836,A8B4C6,FFT2564,33.49118,-116.673376,,,97,,2025,-49.5,234,17.3
2026-07-28T19:46:09.226836,A48315,DAL2686,33.498711,-116.800867,,,91,,1026,-38.7,447,6.7
2026-07-28T19:46:09.226836,ABF375,SWA4675,32.668488,-116.835645,,,88,,1316,-37.9,1071,12.3
2026-07-28T19:46:09.226836,A3E08D,UPS905,33.503174,-117.124365,,,91,,1066,-38.0,203,37.6
2026-07-28T19:46:09.226836,ABEFBA,SWA3160,33.64389,-116.665164,,,96,,6735,-39.2,51,18.1
2026-07-28T19:46:09.226836,AD7631,ASA369,33.378001,-117.738853,,,138,,,-38.2,47,0.6
2026-07-28T19:46:14.280953,AB04E1,N809SE,33.018494,-117.104755,,,149,,4747,-7.0,2764,0.3
2026-07-28T19:46:14.280953,A8B4C6,FFT2564,33.485413,-116.620477,,,97,,2025,-49.5,250,0.9
2026-07-28T19:46:14.280953,A48315,DAL2686,33.498711,-116.800867,,,91,,1026,-38.7,447,11.8
2026-07-28T19:46:14.280953,ABF375,SWA4675,32.668488,-116.835645,,,88,,1316,-49.5,1073,17.4
2026-07-28T19:46:14.280953,A3E08D,UPS905,33.503174,-117.124365,,,90,,1066,-36.8,204,42.6
2026-07-28T19:46:14.280953,ABEFBA,SWA3160,33.64389,-116.665164,,,96,,6735,-39.2,51,23.1
2026-07-28T19:46:14.280953,AD7631,ASA369,33.372694,-117.733136,,,138,,,-38.7,55,1.7
2026-07-28T19:46:19.334901,AB04E1,N809SE,33.015452,-117.102599,,,149,,4747,-8.4,2831,0.3
2026-07-28T19:46:19.334901,A8B4C6,FFT2564,33.484094,-116.608046,,,97,,2025,-49.5,265,0.9
2026-07-28T19:46:19.334901,A48315,DAL2686,33.498106,-116.762976,,,91,,1026,-49.5,470,2.2
2026-07-28T19:46:19.334901,ABF375,SWA4675,32.668488,-116.835645,,,88,,1316,-49.5,1074,22.4
2026-07-28T19:46:19.334901,A3E08D,UPS905,33.503174,-117.124365,,,90,,1066,-49.5,206,47.7
2026-07-28T19:46:19.334901,ABEFBA,SWA3160,33.64389,-116.665164,,,96,,6735,-39.2,51,28.2
2026-07-28T19:46:19.334901,AD7631,ASA369,33.370227,-117.730557,,,138,,,-37.1,56,5.0
2026-07-28T19:46:24.384477,AB04E1,N809SE,33.012333,-117.100413,,,149,,4747,-49.5,2902,0.2
2026-07-28T19:46:24.384477,A8B4C6,FFT2564,33.48279,-116.595882,,,97,,2025,-49.5,282,1.0
2026-07-28T19:46:24.384477,A48315,DAL2686,33.497827,-116.745599,,,91,,1026,-49.5,489,0.5
2026-07-28T19:46:24.384477,ABF375,SWA4675,32.669523,-116.78265,,,88,,1316,-39.1,1079,4.7
2026-07-28T19:46:24.384477,A3E08D,UPS905,33.503174,-117.124365,,,90,,1066,-39.6,207,52.7
2026-07-28T19:46:24.384477,ABEFBA,SWA3160,33.64389,-116.665164,,,96,,6735,-39.2,51,33.2
2026-07-28T19:46:24.384477,AD7631,ASA369,33.370227,-117.730557,,,138,,,-37.1,56,10.0
2026-07-28T19:46:29.450157,AB04E1,N809SE,33.009307,-117.098339,,,149,,4747,-6.8,2976,0.2
2026-07-28T19:46:29.450157,A8B4C6,FFT2564,33.481476,-116.583563,,,97,,2025,-36.4,292,1.1
2026-07-28T19:46:29.450157,A48315,DAL2686,33.49764,-116.732315,,,91,,1026,-49.5,521,0.5
2026-07-28T19:46:29.450157,ABF375,SWA4675,32.669523,-116.78265,,,88,,1316,-37.8,1083,9.8
2026-07-28T19:46:29.450157,A3E08D,UPS905,33.503174,-117.124365,,,90,,1066,-39.6,207,57.8
2026-07-28T19:46:29.450157,ABEFBA,SWA3160,33.64389,-116.665164,,,96,,6735,-39.2,51,38.3
2026-07-28T19:46:29.450157,AD7631,ASA369,33.370227,-117.730557,,,138,,,-37.1,56,15.1
2026-07-28T19:46:34.512827,AB04E1,N809SE,33.006271,-117.096185,,,149,,4747,-9.7,3031,0.2
2026-07-28T19:46:34.512827,A8B4C6,FFT2564,33.481476,-116.583563,,,97,,2025,-49.5,298,6.2
2026-07-28T19:46:34.512827,A48315,DAL2686,33.49764,-116.732315,,,91,,1026,-49.5,521,5.6
2026-07-28T19:46:34.512827,ABF375,SWA4675,32.670174,-116.747673,,,90,,1316,-49.5,1109,0.2
2026-07-28T19:46:34.512827,A3E08D,UPS905,33.503174,-117.124365,,,90,,1066,-39.6,207,62.8
2026-07-28T19:46:34.512827,ABEFBA,SWA3160,33.64389,-116.665164,,,96,,6735,-39.2,51,43.4
2026-07-28T19:46:34.512827,AD7631,ASA369,33.370227,-117.730557,,,138,,,-37.1,56,20.2
2026-07-28T19:46:39.566823,AB04E1,N809SE,33.003442,-117.094191,,,149,,4747,-49.5,3089,0.5
2026-07-28T19:46:39.566823,A8B4C6,FFT2564,33.478787,-116.557823,,,97,,2025,-36.9,300,0.8
2026-07-28T19:46:39.566823,A48315,DAL2686,33.49764,-116.732315,,,91,,1026,-49.5,522,10.6
2026-07-28T19:46:39.566823,ABF375,SWA4675,32.670044,-116.736328,,,90,,1316,-34.5,1152,0.4
2026-07-28T19:46:39.566823,A3E08D,UPS905,33.503174,-117.124365,,,90,,1066,-39.6,207,67.9
2026-07-28T19:46:39.566823,ABEFBA,SWA3160,33.64389,-116.665164,,,96,,6735,-39.2,51,48.4
2026-07-28T19:46:39.566823,AD7631,ASA369,33.335999,-117.693951,,,138,,1671,-35.9,68,0.0
2026-07-28T19:46:44.634171,AB04E1,N809SE,33.000183,-117.091949,,,149,,4747,-49.5,3145,0.2
2026-07-28T19:46:44.634171,A8B4C6,FFT2564,33.478787,-116.557823,,,97,,2025,-49.5,305,5.8
2026-07-28T19:46:44.634171,A48315,DAL2686,33.497035,-116.69347,,,91,,1026,-49.5,554,0.8
2026-07-28T19:46:44.634171,ABF375,SWA4675,32.669848,-116.724748,,,91,,1316,-49.5,1193,0.7
2026-07-28T19:46:44.634171,A3E08D,UPS905,33.503174,-117.124365,,,90,,1066,-39.6,207,73.0
2026-07-28T19:46:44.634171,ABEFBA,SWA3160,33.64389,-116.665164,,,96,,6735,-39.2,51,53.5
2026-07-28T19:46:44.634171,AD7631,ASA369,33.329269,-117.686755,,,138,,1671,-49.5,89,0.0
2026-07-28T19:46:49.706509,AB04E1,N809SE,32.997297,-117.089931,,,150,,4747,-49.5,3190,0.4
2026-07-28T19:46:49.706509,A8B4C6,FFT2564,33.478787,-116.557823,,,97,,2025,-49.5,305,10.9
2026-07-28T19:46:49.706509,A48315,DAL2686,33.496802,-116.679289,,,91,,1026,-49.5,606,0.5
2026-07-28T19:46:49.706509,ABF375,SWA4675,32.669709,-116.712864,,,90,,1316,-49.5,1233,0.8
2026-07-28T19:46:49.706509,A3E08D,UPS905,33.503174,-117.124365,,,90,,1066,-39.6,207,78.0
2026-07-28T19:46:49.706509,ABEFBA,SWA3160,33.64389,-116.665164,,,96,,6735,-39.2,51,58.5
2026-07-28T19:46:49.706509,AD7631,ASA369,33.322604,-117.679661,,,138,,1671,-49.5,118,0.2
2026-07-28T19:46:54.751579,AB04E1,N809SE,32.994003,-117.087671,,,150,,4747,-13.8,3248,0.0
2026-07-28T19:46:54.751579,A8B4C6,FFT2564,33.478787,-116.557823,,,97,,2025,-49.5,305,15.9
2026-07-28T19:46:54.751579,A48315,DAL2686,33.496616,-116.668247,,,91,,1026,-36.2,675,1.3
2026-07-28T19:46:54.751579,ABF375,SWA4675,32.669586,-116.705292,,,90,,1316,-37.4,1263,2.7
2026-07-28T19:46:54.751579,A3E08D,UPS905,33.503174,-117.124365,,,90,,1066,-39.6,207,83.1
2026-07-28T19:46:54.751579,AD7631,ASA369,33.315857,-117.672418,,,138,,1671,-35.9,148,0.1
2026-07-28T19:46:59.809499,AB04E1,N809SE,32.991059,-117.085671,,,149,,4747,-12.1,3307,0.2
2026-07-28T19:46:59.809499,A8B4C6,FFT2564,33.478787,-116.557823,,,97,,2025,-49.5,305,21.0
2026-07-28T19:46:59.809499,A48315,DAL2686,33.496536,-116.661841,,,91,,1026,-49.5,705,3.9
2026-07-28T19:46:59.809499,ABF375,SWA4675,32.669357,-116.688757,,,90,,1316,-36.0,1304,1.0
2026-07-28T19:46:59.809499,A3E08D,UPS905,33.500247,-116.901033,,,90,,1066,-37.4,208,4.5
2026-07-28T19:46:59.809499,AD7631,ASA369,33.309586,-117.665717,,,138,,1671,-37.0,168,0.5
2026-07-28T19:47:04.883260,AB04E1,N809SE,32.987961,-117.083551,,,149,,4747,-13.7,3379,0.0
2026-07-28T19:47:04.883260,A8B4C6,FFT2564,33.478787,-116.557823,,,97,,2025,-49.5,305,26.1
2026-07-28T19:47:04.883260,A48315,DAL2686,33.496536,-116.661841,,,91,,1026,-49.5,705,9.0
2026-07-28T19:47:04.883260,ABF375,SWA4675,32.669336,-116.686071,,,90,,1316,-39.3,1307,5.0
2026-07-28T19:47:04.883260,A3E08D,UPS905,33.500247,-116.901033,,,90,,1066,-37.4,208,9.5
2026-07-28T19:47:04.883260,AD7631,ASA369,33.30304,-117.658685,,,138,,1671,-49.5,174,0.7
2026-07-28T19:47:04.883260,ABEFBA,,33.62645,-116.489775,,,96,,,-49.5,21,2.5
2026-07-28T19:47:09.932477,AB04E1,N809SE,32.984894,-117.081354,,,149,,4747,-49.5,3446,0.0
2026-07-28T19:47:09.932477,A8B4C6,FFT2564,33.478787,-116.557823,,,97,,2025,-49.5,305,31.1
2026-07-28T19:47:09.932477,A48315,DAL2686,33.496536,-116.661841,,,91,,1026,-49.5,705,14.0
2026-07-28T19:47:09.932477,ABF375,SWA4675,32.669336,-116.686071,,,90,,1316,-37.5,1308,10.0
2026-07-28T19:47:09.932477,A3E08D,UPS905,33.499828,-116.872446,,,90,,1066,-49.5,209,3.7
2026-07-28T19:47:09.932477,AD7631,ASA369,33.298874,-117.654291,,,138,,1671,-37.3,191,2.6
2026-07-28T19:47:09.932477,ABEFBA,,33.624821,-116.47356,,,96,,,-36.7,47,1.0
2026-07-28T19:47:14.994148,AB04E1,N809SE,32.981873,-117.079266,,,149,,4747,-49.5,3510,0.1
2026-07-28T19:47:14.994148,A8B4C6,FFT2564,33.478787,-116.557823,,,97,,2025,-49.5,305,36.2
2026-07-28T19:47:14.994148,A48315,DAL2686,33.496536,-116.661841,,,91,,1026,-49.5,705,19.1
2026-07-28T19:47:14.994148,ABF375,SWA4675,32.668808,-116.65047,,,90,,1316,-34.6,1347,0.4
2026-07-28T19:47:14.994148,A3E08D,UPS905,33.499596,-116.854398,,,90,,1066,-49.5,210,1.9
2026-07-28T19:47:14.994148,AD7631,ASA369,33.292252,-117.647263,,,138,,1671,-49.5,217,2.8
2026-07-28T19:47:14.994148,ABEFBA,SWA3160,33.623797,-116.463375,,,96,,,-36.9,72,2.1
2026-07-28T19:47:20.074600,AB04E1,N809SE,32.978816,-117.077151,,,149,,4747,-19.0,3572,0.0
2026-07-28T19:47:20.074600,A8B4C6,FFT2564,33.478787,-116.557823,,,97,,2025,-49.5,305,41.3
2026-07-28T19:47:20.074600,A48315,DAL2686,33.496536,-116.661841,,,91,,1026,-38.6,719,24.2
2026-07-28T19:47:20.074600,ABF375,SWA4675,32.668671,-116.640802,,,90,,1316,-49.5,1389,1.6
2026-07-28T19:47:20.074600,A3E08D,UPS905,33.499596,-116.854398,,,90,,1066,-49.5,210,6.9
2026-07-28T19:47:20.074600,AD7631,ASA369,33.283128,-117.637454,,,138,,1671,-49.5,246,1.0
2026-07-28T19:47:20.074600,ABEFBA,SWA3160,33.623797,-116.463375,,,96,,,-49.5,74,7.1
2026-07-28T19:47:25.150675,AB04E1,N809SE,32.975836,-117.075021,,,149,,4747,-24.3,3644,0.0
2026-07-28T19:47:25.150675,A8B4C6,FFT2564,33.478787,-116.557823,,,97,,2025,-49.5,305,46.4
2026-07-28T19:47:25.150675,A48315,DAL2686,33.495026,-116.585815,,,91,,1026,-49.5,726,0.6
2026-07-28T19:47:25.150675,ABF375,SWA4675,32.668671,-116.640802,,,90,,1316,-39.2,1391,6.7
2026-07-28T19:47:25.150675,A3E08D,UPS905,33.499596,-116.854398,,,90,,1066,-49.5,210,12.0
2026-07-28T19:47:25.150675,AD7631,ASA369,33.283128,-117.637454,,,138,,1671,-49.5,249,6.1
2026-07-28T19:47:25.150675,ABEFBA,SWA3160,33.623797,-116.463375,,,96,,,-39.8,75,12.2
2026-07-28T19:47:30.232228,AB04E1,N809SE,32.972857,-117.073003,,,150,,4747,-18.5,3704,0.2
2026-07-28T19:47:30.232228,A8B4C6,FFT2564,33.478787,-116.557823,,,97,,2025,-49.5,305,51.4
2026-07-28T19:47:30.232228,A48315,DAL2686,33.494888,-116.580487,,,91,,1026,-49.5,742,3.7
2026-07-28T19:47:30.232228,ABF375,SWA4675,32.668671,-116.640802,,,90,,1316,-39.2,1391,11.7
2026-07-28T19:47:30.232228,A3E08D,UPS905,33.498917,-116.809937,,,91,,1066,-49.5,213,0.1
2026-07-28T19:47:30.232228,AD7631,ASA369,33.283128,-117.637454,,,138,,1671,-49.5,249,11.1
2026-07-28T19:47:30.232228,ABEFBA,SWA3160,33.623797,-116.463375,,,96,,,-39.8,75,17.3
2026-07-28T19:47:35.311920,AB04E1,N809SE,32.969738,-117.070873,,,149,,4747,-33.0,3768,0.1
2026-07-28T19:47:35.311920,A8B4C6,FFT2564,33.478787,-116.557823,,,97,,2025,-49.5,305,56.5
2026-07-28T19:47:35.311920,A48315,DAL2686,33.494888,-116.580487,,,91,,1026,-49.5,742,8.7
2026-07-28T19:47:35.311920,ABF375,SWA4675,32.668671,-116.640802,,,90,,1316,-39.2,1391,16.8
2026-07-28T19:47:35.311920,A3E08D,UPS905,33.498825,-116.804498,,,91,,1066,-49.5,225,3.2
2026-07-28T19:47:35.311920,AD7631,ASA369,33.263031,-117.616113,,,138,,1671,-49.5,258,1.0
2026-07-28T19:47:35.311920,ABEFBA,SWA3160,33.623797,-116.463375,,,96,,,-39.8,75,22.4
2026-07-28T19:47:35.311920,ABE959,,33.745193,-116.553563,,,84,,,-49.5,26,2.0
2026-07-28T19:47:40.386230,AB04E1,N809SE,32.966995,-117.068939,,,149,,4747,-33.1,3820,0.4
2026-07-28T19:47:40.386230,A8B4C6,FFT2564,33.478787,-116.557823,,,97,,2025,-49.5,305,61.6
2026-07-28T19:47:40.386230,A48315,DAL2686,33.494888,-116.580487,,,91,,1026,-49.5,742,13.8
2026-07-28T19:47:40.386230,ABF375,SWA4675,32.668671,-116.640802,,,90,,1316,-39.2,1391,21.9
2026-07-28T19:47:40.386230,A3E08D,UPS905,33.498688,-116.794336,,,91,,1066,-36.2,232,4.4
2026-07-28T19:47:40.386230,AD7631,ASA369,33.255336,-117.607914,,,138,,1671,-32.7,300,0.3
2026-07-28T19:47:40.386230,ABEFBA,SWA3160,33.623797,-116.463375,,,96,,,-39.8,75,27.5
2026-07-28T19:47:40.386230,ABE959,,33.745193,-116.553563,,,84,,,-49.5,26,7.1
2026-07-28T19:47:45.463111,AB04E1,N809SE,32.963965,-117.066781,,,148,,4747,-49.5,3881,0.4
2026-07-28T19:47:45.463111,A48315,DAL2686,33.494888,-116.580487,,,91,,1026,-49.5,745,18.9
2026-07-28T19:47:45.463111,ABF375,SWA4675,32.668671,-116.640802,,,90,,1316,-39.2,1391,27.0
2026-07-28T19:47:45.463111,A3E08D,UPS905,33.498688,-116.794336,,,91,,1066,-36.2,232,9.4
2026-07-28T19:47:45.463111,AD7631,ASA369,33.248353,-117.600515,,,138,,1671,-49.5,341,0.0
2026-07-28T19:47:45.463111,ABEFBA,SWA3160,33.623797,-116.463375,,,96,,,-39.8,75,32.5
2026-07-28T19:47:45.463111,ABE959,,33.745193,-116.553563,,,84,,,-49.5,26,12.2
2026-07-28T19:47:50.546151,AB04E1,N809SE,32.96094,-117.064595,,,148,,4747,-49.5,3938,0.3
2026-07-28T19:47:50.546151,A48315,DAL2686,33.494888,-116.580487,,,91,,1026,-49.5,745,24.0
2026-07-28T19:47:50.546151,ABF375,SWA4675,32.668671,-116.640802,,,90,,1316,-39.2,1391,32.0
2026-07-28T19:47:50.546151,A3E08D,UPS905,33.498688,-116.794336,,,91,,1066,-36.2,232,14.5
2026-07-28T19:47:50.546151,AD7631,ASA369,33.241745,-117.593481,,,138,,1671,-32.5,391,0.0
2026-07-28T19:47:50.546151,ABEFBA,SWA3160,33.623797,-116.463375,,,96,,,-39.8,75,37.6
2026-07-28T19:47:50.546151,ABE959,,33.745193,-116.553563,,,84,,,-49.5,26,17.3
2026-07-28T19:47:50.546151,A32FFE,,33.650482,-116.700365,,,86,,1060,-49.5,10,1.5
2026-07-28T19:47:55.629691,AB04E1,N809SE,32.957774,-117.062297,,,148,,4747,-49.5,4002,0.0
2026-07-28T19:47:55.629691,A48315,DAL2686,33.494888,-116.580487,,,91,,1026,-49.5,745,29.0
2026-07-28T19:47:55.629691,ABF375,SWA4675,32.668671,-116.640802,,,90,,1316,-39.2,1391,37.1
2026-07-28T19:47:55.629691,A3E08D,UPS905,33.498688,-116.794336,,,91,,1066,-39.3,235,19.6
2026-07-28T19:47:55.629691,AD7631,ASA369,33.236017,-117.587455,,,138,,1671,-33.5,435,0.8
2026-07-28T19:47:55.629691,ABEFBA,SWA3160,33.623797,-116.463375,,,96,,,-39.8,75,42.7
2026-07-28T19:47:55.629691,ABE959,,33.745193,-116.553563,,,84,,,-49.5,26,22.3
2026-07-28T19:47:55.629691,A32FFE,,33.650482,-116.700365,,,86,,1060,-38.0,11,6.6
2026-07-28T19:47:55.629691,ABAE62,SWA4058,32.841161,-117.382414,,,307,,,-35.9,20,1.1
2026-07-28T19:48:00.705673,AB04E1,N809SE,32.954865,-117.06026,,,149,,4747,-49.5,4065,0.2
2026-07-28T19:48:00.705673,A48315,DAL2686,33.494888,-116.580487,,,91,,1026,-49.5,745,34.1
2026-07-28T19:48:00.705673,ABF375,SWA4675,32.668671,-116.640802,,,90,,1316,-39.2,1391,42.2
2026-07-28T19:48:00.705673,A3E08D,UPS905,33.49764,-116.729456,,,91,,1066,-49.5,237,0.1
2026-07-28T19:48:00.705673,AD7631,ASA369,33.229111,-117.580243,,,138,,1671,-35.5,468,0.7
2026-07-28T19:48:00.705673,ABEFBA,SWA3160,33.623797,-116.463375,,,96,,,-39.8,75,47.8
2026-07-28T19:48:00.705673,ABE959,,33.745193,-116.553563,,,84,,,-49.5,26,27.4
2026-07-28T19:48:00.705673,A32FFE,,33.650482,-116.700365,,,86,,1060,-36.7,12,11.7
2026-07-28T19:48:00.705673,ABAE62,SWA4058,32.842092,-117.383871,,,307,,,-49.5,21,5.0
2026-07-28T19:48:05.781714,AB04E1,N809SE,32.951981,-117.058282,,,149,,4747,-49.5,4141,0.5
2026-07-28T19:48:05.781714,A48315,DAL2686,33.494888,-116.580487,,,91,,1026,-49.5,745,39.2
2026-07-28T19:48:05.781714,ABF375,SWA4675,32.668671,-116.640802,,,90,,1316,-39.2,1391,47.3
2026-07-28T19:48:05.781714,A3E08D,UPS905,33.49764,-116.729456,,,91,,1066,-49.5,238,5.2
2026-07-28T19:48:05.781714,AD7631,ASA369,33.229111,-117.580243,,,138,,1671,-37.9,480,5.7
2026-07-28T19:48:05.781714,ABEFBA,SWA3160,33.623797,-116.463375,,,96,,,-39.8,75,52.8
2026-07-28T19:48:05.781714,ABE959,,33.745193,-116.553563,,,84,,,-49.5,26,32.5
2026-07-28T19:48:05.781714,A32FFE,,33.650482,-116.700365,,,86,,1060,-49.5,13,16.8
2026-07-28T19:48:05.781714,ABAE62,SWA4058,32.842092,-117.383871,,,307,,,-49.5,21,10.1
2026-07-28T19:48:10.827274,AB04E1,N809SE,32.949208,-117.056355,,,149,,4747,-49.5,4201,0.8
2026-07-28T19:48:10.827274,A48315,DAL2686,33.494888,-116.580487,,,91,,1026,-49.5,745,44.2
2026-07-28T19:48:10.827274,ABF375,SWA4675,32.668671,-116.640802,,,90,,1316,-39.2,1391,52.3
2026-07-28T19:48:10.827274,A3E08D,UPS905,33.49764,-116.729456,,,91,,1066,-49.5,238,10.2
2026-07-28T19:48:10.827274,AD7631,ASA369,33.229111,-117.580243,,,138,,1671,-37.9,480,10.8
2026-07-28T19:48:10.827274,ABEFBA,SWA3160,33.623797,-116.463375,,,96,,,-39.8,75,57.9
2026-07-28T19:48:10.827274,ABE959,,33.745193,-116.553563,,,84,,,-49.5,26,37.5
2026-07-28T19:48:10.827274,A32FFE,,33.650482,-116.700365,,,86,,1060,-49.5,13,21.8
2026-07-28T19:48:10.827274,ABAE62,SWA4058,32.842092,-117.383871,,,307,,,-49.5,22,15.1
2026-07-28T19:48:15.890988,AB04E1,N809SE,32.945764,-117.053945,,,148,,4747,-32.5,4264,0.0
2026-07-28T19:48:15.890988,A48315,DAL2686,33.494888,-116.580487,,,91,,1026,-49.5,745,49.3
2026-07-28T19:48:15.890988,ABF375,SWA4675,32.668671,-116.640802,,,90,,1316,-39.2,1391,57.4
2026-07-28T19:48:15.890988,A3E08D,UPS905,33.49764,-116.729456,,,91,,1066,-49.5,238,15.3
2026-07-28T19:48:15.890988,AD7631,ASA369,33.229111,-117.580243,,,138,,1671,-37.9,480,15.8
2026-07-28T19:48:15.890988,ABEFBA,SWA3160,33.623797,-116.463375,,,96,,,-39.8,75,63.0
2026-07-28T19:48:15.890988,ABE959,,33.745193,-116.553563,,,84,,,-49.5,26,42.6
2026-07-28T19:48:15.890988,A32FFE,,33.650482,-116.700365,,,86,,1060,-49.5,13,26.9
2026-07-28T19:48:15.890988,ABAE62,SWA4058,32.842092,-117.383871,,,307,,,-49.5,22,20.2
2026-07-28T19:48:20.965426,AB04E1,N809SE,32.942877,-117.051647,,,145,,4747,-30.3,4331,0.0
2026-07-28T19:48:20.965426,A48315,DAL2686,33.494888,-116.580487,,,91,,1026,-49.5,745,54.4
2026-07-28T19:48:20.965426,A3E08D,UPS905,33.496719,-116.679089,,,91,,1066,-49.5,261,1.1
2026-07-28T19:48:20.965426,AD7631,ASA369,33.229111,-117.580243,,,138,,1671,-37.9,480,20.9
2026-07-28T19:48:20.965426,ABE959,,33.745193,-116.553563,,,84,,,-49.5,26,47.7
2026-07-28T19:48:20.965426,A32FFE,,33.650482,-116.700365,,,86,,1060,-49.5,13,31.9
2026-07-28T19:48:20.965426,ABAE62,SWA4058,32.842092,-117.383871,,,307,,,-49.5,22,25.3
2026-07-28T19:48:26.009785,AB04E1,N809SE,32.940033,-117.049219,,,143,,4747,-30.2,4400,0.1
2026-07-28T19:48:26.009785,A48315,DAL2686,33.494888,-116.580487,,,91,,1026,-49.5,745,59.5
2026-07-28T19:48:26.009785,A3E08D,UPS905,33.496445,-116.663049,,,91,,1066,-49.5,301,0.2
2026-07-28T19:48:26.009785,AD7631,ASA369,33.229111,-117.580243,,,138,,1671,-37.9,480,26.0
2026-07-28T19:48:26.009785,ABE959,,33.745193,-116.553563,,,84,,,-49.5,26,52.7
2026-07-28T19:48:26.009785,A32FFE,,33.650482,-116.700365,,,86,,1060,-49.5,13,37.0
2026-07-28T19:48:26.009785,ABAE62,SWA4058,32.842092,-117.383871,,,307,,,-49.5,22,30.4
2026-07-28T19:48:26.009785,A8B4C6,FFT2564,33.450943,-116.300775,,,97,,,-38.7,11,4.0
2026-07-28T19:48:31.089479,AB04E1,N809SE,32.937338,-117.04677,,,142,,4747,-49.5,4466,0.2
2026-07-28T19:48:31.089479,A48315,DAL2686,33.494888,-116.580487,,,91,,1026,-49.5,745,64.5
2026-07-28T19:48:31.089479,A3E08D,UPS905,33.496244,-116.65059,,,91,,1066,-49.5,353,0.5
2026-07-28T19:48:31.089479,AD7631,ASA369,33.18924,-117.538385,,,138,,1671,-49.5,497,0.3
2026-07-28T19:48:31.089479,ABE959,,33.745193,-116.553563,,,84,,,-49.5,26,57.8
2026-07-28T19:48:31.089479,A5A4A0,,33.116959,-117.2729,,,87,,,-49.5,5,1.1
2026-07-28T19:48:31.089479,A32FFE,,33.650482,-116.700365,,,86,,1060,-49.5,13,42.1
2026-07-28T19:48:31.089479,ABAE62,SWA4058,32.868952,-117.425855,,,307,,,-36.8,28,2.6
2026-07-28T19:48:31.089479,A8B4C6,FFT2564,33.450943,-116.300775,,,97,,,-38.7,11,9.1
2026-07-28T19:48:36.153045,AB04E1,N809SE,32.934777,-117.044472,,,142,,4747,-49.5,4530,0.8
2026-07-28T19:48:36.153045,A48315,DAL2686,33.494888,-116.580487,,,91,,1026,-49.5,745,69.6
2026-07-28T19:48:36.153045,A3E08D,UPS905,33.496078,-116.639594,,,91,,1066,-36.6,376,1.4
2026-07-28T19:48:36.153045,AD7631,ASA369,33.182922,-117.531738,,,138,,1671,-31.5,552,0.5
2026-07-28T19:48:36.153045,A5A4A0,,33.116959,-117.2729,,,84,,,-49.5,6,6.2
2026-07-28T19:48:36.153045,A32FFE,,33.650482,-116.700365,,,86,,1060,-49.5,13,47.1
2026-07-28T19:48:36.153045,ABAE62,SWA4058,32.874298,-117.43418,,,307,,,-49.5,70,1.3
2026-07-28T19:48:36.153045,A8B4C6,FFT2564,33.450943,-116.300775,,,97,,,-38.7,11,14.1
2026-07-28T19:48:41.233141,AB04E1,N809SE,32.931931,-117.041803,,,141,,4747,-34.9,4583,0.4
2026-07-28T19:48:41.233141,A48315,DAL2686,33.494888,-116.580487,,,91,,1026,-49.5,745,74.7
2026-07-28T19:48:41.233141,A3E08D,UPS905,33.496078,-116.639594,,,91,,1066,-40.0,383,6.4
2026-07-28T19:48:41.233141,AD7631,ASA369,33.176197,-117.52462,,,138,,1671,-49.5,626,0.3
2026-07-28T19:48:41.233141,A5A4A0,,33.116959,-117.2729,,,82,,,-39.2,7,11.3
2026-07-28T19:48:41.233141,A32FFE,,33.650482,-116.700365,,,86,,1060,-49.5,13,52.2
2026-07-28T19:48:41.233141,ABAE62,SWA4058,32.874298,-117.43418,,,307,,,-49.5,74,6.3
2026-07-28T19:48:41.233141,A8B4C6,FFT2564,33.450943,-116.300775,,,97,,,-38.7,11,19.2
2026-07-28T19:48:46.305874,AB04E1,N809SE,32.929184,-117.039276,,,142,,4747,-49.5,4617,0.5
2026-07-28T19:48:46.305874,A3E08D,UPS905,33.496078,-116.639594,,,91,,1066,-40.0,383,11.5
2026-07-28T19:48:46.305874,AD7631,ASA369,33.171112,-117.519324,,,138,,1671,-49.5,694,1.5
2026-07-28T19:48:46.305874,A5A4A0,,33.116959,-117.2729,,,82,,,-39.2,7,16.3
2026-07-28T19:48:46.305874,A32FFE,,33.650482,-116.700365,,,86,,1060,-49.5,13,57.3
2026-07-28T19:48:46.305874,ABAE62,SWA4058,32.882538,-117.447034,,,307,,,-49.5,78,1.5
2026-07-28T19:48:46.305874,A8B4C6,FFT2564,33.450943,-116.300775,,,97,,,-38.7,11,24.3
2026-07-28T19:48:51.351194,AB04E1,N809SE,32.926398,-117.036681,,,142,,4747,-49.5,4633,0.5
2026-07-28T19:48:51.351194,A3E08D,UPS905,33.496078,-116.639594,,,91,,1066,-40.0,383,16.6
2026-07-28T19:48:51.351194,AD7631,ASA369,33.164419,-117.512232,,,138,,1671,-49.5,741,1.2
2026-07-28T19:48:51.351194,A5A4A0,,33.116959,-117.2729,,,82,,,-39.2,7,21.4
2026-07-28T19:48:51.351194,A32FFE,,33.650482,-116.700365,,,86,,1060,-49.5,13,62.3
2026-07-28T19:48:51.351194,ABAE62,SWA4058,32.887207,-117.454285,,,307,,,-38.6,107,1.0
2026-07-28T19:48:51.351194,A8B4C6,FFT2564,33.450943,-116.300775,,,97,,,-38.7,11,29.3
2026-07-28T19:48:56.430383,AB04E1,N809SE,32.924256,-117.034663,,,141,,4747,-49.5,4641,1.5
2026-07-28T19:48:56.430383,A3E08D,UPS905,33.496078,-116.639594,,,91,,1066,-37.9,384,21.7
2026-07-28T19:48:56.430383,AD7631,ASA369,33.157242,-117.504657,,,138,,1671,-49.5,786,0.7
2026-07-28T19:48:56.430383,A5A4A0,,33.116959,-117.2729,,,82,,,-39.2,7,26.5
2026-07-28T19:48:56.430383,A32FFE,,33.650482,-116.700365,,,86,,1060,-49.5,13,67.4
2026-07-28T19:48:56.430383,ABAE62,SWA4058,32.890732,-117.459833,,,307,,,-39.0,135,1.8
2026-07-28T19:48:56.430383,A8B4C6,FFT2564,33.450943,-116.300775,,,97,,,-38.7,11,34.4
2026-07-28T19:49:01.509687,AB04E1,N809SE,32.924256,-117.034663,,,141,,4747,-49.5,4642,6.6
2026-07-28T19:49:01.509687,A3E08D,UPS905,33.496078,-116.639594,,,91,,1066,-49.5,385,26.7
2026-07-28T19:49:01.509687,AD7631,ASA369,33.150686,-117.49777,,,138,,1671,-37.0,827,0.5
2026-07-28T19:49:01.509687,A5A4A0,,33.116959,-117.2729,,,82,,,-39.2,7,31.5
2026-07-28T19:49:01.509687,A32FFE,,33.650482,-116.700365,,,86,,1060,-49.5,13,72.5
2026-07-28T19:49:01.509687,ABAE62,SWA4058,32.893346,-117.463858,,,307,,,-35.1,160,3.8
2026-07-28T19:49:01.509687,A8B4C6,FFT2564,33.450943,-116.300775,,,97,,,-38.7,11,39.5
2026-07-28T19:49:06.559457,AB04E1,N809SE,32.924256,-117.034663,,,141,,4747,-49.5,4642,11.7
2026-07-28T19:49:06.559457,A3E08D,UPS905,33.496078,-116.639594,,,91,,1066,-49.5,385,31.8
2026-07-28T19:49:06.559457,AD7631,ASA369,33.144355,-117.4911,,,139,,1671,-33.4,859,0.7
2026-07-28T19:49:06.559457,A5A4A0,,33.116959,-117.2729,,,82,,,-39.2,7,36.6
2026-07-28T19:49:06.559457,ABAE62,SWA4058,32.893346,-117.463858,,,307,,,-35.1,160,8.8
2026-07-28T19:49:06.559457,A8B4C6,FFT2564,33.450943,-116.300775,,,97,,,-38.7,11,44.6
2026-07-28T19:49:11.643959,AB04E1,N809SE,32.924256,-117.034663,,,141,,4747,-49.5,4642,16.8
2026-07-28T19:49:11.643959,A3E08D,UPS905,33.496078,-116.639594,,,91,,1066,-49.5,385,36.9
2026-07-28T19:49:11.643959,AD7631,ASA369,33.137047,-117.483981,,,141,,1671,-49.5,914,0.0
2026-07-28T19:49:11.643959,A5A4A0,,33.116959,-117.2729,,,82,,,-39.2,7,41.7
2026-07-28T19:49:11.643959,ABAE62,SWA4058,32.893346,-117.463858,,,307,,,-49.5,162,13.9
2026-07-28T19:49:11.643959,A8B4C6,FFT2564,33.450943,-116.300775,,,97,,,-38.7,11,49.6
2026-07-28T19:49:16.692423,AB04E1,N809SE,32.924256,-117.034663,,,141,,4747,-49.5,4642,21.8
2026-07-28T19:49:16.692423,A3E08D,UPS905,33.496078,-116.639594,,,91,,1066,-49.5,385,41.9
2026-07-28T19:49:16.692423,AD7631,ASA369,33.130096,-117.47774,,,143,,1671,-30.7,979,0.0
2026-07-28T19:49:16.692423,A5A4A0,,33.116959,-117.2729,,,82,,,-39.2,7,46.7
2026-07-28T19:49:16.692423,ABAE62,SWA4058,32.908848,-117.488017,,,307,,2040,-35.8,172,0.6
2026-07-28T19:49:16.692423,A8B4C6,FFT2564,33.450943,-116.300775,,,97,,,-38.7,11,54.7
2026-07-28T19:49:21.743599,AB04E1,N809SE,32.924256,-117.034663,,,141,,4747,-49.5,4642,26.8
2026-07-28T19:49:21.743599,A3E08D,UPS905,33.496078,-116.639594,,,91,,1066,-49.5,385,46.9
2026-07-28T19:49:21.743599,AD7631,ASA369,33.123322,-117.472083,,,145,,1671,-49.5,1025,0.1
2026-07-28T19:49:21.743599,A5A4A0,,33.116959,-117.2729,,,82,,,-39.2,7,51.7
2026-07-28T19:49:21.743599,ABAE62,SWA4058,32.908848,-117.488017,,,307,,2040,-39.0,179,5.6
2026-07-28T19:49:21.743599,A8B4C6,FFT2564,33.450943,-116.300775,,,97,,,-38.7,11,59.7
2026-07-28T19:49:21.743599,0D0E3B,,33.339921,-117.691657,,,117,,,-38.2,11,0.9
2026-07-28T19:49:26.784841,AB04E1,N809SE,32.924256,-117.034663,,,141,,4747,-37.2,4648,31.9
2026-07-28T19:49:26.784841,A3E08D,UPS905,33.496078,-116.639594,,,91,,1066,-49.5,385,52.0
2026-07-28T19:49:26.784841,AD7631,ASA369,33.116318,-117.46626,,,145,,1671,-28.5,1068,0.2
2026-07-28T19:49:26.784841,A5A4A0,,33.116959,-117.2729,,,82,,,-39.2,7,56.8
2026-07-28T19:49:26.784841,ABAE62,SWA4058,32.915543,-117.49834,,,307,,2040,-49.5,181,3.2
2026-07-28T19:49:26.784841,0D0E3B,VOI713,33.335639,-117.681679,,,117,,,-49.5,30,1.0
2026-07-28T19:49:31.859601,AB04E1,N809SE,32.905197,-117.015656,,,137,,4747,-35.1,4676,0.9
2026-07-28T19:49:31.859601,A3E08D,UPS905,33.496078,-116.639594,,,91,,1066,-49.5,385,57.1
2026-07-28T19:49:31.859601,AD7631,ASA369,33.109348,-117.460495,,,145,,1671,-49.5,1150,0.3
2026-07-28T19:49:31.859601,A5A4A0,,33.116959,-117.2729,,,82,,,-39.2,7,61.9
2026-07-28T19:49:31.859601,ABAE62,SWA4058,32.915543,-117.49834,,,307,,2040,-49.5,181,8.3
2026-07-28T19:49:31.859601,0D0E3B,VOI713,33.332336,-117.674066,,,117,,,-36.1,55,2.2
2026-07-28T19:49:36.933090,AB04E1,N809SE,32.90261,-117.012802,,,137,,4747,-35.7,4712,0.9
2026-07-28T19:49:36.933090,A3E08D,UPS905,33.496078,-116.639594,,,91,,1066,-49.5,385,62.1
2026-07-28T19:49:36.933090,AD7631,ASA369,33.102272,-117.45461,,,144,,1671,-49.5,1210,0.4
2026-07-28T19:49:36.933090,A5A4A0,,33.116959,-117.2729,,,82,,,-39.2,7,66.9
2026-07-28T19:49:36.933090,ABAE62,SWA4058,32.915543,-117.49834,,,307,,2040,-49.5,181,13.4
2026-07-28T19:49:36.933090,0D0E3B,VOI713,33.32684,-117.661388,,,117,,1044,-49.5,77,1.0
2026-07-28T19:49:41.977531,AB04E1,N809SE,32.901539,-117.011681,,,137,,4747,-49.5,4729,4.0
2026-07-28T19:49:41.977531,A3E08D,UPS905,33.496078,-116.639594,,,91,,1066,-49.5,385,67.2
2026-07-28T19:49:41.977531,AD7631,ASA369,33.095123,-117.448627,,,144,,1671,-29.0,1284,0.4
2026-07-28T19:49:41.977531,ABAE62,SWA4058,32.915543,-117.49834,,,307,,2040,-49.5,181,18.4
2026-07-28T19:49:41.977531,0D0E3B,VOI713,33.32222,-117.650665,,,117,,1044,-36.8,103,0.9
2026-07-28T19:49:47.029377,AB04E1,N809SE,32.901539,-117.011681,,,137,,4747,-49.5,4729,9.0
2026-07-28T19:49:47.029377,A3E08D,UPS905,33.496078,-116.639594,,,91,,1066,-49.5,385,72.2
2026-07-28T19:49:47.029377,AD7631,ASA369,33.08812,-117.442804,,,144,,1671,-49.5,1330,0.5
2026-07-28T19:49:47.029377,ABAE62,SWA4058,32.915543,-117.49834,,,307,,2040,-49.5,181,23.4
2026-07-28T19:49:47.029377,0D0E3B,VOI713,33.317871,-117.640668,,,117,,1044,-49.5,114,0.9
2026-07-28T19:49:52.071255,AB04E1,N809SE,32.901539,-117.011681,,,137,,4747,-49.5,4729,14.1
2026-07-28T19:49:52.071255,A3E08D,UPS905,33.496078,-116.639594,,,91,,1066,-49.5,385,77.3
2026-07-28T19:49:52.071255,AD7631,ASA369,33.080812,-117.436673,,,144,,1671,-36.4,1371,0.4
2026-07-28T19:49:52.071255,ABAE62,SWA4058,32.915543,-117.49834,,,307,,2040,-49.5,181,28.5
2026-07-28T19:49:52.071255,0D0E3B,VOI713,33.312688,-117.628653,,,117,,1044,-34.9,144,0.0
2026-07-28T19:49:57.143023,AB04E1,N809SE,32.901539,-117.011681,,,137,,4747,-49.5,4729,19.2
2026-07-28T19:49:57.143023,A3E08D,UPS905,33.496078,-116.639594,,,91,,1066,-49.5,385,82.4
2026-07-28T19:49:57.143023,AD7631,ASA369,33.07341,-117.430451,,,144,,1671,-49.5,1422,0.3
2026-07-28T19:49:57.143023,ABAE62,SWA4058,32.915543,-117.49834,,,307,,2040,-49.5,181,33.6
2026-07-28T19:49:57.143023,0D0E3B,VOI713,33.308452,-117.618844,,,117,,1044,-34.2,168,0.3
2026-07-28T19:50:02.216332,AB04E1,N809SE,32.901539,-117.011681,,,137,,4747,-49.5,4729,24.2
2026-07-28T19:50:02.216332,AD7631,ASA369,33.065822,-117.424173,,,144,,1671,-36.9,1455,0.0
2026-07-28T19:50:02.216332,ABAE62,SWA4058,32.915543,-117.49834,,,307,,2040,-49.5,181,38.6
2026-07-28T19:50:02.216332,0D0E3B,VOI713,33.303843,-117.608194,,,117,,1044,-35.3,191,0.3
2026-07-28T19:50:07.266119,AB04E1,N809SE,32.901539,-117.011681,,,137,,4747,-49.5,4729,29.3
2026-07-28T19:50:07.266119,AD7631,ASA369,33.059165,-117.418568,,,144,,1671,-32.1,1504,0.5
2026-07-28T19:50:07.266119,ABAE62,SWA4058,32.915543,-117.49834,,,307,,2040,-49.5,181,43.7
2026-07-28T19:50:07.266119,0D0E3B,VOI713,33.299561,-117.59837,,,117,,1044,-49.5,217,0.5
2026-07-28T19:50:12.344660,AB04E1,N809SE,32.901539,-117.011681,,,137,,4747,-49.5,4729,34.4
2026-07-28T19:50:12.344660,AD7631,ASA369,33.052554,-117.413075,,,144,,1671,-49.5,1533,0.9
2026-07-28T19:50:12.344660,ABAE62,SWA4058,32.915543,-117.49834,,,307,,2040,-49.5,181,48.8
2026-07-28T19:50:12.344660,0D0E3B,VOI713,33.296036,-117.590186,,,117,,1044,-34.5,236,1.6
2026-07-28T19:50:17.395925,AB04E1,N809SE,32.901539,-117.011681,,,137,,4747,-49.5,4729,39.4
2026-07-28T19:50:17.395925,AD7631,ASA369,33.04422,-117.40611,,,144,,1671,-49.5,1598,0.0
2026-07-28T19:50:17.395925,ABAE62,SWA4058,32.915543,-117.49834,,,307,,2040,-49.5,181,53.8
2026-07-28T19:50:17.395925,0D0E3B,VOI713,33.29068,-117.577881,,,117,,1044,-34.7,260,0.6
2026-07-28T19:50:22.447089,AB04E1,N809SE,32.901539,-117.011681,,,137,,4747,-49.5,4729,44.5
2026-07-28T19:50:22.447089,AD7631,ASA369,33.037399,-117.400452,,,144,,1671,-36.0,1636,0.4
2026-07-28T19:50:22.447089,ABAE62,SWA4058,32.915543,-117.49834,,,307,,2040,-49.5,181,58.9
2026-07-28T19:50:22.447089,0D0E3B,VOI713,33.28688,-117.569037,,,117,,1044,-49.5,278,1.5
2026-07-28T19:50:27.554271,AB04E1,N809SE,32.901539,-117.011681,,,137,,4747,-49.5,4729,49.6
2026-07-28T19:50:27.554271,AD7631,ASA369,33.030212,-117.394464,,,144,,1671,-30.0,1695,0.4
2026-07-28T19:50:27.554271,0D0E3B,VOI713,33.281616,-117.556897,,,117,,1044,-49.5,293,0.6
2026-07-28T19:50:32.636397,AB04E1,N809SE,32.901539,-117.011681,,,137,,4747,-49.5,4729,54.6
2026-07-28T19:50:32.636397,AD7631,ASA369,33.024158,-117.389364,,,144,,1671,-36.2,1756,1.1
2026-07-28T19:50:32.636397,0D0E3B,VOI713,33.281616,-117.556897,,,117,,1044,-38.9,295,5.7
2026-07-28T19:50:37.685673,AB04E1,N809SE,32.901539,-117.011681,,,137,,4747,-49.5,4729,59.7
2026-07-28T19:50:37.685673,AD7631,ASA369,33.019176,-117.38516,,,144,,1671,-49.5,1786,2.6
2026-07-28T19:50:37.685673,0D0E3B,VOI713,33.281616,-117.556897,,,117,,1044,-38.9,295,10.7
2026-07-28T19:50:37.685673,A4D97E,SKW3319,32.841476,-117.382269,,,307,,,-49.5,14,1.3
2026-07-28T19:50:37.685673,ABAE62,,32.987986,-117.611165,,,,,,-49.5,2,1.0
2026-07-28T19:50:42.735638,AD7631,ASA369,33.009613,-117.377106,,,144,,1671,-38.2,1823,0.7
2026-07-28T19:50:42.735638,0D0E3B,VOI713,33.281616,-117.556897,,,117,,1044,-38.9,295,15.8
2026-07-28T19:50:42.735638,A4D97E,SKW3319,32.841476,-117.382269,,,307,,,-49.5,14,6.4
2026-07-28T19:50:42.735638,ABAE62,SWA4058,32.993591,-117.619904,,,307,,,-37.4,19,0.7
2026-07-28T19:50:47.825500,AD7631,ASA369,33.002792,-117.371393,,,144,,1671,-49.5,1862,0.7
2026-07-28T19:50:47.825500,0D0E3B,VOI713,33.281616,-117.556897,,,117,,1044,-37.8,296,20.8
2026-07-28T19:50:47.825500,A4D97E,SKW3319,32.841476,-117.382269,,,307,,,-49.5,14,11.5
2026-07-28T19:50:47.825500,ABAE62,SWA4058,32.996521,-117.624463,,,307,,,-36.9,24,2.9
2026-07-28T19:50:52.868283,AD7631,ASA369,32.999817,-117.368866,,,144,,1671,-49.5,1881,3.6
2026-07-28T19:50:52.868283,0D0E3B,VOI713,33.281616,-117.556897,,,117,,1044,-37.8,296,25.9
2026-07-28T19:50:52.868283,A4D97E,SKW3319,32.841476,-117.382269,,,307,,,-49.5,14,16.5
2026-07-28T19:50:52.868283,ABAE62,SWA4058,32.996521,-117.624463,,,307,,,-36.9,24,8.0
2026-07-28T19:50:57.946304,AD7631,ASA369,32.988452,-117.359264,,,143,,1671,-49.5,1922,0.0
2026-07-28T19:50:57.946304,0D0E3B,VOI713,33.281616,-117.556897,,,117,,1044,-37.8,296,31.0
2026-07-28T19:50:57.946304,A4D97E,SKW3319,32.841476,-117.382269,,,307,,,-49.5,14,21.6
2026-07-28T19:50:57.946304,ABAE62,SWA4058,32.996521,-117.624463,,,307,,,-36.9,24,13.1
2026-07-28T19:51:03.025467,AD7631,ASA369,32.982468,-117.353705,,,140,,1671,-49.5,1969,0.3
2026-07-28T19:51:03.025467,0D0E3B,VOI713,33.281616,-117.556897,,,117,,1044,-37.8,296,36.0
2026-07-28T19:51:03.025467,A4D97E,SKW3319,32.841476,-117.382269,,,307,,,-49.5,14,26.7
2026-07-28T19:51:03.025467,ABAE62,SWA4058,32.996521,-117.624463,,,307,,,-36.9,24,18.1
2026-07-28T19:51:08.087214,AD7631,ASA369,32.976581,-117.347717,,,138,,1671,-32.7,2032,0.4
2026-07-28T19:51:08.087214,0D0E3B,VOI713,33.244443,-117.471594,,,117,,1044,-49.5,309,0.1
2026-07-28T19:51:08.087214,A4D97E,SKW3319,32.841476,-117.382269,,,307,,,-49.5,14,31.7
2026-07-28T19:51:08.087214,ABAE62,SWA4058,32.996521,-117.624463,,,307,,,-36.9,24,23.2
2026-07-28T19:51:13.169409,AD7631,ASA369,32.970576,-117.341103,,,136,,1671,-49.5,2077,0.3
2026-07-28T19:51:13.169409,0D0E3B,VOI713,33.240005,-117.461316,,,117,,1044,-32.1,351,0.4
2026-07-28T19:51:13.169409,A4D97E,SKW3319,32.841476,-117.382269,,,307,,,-38.5,15,36.8
2026-07-28T19:51:13.169409,ABAE62,SWA4058,32.996521,-117.624463,,,307,,,-36.9,24,28.3
2026-07-28T19:51:18.246420,AD7631,ASA369,32.96499,-117.334433,,,134,,1671,-31.1,2112,0.1
2026-07-28T19:51:18.246420,0D0E3B,VOI713,33.235412,-117.450854,,,117,,1044,-49.5,402,0.3
2026-07-28T19:51:18.246420,A4D97E,SKW3319,32.875237,-117.435552,,,307,,,-35.1,44,0.1
2026-07-28T19:51:18.246420,ABAE62,SWA4058,32.996521,-117.624463,,,307,,,-36.9,24,33.4
2026-07-28T19:51:23.327162,AD7631,ASA369,32.960102,-117.328267,,,132,,1671,-49.5,2150,0.4
2026-07-28T19:51:23.327162,0D0E3B,VOI713,33.2314,-117.44165,,,117,,1044,-35.4,435,1.1
2026-07-28T19:51:23.327162,A4D97E,SKW3319,32.875237,-117.435552,,,307,,,-35.1,44,5.2
2026-07-28T19:51:23.327162,ABAE62,SWA4058,32.996521,-117.624463,,,307,,,-49.5,25,38.5
2026-07-28T19:51:28.424536,AD7631,ASA369,32.955139,-117.32168,,,130,,1671,-49.5,2198,0.4
2026-07-28T19:51:28.424536,0D0E3B,VOI713,33.22922,-117.436617,,,117,,1044,-38.8,443,3.8
2026-07-28T19:51:28.424536,A4D97E,SKW3319,32.875237,-117.435552,,,307,,,-35.1,44,10.3
2026-07-28T19:51:28.424536,ABAE62,SWA4058,32.996521,-117.624463,,,307,,,-49.5,25,43.5
2026-07-28T19:51:33.475653,AD7631,ASA369,32.950186,-117.31459,,,129,,1671,-49.5,2241,0.2
2026-07-28T19:51:33.475653,0D0E3B,VOI713,33.22922,-117.436617,,,117,,1044,-37.0,444,8.8
2026-07-28T19:51:33.475653,A4D97E,SKW3319,32.886735,-117.453657,,,307,,,-49.5,58,1.3
2026-07-28T19:51:33.475653,ABAE62,SWA4058,32.996521,-117.624463,,,307,,,-49.5,25,48.6
2026-07-28T19:51:38.525118,AD7631,ASA369,32.94567,-117.308032,,,129,,1671,-26.6,2264,0.2
2026-07-28T19:51:38.525118,0D0E3B,VOI713,33.21698,-117.408582,,,117,,1044,-31.6,488,0.6
2026-07-28T19:51:38.525118,A4D97E,SKW3319,32.891235,-117.460657,,,307,,,-37.0,68,0.9
2026-07-28T19:51:38.525118,ABAE62,SWA4058,32.996521,-117.624463,,,307,,,-49.5,25,53.6
2026-07-28T19:51:43.576347,AD7631,ASA369,32.941062,-117.30125,,,129,,1671,-49.5,2322,0.0
2026-07-28T19:51:43.576347,0D0E3B,VOI713,33.212322,-117.397828,,,117,,1044,-31.3,532,0.5
2026-07-28T19:51:43.576347,A4D97E,SKW3319,32.894577,-117.465875,,,307,,,-38.8,75,2.0
2026-07-28T19:51:43.576347,ABAE62,SWA4058,32.996521,-117.624463,,,307,,,-49.5,25,58.7
2026-07-28T19:51:48.629575,AD7631,ASA369,32.936779,-117.295084,,,129,,1671,-28.5,2387,0.3
2026-07-28T19:51:48.629575,0D0E3B,VOI713,33.20762,-117.387066,,,117,,1044,-31.7,571,0.4
2026-07-28T19:51:48.629575,A4D97E,SKW3319,32.894577,-117.465875,,,307,,,-38.8,75,7.1
2026-07-28T19:51:48.629575,ABAE62,SWA4058,32.996521,-117.624463,,,307,,,-49.5,25,63.7
2026-07-28T19:51:53.681245,AD7631,ASA369,32.932403,-117.288694,,,129,,1671,-49.5,2481,0.4
2026-07-28T19:51:53.681245,0D0E3B,VOI713,33.203247,-117.377106,,,117,,1044,-28.6,616,0.9
2026-07-28T19:51:53.681245,A4D97E,SKW3319,32.894577,-117.465875,,,307,,,-38.8,75,12.2
2026-07-28T19:51:53.681245,ABAE62,SWA4058,32.996521,-117.624463,,,307,,,-49.5,25,68.8
2026-07-28T19:51:58.764852,AD7631,ASA369,32.930262,-117.285555,,,129,,1671,-49.5,2525,2.9
2026-07-28T19:51:58.764852,0D0E3B,VOI713,33.198542,-117.366327,,,117,,1044,-49.5,662,0.9
2026-07-28T19:51:58.764852,A4D97E,SKW3319,32.907218,-117.485271,,,307,,,-38.0,79,2.1
2026-07-28T19:51:58.764852,ABAE62,SWA4058,32.996521,-117.624463,,,307,,,-49.5,26,73.9
2026-07-28T19:52:03.810584,AD7631,ASA369,32.924024,-117.276362,,,128,,1671,-35.3,2552,0.6
2026-07-28T19:52:03.810584,0D0E3B,VOI713,33.193726,-117.355298,,,117,,1044,-49.5,726,0.6
2026-07-28T19:52:03.810584,A4D97E,SKW3319,32.907218,-117.485271,,,307,,,-36.5,80,7.2
2026-07-28T19:52:03.810584,ABAE62,SWA4058,32.996521,-117.624463,,,307,,,-49.5,26,78.9
2026-07-28T19:52:08.891316,AD7631,ASA369,32.91925,-117.269385,,,129,,1671,-49.5,2605,0.0
2026-07-28T19:52:08.891316,0D0E3B,VOI713,33.188627,-117.343625,,,117,,1044,-28.4,799,0.2
2026-07-28T19:52:08.891316,A4D97E,SKW3319,32.907218,-117.485271,,,307,,,-36.5,80,12.2
2026-07-28T19:52:08.891316,ABAE62,SWA4058,32.996521,-117.624463,,,307,,,-49.5,26,84.0
2026-07-28T19:52:13.941824,AD7631,ASA369,32.915272,-117.263526,,,128,,1671,-49.5,2673,0.3
2026-07-28T19:52:13.941824,0D0E3B,VOI713,33.183785,-117.332583,,,117,,1044,-28.8,859,0.1
2026-07-28T19:52:13.941824,A4D97E,SKW3319,32.907218,-117.485271,,,307,,,-36.5,80,17.3
2026-07-28T19:52:13.941824,ABAE62,SWA4058,32.996521,-117.624463,,,307,,,-49.5,26,89.0
2026-07-28T19:52:18.994406,AD7631,ASA369,32.910919,-117.25719,,,128,,1671,-23.8,2743,0.2
2026-07-28T19:52:18.994406,0D0E3B,VOI713,33.179214,-117.322119,,,117,,1044,-22.7,936,0.3
2026-07-28T19:52:18.994406,A4D97E,SKW3319,32.907218,-117.485271,,,307,,,-36.5,80,22.4
2026-07-28T19:52:18.994406,ABAE62,SWA4058,32.996521,-117.624463,,,307,,,-49.5,26,94.1
2026-07-28T19:52:24.072159,AD7631,ASA369,32.906662,-117.250983,,,129,,1671,-49.5,2822,0.3
2026-07-28T19:52:24.072159,0D0E3B,VOI713,33.174454,-117.311243,,,117,,1044,-27.9,1000,0.2
2026-07-28T19:52:24.072159,A4D97E,SKW3319,32.907218,-117.485271,,,307,,,-36.5,80,27.4
2026-07-28T19:52:24.072159,ABAE62,SWA4058,32.996521,-117.624463,,,307,,,-49.5,26,99.2
2026-07-28T19:52:29.138075,AD7631,ASA369,32.903549,-117.246423,,,129,,1671,-34.8,2864,1.6
2026-07-28T19:52:29.138075,0D0E3B,VOI713,33.169866,-117.300745,,,117,,1044,-37.9,1063,0.4
2026-07-28T19:52:29.138075,A4D97E,SKW3319,32.907218,-117.485271,,,307,,,-36.5,80,32.5
2026-07-28T19:52:29.138075,ABAE62,SWA4058,32.996521,-117.624463,,,307,,,-49.5,26,104.2
2026-07-28T19:52:34.203490,AD7631,ASA369,32.897964,-117.238348,,,129,,1671,-49.5,2913,0.0
2026-07-28T19:52:34.203490,0D0E3B,VOI713,33.164885,-117.289422,,,117,,1044,-31.0,1124,0.0
2026-07-28T19:52:34.203490,A4D97E,SKW3319,32.907218,-117.485271,,,307,,,-36.5,80,37.5
2026-07-28T19:52:34.203490,ABAE62,SWA4058,32.996521,-117.624463,,,307,,,-49.5,26,109.3
2026-07-28T19:52:39.255859,AD7631,ASA369,32.893904,-117.232361,,,128,,1671,-49.5,2985,0.3
2026-07-28T19:52:39.255859,0D0E3B,VOI713,33.162138,-117.283201,,,117,,1044,-37.1,1155,2.3
2026-07-28T19:52:39.255859,A4D97E,SKW3319,32.907218,-117.485271,,,307,,,-36.5,80,42.6
2026-07-28T19:52:39.255859,ABAE62,SWA4058,32.996521,-117.624463,,,307,,,-49.5,26,114.3
2026-07-28T19:52:44.319360,AD7631,ASA369,32.889587,-117.226044,,,128,,1671,-25.7,3024,0.3
2026-07-28T19:52:44.319360,0D0E3B,VOI713,33.155574,-117.268179,,,117,,1044,-49.5,1178,0.4
2026-07-28T19:52:44.319360,A4D97E,SKW3319,32.907218,-117.485271,,,307,,,-36.5,80,47.7
2026-07-28T19:52:44.319360,ABAE62,SWA4058,32.996521,-117.624463,,,307,,,-49.5,26,119.4
2026-07-28T19:52:49.392972,AD7631,ASA369,32.88748,-117.222888,,,128,,1671,-49.5,3066,2.8
2026-07-28T19:52:49.392972,0D0E3B,VOI713,33.150787,-117.257245,,,117,,1044,-24.6,1248,0.3
2026-07-28T19:52:49.392972,A4D97E,SKW3319,32.907218,-117.485271,,,307,,,-36.5,80,52.7
2026-07-28T19:52:49.392972,ABAE62,SWA4058,32.996521,-117.624463,,,307,,,-49.5,26,124.5
2026-07-28T19:52:49.392972,A37B0C,,33.528717,-117.3091,,,110,,,-38.0,3,14.4
2026-07-28T19:52:54.439176,AD7631,ASA369,32.881439,-117.214069,,,129,,1671,-49.5,3134,0.6
2026-07-28T19:52:54.439176,0D0E3B,VOI713,33.145799,-117.24587,,,117,,1044,-49.5,1317,0.1
2026-07-28T19:52:54.439176,A4D97E,SKW3319,32.907218,-117.485271,,,307,,,-36.5,80,57.8
2026-07-28T19:52:54.439176,A37B0C,,33.528717,-117.3091,,,110,,,-38.0,3,19.4
2026-07-28T19:52:59.518102,AD7631,ASA369,32.877182,-117.207861,,,129,,1671,-49.5,3190,0.5
2026-07-28T19:52:59.518102,0D0E3B,VOI713,33.141562,-117.236172,,,117,,1044,-49.5,1381,0.6
2026-07-28T19:52:59.518102,A37B0C,,33.528717,-117.3091,,,110,,,-38.0,3,24.5
2026-07-28T19:53:04.571310,AD7631,ASA369,32.872863,-117.201532,,,128,,1671,-49.5,3234,0.4
2026-07-28T19:53:04.571310,0D0E3B,VOI713,33.137838,-117.227765,,,117,,1044,-36.7,1415,1.9
2026-07-28T19:53:04.571310,A37B0C,,33.528717,-117.3091,,,110,,,-38.0,3,29.5
2026-07-28T19:53:09.621577,AD7631,ASA369,32.869232,-117.196263,,,128,,1671,-35.7,3263,0.9
2026-07-28T19:53:09.621577,0D0E3B,VOI713,33.1316,-117.213527,,,117,,1044,-22.3,1475,0.2
2026-07-28T19:53:09.621577,A37B0C,,33.509308,-117.238953,,,103,,,-49.5,14,0.6
2026-07-28T19:53:14.674590,AD7631,ASA369,32.86441,-117.18913,,,129,,1671,-49.5,3297,0.0
2026-07-28T19:53:14.674590,0D0E3B,VOI713,33.127029,-117.203137,,,117,,1044,-49.5,1530,0.4
2026-07-28T19:53:14.674590,A37B0C,,33.509308,-117.238953,,,102,,,-49.5,18,5.7
2026-07-28T19:53:19.725345,AD7631,ASA369,32.860294,-117.183147,,,129,,1671,-49.5,3329,0.1
2026-07-28T19:53:19.725345,0D0E3B,VOI713,33.121964,-117.191667,,,117,,1044,-49.5,1597,0.3
2026-07-28T19:53:19.725345,A37B0C,,33.509308,-117.238953,,,102,,,-49.5,18,10.8
2026-07-28T19:53:24.808035,AD7631,ASA369,32.856476,-117.177597,,,129,,1671,-32.8,3392,0.5
2026-07-28T19:53:24.808035,0D0E3B,VOI713,33.117096,-117.180615,,,117,,1044,-19.5,1659,0.3
2026-07-28T19:53:24.808035,A37B0C,,33.509308,-117.238953,,,102,,,-49.5,18,15.9
2026-07-28T19:53:29.883845,AD7631,ASA369,32.853357,-117.173057,,,129,,1671,-49.5,3421,1.6
2026-07-28T19:53:29.883845,0D0E3B,VOI713,33.112381,-117.169958,,,117,,1044,-49.5,1726,0.3
2026-07-28T19:53:29.883845,A37B0C,,33.509308,-117.238953,,,102,,,-49.5,18,20.9
2026-07-28T19:53:29.883845,AA38F8,,33.064133,-116.969843,,,297,,,-37.1,12,1.0
2026-07-28T19:53:34.946535,AD7631,ASA369,32.849213,-117.166992,,,129,,1671,-49.5,3433,1.6
2026-07-28T19:53:34.946535,0D0E3B,VOI713,33.10762,-117.159082,,,117,,1044,-49.5,1786,0.5
2026-07-28T19:53:34.946535,A37B0C,,33.509308,-117.238953,,,102,,,-49.5,18,26.0
2026-07-28T19:53:34.946535,AA38F8,,33.06459,-116.970831,,,297,,,-49.5,17,3.8
2026-07-28T19:53:34.946535,A5F90E,,33.230151,-116.948118,,,238,,,-49.5,2,0.0
2026-07-28T19:53:40.043932,AD7631,ASA369,32.845276,-117.161224,,,128,,1671,-31.8,3468,1.8
2026-07-28T19:53:40.043932,0D0E3B,VOI713,33.102219,-117.146832,,,117,,1044,-49.5,1845,0.0
2026-07-28T19:53:40.043932,A37B0C,,33.509308,-117.238953,,,102,,,-49.5,18,31.1
2026-07-28T19:53:40.043932,AA38F8,,33.065961,-116.973902,,,297,,,-38.9,23,1.7
2026-07-28T19:53:40.043932,A5F90E,,33.226939,-116.954396,,,238,,,-34.7,12,0.0
2026-07-28T19:53:40.043932,A45FB1,ASA9920,32.825845,-117.358031,,,306,,4613,-49.5,5,0.5
2026-07-28T19:53:45.121009,AD7631,ASA369,32.84009,-117.153663,,,129,,1671,-32.3,3496,0.4
2026-07-28T19:53:45.121009,0D0E3B,VOI713,33.097412,-117.135901,,,117,,1044,-49.5,1910,0.0
2026-07-28T19:53:45.121009,A37B0C,,33.509308,-117.238953,,,102,,,-49.5,18,36.2
2026-07-28T19:53:45.121009,AA38F8,,33.067405,-116.976592,,,304,,1200,-49.5,54,0.4
2026-07-28T19:53:45.121009,A5F90E,,33.226287,-116.955629,,,238,,,-38.9,27,4.2
2026-07-28T19:53:45.121009,A45FB1,ASA9920,32.829802,-117.364309,,,306,,4613,-37.5,15,0.8
2026-07-28T19:53:50.199899,AD7631,ASA369,32.835993,-117.147721,,,129,,1671,-49.5,3562,0.4
2026-07-28T19:53:50.199899,0D0E3B,VOI713,33.092743,-117.125244,,,117,,1044,-49.5,1981,0.2
2026-07-28T19:53:50.199899,A37B0C,,33.509308,-117.238953,,,102,,,-49.5,18,41.3
2026-07-28T19:53:50.199899,AA38F8,N758NL,33.068522,-116.978274,,,311,,1200,-49.5,90,1.1
2026-07-28T19:53:50.199899,A5F90E,,33.226287,-116.955629,,,238,,,-49.5,29,9.3
2026-07-28T19:53:50.199899,A45FB1,ASA9920,32.83223,-117.368152,,,306,,4613,-35.9,16,2.9
2026-07-28T19:53:55.280136,AD7631,ASA369,32.831617,-117.141443,,,129,,1671,-49.5,3629,0.0
2026-07-28T19:53:55.280136,0D0E3B,VOI713,33.088027,-117.114538,,,117,,1044,-13.6,2039,0.5
2026-07-28T19:53:55.280136,A37B0C,,33.509308,-117.238953,,,102,,,-49.5,18,46.3
2026-07-28T19:53:55.280136,AA38F8,N758NL,33.070175,-116.98028,,,315,,1200,-35.3,128,0.4
2026-07-28T19:53:55.280136,A5F90E,N484SJ,33.217256,-116.973341,,,238,,,-37.2,31,0.1
2026-07-28T19:53:55.280136,A45FB1,ASA9920,32.83223,-117.368152,,,306,,4613,-49.5,17,7.9
2026-07-28T19:54:00.359005,AD7631,ASA369,32.827614,-117.135614,,,128,,1671,-49.5,3670,0.1
2026-07-28T19:54:00.359005,0D0E3B,VOI713,33.083038,-117.103217,,,117,,1044,-12.2,2104,0.2
2026-07-28T19:54:00.359005,A37B0C,,33.509308,-117.238953,,,102,,,-49.5,21,51.4
2026-07-28T19:54:00.359005,AA38F8,N758NL,33.071777,-116.982092,,,317,,1200,-49.5,161,0.0
2026-07-28T19:54:00.359005,A5F90E,N484SJ,33.214142,-116.979401,,,238,,,-36.3,55,0.3
2026-07-28T19:54:00.359005,A45FB1,ASA9920,32.842163,-117.383807,,,307,,4613,-49.5,53,0.9
2026-07-28T19:54:05.421803,AD7631,ASA369,32.824123,-117.130457,,,129,,1671,-33.7,3728,0.8
2026-07-28T19:54:05.421803,0D0E3B,VOI713,33.078344,-117.092565,,,117,,1044,-49.5,2181,0.5
2026-07-28T19:54:05.421803,A37B0C,,33.509308,-117.238953,,,102,,,-49.5,21,56.5
2026-07-28T19:54:05.421803,AA38F8,N758NL,33.073363,-116.983655,,,321,,1200,-49.5,205,0.2
2026-07-28T19:54:05.421803,A5F90E,N484SJ,33.211065,-116.985449,,,238,,,-37.4,79,0.5
2026-07-28T19:54:05.421803,A45FB1,ASA9920,32.844543,-117.387543,,,307,,4613,-35.5,56,3.0
2026-07-28T19:54:10.490301,AD7631,ASA369,32.819504,-117.123706,,,128,,1671,-49.5,3781,0.0
2026-07-28T19:54:10.490301,0D0E3B,VOI713,33.073425,-117.081299,,,117,,1044,-19.2,2243,0.3
2026-07-28T19:54:10.490301,A37B0C,,33.509308,-117.238953,,,102,,,-49.5,21,61.5
2026-07-28T19:54:10.490301,AA38F8,N758NL,33.075039,-116.985168,,,323,,1200,-35.5,248,0.2
2026-07-28T19:54:10.490301,A5F90E,N484SJ,33.20929,-116.988959,,,238,,,-35.9,88,2.7
2026-07-28T19:54:10.490301,A45FB1,ASA9920,32.844543,-117.387543,,,306,,4613,-49.5,57,8.1
2026-07-28T19:54:15.586211,AD7631,ASA369,32.819504,-117.123706,,,128,,1671,-49.5,3785,5.1
2026-07-28T19:54:15.586211,0D0E3B,VOI713,33.068253,-117.069598,,,117,,1044,-32.0,2311,0.0
2026-07-28T19:54:15.586211,A37B0C,,33.509308,-117.238953,,,102,,,-49.5,21,66.6
2026-07-28T19:54:15.586211,AA38F8,N758NL,33.076492,-116.986432,,,322,,1200,-34.8,272,0.9
2026-07-28T19:54:15.586211,A5F90E,N484SJ,33.206223,-116.995001,,,238,,,-38.0,95,2.7
2026-07-28T19:54:15.586211,A45FB1,ASA9920,32.844543,-117.387543,,,307,,4613,-38.5,59,13.2
2026-07-28T19:54:20.654998,AD7631,ASA369,32.814766,-117.11678,,,128,,1671,-49.5,3786,4.0
2026-07-28T19:54:20.654998,0D0E3B,VOI713,33.063492,-117.058777,,,117,,1044,-49.5,2378,0.0
2026-07-28T19:54:20.654998,A37B0C,,33.509308,-117.238953,,,102,,,-49.5,21,71.7
2026-07-28T19:54:20.654998,AA38F8,N758NL,33.078323,-116.988135,,,321,,1200,-49.5,313,0.1
2026-07-28T19:54:20.654998,A5F90E,N484SJ,33.206223,-116.995001,,,238,,,-36.6,96,7.8
2026-07-28T19:54:20.654998,A45FB1,ASA9920,32.844543,-117.387543,,,307,,4613,-38.5,59,18.2
2026-07-28T19:54:25.700335,AD7631,ASA369,32.809179,-117.108596,,,128,,1671,-49.5,3794,1.6
2026-07-28T19:54:25.700335,0D0E3B,VOI713,33.059189,-117.049054,,,117,,1044,-49.5,2438,0.5
2026-07-28T19:54:25.700335,A37B0C,,33.509308,-117.238953,,,102,,,-49.5,21,76.7
2026-07-28T19:54:25.700335,AA38F8,N758NL,33.079927,-116.989709,,,320,,1200,-34.9,360,0.0
2026-07-28T19:54:25.700335,A5F90E,N484SJ,33.200916,-117.005347,,,238,,,-38.2,103,4.2
2026-07-28T19:54:25.700335,A45FB1,ASA9920,32.844543,-117.387543,,,307,,4613,-38.5,59,23.3
2026-07-28T19:54:25.700335,ABB5C3,SKW5508,33.25231,-117.500293,,,,,,-38.1,4,7.9
2026-07-28T19:54:30.751381,AD7631,ASA369,32.804306,-117.101404,,,128,,1671,-49.5,3825,0.0
2026-07-28T19:54:30.751381,0D0E3B,VOI713,33.053833,-117.036914,,,117,,1044,-16.1,2516,0.0
2026-07-28T19:54:30.751381,A37B0C,,33.509308,-117.238953,,,102,,,-49.5,21,81.8
2026-07-28T19:54:30.751381,AA38F8,N758NL,33.081161,-116.990991,,,319,,1200,-38.6,379,1.2
2026-07-28T19:54:30.751381,A5F90E,N484SJ,33.196261,-117.014428,,,238,,6054,-49.5,110,1.1
2026-07-28T19:54:30.751381,A45FB1,ASA9920,32.844543,-117.387543,,,307,,4613,-36.5,60,28.3
2026-07-28T19:54:30.751381,ABB5C3,SKW5508,33.25231,-117.500293,,,,,,-49.5,5,12.9
2026-07-28T19:54:35.839445,AD7631,ASA369,32.800567,-117.095929,,,128,,1671,-49.5,3886,0.0
2026-07-28T19:54:35.839445,0D0E3B,VOI713,33.04897,-117.025807,,,117,,1044,-49.5,2577,0.1
2026-07-28T19:54:35.839445,A37B0C,,33.509308,-117.238953,,,102,,,-49.5,21,86.9
2026-07-28T19:54:35.839445,AA38F8,N758NL,33.081161,-116.990991,,,319,,1200,-49.5,381,6.3
2026-07-28T19:54:35.839445,A5F90E,N484SJ,33.196261,-117.014428,,,238,,6054,-49.5,110,6.2
2026-07-28T19:54:35.839445,A45FB1,ASA9920,32.872009,-117.430609,,,307,,4613,-35.1,91,0.6
2026-07-28T19:54:35.839445,ABB5C3,SKW5508,33.25231,-117.500293,,,,,,-49.5,5,18.0
2026-07-28T19:54:40.913425,AD7631,ASA369,32.796936,-117.090604,,,129,,1671,-49.5,3941,0.0
2026-07-28T19:54:40.913425,0D0E3B,VOI713,33.04464,-117.015997,,,117,,1044,-49.5,2645,0.7
2026-07-28T19:54:40.913425,A37B0C,,33.509308,-117.238953,,,102,,,-49.5,21,92.0
2026-07-28T19:54:40.913425,AA38F8,N758NL,33.081161,-116.990991,,,314,,1200,-49.5,385,11.4
2026-07-28T19:54:40.913425,A5F90E,N484SJ,33.196261,-117.014428,,,238,,6054,-49.5,110,11.3
2026-07-28T19:54:40.913425,A45FB1,ASA9920,32.875671,-117.436267,,,307,,4613,-34.8,132,1.4
2026-07-28T19:54:40.913425,ABB5C3,SKW5508,33.25231,-117.500293,,,,,,-49.5,5,23.1
2026-07-28T19:54:46.060758,AD7631,ASA369,32.793398,-117.085447,,,129,,1671,-49.5,3981,0.1
2026-07-28T19:54:46.060758,0D0E3B,VOI713,33.039871,-117.005109,,,117,,1044,-15.0,2696,0.8
2026-07-28T19:54:46.060758,A37B0C,,33.509308,-117.238953,,,102,,,-49.5,21,97.1
2026-07-28T19:54:46.060758,AA38F8,N758NL,33.081161,-116.990991,,,314,,1200,-49.5,385,16.5
2026-07-28T19:54:46.060758,A5F90E,N484SJ,33.196261,-117.014428,,,238,,6054,-49.5,110,16.4
2026-07-28T19:54:46.060758,A45FB1,ASA9920,32.875671,-117.436267,,,307,,4613,-49.5,134,6.6
2026-07-28T19:54:46.060758,ABB5C3,SKW5508,33.25231,-117.500293,,,,,,-49.5,5,28.2
2026-07-28T19:54:51.130956,AD7631,ASA369,32.79007,-117.080585,,,129,,1671,-33.3,4031,0.4
2026-07-28T19:54:51.130956,0D0E3B,VOI713,33.034352,-116.99268,,,117,,1044,-21.8,2752,0.2
2026-07-28T19:54:51.130956,A37B0C,,33.509308,-117.238953,,,102,,,-49.5,21,102.2
2026-07-28T19:54:51.130956,AA38F8,N758NL,33.081161,-116.990991,,,314,,1200,-49.5,385,21.6
2026-07-28T19:54:51.130956,A5F90E,N484SJ,33.196261,-117.014428,,,238,,6054,-49.5,110,21.5
2026-07-28T19:54:51.130956,A45FB1,ASA9920,32.885147,-117.450989,,,307,,4613,-33.3,168,0.4
2026-07-28T19:54:51.130956,ABB5C3,SKW5508,33.25231,-117.500293,,,,,,-49.5,5,33.3
2026-07-28T19:54:56.207753,AD7631,ASA369,32.786462,-117.075301,,,128,,1671,-49.5,4094,0.4
2026-07-28T19:54:56.207753,0D0E3B,VOI713,33.029511,-116.981693,,,117,,1044,-16.4,2791,0.2
2026-07-28T19:54:56.207753,A37B0C,,33.509308,-117.238953,,,102,,,-49.5,21,107.2
2026-07-28T19:54:56.207753,AA38F8,N758NL,33.081161,-116.990991,,,314,,1200,-49.5,385,26.7
2026-07-28T19:54:56.207753,A5F90E,N484SJ,33.196261,-117.014428,,,238,,6054,-49.5,110,26.5
2026-07-28T19:54:56.207753,A45FB1,ASA9920,32.889496,-117.45769,,,307,,4613,-34.7,220,0.4
2026-07-28T19:54:56.207753,ABB5C3,SKW5508,33.25231,-117.500293,,,,,,-49.5,5,38.4
2026-07-28T19:55:01.253462,AD7631,ASA369,32.782924,-117.069528,,,124,,1671,-33.8,4155,0.0
2026-07-28T19:55:01.253462,0D0E3B,VOI713,33.024673,-116.970721,,,117,,1044,-49.5,2846,0.2
2026-07-28T19:55:01.253462,AA38F8,N758NL,33.081161,-116.990991,,,314,,1200,-49.5,385,31.8
2026-07-28T19:55:01.253462,A5F90E,N484SJ,33.196261,-117.014428,,,238,,6054,-49.5,110,31.6
2026-07-28T19:55:01.253462,A45FB1,ASA9920,32.893765,-117.464251,,,307,,4613,-36.0,243,0.5
2026-07-28T19:55:01.253462,ABB5C3,SKW5508,33.25231,-117.500293,,,,,,-49.5,5,43.4
2026-07-28T19:55:06.331802,AD7631,ASA369,32.780782,-117.06538,,,119,,1671,-49.5,4210,1.4
2026-07-28T19:55:06.331802,0D0E3B,VOI713,33.019775,-116.959735,,,117,,1044,-28.3,2920,0.4
2026-07-28T19:55:06.331802,AA38F8,N758NL,33.081161,-116.990991,,,295,,1200,-49.5,393,36.8
2026-07-28T19:55:06.331802,A5F90E,N484SJ,33.196261,-117.014428,,,238,,6054,-49.5,110,36.7
2026-07-28T19:55:06.331802,A45FB1,ASA9920,32.894577,-117.465601,,,307,,4613,-49.5,250,4.6
2026-07-28T19:55:06.331802,ABB5C3,SKW5508,33.25231,-117.500293,,,,,,-49.5,5,48.5
2026-07-28T19:55:11.410259,AD7631,ASA369,32.777896,-117.058205,,,113,,1671,-49.5,4250,0.4
2026-07-28T19:55:11.410259,0D0E3B,VOI713,33.014847,-116.948454,,,117,,1044,-49.5,2978,0.3
2026-07-28T19:55:11.410259,AA38F8,N758NL,33.089982,-117.006076,,,294,,1200,-49.5,398,4.4
2026-07-28T19:55:11.410259,A5F90E,N484SJ,33.196261,-117.014428,,,238,,6054,-49.5,110,41.7
2026-07-28T19:55:11.410259,A45FB1,ASA9920,32.894577,-117.465601,,,307,,4613,-49.5,250,9.6
2026-07-28T19:55:11.410259,ABB5C3,SKW5508,33.25231,-117.500293,,,,,,-49.5,5,53.6
2026-07-28T19:55:16.464143,AD7631,ASA369,32.775894,-117.051815,,,108,,1671,-32.9,4296,0.3
2026-07-28T19:55:16.464143,0D0E3B,VOI713,33.010052,-116.937636,,,117,,1044,-49.5,3034,0.5
2026-07-28T19:55:16.464143,AA38F8,N758NL,33.091565,-117.010112,,,295,,1200,-37.3,403,0.2
2026-07-28T19:55:16.464143,A5F90E,N484SJ,33.196261,-117.014428,,,238,,6054,-49.5,110,46.8
2026-07-28T19:55:16.464143,A45FB1,ASA9920,32.894577,-117.465601,,,307,,4613,-49.5,261,14.7
2026-07-28T19:55:16.464143,ABB5C3,SKW5508,33.25231,-117.500293,,,,,,-49.5,5,58.6
2026-07-28T19:55:21.515138,AD7631,ASA369,32.774597,-117.046637,,,105,,1671,-49.5,4342,1.2
2026-07-28T19:55:21.515138,0D0E3B,VOI713,33.00535,-116.927042,,,117,,1044,-19.0,3076,0.7
2026-07-28T19:55:21.515138,AA38F8,N758NL,33.09245,-117.012298,,,295,,1200,-36.3,436,0.3
2026-07-28T19:55:21.515138,A5F90E,N484SJ,33.196261,-117.014428,,,238,,6054,-49.5,110,51.8
2026-07-28T19:55:21.515138,A45FB1,ASA9920,32.910278,-117.489825,,,307,,4613,-49.5,270,1.2
2026-07-28T19:55:21.515138,ABB5C3,SKW5508,33.25231,-117.500293,,,,,,-49.5,5,63.7
2026-07-28T19:55:21.515138,AC335B,,32.62619,-117.189459,,,96,,,-36.0,8,0.7
2026-07-28T19:55:26.566387,AD7631,ASA369,32.773846,-117.043295,,,105,,1671,-49.5,4350,3.7
2026-07-28T19:55:26.566387,0D0E3B,VOI713,33.000183,-116.915327,,,117,,1044,-49.5,3117,0.4
2026-07-28T19:55:26.566387,AA38F8,N758NL,33.093241,-117.01426,,,296,,1200,-49.5,453,1.0
2026-07-28T19:55:26.566387,A5F90E,N484SJ,33.196261,-117.014428,,,238,,6054,-49.5,110,56.9
2026-07-28T19:55:26.566387,A45FB1,ASA9920,32.910278,-117.489825,,,307,,4613,-49.5,270,6.3
2026-07-28T19:55:26.566387,ABB5C3,SKW5508,33.25231,-117.500293,,,,,,-49.5,5,68.8
2026-07-28T19:55:26.566387,AC335B,SWA3492,32.625344,-117.179727,,,96,,1323,-49.5,49,0.2
2026-07-28T19:55:31.655265,AD7631,ASA369,32.773846,-117.043295,,,105,,1671,-39.8,4351,8.7
2026-07-28T19:55:31.655265,0D0E3B,VOI713,32.994923,-116.903444,,,117,,1044,-20.6,3163,0.2
2026-07-28T19:55:31.655265,AA38F8,N758NL,33.093893,-117.015773,,,296,,1200,-37.8,463,2.6
2026-07-28T19:55:31.655265,A45FB1,ASA9920,32.910278,-117.489825,,,307,,4613,-49.5,270,11.4
2026-07-28T19:55:31.655265,AC335B,SWA3492,32.6246,-117.171824,,,96,,1323,-33.7,96,0.8
2026-07-28T19:55:36.731756,AD7631,ASA369,32.773846,-117.043295,,,105,,1671,-39.8,4351,13.8
2026-07-28T19:55:36.731756,0D0E3B,VOI713,32.990112,-116.892609,,,117,,1044,-23.0,3203,0.4
2026-07-28T19:55:36.731756,AA38F8,N758NL,33.095398,-117.019061,,,299,,1200,-49.5,490,0.3
2026-07-28T19:55:36.731756,A45FB1,ASA9920,32.910278,-117.489825,,,307,,4613,-49.5,270,16.4
2026-07-28T19:55:36.731756,AC335B,SWA3492,32.623947,-117.164795,,,96,,1323,-49.5,106,1.9
2026-07-28T19:55:41.775690,AD7631,ASA369,32.773846,-117.043295,,,105,,1671,-39.8,4351,18.9
2026-07-28T19:55:41.775690,0D0E3B,VOI713,32.985426,-116.882031,,,117,,1044,-49.5,3242,0.6
2026-07-28T19:55:41.775690,AA38F8,N758NL,33.096453,-117.02121,,,301,,1200,-31.4,540,0.1
2026-07-28T19:55:41.775690,A45FB1,ASA9920,32.910278,-117.489825,,,307,,4613,-49.5,270,21.5
2026-07-28T19:55:41.775690,AC335B,SWA3492,32.623947,-117.164795,,,96,,1323,-37.1,108,7.0
2026-07-28T19:55:46.855843,AD7631,ASA369,32.773846,-117.043295,,,105,,1671,-49.5,4353,23.9
2026-07-28T19:55:46.855843,0D0E3B,VOI713,32.980453,-116.870746,,,117,,1044,-33.5,3283,0.6
2026-07-28T19:55:46.855843,AA38F8,N758NL,33.097595,-117.023346,,,304,,0233,-49.5,589,0.1
2026-07-28T19:55:46.855843,A45FB1,ASA9920,32.910278,-117.489825,,,307,,4613,-49.5,270,26.5
2026-07-28T19:55:46.855843,AC335B,SWA3492,32.622437,-117.148425,,,96,,1323,-49.5,125,3.1
2026-07-28T19:55:51.909914,AD7631,ASA369,32.766403,-117.013293,,,106,,1671,-39.1,4359,4.2
2026-07-28T19:55:51.909914,0D0E3B,VOI713,32.975601,-116.859869,,,117,,1044,-49.5,3325,0.6
2026-07-28T19:55:51.909914,AA38F8,N758NL,33.098781,-117.025246,,,307,,0223,-23.5,640,0.2
2026-07-28T19:55:51.909914,A45FB1,ASA9920,32.910278,-117.489825,,,307,,4613,-49.5,270,31.6
2026-07-28T19:55:51.909914,AC335B,SWA3492,32.622437,-117.148425,,,96,,1323,-49.5,126,8.1
2026-07-28T19:55:56.943957,AD7631,ASA369,32.766403,-117.013293,,,106,,1671,-39.1,4359,9.2
2026-07-28T19:55:56.943957,0D0E3B,VOI713,32.970576,-116.848568,,,117,,1044,-25.4,3376,0.7
2026-07-28T19:55:56.943957,AA38F8,N758NL,33.100067,-117.027246,,,307,,0223,-49.5,697,0.2
2026-07-28T19:55:56.943957,A45FB1,ASA9920,32.910278,-117.489825,,,307,,4613,-49.5,270,36.6
2026-07-28T19:55:56.943957,AC335B,SWA3492,32.622437,-117.148425,,,96,,1323,-49.5,126,13.2
2026-07-28T19:56:02.019453,AD7631,ASA369,32.766403,-117.013293,,,106,,1671,-39.1,4359,14.3
2026-07-28T19:56:02.019453,0D0E3B,VOI713,32.966629,-116.839655,,,117,,1044,-49.5,3417,1.7
2026-07-28T19:56:02.019453,AA38F8,N758NL,33.101257,-117.029114,,,305,,0223,-21.4,759,0.5
2026-07-28T19:56:02.019453,A45FB1,ASA9920,32.910278,-117.489825,,,307,,4613,-49.5,270,41.7
2026-07-28T19:56:02.019453,AC335B,SWA3492,32.622437,-117.148425,,,96,,1323,-49.5,126,18.2
2026-07-28T19:56:07.061423,AD7631,ASA369,32.766403,-117.013293,,,106,,1671,-39.1,4359,19.3
2026-07-28T19:56:07.061423,0D0E3B,VOI713,32.961638,-116.828333,,,117,,1044,-34.2,3455,1.7
2026-07-28T19:56:07.061423,AA38F8,N758NL,33.102402,-117.031201,,,300,,0223,-49.5,813,0.4
2026-07-28T19:56:07.061423,A45FB1,ASA9920,32.910278,-117.489825,,,307,,4613,-49.5,270,46.7
2026-07-28T19:56:07.061423,AC335B,SWA3492,32.622437,-117.148425,,,96,,1323,-49.5,126,23.3
2026-07-28T19:56:07.061423,ABB5C3,,33.225586,-117.343323,,,,,,-49.5,6,2.2
2026-07-28T19:56:12.113147,AD7631,ASA369,32.766403,-117.013293,,,106,,1671,-39.1,4359,24.4
2026-07-28T19:56:12.113147,0D0E3B,VOI713,32.957657,-116.819495,,,117,,1044,-49.5,3481,2.7
2026-07-28T19:56:12.113147,AA38F8,N758NL,33.103409,-117.033398,,,298,,0223,-32.3,875,0.4
2026-07-28T19:56:12.113147,A45FB1,ASA9920,32.910278,-117.489825,,,307,,4613,-49.5,270,51.8
2026-07-28T19:56:12.113147,AC335B,SWA3492,32.622437,-117.148425,,,96,,1323,-49.5,126,28.3
2026-07-28T19:56:12.113147,ABB5C3,,33.225586,-117.343323,,,,,,-49.5,6,7.3
2026-07-28T19:56:17.166468,AD7631,ASA369,32.766403,-117.013293,,,106,,1671,-39.1,4359,29.5
2026-07-28T19:56:17.166468,0D0E3B,VOI713,32.950287,-116.80285,,,117,,1044,-49.5,3505,0.4
2026-07-28T19:56:17.166468,AA38F8,N758NL,33.104553,-117.035706,,,300,,0223,-49.5,933,0.5
2026-07-28T19:56:17.166468,A45FB1,ASA9920,32.910278,-117.489825,,,307,,4613,-49.5,270,56.9
2026-07-28T19:56:17.166468,AC335B,SWA3492,32.624954,-117.086792,,,74,,1323,-36.1,139,0.0
2026-07-28T19:56:17.166468,ABB5C3,,33.225586,-117.343323,,,,,,-49.5,6,12.4
2026-07-28T19:56:17.166468,A5F90E,,33.154175,-117.1203,,,258,,,-36.9,7,0.4
2026-07-28T19:56:22.246246,AD7631,ASA369,32.766403,-117.013293,,,106,,1671,-39.1,4359,34.5
2026-07-28T19:56:22.246246,0D0E3B,VOI713,32.946555,-116.794421,,,117,,1044,-32.6,3555,1.6
2026-07-28T19:56:22.246246,AA38F8,N758NL,33.10581,-117.038306,,,300,,0223,-28.6,979,0.0
2026-07-28T19:56:22.246246,AC335B,SWA3492,32.627346,-117.077936,,,70,,1323,-49.5,186,0.1
2026-07-28T19:56:22.246246,ABB5C3,,33.225586,-117.343323,,,,,,-49.5,6,17.4
2026-07-28T19:56:22.246246,A5F90E,,33.154175,-117.1203,,,258,,,-36.9,7,5.4
2026-07-28T19:56:27.310670,AD7631,ASA369,32.766403,-117.013293,,,106,,1671,-39.1,4359,39.6
2026-07-28T19:56:27.310670,0D0E3B,VOI713,32.940829,-116.781529,,,117,,1044,-36.0,3588,0.9
2026-07-28T19:56:27.310670,AA38F8,N758NL,33.106881,-117.040605,,,298,,0223,-49.5,1021,0.5
2026-07-28T19:56:27.310670,AC335B,SWA3492,32.630219,-117.068994,,,68,,1323,-49.5,221,0.1
2026-07-28T19:56:27.310670,ABB5C3,,33.225586,-117.343323,,,,,,-49.5,6,22.5
2026-07-28T19:56:27.310670,A5F90E,,33.154175,-117.1203,,,258,,,-36.9,7,10.5
2026-07-28T19:56:32.382868,AD7631,ASA369,32.766403,-117.013293,,,106,,1671,-39.1,4359,44.7
2026-07-28T19:56:32.382868,0D0E3B,VOI713,32.940829,-116.781529,,,117,,1044,-35.7,3592,5.9
2026-07-28T19:56:32.382868,AA38F8,N758NL,33.108032,-117.043231,,,297,,0223,-49.5,1069,0.3
2026-07-28T19:56:32.382868,AC335B,SWA3492,32.632462,-117.062238,,,68,,1323,-49.5,250,1.4
2026-07-28T19:56:32.382868,ABB5C3,,33.225586,-117.343323,,,,,,-37.4,8,27.6
2026-07-28T19:56:32.382868,A5F90E,,33.154175,-117.1203,,,258,,,-36.9,7,15.6
2026-07-28T19:56:37.429103,AD7631,ASA369,32.766403,-117.013293,,,106,,1671,-39.1,4359,49.7
2026-07-28T19:56:37.429103,0D0E3B,VOI713,32.930355,-116.757819,,,117,,1044,-37.2,3611,0.2
2026-07-28T19:56:37.429103,AA38F8,N758NL,33.109208,-117.045874,,,297,,0223,-30.9,1119,0.0
2026-07-28T19:56:37.429103,AC335B,SWA3492,32.635895,-117.051636,,,69,,1323,-32.2,299,0.4
2026-07-28T19:56:37.429103,ABB5C3,,33.225586,-117.343323,,,,,,-37.4,8,32.6
2026-07-28T19:56:37.429103,A5F90E,,33.154175,-117.1203,,,258,,,-36.9,7,20.6
2026-07-28T19:56:37.429103,A37B0C,,33.49643,-116.754624,,,90,,,-37.1,11,0.2
2026-07-28T19:56:42.490787,AD7631,ASA369,32.766403,-117.013293,,,106,,1671,-39.1,4359,54.8
2026-07-28T19:56:42.490787,0D0E3B,VOI713,32.925606,-116.747169,,,117,,1044,-49.5,3645,0.5
2026-07-28T19:56:42.490787,AA38F8,N758NL,33.110279,-117.04834,,,297,,0223,-27.8,1171,0.1
2026-07-28T19:56:42.490787,AC335B,SWA3492,32.638596,-117.043341,,,69,,1323,-28.9,364,0.8
2026-07-28T19:56:42.490787,ABB5C3,,33.225586,-117.343323,,,,,,-37.4,8,37.7
2026-07-28T19:56:42.490787,A5F90E,,33.154175,-117.1203,,,258,,,-36.9,7,25.7
2026-07-28T19:56:42.490787,A37B0C,AAL2685,33.49643,-116.752157,,,90,,,-49.5,21,4.3
2026-07-28T19:56:47.568923,AD7631,ASA369,32.766403,-117.013293,,,106,,1671,-39.1,4359,59.9
2026-07-28T19:56:47.568923,0D0E3B,VOI713,32.920898,-116.736548,,,117,,1044,-49.5,3686,0.7
2026-07-28T19:56:47.568923,AA38F8,N758NL,33.111374,-117.050867,,,296,,0223,-23.7,1223,0.0
2026-07-28T19:56:47.568923,AC335B,SWA3492,32.641917,-117.033037,,,68,,1323,-28.1,420,0.2
2026-07-28T19:56:47.568923,ABB5C3,,33.225586,-117.343323,,,,,,-49.5,9,42.8
2026-07-28T19:56:47.568923,A5F90E,,33.154175,-117.1203,,,258,,,-36.9,7,30.7
2026-07-28T19:56:47.568923,A37B0C,AAL2685,33.49643,-116.752157,,,90,,,-49.5,21,9.3
2026-07-28T19:56:52.712448,0D0E3B,VOI713,32.916063,-116.725701,,,117,,1044,-49.5,3741,1.0
2026-07-28T19:56:52.712448,AA38F8,N758NL,33.112374,-117.053272,,,296,,0223,-24.8,1271,0.3
2026-07-28T19:56:52.712448,AC335B,SWA3492,32.644501,-117.025159,,,68,,1323,-49.5,466,0.9
2026-07-28T19:56:52.712448,ABB5C3,,33.225586,-117.343323,,,,,,-49.5,9,47.9
2026-07-28T19:56:52.712448,A5F90E,,33.154175,-117.1203,,,258,,,-36.9,7,35.9
2026-07-28T19:56:52.712448,A37B0C,AAL2685,33.49643,-116.752157,,,90,,,-49.5,21,14.5
2026-07-28T19:56:57.785067,0D0E3B,VOI713,32.913895,-116.720837,,,117,,1044,-49.5,3754,3.9
2026-07-28T19:56:57.785067,AA38F8,N758NL,33.11348,-117.055756,,,297,,0223,-49.5,1330,0.3
2026-07-28T19:56:57.785067,AC335B,SWA3492,32.648015,-117.014316,,,69,,1323,-49.5,505,0.0
2026-07-28T19:56:57.785067,ABB5C3,,33.22382,-117.278324,,,91,,,-49.5,18,3.9
2026-07-28T19:56:57.785067,A5F90E,,33.154175,-117.1203,,,258,,,-36.9,7,41.0
2026-07-28T19:56:57.785067,A37B0C,AAL2685,33.49643,-116.752157,,,90,,,-49.5,21,19.6
2026-07-28T19:57:02.860672,0D0E3B,VOI713,32.913895,-116.720837,,,117,,1044,-39.4,3755,9.0
2026-07-28T19:57:02.860672,AA38F8,N758NL,33.114655,-117.058429,,,297,,0223,-25.5,1380,0.0
2026-07-28T19:57:02.860672,AC335B,SWA3492,32.650995,-117.005123,,,68,,1323,-34.6,571,0.1
2026-07-28T19:57:02.860672,ABB5C3,,33.22382,-117.278324,,,91,,,-36.8,24,9.0
2026-07-28T19:57:02.860672,A5F90E,,33.154175,-117.1203,,,258,,,-36.9,7,46.0
2026-07-28T19:57:02.860672,A37B0C,AAL2685,33.49643,-116.752157,,,90,,,-49.5,21,24.6
2026-07-28T19:57:07.941933,0D0E3B,VOI713,32.901398,-116.692932,,,117,,1044,-49.5,3766,1.5
2026-07-28T19:57:07.941933,AA38F8,N758NL,33.115772,-117.060952,,,298,,0223,-49.5,1438,0.1
2026-07-28T19:57:07.941933,AC335B,SWA3492,32.653834,-116.996379,,,68,,1323,-34.7,623,0.4
2026-07-28T19:57:07.941933,ABB5C3,,33.22382,-117.278324,,,91,,,-36.8,24,14.0
2026-07-28T19:57:07.941933,A5F90E,,33.154175,-117.1203,,,258,,,-36.9,7,51.1
2026-07-28T19:57:07.941933,A37B0C,AAL2685,33.49643,-116.752157,,,90,,,-49.5,21,29.7
2026-07-28T19:57:12.981621,0D0E3B,VOI713,32.895493,-116.679639,,,117,,1044,-49.5,3790,0.5
2026-07-28T19:57:12.981621,AA38F8,N758NL,33.116913,-117.063446,,,297,,0223,-49.5,1449,0.0
2026-07-28T19:57:12.981621,AC335B,SWA3492,32.654526,-116.994232,,,68,,1323,-49.5,630,4.2
2026-07-28T19:57:12.981621,ABB5C3,,33.22382,-117.278324,,,91,,,-36.8,24,19.1
2026-07-28T19:57:12.981621,A5F90E,,33.154175,-117.1203,,,258,,,-36.9,7,56.1
2026-07-28T19:57:12.981621,A37B0C,AAL2685,33.49643,-116.752157,,,90,,,-49.5,22,34.7
2026-07-28T19:57:18.035968,0D0E3B,VOI713,32.89018,-116.667686,,,117,,1044,-38.1,3811,0.1
2026-07-28T19:57:18.035968,AA38F8,N758NL,33.117821,-117.06566,,,295,,0223,-49.5,1481,0.6
2026-07-28T19:57:18.035968,AC335B,SWA3492,32.659514,-116.977097,,,72,,1323,-49.5,662,0.0
2026-07-28T19:57:18.035968,ABB5C3,,33.22382,-117.278324,,,91,,,-36.8,24,24.1
2026-07-28T19:57:18.035968,A37B0C,AAL2685,33.49643,-116.752157,,,90,,,-49.5,22,39.8
2026-07-28T19:57:23.074031,0D0E3B,VOI713,32.885925,-116.65816,,,117,,1044,-36.6,3827,0.9
2026-07-28T19:57:23.074031,AA38F8,N758NL,33.118881,-117.068335,,,296,,0223,-34.3,1524,0.3
2026-07-28T19:57:23.074031,AC335B,SWA3492,32.661609,-116.968016,,,76,,1323,-49.5,702,0.3
2026-07-28T19:57:23.074031,ABB5C3,,33.22382,-117.278324,,,91,,,-36.8,24,29.2
2026-07-28T19:57:23.074031,A37B0C,AAL2685,33.49643,-116.752157,,,90,,,-49.5,22,44.8
2026-07-28T19:57:28.135672,0D0E3B,VOI713,32.881801,-116.648852,,,117,,1044,-49.5,3858,1.7
2026-07-28T19:57:28.135672,AA38F8,N758NL,33.119843,-117.070642,,,295,,0223,-34.5,1564,0.8
2026-07-28T19:57:28.135672,AC335B,SWA3492,32.663471,-116.958263,,,78,,1323,-31.8,748,0.3
2026-07-28T19:57:28.135672,ABB5C3,,33.22382,-117.278324,,,91,,,-36.8,24,34.2
2026-07-28T19:57:28.135672,A37B0C,AAL2685,33.49643,-116.752157,,,90,,,-49.5,22,49.9
2026-07-28T19:57:33.193750,0D0E3B,VOI713,32.875842,-116.635568,,,117,,1044,-34.1,3904,0.8
2026-07-28T19:57:33.193750,AA38F8,N758NL,33.1208,-117.073508,,,285,,0223,-37.2,1579,0.4
2026-07-28T19:57:33.193750,AC335B,SWA3492,32.665007,-116.947949,,,81,,1323,-49.5,817,0.0
2026-07-28T19:57:33.193750,ABB5C3,,33.22382,-117.278324,,,91,,,-36.8,24,39.3
2026-07-28T19:57:33.193750,A37B0C,AAL2685,33.494843,-116.615424,,,90,,,-38.4,43,0.3
2026-07-28T19:57:38.252385,0D0E3B,VOI713,32.870819,-116.624268,,,117,,1044,-49.5,3957,0.8
2026-07-28T19:57:38.252385,AA38F8,N758NL,33.121078,-117.07619,,,268,,0223,-49.5,1590,0.5
2026-07-28T19:57:38.252385,AC335B,SWA3492,32.666016,-116.938477,,,83,,1323,-49.5,865,0.3
2026-07-28T19:57:38.252385,ABB5C3,,33.22382,-117.278324,,,91,,,-36.8,24,44.3
2026-07-28T19:57:38.252385,A37B0C,AAL2685,33.494661,-116.603786,,,90,,,-36.7,64,0.7
2026-07-28T19:57:43.292881,0D0E3B,VOI713,32.865097,-116.611414,,,117,,1044,-49.5,3997,0.0
2026-07-28T19:57:43.292881,AA38F8,N758NL,33.1208,-117.079225,,,262,,0223,-37.4,1615,0.0
2026-07-28T19:57:43.292881,AC335B,SWA3492,32.666016,-116.938477,,,83,,1323,-38.4,867,5.3
2026-07-28T19:57:43.292881,ABB5C3,,33.22382,-117.278324,,,91,,,-36.8,24,49.4
2026-07-28T19:57:43.292881,A37B0C,AAL2685,33.494568,-116.594165,,,90,,7351,-49.5,97,1.9
2026-07-28T19:57:48.357959,0D0E3B,VOI713,32.862156,-116.604795,,,117,,1044,-49.5,4021,2.1
2026-07-28T19:57:48.357959,AA38F8,N758NL,33.120392,-117.081903,,,260,,0223,-33.8,1660,0.2
2026-07-28T19:57:48.357959,AC335B,SWA3492,32.666016,-116.938477,,,83,,1323,-38.4,867,10.4
2026-07-28T19:57:48.357959,ABB5C3,,33.22382,-117.278324,,,91,,,-36.8,24,54.5
2026-07-28T19:57:48.357959,A37B0C,AAL2685,33.494335,-116.576376,,,90,,7351,-49.5,118,0.0
2026-07-28T19:57:53.430307,0D0E3B,VOI713,32.858231,-116.595923,,,117,,1044,-36.4,4044,3.1
2026-07-28T19:57:53.430307,AA38F8,N758NL,33.120381,-117.082196,,,260,,0223,-37.6,1667,4.8
2026-07-28T19:57:53.430307,AC335B,SWA3492,32.667252,-116.909583,,,88,,1323,-35.0,876,0.8
2026-07-28T19:57:53.430307,ABB5C3,,33.22382,-117.278324,,,91,,,-36.8,24,59.5
2026-07-28T19:57:53.430307,A37B0C,AAL2685,33.494202,-116.566205,,,90,,7351,-49.5,122,1.1
2026-07-28T19:57:58.476419,0D0E3B,VOI713,32.858231,-116.595923,,,117,,1044,-49.5,4049,8.1
2026-07-28T19:57:58.476419,AA38F8,N758NL,33.119751,-117.086737,,,260,,0223,-49.5,1694,1.9
2026-07-28T19:57:58.476419,AC335B,SWA3492,32.667526,-116.898761,,,88,,1323,-49.5,921,0.3
2026-07-28T19:57:58.476419,ABB5C3,,33.22382,-117.278324,,,91,,,-36.8,24,64.6
2026-07-28T19:57:58.476419,A37B0C,AAL2685,33.494202,-116.566205,,,90,,7351,-49.5,122,6.1
2026-07-28T19:58:03.538444,0D0E3B,VOI713,32.84697,-116.570764,,,117,,1044,-36.4,4064,1.9
2026-07-28T19:58:03.538444,AA38F8,N758NL,33.119543,-117.087913,,,259,,0223,-36.7,1696,4.9
2026-07-28T19:58:03.538444,AC335B,SWA3492,32.667707,-116.891673,,,88,,1323,-38.6,939,1.8
2026-07-28T19:58:03.538444,A37B0C,AAL2685,33.494202,-116.566205,,,90,,7351,-49.5,122,11.2
2026-07-28T19:58:08.581480,0D0E3B,VOI713,32.840183,-116.555525,,,117,,1044,-33.8,4092,0.0
2026-07-28T19:58:08.581480,AA38F8,N758NL,33.118698,-117.093494,,,259,,0223,-49.5,1721,0.0
2026-07-28T19:58:08.581480,AC335B,SWA3492,32.668033,-116.879453,,,88,,1323,-35.3,979,0.7
2026-07-28T19:58:08.581480,A37B0C,AAL2685,33.494202,-116.566205,,,90,,7351,-49.5,122,16.2
2026-07-28T19:58:13.644005,0D0E3B,VOI713,32.835159,-116.544342,,,117,,1044,-35.4,4123,0.0
2026-07-28T19:58:13.644005,AA38F8,N758NL,33.118472,-117.09576,,,265,,0223,-36.0,1755,1.3
2026-07-28T19:58:13.644005,AC335B,SWA3492,32.668304,-116.869153,,,88,,1323,-35.4,1012,0.6
2026-07-28T19:58:13.644005,A37B0C,AAL2685,33.494202,-116.566205,,,90,,7351,-49.5,122,21.3
2026-07-28T19:58:18.714421,0D0E3B,VOI713,32.831177,-116.535388,,,118,,1044,-35.4,4151,1.0
2026-07-28T19:58:18.714421,AA38F8,N758NL,33.118286,-117.099292,,,267,,0223,-36.5,1799,0.0
2026-07-28T19:58:18.714421,AC335B,SWA3492,32.668304,-116.869153,,,88,,1323,-49.5,1013,5.7
2026-07-28T19:58:18.714421,A37B0C,AAL2685,33.494202,-116.566205,,,90,,7351,-49.5,122,26.4
2026-07-28T19:58:23.762664,0D0E3B,VOI713,32.826357,-116.524696,,,117,,1044,-36.4,4187,1.1
2026-07-28T19:58:23.762664,AA38F8,N758NL,33.118193,-117.101029,,,267,,0223,-35.3,1816,2.2
2026-07-28T19:58:23.762664,AC335B,SWA3492,32.668824,-116.848344,,,88,,1323,-49.5,1018,0.3
2026-07-28T19:58:23.762664,A37B0C,AAL2685,33.494202,-116.566205,,,90,,7351,-49.5,122,31.4
2026-07-28T19:58:28.842399,0D0E3B,VOI713,32.825272,-116.522314,,,117,,1044,-36.3,4204,5.0
2026-07-28T19:58:28.842399,AA38F8,N758NL,33.118103,-117.1047,,,270,,0223,-32.9,1852,0.7
2026-07-28T19:58:28.842399,AC335B,SWA3492,32.669057,-116.839319,,,88,,1323,-49.5,1049,0.8
2026-07-28T19:58:28.842399,A37B0C,AAL2685,33.494202,-116.566205,,,90,,7351,-49.5,122,36.5
2026-07-28T19:58:33.892284,0D0E3B,VOI713,32.825272,-116.522314,,,117,,1044,-38.8,4211,10.1
2026-07-28T19:58:33.892284,AA38F8,N758NL,33.118193,-117.107419,,,274,,0223,-49.5,1894,1.1
2026-07-28T19:58:33.892284,AC335B,SWA3492,32.669057,-116.839319,,,88,,1323,-39.0,1051,5.9
2026-07-28T19:58:33.892284,A37B0C,AAL2685,33.494202,-116.566205,,,90,,7351,-49.5,122,41.6
2026-07-28T19:58:38.982758,0D0E3B,VOI713,32.825272,-116.522314,,,117,,1044,-49.5,4218,15.2
2026-07-28T19:58:38.982758,AA38F8,N758NL,33.11824,-117.10827,,,274,,0223,-35.0,1896,4.6
2026-07-28T19:58:38.982758,AC335B,SWA3492,32.669057,-116.839319,,,88,,1323,-39.0,1051,11.0
2026-07-28T19:58:38.982758,A37B0C,AAL2685,33.494202,-116.566205,,,90,,7351,-49.5,122,46.6
2026-07-28T19:58:44.055888,0D0E3B,VOI713,32.825272,-116.522314,,,117,,1044,-49.5,4218,20.3
2026-07-28T19:58:44.055888,AA38F8,N758NL,33.118659,-117.111399,,,274,,0223,-49.5,1898,4.2
2026-07-28T19:58:44.055888,AC335B,SWA3492,32.669057,-116.839319,,,88,,1323,-39.0,1051,16.0
2026-07-28T19:58:44.055888,A37B0C,AAL2685,33.494202,-116.566205,,,90,,7351,-49.5,122,51.7
2026-07-28T19:58:49.103185,0D0E3B,VOI713,32.825272,-116.522314,,,117,,1044,-40.0,4219,25.3
2026-07-28T19:58:49.103185,AA38F8,N758NL,33.119888,-117.116345,,,292,,0223,-32.9,1908,0.4
2026-07-28T19:58:49.103185,AC335B,SWA3492,32.669057,-116.839319,,,88,,1323,-39.0,1051,21.1
2026-07-28T19:58:49.103185,A37B0C,AAL2685,33.494202,-116.566205,,,90,,7351,-49.5,122,56.7
2026-07-28T19:58:54.166230,0D0E3B,VOI713,32.825272,-116.522314,,,117,,1044,-40.0,4219,30.4
2026-07-28T19:58:54.166230,AA38F8,N758NL,33.121033,-117.119134,,,297,,0223,-49.5,1954,0.0
2026-07-28T19:58:54.166230,AC335B,SWA3492,32.669057,-116.839319,,,88,,1323,-39.0,1051,26.2
2026-07-28T19:58:59.207046,0D0E3B,VOI713,32.825272,-116.522314,,,117,,1044,-40.0,4219,35.4
2026-07-28T19:58:59.207046,AA38F8,N758NL,33.122177,-117.121729,,,299,,0223,-49.5,2009,0.0
2026-07-28T19:58:59.207046,AC335B,SWA3492,32.669057,-116.839319,,,88,,1323,-49.5,1053,31.2
2026-07-28T19:59:04.270431,0D0E3B,VOI713,32.825272,-116.522314,,,117,,1044,-49.5,4225,40.5
2026-07-28T19:59:04.270431,AA38F8,N758NL,33.123413,-117.124255,,,301,,0223,-32.3,2063,0.0
2026-07-28T19:59:04.270431,AC335B,SWA3492,32.669057,-116.839319,,,88,,1323,-49.5,1054,36.3
2026-07-28T19:59:09.344669,0D0E3B,VOI713,32.825272,-116.522314,,,117,,1044,-49.5,4230,45.5
2026-07-28T19:59:09.344669,AA38F8,N758NL,33.124512,-117.126343,,,302,,0223,-38.3,2103,0.7
2026-07-28T19:59:09.344669,AC335B,SWA3492,32.671051,-116.755444,,,88,,1323,-49.5,1061,0.2
2026-07-28T19:59:09.344669,A27201,,32.672333,-117.259772,,,89,,,-36.2,4,0.8
2026-07-28T19:59:14.389731,0D0E3B,VOI713,32.78096,-116.422339,,,117,,1044,-49.5,4242,3.9
2026-07-28T19:59:14.389731,AA38F8,N758NL,33.125083,-117.127318,,,303,,0223,-49.5,2109,3.6
2026-07-28T19:59:14.389731,AC335B,SWA3492,32.671051,-116.745502,,,90,,1323,-32.7,1096,0.5
2026-07-28T19:59:14.389731,A27201,,32.672362,-117.258089,,,89,,,-37.6,8,4.9
2026-07-28T19:59:19.468664,0D0E3B,VOI713,32.78096,-116.422339,,,117,,1044,-38.9,4247,9.0
2026-07-28T19:59:19.468664,AA38F8,N758NL,33.127271,-117.13113,,,306,,0223,-34.8,2132,0.4
2026-07-28T19:59:19.468664,AC335B,SWA3492,32.670868,-116.734515,,,91,,1323,-49.5,1141,0.2
2026-07-28T19:59:19.468664,A27201,,32.672362,-117.258089,,,89,,,-37.6,8,9.9
2026-07-28T19:59:24.533575,0D0E3B,VOI713,32.78096,-116.422339,,,116,,1044,-37.5,4252,14.0
2026-07-28T19:59:24.533575,AA38F8,N758NL,33.128357,-117.13277,,,306,,0223,-36.9,2171,1.9
2026-07-28T19:59:24.533575,AC335B,SWA3492,32.670733,-116.724019,,,91,,1323,-49.5,1174,0.3
2026-07-28T19:59:24.533575,A27201,,32.672362,-117.258089,,,89,,,-37.6,8,15.0
2026-07-28T19:59:29.603130,0D0E3B,VOI713,32.78096,-116.422339,,,116,,1044,-49.5,4253,19.1
2026-07-28T19:59:29.603130,AA38F8,N758NL,33.129971,-117.135446,,,305,,0223,-36.3,2215,0.8
2026-07-28T19:59:29.603130,AC335B,SWA3492,32.670547,-116.713705,,,91,,1323,-49.5,1214,0.4
2026-07-28T19:59:29.603130,A27201,,32.672362,-117.258089,,,89,,,-37.6,8,20.1
2026-07-28T19:59:34.650638,0D0E3B,VOI713,32.78096,-116.422339,,,116,,1044,-49.5,4253,24.1
2026-07-28T19:59:34.650638,AA38F8,N758NL,33.131195,-117.137549,,,304,,0223,-35.8,2264,0.9
2026-07-28T19:59:34.650638,AC335B,SWA3492,32.670364,-116.702765,,,91,,1323,-38.3,1239,0.3
2026-07-28T19:59:34.650638,A27201,,32.67247,-117.217145,,,89,,,-49.5,9,3.0
2026-07-28T19:59:39.702671,0D0E3B,VOI713,32.78096,-116.422339,,,116,,1044,-49.5,4253,29.2
2026-07-28T19:59:39.702671,AA38F8,N758NL,33.132614,-117.140076,,,302,,0223,-49.5,2297,0.4
2026-07-28T19:59:39.702671,AC335B,SWA3492,32.670181,-116.692657,,,91,,1323,-36.6,1251,0.5
2026-07-28T19:59:39.702671,A27201,,32.67247,-117.217145,,,89,,,-49.5,9,8.1
2026-07-28T19:59:44.753955,0D0E3B,VOI713,32.78096,-116.422339,,,116,,1044,-49.5,4253,34.3
2026-07-28T19:59:44.753955,AA38F8,N758NL,33.133881,-117.142508,,,301,,0223,-49.5,2330,0.3
2026-07-28T19:59:44.753955,AC335B,SWA3492,32.670181,-116.692657,,,91,,1323,-49.5,1257,5.6
2026-07-28T19:59:44.753955,A27201,,32.67247,-117.217145,,,89,,,-49.5,9,13.2
2026-07-28T19:59:49.835519,0D0E3B,VOI713,32.78096,-116.422339,,,116,,1044,-49.5,4253,39.3
2026-07-28T19:59:49.835519,AA38F8,N758NL,33.135178,-117.144965,,,301,,0223,-30.9,2383,0.1
2026-07-28T19:59:49.835519,AC335B,SWA3492,32.670181,-116.692657,,,91,,1323,-49.5,1257,10.7
2026-07-28T19:59:49.835519,A27201,,32.672409,-117.181913,,,89,,1034,-49.5,17,0.4
2026-07-28T19:59:54.897546,0D0E3B,VOI713,32.78096,-116.422339,,,116,,1044,-49.5,4253,44.4
2026-07-28T19:59:54.897546,AA38F8,N758NL,33.136302,-117.147217,,,299,,0223,-31.8,2432,0.2
2026-07-28T19:59:54.897546,AC335B,SWA3492,32.670181,-116.692657,,,91,,1323,-49.5,1258,15.7
2026-07-28T19:59:54.897546,A27201,FDX1654,32.672362,-117.171544,,,90,,1034,-32.7,71,0.4
2026-07-28T19:59:59.975506,0D0E3B,VOI713,32.78096,-116.422339,,,116,,1044,-49.5,4253,49.5
2026-07-28T19:59:59.975506,AA38F8,N758NL,33.137233,-117.149571,,,293,,0223,-34.9,2480,0.5
2026-07-28T19:59:59.975506,AC335B,SWA3492,32.669523,-116.648684,,,91,,1323,-37.3,1275,0.2
2026-07-28T19:59:59.975506,A27201,FDX1654,32.672379,-117.161938,,,90,,1034,-49.5,125,0.8
2026-07-28T19:59:59.975506,AC1A2C,SWA2329,32.841719,-117.383535,,,307,,,-49.5,9,0.5
2026-07-28T20:00:05.050296,0D0E3B,VOI713,32.78096,-116.422339,,,116,,1044,-49.5,4253,54.6
2026-07-28T20:00:05.050296,AA38F8,N758NL,33.137787,-117.151337,,,290,,0223,-49.5,2510,2.1
2026-07-28T20:00:05.050296,AC335B,SWA3492,32.669429,-116.641621,,,91,,1323,-49.5,1286,2.0
2026-07-28T20:00:05.050296,A27201,FDX1654,32.672379,-117.161938,,,90,,1034,-36.5,128,5.9
2026-07-28T20:00:05.050296,AC1A2C,SWA2329,32.841719,-117.383535,,,307,,,-39.3,11,5.6
2026-07-28T20:00:10.094870,0D0E3B,VOI713,32.78096,-116.422339,,,116,,1044,-49.5,4253,59.6
2026-07-28T20:00:10.094870,AA38F8,N758NL,33.138536,-117.153607,,,290,,0223,-49.5,2526,2.7
2026-07-28T20:00:10.094870,AC335B,SWA3492,32.669429,-116.641621,,,91,,1323,-49.5,1286,7.0
2026-07-28T20:00:10.094870,A27201,FDX1654,32.672362,-117.144526,,,90,,1034,-49.5,150,2.7
2026-07-28T20:00:10.094870,AC1A2C,SWA2329,32.841719,-117.383535,,,307,,,-39.3,11,10.6
2026-07-28T20:00:15.146455,0D0E3B,VOI713,32.78096,-116.422339,,,116,,1044,-49.5,4253,64.6
2026-07-28T20:00:15.146455,AA38F8,N758NL,33.139755,-117.157544,,,290,,0223,-31.9,2576,0.0
2026-07-28T20:00:15.146455,AC335B,SWA3492,32.669429,-116.641621,,,91,,1323,-49.5,1286,12.0
2026-07-28T20:00:15.146455,A27201,FDX1654,32.672333,-117.129089,,,90,,1034,-49.5,166,0.6
2026-07-28T20:00:15.146455,AC1A2C,SWA2329,32.841719,-117.383535,,,307,,,-39.3,11,15.6
2026-07-28T20:00:20.199495,0D0E3B,VOI713,32.78096,-116.422339,,,116,,1044,-49.5,4253,69.7
2026-07-28T20:00:20.199495,AA38F8,N758NL,33.140631,-117.160109,,,292,,0223,-32.5,2628,0.2
2026-07-28T20:00:20.199495,AC335B,SWA3492,32.669429,-116.641621,,,91,,1323,-49.5,1286,17.1
2026-07-28T20:00:20.199495,A27201,FDX1654,32.672333,-117.129089,,,90,,1034,-49.5,166,5.6
2026-07-28T20:00:20.199495,AC1A2C,SWA2329,32.841719,-117.383535,,,307,,,-39.3,11,20.7
2026-07-28T20:00:25.253873,0D0E3B,VOI713,32.78096,-116.422339,,,116,,1044,-49.5,4253,74.8
2026-07-28T20:00:25.253873,AA38F8,N758NL,33.141495,-117.162598,,,292,,0223,-49.5,2673,0.4
2026-07-28T20:00:25.253873,AC335B,SWA3492,32.669429,-116.641621,,,91,,1323,-49.5,1286,22.2
2026-07-28T20:00:25.253873,A27201,FDX1654,32.672333,-117.129089,,,90,,1034,-49.5,166,10.7
2026-07-28T20:00:25.253873,AC1A2C,SWA2329,32.841719,-117.383535,,,307,,,-39.3,11,25.8
2026-07-28T20:00:30.303748,AA38F8,N758NL,33.142456,-117.165234,,,293,,0223,-29.1,2728,0.2
2026-07-28T20:00:30.303748,AC335B,SWA3492,32.669429,-116.641621,,,91,,1323,-49.5,1286,27.2
2026-07-28T20:00:30.303748,A27201,FDX1654,32.672195,-117.094537,,,90,,1034,-38.3,171,0.0
2026-07-28T20:00:30.303748,AC1A2C,SWA2329,32.841719,-117.383535,,,307,,,-39.3,11,30.8
2026-07-28T20:00:35.352462,AA38F8,N758NL,33.143378,-117.167676,,,293,,0223,-37.7,2759,0.3
2026-07-28T20:00:35.352462,AC335B,SWA3492,32.669429,-116.641621,,,91,,1323,-49.5,1286,32.3
2026-07-28T20:00:35.352462,A27201,FDX1654,32.67215,-117.084485,,,90,,1034,-49.5,221,0.6
2026-07-28T20:00:35.352462,AC1A2C,SWA2329,32.869629,-117.426984,,,307,,7347,-49.5,33,1.0
2026-07-28T20:00:40.441563,AA38F8,N758NL,33.144402,-117.170423,,,293,,0223,-34.7,2768,0.0
2026-07-28T20:00:40.441563,AC335B,SWA3492,32.669429,-116.641621,,,91,,1323,-49.5,1286,37.4
2026-07-28T20:00:40.441563,A27201,FDX1654,32.672104,-117.07251,,,90,,1034,-49.5,278,0.3
2026-07-28T20:00:40.441563,AC1A2C,SWA2329,32.873932,-117.43363,,,307,,7347,-49.5,86,0.9
2026-07-28T20:00:40.441563,A45FB1,,33.214691,-117.867535,,,349,,,-35.7,8,0.5
2026-07-28T20:00:45.486019,AA38F8,N758NL,33.145294,-117.172925,,,293,,0223,-38.2,2779,0.1
2026-07-28T20:00:45.486019,AC335B,SWA3492,32.669429,-116.641621,,,91,,1323,-49.5,1286,42.4
2026-07-28T20:00:45.486019,A27201,FDX1654,32.672012,-117.061139,,,90,,1034,-49.5,318,0.2
2026-07-28T20:00:45.486019,AC1A2C,SWA2329,32.874847,-117.435059,,,307,,7347,-35.6,92,4.8
2026-07-28T20:00:45.486019,A45FB1,,33.219723,-117.868615,,,349,,,-49.5,21,2.0
2026-07-28T20:00:45.486019,ACF89F,,32.991245,-116.31489,,,,,,-49.5,2,0.8
2026-07-28T20:00:50.551879,AA38F8,N758NL,33.146264,-117.175636,,,293,,0223,-33.4,2828,0.1
2026-07-28T20:00:50.551879,AC335B,SWA3492,32.669429,-116.641621,,,91,,1323,-49.5,1286,47.4
2026-07-28T20:00:50.551879,A27201,FDX1654,32.671967,-117.050317,,,90,,1034,-30.7,387,0.4
2026-07-28T20:00:50.551879,AC1A2C,SWA2329,32.874847,-117.435059,,,307,,7347,-35.6,92,9.8
2026-07-28T20:00:50.551879,A45FB1,,33.219723,-117.868615,,,349,,,-49.5,22,7.0
2026-07-28T20:00:50.551879,ACF89F,,32.991245,-116.31489,,,,,,-49.5,2,5.9
2026-07-28T20:00:55.589673,AA38F8,N758NL,33.147288,-117.178214,,,295,,0223,-49.5,2866,0.2
2026-07-28T20:00:55.589673,AC335B,SWA3492,32.669429,-116.641621,,,91,,1323,-49.5,1286,52.5
2026-07-28T20:00:55.589673,A27201,FDX1654,32.671897,-117.039147,,,90,,1034,-49.5,454,0.4
2026-07-28T20:00:55.589673,AC1A2C,SWA2329,32.886875,-117.453825,,,307,,7347,-36.7,131,0.2
2026-07-28T20:00:55.589673,A45FB1,,33.219723,-117.868615,,,349,,,-49.5,22,12.1
2026-07-28T20:00:55.589673,ACF89F,,32.991245,-116.31489,,,,,,-49.5,2,11.0
2026-07-28T20:01:00.668692,AA38F8,N758NL,33.147995,-117.179901,,,295,,0223,-36.0,2912,2.0
2026-07-28T20:01:00.668692,AC335B,SWA3492,32.669429,-116.641621,,,91,,1323,-49.5,1286,57.6
2026-07-28T20:01:00.668692,A27201,FDX1654,32.67185,-117.029394,,,90,,1034,-37.5,507,1.1
2026-07-28T20:01:00.668692,AC1A2C,SWA2329,32.890228,-117.459064,,,307,,7347,-49.5,157,1.2
2026-07-28T20:01:00.668692,A45FB1,,33.219723,-117.868615,,,349,,,-49.5,22,17.2
2026-07-28T20:01:00.668692,ACF89F,,32.991245,-116.31489,,,,,,-49.5,2,16.0
2026-07-28T20:01:05.746813,AA38F8,N758NL,33.149414,-117.183527,,,296,,0223,-49.5,2930,0.0
2026-07-28T20:01:05.746813,A27201,FDX1654,32.671711,-117.016446,,,90,,1034,-30.6,572,0.4
2026-07-28T20:01:05.746813,AC1A2C,SWA2329,32.893112,-117.463568,,,307,,7347,-37.3,160,2.8
2026-07-28T20:01:05.746813,A45FB1,,33.219723,-117.868615,,,349,,,-49.5,22,22.3
2026-07-28T20:01:05.746813,ACF89F,,32.991245,-116.31489,,,,,,-49.5,2,21.1
2026-07-28T20:01:05.746813,AE4B36,,32.855033,-117.071994,,,97,,,-37.2,7,1.6
2026-07-28T20:01:10.827072,AA38F8,N758NL,33.149643,-117.184021,,,296,,0223,-36.9,2932,4.1
2026-07-28T20:01:10.827072,A27201,FDX1654,32.671524,-117.004955,,,90,,1034,-32.7,624,0.4
2026-07-28T20:01:10.827072,AC1A2C,SWA2329,32.893112,-117.463568,,,307,,7347,-37.3,160,7.8
2026-07-28T20:01:10.827072,A45FB1,,33.219723,-117.868615,,,349,,,-49.5,22,27.3
2026-07-28T20:01:10.827072,ACF89F,,32.991245,-116.31489,,,,,,-49.5,2,26.2
2026-07-28T20:01:10.827072,AE4B36,,32.855033,-117.071994,,,97,,,-37.2,7,6.7
2026-07-28T20:01:10.827072,A134D5,,32.841673,-117.383423,,,307,,,-37.8,11,0.7
2026-07-28T20:01:15.905923,AA38F8,N758NL,33.150558,-117.186218,,,296,,0223,-49.5,2933,4.8
2026-07-28T20:01:15.905923,A27201,FDX1654,32.671478,-117.000191,,,90,,1034,-37.3,639,3.3
2026-07-28T20:01:15.905923,AC1A2C,SWA2329,32.893112,-117.463568,,,307,,7347,-37.3,160,12.9
2026-07-28T20:01:15.905923,A45FB1,,33.219723,-117.868615,,,349,,,-49.5,22,32.4
2026-07-28T20:01:15.905923,ACF89F,,33.026252,-116.38518,,,300,,,-49.5,29,0.3
2026-07-28T20:01:15.905923,AE4B36,,32.855033,-117.071994,,,97,,,-37.2,7,11.8
2026-07-28T20:01:15.905923,A134D5,,32.841673,-117.383423,,,307,,,-37.8,11,5.8
2026-07-28T20:01:20.985202,AA38F8,N758NL,33.150558,-117.186218,,,296,,0223,-36.5,2936,9.8
2026-07-28T20:01:20.985202,A27201,FDX1654,32.671292,-116.98203,,,90,,1034,-49.5,657,0.4
2026-07-28T20:01:20.985202,AC1A2C,SWA2329,32.907917,-117.486616,,,307,,7347,-36.4,208,0.3
2026-07-28T20:01:20.985202,A45FB1,,33.219723,-117.868615,,,349,,,-49.5,22,37.5
2026-07-28T20:01:20.985202,ACF89F,,33.026252,-116.38518,,,300,,,-36.8,32,5.3
2026-07-28T20:01:20.985202,AE4B36,,32.855033,-117.071994,,,97,,,-37.2,7,16.8
2026-07-28T20:01:20.985202,A134D5,,32.841673,-117.383423,,,307,,,-37.8,11,10.8
2026-07-28T20:01:26.036119,AA38F8,N758NL,33.15348,-117.193572,,,296,,0223,-38.4,2939,0.4
2026-07-28T20:01:26.036119,A27201,FDX1654,32.671188,-116.9716,,,90,,1034,-33.6,715,0.9
2026-07-28T20:01:26.036119,AC1A2C,SWA2329,32.909686,-117.489362,,,307,,7347,-49.5,217,3.2
2026-07-28T20:01:26.036119,A45FB1,,33.219723,-117.868615,,,349,,,-49.5,22,42.5
2026-07-28T20:01:26.036119,ACF89F,,33.034836,-116.402399,,,300,,,-49.5,45,2.7
2026-07-28T20:01:26.036119,AE4B36,,32.855033,-117.071994,,,97,,,-37.2,7,21.9
2026-07-28T20:01:26.036119,A134D5,,32.841673,-117.383423,,,307,,,-37.8,11,15.9
2026-07-28T20:01:31.089602,AA38F8,N758NL,33.154411,-117.196375,,,290,,0223,-49.5,2994,0.0
2026-07-28T20:01:31.089602,A27201,FDX1654,32.671105,-116.958656,,,90,,1034,-32.5,779,0.3
2026-07-28T20:01:31.089602,AC1A2C,SWA2329,32.909686,-117.489362,,,307,,7347,-39.2,227,8.3
2026-07-28T20:01:31.089602,A45FB1,,33.219723,-117.868615,,,349,,,-49.5,22,47.6
2026-07-28T20:01:31.089602,ACF89F,,33.041056,-116.415225,,,299,,,-49.5,57,2.0
2026-07-28T20:01:31.089602,AE4B36,,32.855033,-117.071994,,,97,,,-37.2,7,27.0
2026-07-28T20:01:31.089602,A134D5,,32.841673,-117.383423,,,307,,,-37.8,11,20.9
2026-07-28T20:01:36.168052,AA38F8,N758NL,33.155182,-117.198853,,,290,,0223,-49.5,3045,0.5
2026-07-28T20:01:36.168052,A27201,FDX1654,32.671012,-116.946884,,,90,,1034,-34.1,847,0.3
2026-07-28T20:01:36.168052,AC1A2C,SWA2329,32.909686,-117.489362,,,307,,7347,-39.2,227,13.4
2026-07-28T20:01:36.168052,A45FB1,,33.219723,-117.868615,,,349,,,-49.5,22,52.7
2026-07-28T20:01:36.168052,ACF89F,,33.041056,-116.415225,,,299,,,-49.5,57,7.1
2026-07-28T20:01:36.168052,AE4B36,,32.855033,-117.071994,,,97,,,-37.2,7,32.0
2026-07-28T20:01:36.168052,A134D5,,32.841673,-117.383423,,,307,,,-37.8,11,26.0
2026-07-28T20:01:36.168052,A32368,DAL833,32.625298,-117.173618,,,96,,,-49.5,18,0.3
2026-07-28T20:01:41.247449,AA38F8,N758NL,33.156143,-117.201709,,,290,,0223,-49.5,3046,0.1
2026-07-28T20:01:41.247449,A27201,FDX1654,32.671005,-116.944464,,,90,,1034,-35.3,872,4.3
2026-07-28T20:01:41.247449,AC1A2C,SWA2329,32.909686,-117.489362,,,307,,7347,-39.2,227,18.4
2026-07-28T20:01:41.247449,A45FB1,,33.219723,-117.868615,,,349,,,-49.5,22,57.8
2026-07-28T20:01:41.247449,ACF89F,DAL614,33.052963,-116.442883,,,295,,,-49.5,94,0.2
2026-07-28T20:01:41.247449,AE4B36,,32.855033,-117.071994,,,97,,,-37.2,7,37.1
2026-07-28T20:01:41.247449,A134D5,,32.841673,-117.383423,,,307,,,-37.8,11,31.1
2026-07-28T20:01:41.247449,A32368,DAL833,32.625298,-117.173618,,,96,,,-38.9,23,5.4
2026-07-28T20:01:46.327065,AA38F8,N758NL,33.156143,-117.201709,,,290,,0223,-37.1,3048,5.2
2026-07-28T20:01:46.327065,A27201,FDX1654,32.671005,-116.944464,,,90,,1034,-35.3,872,9.3
2026-07-28T20:01:46.327065,AC1A2C,SWA2329,32.909686,-117.489362,,,307,,7347,-39.2,227,23.5
2026-07-28T20:01:46.327065,ACF89F,DAL614,33.056511,-116.452219,,,293,,,-49.5,125,1.2
2026-07-28T20:01:46.327065,AE4B36,,32.855033,-117.071994,,,97,,,-37.2,7,42.2
2026-07-28T20:01:46.327065,A134D5,,32.841673,-117.383423,,,307,,,-49.5,13,36.1
2026-07-28T20:01:46.327065,A32368,DAL833,32.625298,-117.173618,,,96,,,-38.9,23,10.4
2026-07-28T20:01:51.378707,AA38F8,N758NL,33.156143,-117.201709,,,290,,0223,-37.1,3048,10.2
2026-07-28T20:01:51.378707,A27201,FDX1654,32.670779,-116.911067,,,90,,1034,-49.5,882,0.0
2026-07-28T20:01:51.378707,AC1A2C,SWA2329,32.933441,-117.526245,,,307,,7347,-37.8,228,0.2
2026-07-28T20:01:51.378707,ACF89F,DAL614,33.061492,-116.465728,,,293,,,-36.6,151,0.4
2026-07-28T20:01:51.378707,AE4B36,,32.855033,-117.071994,,,97,,,-37.2,7,47.2
2026-07-28T20:01:51.378707,A134D5,,32.874527,-117.434344,,,307,,,-35.2,40,1.0
2026-07-28T20:01:51.378707,A32368,DAL833,32.625298,-117.173618,,,96,,,-38.9,23,15.5
2026-07-28T20:01:56.429731,AA38F8,N758NL,33.156143,-117.201709,,,290,,0223,-37.1,3048,15.3
2026-07-28T20:01:56.429731,A27201,FDX1654,32.670776,-116.903265,,,90,,1034,-38.3,923,1.8
2026-07-28T20:01:56.429731,AC1A2C,SWA2329,32.933441,-117.526245,,,307,,7347,-37.8,228,5.3
2026-07-28T20:01:56.429731,ACF89F,DAL614,33.065918,-116.477545,,,293,,,-49.5,182,0.5
2026-07-28T20:01:56.429731,AE4B36,,32.855033,-117.071994,,,97,,,-37.2,7,52.3
2026-07-28T20:01:56.429731,A134D5,,32.874527,-117.434344,,,307,,,-35.2,40,6.0
2026-07-28T20:01:56.429731,A32368,DAL833,32.625298,-117.173618,,,96,,,-38.9,23,20.6
2026-07-28T20:02:01.514473,AA38F8,N758NL,33.156143,-117.201709,,,290,,0223,-37.1,3048,20.4
2026-07-28T20:02:01.514473,A27201,FDX1654,32.670776,-116.903265,,,90,,1034,-39.5,927,6.8
2026-07-28T20:02:01.514473,AC1A2C,SWA2329,32.94191,-117.539429,,,307,,7347,-36.3,236,0.2
2026-07-28T20:02:01.514473,ACF89F,DAL614,33.070058,-116.488654,,,294,,,-37.2,199,0.6
2026-07-28T20:02:01.514473,AE4B36,,32.855033,-117.071994,,,97,,,-37.2,7,57.3
2026-07-28T20:02:01.514473,A134D5,,32.874527,-117.434344,,,307,,,-35.2,40,11.1
2026-07-28T20:02:01.514473,A32368,DAL833,32.625298,-117.173618,,,96,,,-38.9,23,25.6
2026-07-28T20:02:06.565116,AA38F8,N758NL,33.156143,-117.201709,,,290,,0223,-37.1,3048,25.4
2026-07-28T20:02:06.565116,A27201,FDX1654,32.670733,-116.875754,,,90,,1034,-36.6,944,0.1
2026-07-28T20:02:06.565116,AC1A2C,SWA2329,32.94191,-117.539429,,,307,,7347,-49.5,241,5.3
2026-07-28T20:02:06.565116,ACF89F,DAL614,33.073875,-116.498799,,,294,,6117,-37.2,231,1.3
2026-07-28T20:02:06.565116,A134D5,,32.88627,-117.452648,,,307,,,-49.5,49,2.0
2026-07-28T20:02:06.565116,A32368,DAL833,32.625298,-117.173618,,,96,,,-38.9,23,30.7
2026-07-28T20:02:11.613220,AA38F8,N758NL,33.156143,-117.201709,,,290,,0223,-37.1,3048,30.5
2026-07-28T20:02:11.613220,A27201,FDX1654,32.670733,-116.875754,,,90,,1034,-36.6,944,5.2
2026-07-28T20:02:11.613220,AC1A2C,SWA2329,32.946945,-117.547229,,,307,,7347,-49.5,249,4.3
2026-07-28T20:02:11.613220,ACF89F,DAL614,33.073875,-116.498799,,,294,,6117,-37.8,243,6.4
2026-07-28T20:02:11.613220,A134D5,,32.88945,-117.457581,,,307,,,-37.8,55,3.2
2026-07-28T20:02:11.613220,A32368,DAL833,32.625298,-117.173618,,,96,,,-49.5,25,35.8
2026-07-28T20:02:16.690596,AA38F8,N758NL,33.162371,-117.219917,,,292,,0223,-37.6,3067,0.5
2026-07-28T20:02:16.690596,A27201,FDX1654,32.670733,-116.875754,,,90,,1034,-49.5,945,10.3
2026-07-28T20:02:16.690596,AC1A2C,SWA2329,32.946945,-117.547229,,,307,,7347,-49.5,249,9.4
2026-07-28T20:02:16.690596,ACF89F,DAL614,33.083651,-116.524696,,,294,,6117,-49.5,269,0.0
2026-07-28T20:02:16.690596,A134D5,,32.88945,-117.457581,,,307,,,-37.8,55,8.3
2026-07-28T20:02:16.690596,A32368,DAL833,32.625298,-117.173618,,,96,,,-49.5,25,40.8
2026-07-28T20:02:21.771580,AA38F8,N758NL,33.162557,-117.220422,,,292,,0223,-49.5,3074,4.6
2026-07-28T20:02:21.771580,A27201,FDX1654,32.670733,-116.875754,,,90,,1034,-38.7,951,15.4
2026-07-28T20:02:21.771580,AC1A2C,SWA2329,32.946945,-117.547229,,,307,,7347,-49.5,249,14.5
2026-07-28T20:02:21.771580,ACF89F,DAL614,33.087021,-116.53363,,,294,,6117,-38.0,291,1.4
2026-07-28T20:02:21.771580,A134D5,,32.88945,-117.457581,,,307,,,-37.8,55,13.4
2026-07-28T20:02:21.771580,A32368,DAL833,32.625298,-117.173618,,,96,,,-49.5,25,45.9
2026-07-28T20:02:26.848894,AA38F8,N758NL,33.164474,-117.225439,,,296,,0223,-49.5,3082,0.1
2026-07-28T20:02:26.848894,A27201,FDX1654,32.670733,-116.875754,,,90,,1034,-38.7,951,20.4
2026-07-28T20:02:26.848894,AC1A2C,SWA2329,32.946945,-117.547229,,,307,,7347,-49.5,249,19.5
2026-07-28T20:02:26.848894,ACF89F,DAL614,33.090363,-116.542474,,,294,,6117,-49.5,313,2.5
2026-07-28T20:02:26.848894,A134D5,,32.88945,-117.457581,,,307,,,-36.4,56,18.4
2026-07-28T20:02:26.848894,A32368,DAL833,32.625298,-117.173618,,,96,,,-49.5,25,51.0
2026-07-28T20:02:31.905338,AA38F8,N758NL,33.165665,-117.228021,,,299,,0223,-49.5,3134,0.1
2026-07-28T20:02:31.905338,A27201,FDX1654,32.670733,-116.875754,,,90,,1034,-38.7,951,25.5
2026-07-28T20:02:31.905338,AC1A2C,SWA2329,32.946945,-117.547229,,,307,,7347,-49.5,249,24.6
2026-07-28T20:02:31.905338,ACF89F,DAL614,33.090363,-116.542474,,,293,,6117,-35.3,331,7.6
2026-07-28T20:02:31.905338,A134D5,,32.90657,-117.484167,,,307,,,-49.5,62,3.2
2026-07-28T20:02:31.905338,A32368,DAL833,32.628557,-117.075357,,,69,,,-49.5,46,0.2
2026-07-28T20:02:31.905338,A46D4E,,32.839691,-117.380511,,,,,,-49.5,2,0.2
2026-07-28T20:02:36.944507,AA38F8,N758NL,33.166887,-117.230567,,,299,,0223,-38.4,3163,0.3
2026-07-28T20:02:36.944507,A27201,FDX1654,32.670733,-116.875754,,,90,,1034,-38.7,951,30.5
2026-07-28T20:02:36.944507,AC1A2C,SWA2329,32.946945,-117.547229,,,307,,7347,-49.5,249,29.7
2026-07-28T20:02:36.944507,ACF89F,DAL614,33.100388,-116.569281,,,293,,6117,-36.7,379,0.8
2026-07-28T20:02:36.944507,A134D5,,32.90657,-117.484167,,,307,,,-38.6,63,8.2
2026-07-28T20:02:36.944507,A32368,DAL833,32.630905,-117.06828,,,68,,,-37.1,52,1.4
2026-07-28T20:02:36.944507,A46D4E,UAL1302,32.842092,-117.38432,,,307,,7713,-38.5,35,2.2
2026-07-28T20:02:36.944507,A3A9D1,,32.792095,-117.304949,,,302,,,-49.5,10,2.4
2026-07-28T20:02:42.016275,AA38F8,N758NL,33.167862,-117.232635,,,298,,0223,-37.7,3187,1.2
2026-07-28T20:02:42.016275,A27201,FDX1654,32.670733,-116.875754,,,90,,1034,-38.7,951,35.6
2026-07-28T20:02:42.016275,AC1A2C,SWA2329,32.946945,-117.547229,,,307,,7347,-49.5,249,34.7
2026-07-28T20:02:42.016275,ACF89F,DAL614,33.1046,-116.58058,,,293,,6117,-34.9,420,0.8
2026-07-28T20:02:42.016275,A134D5,,32.90657,-117.484167,,,307,,,-38.6,63,13.3
2026-07-28T20:02:42.016275,A32368,DAL833,32.631729,-117.065808,,,68,,,-39.2,55,5.0
2026-07-28T20:02:42.016275,A46D4E,UAL1302,32.842092,-117.38432,,,307,,7713,-38.5,35,7.3
2026-07-28T20:02:42.016275,A3A9D1,,32.792095,-117.304949,,,302,,,-49.5,10,7.5
2026-07-28T20:02:47.088668,AA38F8,N758NL,33.169373,-117.235876,,,300,,0223,-49.5,3206,0.2
2026-07-28T20:02:47.088668,A27201,FDX1654,32.670733,-116.875754,,,89,,1034,-37.8,959,40.7
2026-07-28T20:02:47.088668,AC1A2C,SWA2329,32.946945,-117.547229,,,307,,7347,-49.5,249,39.8
2026-07-28T20:02:47.088668,ACF89F,DAL614,33.109302,-116.593136,,,294,,6117,-34.6,455,0.4
2026-07-28T20:02:47.088668,A134D5,,32.90657,-117.484167,,,307,,,-38.6,63,18.4
2026-07-28T20:02:47.088668,A32368,DAL833,32.637772,-117.047571,,,68,,7622,-36.6,91,0.1
2026-07-28T20:02:47.088668,A46D4E,UAL1302,32.842092,-117.38432,,,307,,7713,-38.5,35,12.4
2026-07-28T20:02:47.088668,A3A9D1,,32.792095,-117.304949,,,302,,,-49.5,10,12.6
2026-07-28T20:02:52.136521,AA38F8,N758NL,33.169876,-117.23692,,,300,,0223,-36.8,3216,3.1
2026-07-28T20:02:52.136521,A27201,FDX1654,32.670733,-116.875754,,,89,,1034,-49.5,966,45.7
2026-07-28T20:02:52.136521,AC1A2C,SWA2329,32.946945,-117.547229,,,307,,7347,-49.5,253,44.9
2026-07-28T20:02:52.136521,ACF89F,DAL614,33.112933,-116.602777,,,294,,6117,-36.0,504,1.0
2026-07-28T20:02:52.136521,A134D5,,32.90657,-117.484167,,,307,,,-38.6,63,23.4
2026-07-28T20:02:52.136521,A32368,DAL833,32.640846,-117.038362,,,68,,7622,-49.5,150,0.0
2026-07-28T20:02:52.136521,A46D4E,UAL1302,32.842092,-117.38432,,,307,,7713,-38.5,35,17.4
2026-07-28T20:02:52.136521,A3A9D1,,32.792095,-117.304949,,,302,,,-38.4,11,17.6
2026-07-28T20:02:57.215785,AA38F8,N758NL,33.169876,-117.23692,,,300,,0223,-36.8,3216,8.2
2026-07-28T20:02:57.215785,A27201,FDX1654,32.670733,-116.875754,,,89,,1034,-49.5,974,50.8
2026-07-28T20:02:57.215785,AC1A2C,SWA2329,32.946945,-117.547229,,,307,,7347,-39.0,259,49.9
2026-07-28T20:02:57.215785,ACF89F,DAL614,33.112933,-116.602777,,,294,,6117,-49.5,505,6.0
2026-07-28T20:02:57.215785,A134D5,,32.90657,-117.484167,,,307,,,-38.6,63,28.5
2026-07-28T20:02:57.215785,A32368,DAL833,32.643546,-117.030179,,,68,,7622,-49.5,205,0.9
2026-07-28T20:02:57.215785,A46D4E,UAL1302,32.842092,-117.38432,,,307,,7713,-38.5,35,22.5
2026-07-28T20:02:57.215785,A3A9D1,EJA335,32.805908,-117.3297,,,305,,,-36.1,16,1.1
2026-07-28T20:03:02.295654,AA38F8,N758NL,33.169876,-117.23692,,,300,,0223,-36.8,3216,13.3
2026-07-28T20:03:02.295654,A27201,FDX1654,32.670822,-116.743689,,,89,,1034,-35.0,1020,0.1
2026-07-28T20:03:02.295654,AC1A2C,SWA2329,32.99199,-117.617555,,,307,,7347,-49.5,262,3.9
2026-07-28T20:03:02.295654,ACF89F,DAL614,33.112933,-116.602777,,,294,,6117,-49.5,505,11.1
2026-07-28T20:03:02.295654,A134D5,,32.90657,-117.484167,,,307,,,-38.6,63,33.6
2026-07-28T20:03:02.295654,A32368,DAL833,32.646712,-117.020538,,,68,,7622,-49.5,241,0.8
2026-07-28T20:03:02.295654,A46D4E,UAL1302,32.842092,-117.38432,,,307,,7713,-38.5,35,27.6
2026-07-28T20:03:02.295654,A3A9D1,EJA335,32.810157,-117.336451,,,307,,,-36.1,20,0.0
2026-07-28T20:03:07.345297,AA38F8,N758NL,33.169876,-117.23692,,,300,,0223,-36.8,3216,18.3
2026-07-28T20:03:07.345297,A27201,FDX1654,32.670826,-116.733212,,,90,,1034,-36.0,1052,0.8
2026-07-28T20:03:07.345297,AC1A2C,SWA2329,32.99199,-117.617555,,,307,,7347,-49.5,262,9.0
2026-07-28T20:03:07.345297,ACF89F,DAL614,33.112933,-116.602777,,,294,,6117,-49.5,505,16.1
2026-07-28T20:03:07.345297,A134D5,,32.90657,-117.484167,,,307,,,-38.6,63,38.6
2026-07-28T20:03:07.345297,A32368,DAL833,32.65025,-117.009832,,,68,,7622,-49.5,282,0.3
2026-07-28T20:03:07.345297,A46D4E,UAL1302,32.868851,-117.42583,,,307,,7713,-36.7,36,0.0
2026-07-28T20:03:07.345297,A3A9D1,EJA335,32.810157,-117.336451,,,307,,,-49.5,21,5.1
2026-07-28T20:03:12.398442,AA38F8,N758NL,33.169876,-117.23692,,,300,,0223,-36.2,3220,23.4
2026-07-28T20:03:12.398442,A27201,FDX1654,32.670779,-116.723627,,,90,,1034,-36.8,1068,1.9
2026-07-28T20:03:12.398442,AC1A2C,SWA2329,32.99199,-117.617555,,,307,,7347,-49.5,262,14.1
2026-07-28T20:03:12.398442,ACF89F,DAL614,33.128016,-116.647451,,,294,,6117,-38.1,507,1.5
2026-07-28T20:03:12.398442,A134D5,,32.90657,-117.484167,,,307,,,-38.6,63,43.7
2026-07-28T20:03:12.398442,A32368,DAL833,32.650772,-117.008185,,,68,,7622,-49.5,301,4.5
2026-07-28T20:03:12.398442,A46D4E,UAL1302,32.872816,-117.431964,,,307,,7713,-36.6,55,0.3
2026-07-28T20:03:12.398442,A3A9D1,EJA335,32.810157,-117.336451,,,307,,,-49.5,21,10.1
2026-07-28T20:03:17.477662,AA38F8,N758NL,33.169876,-117.23692,,,296,,0223,-49.5,3221,28.5
2026-07-28T20:03:17.477662,A27201,FDX1654,32.670779,-116.723627,,,90,,1034,-49.5,1069,7.0
2026-07-28T20:03:17.477662,AC1A2C,SWA2329,32.99199,-117.617555,,,307,,7347,-49.5,262,19.1
2026-07-28T20:03:17.477662,ACF89F,DAL614,33.129738,-116.653617,,,287,,6117,-49.5,533,3.9
2026-07-28T20:03:17.477662,A134D5,,32.90657,-117.484167,,,307,,,-38.6,63,48.8
2026-07-28T20:03:17.477662,A32368,DAL833,32.650772,-117.008185,,,68,,7622,-49.5,301,9.6
2026-07-28T20:03:17.477662,A46D4E,UAL1302,32.875305,-117.435828,,,307,,7713,-37.9,75,2.4
2026-07-28T20:03:17.477662,A3A9D1,EJA335,32.810157,-117.336451,,,307,,,-49.5,21,15.2
2026-07-28T20:03:22.556636,AA38F8,N758NL,33.169876,-117.23692,,,296,,0223,-39.7,3223,33.6
2026-07-28T20:03:22.556636,A27201,FDX1654,32.670779,-116.723627,,,90,,1034,-49.5,1069,12.0
2026-07-28T20:03:22.556636,AC1A2C,SWA2329,32.99199,-117.617555,,,307,,7347,-49.5,262,24.2
2026-07-28T20:03:22.556636,ACF89F,DAL614,33.129738,-116.653617,,,287,,6117,-49.5,537,9.0
2026-07-28T20:03:22.556636,A134D5,,32.90657,-117.484167,,,307,,,-38.6,63,53.9
2026-07-28T20:03:22.556636,A32368,DAL833,32.650772,-117.008185,,,68,,7622,-49.5,301,14.7
2026-07-28T20:03:22.556636,A46D4E,UAL1302,32.875305,-117.435828,,,307,,7713,-37.9,75,7.5
2026-07-28T20:03:22.556636,A3A9D1,EJA335,32.810157,-117.336451,,,308,,,-49.5,30,20.3
2026-07-28T20:03:27.636225,AA38F8,N758NL,33.169876,-117.23692,,,296,,0223,-39.7,3223,38.6
2026-07-28T20:03:27.636225,A27201,FDX1654,32.670779,-116.723627,,,90,,1034,-49.5,1069,17.1
2026-07-28T20:03:27.636225,AC1A2C,SWA2329,32.99199,-117.617555,,,307,,7347,-49.5,262,29.3
2026-07-28T20:03:27.636225,ACF89F,DAL614,33.129738,-116.653617,,,287,,6117,-49.5,537,14.0
2026-07-28T20:03:27.636225,A134D5,,32.90657,-117.484167,,,307,,,-38.6,63,58.9
2026-07-28T20:03:27.636225,A32368,DAL833,32.662766,-116.969348,,,73,,7622,-33.2,340,0.0
2026-07-28T20:03:27.636225,A46D4E,UAL1302,32.885468,-117.451648,,,307,,7713,-49.5,86,0.3
2026-07-28T20:03:27.636225,A3A9D1,EJA335,32.827927,-117.363043,,,308,,2056,-36.8,67,1.1
2026-07-28T20:03:32.685337,AA38F8,N758NL,33.169876,-117.23692,,,296,,0223,-39.7,3223,43.7
2026-07-28T20:03:32.685337,A27201,FDX1654,32.670779,-116.723627,,,90,,1034,-49.5,1069,22.1
2026-07-28T20:03:32.685337,AC1A2C,SWA2329,32.99199,-117.617555,,,307,,7347,-49.5,262,34.3
2026-07-28T20:03:32.685337,ACF89F,DAL614,33.138977,-116.697052,,,281,,6117,-49.5,545,0.4
2026-07-28T20:03:32.685337,A32368,DAL833,32.664821,-116.959328,,,77,,7622,-35.0,372,0.2
2026-07-28T20:03:32.685337,A46D4E,UAL1302,32.889854,-117.458533,,,307,,7713,-37.3,115,0.1
2026-07-28T20:03:32.685337,A3A9D1,EJA335,32.827927,-117.363043,,,308,,2056,-35.5,68,6.2
2026-07-28T20:03:37.738100,AA38F8,N758NL,33.169876,-117.23692,,,296,,0223,-39.7,3223,48.7
2026-07-28T20:03:37.738100,A27201,FDX1654,32.670779,-116.723627,,,90,,1034,-49.5,1069,27.2
2026-07-28T20:03:37.738100,AC1A2C,SWA2329,32.99199,-117.617555,,,307,,7347,-49.5,262,39.4
2026-07-28T20:03:37.738100,ACF89F,DAL614,33.140817,-116.708997,,,280,,6117,-49.5,586,0.4
2026-07-28T20:03:37.738100,A32368,DAL833,32.666217,-116.94851,,,82,,7622,-49.5,410,0.3
2026-07-28T20:03:37.738100,A46D4E,UAL1302,32.890274,-117.459174,,,307,,7713,-49.5,133,4.7
2026-07-28T20:03:37.738100,A3A9D1,EJA335,32.827927,-117.363043,,,307,,2056,-49.5,69,11.2
2026-07-28T20:03:42.818583,AA38F8,N758NL,33.169876,-117.23692,,,296,,0223,-39.7,3223,53.8
2026-07-28T20:03:42.818583,A27201,FDX1654,32.670779,-116.723627,,,90,,1034,-49.5,1069,32.3
2026-07-28T20:03:42.818583,AC1A2C,SWA2329,32.99199,-117.617555,,,307,,7347,-49.5,262,44.5
2026-07-28T20:03:42.818583,ACF89F,DAL614,33.142586,-116.72088,,,280,,6117,-30.1,640,0.3
2026-07-28T20:03:42.818583,A32368,DAL833,32.666776,-116.939542,,,84,,7622,-49.5,442,1.1
2026-07-28T20:03:42.818583,A46D4E,UAL1302,32.890274,-117.459174,,,307,,7713,-49.5,134,9.8
2026-07-28T20:03:42.818583,A3A9D1,EJA335,32.840286,-117.38172,,,308,,2056,-30.1,112,0.2
2026-07-28T20:03:47.896811,AA38F8,N758NL,33.169876,-117.23692,,,296,,0223,-39.7,3223,58.9
2026-07-28T20:03:47.896811,A27201,FDX1654,32.670779,-116.723627,,,90,,1034,-49.5,1069,37.3
2026-07-28T20:03:47.896811,AC1A2C,SWA2329,32.99199,-117.617555,,,307,,7347,-49.5,262,49.5
2026-07-28T20:03:47.896811,ACF89F,DAL614,33.144355,-116.732539,,,280,,6117,-49.5,689,0.5
2026-07-28T20:03:47.896811,A32368,DAL833,32.666776,-116.939542,,,84,,7622,-49.5,442,6.2
2026-07-28T20:03:47.896811,A46D4E,UAL1302,32.890274,-117.459174,,,307,,7713,-49.5,134,14.8
2026-07-28T20:03:47.896811,A3A9D1,EJA335,32.843628,-117.386829,,,307,,2056,-49.5,158,0.9
2026-07-28T20:03:52.948681,AA38F8,N758NL,33.169876,-117.23692,,,296,,0223,-39.7,3223,63.9
2026-07-28T20:03:52.948681,A27201,FDX1654,32.670779,-116.723627,,,90,,1034,-49.5,1069,42.4
2026-07-28T20:03:52.948681,AC1A2C,SWA2329,32.99199,-117.617555,,,307,,7347,-49.5,262,54.6
2026-07-28T20:03:52.948681,ACF89F,DAL614,33.145845,-116.742516,,,280,,6117,-38.3,703,1.1
2026-07-28T20:03:52.948681,A32368,DAL833,32.666776,-116.939542,,,84,,7622,-49.5,442,11.2
2026-07-28T20:03:52.948681,A46D4E,UAL1302,32.906799,-117.48499,,,307,,7713,-33.6,152,0.1
2026-07-28T20:03:52.948681,A3A9D1,EJA335,32.847306,-117.392447,,,307,,2056,-38.2,159,1.3
2026-07-28T20:03:57.990199,AA38F8,N758NL,33.169876,-117.23692,,,296,,0223,-39.7,3223,69.0
2026-07-28T20:03:57.990199,A27201,FDX1654,32.670779,-116.723627,,,90,,1034,-49.5,1069,47.4
2026-07-28T20:03:57.990199,AC1A2C,SWA2329,32.99199,-117.617555,,,307,,7347,-49.5,262,59.6
2026-07-28T20:03:57.990199,ACF89F,DAL614,33.147567,-116.754119,,,280,,6117,-49.5,710,1.3
2026-07-28T20:03:57.990199,A32368,DAL833,32.667618,-116.905243,,,88,,7622,-36.6,476,0.2
2026-07-28T20:03:57.990199,A46D4E,UAL1302,32.908568,-117.487737,,,307,,7713,-49.5,169,3.2
2026-07-28T20:03:57.990199,A3A9D1,EJA335,32.847306,-117.392447,,,307,,2056,-38.2,159,6.4
2026-07-28T20:04:03.055111,AA38F8,N758NL,33.186439,-117.275129,,,284,,0223,-49.5,3237,1.4
2026-07-28T20:04:03.055111,A27201,FDX1654,32.670779,-116.723627,,,90,,1034,-49.5,1069,52.5
2026-07-28T20:04:03.055111,ACF89F,DAL614,33.149616,-116.76774,,,280,,6117,-49.5,749,0.4
2026-07-28T20:04:03.055111,A32368,DAL833,32.667754,-116.900024,,,88,,7622,-49.5,485,2.8
2026-07-28T20:04:03.055111,A46D4E,UAL1302,32.908568,-117.487737,,,307,,7713,-49.5,169,8.2
2026-07-28T20:04:03.055111,A3A9D1,EJA335,32.847306,-117.392447,,,307,,2056,-38.2,159,11.5
2026-07-28T20:04:08.104126,AA38F8,N758NL,33.187137,-117.278829,,,282,,0223,-36.6,3247,0.0
2026-07-28T20:04:08.104126,A27201,FDX1654,32.670779,-116.723627,,,90,,1034,-49.5,1069,57.5
2026-07-28T20:04:08.104126,ACF89F,DAL614,33.151154,-116.778076,,,280,,6117,-49.5,793,1.0
2026-07-28T20:04:08.104126,A32368,DAL833,32.667754,-116.900024,,,88,,7622,-49.5,486,7.8
2026-07-28T20:04:08.104126,A46D4E,UAL1302,32.908568,-117.487737,,,307,,7713,-49.5,169,13.3
2026-07-28T20:04:08.104126,A3A9D1,EJA335,32.85899,-117.410384,,,307,,2056,-49.5,161,1.9
2026-07-28T20:04:13.168324,AA38F8,N758NL,33.187683,-117.281635,,,284,,0223,-34.8,3292,0.2
2026-07-28T20:04:13.168324,A27201,FDX1654,32.670779,-116.723627,,,90,,1034,-49.5,1069,62.6
2026-07-28T20:04:13.168324,ACF89F,DAL614,33.153154,-116.791619,,,280,,6117,-33.3,848,0.1
2026-07-28T20:04:13.168324,A32368,DAL833,32.668396,-116.874536,,,88,,7622,-49.5,493,0.9
2026-07-28T20:04:13.168324,A46D4E,UAL1302,32.908568,-117.487737,,,307,,7713,-49.5,169,18.3
2026-07-28T20:04:13.168324,A3A9D1,EJA335,32.85899,-117.410384,,,307,,2056,-49.5,161,7.0
2026-07-28T20:04:18.236846,AA38F8,N758NL,33.18837,-117.284601,,,285,,0223,-37.6,3331,0.2
2026-07-28T20:04:18.236846,ACF89F,DAL614,33.154724,-116.802136,,,280,,6117,-49.5,897,0.5
2026-07-28T20:04:18.236846,A32368,DAL833,32.668396,-116.874536,,,88,,7622,-49.5,493,6.0
2026-07-28T20:04:18.236846,A46D4E,UAL1302,32.908568,-117.487737,,,307,,7713,-49.5,169,23.4
2026-07-28T20:04:18.236846,A3A9D1,EJA335,32.868851,-117.42572,,,307,,2056,-49.5,178,0.0
2026-07-28T20:04:23.322701,AA38F8,N758NL,33.188965,-117.286743,,,289,,0223,-39.4,3347,1.4
2026-07-28T20:04:23.322701,ACF89F,DAL614,33.156464,-116.813947,,,279,,6117,-49.5,933,0.4
2026-07-28T20:04:23.322701,A32368,DAL833,32.668396,-116.874536,,,88,,7622,-49.5,493,11.1
2026-07-28T20:04:23.322701,A46D4E,UAL1302,32.908568,-117.487737,,,307,,7713,-49.5,169,28.5
2026-07-28T20:04:23.322701,A3A9D1,EJA335,32.871745,-117.430227,,,307,,2056,-49.5,201,1.6
2026-07-28T20:04:28.433884,AA38F8,N758NL,33.188965,-117.286743,,,289,,0223,-39.4,3347,6.5
2026-07-28T20:04:28.433884,ACF89F,DAL614,33.158112,-116.825317,,,279,,6117,-49.5,982,0.5
2026-07-28T20:04:28.433884,A32368,DAL833,32.668396,-116.874536,,,88,,7622,-49.5,493,16.2
2026-07-28T20:04:28.433884,A46D4E,UAL1302,32.908568,-117.487737,,,307,,7713,-49.5,169,33.6
2026-07-28T20:04:28.433884,A3A9D1,EJA335,32.876999,-117.438409,,,307,,2056,-35.7,220,0.5
2026-07-28T20:04:33.499528,AA38F8,N758NL,33.188965,-117.286743,,,289,,0223,-39.4,3347,11.6
2026-07-28T20:04:33.499528,ACF89F,DAL614,33.159718,-116.83618,,,279,,6117,-49.5,1005,0.8
2026-07-28T20:04:33.499528,A32368,DAL833,32.668396,-116.874536,,,88,,7622,-49.5,493,21.2
2026-07-28T20:04:33.499528,A46D4E,UAL1302,32.908568,-117.487737,,,307,,7713,-49.5,169,38.7
2026-07-28T20:04:33.499528,A3A9D1,EJA335,32.880823,-117.444296,,,307,,2056,-36.9,228,1.1
2026-07-28T20:04:38.563536,AA38F8,N758NL,33.188965,-117.286743,,,289,,0223,-39.4,3347,16.6
2026-07-28T20:04:38.563536,ACF89F,DAL614,33.161347,-116.847447,,,279,,6117,-35.3,1047,0.9
2026-07-28T20:04:38.563536,A32368,DAL833,32.668396,-116.874536,,,88,,7622,-49.5,493,26.3
2026-07-28T20:04:38.563536,A46D4E,UAL1302,32.908568,-117.487737,,,307,,7713,-49.5,169,43.7
2026-07-28T20:04:38.563536,A3A9D1,EJA335,32.88599,-117.452368,,,307,,2056,-49.5,257,0.2
2026-07-28T20:04:43.639617,AA38F8,N758NL,33.188965,-117.286743,,,289,,0223,-39.4,3347,21.7
2026-07-28T20:04:43.639617,ACF89F,DAL614,33.163284,-116.860748,,,279,,6117,-33.8,1092,0.2
2026-07-28T20:04:43.639617,A32368,DAL833,32.668396,-116.874536,,,88,,7622,-49.5,493,31.4
2026-07-28T20:04:43.639617,A46D4E,UAL1302,32.908568,-117.487737,,,307,,7713,-49.5,170,48.8
2026-07-28T20:04:43.639617,A3A9D1,EJA335,32.890366,-117.459174,,,307,,2056,-35.9,315,0.3
2026-07-28T20:04:48.682691,AA38F8,N758NL,33.188965,-117.286743,,,289,,0223,-39.4,3347,26.8
2026-07-28T20:04:48.682691,ACF89F,DAL614,33.164885,-116.871494,,,279,,6117,-49.5,1138,0.3
2026-07-28T20:04:48.682691,A32368,DAL833,32.668396,-116.874536,,,88,,7622,-49.5,493,36.5
2026-07-28T20:04:48.682691,A46D4E,UAL1302,32.908568,-117.487737,,,307,,7713,-49.5,170,53.9
2026-07-28T20:04:48.682691,A3A9D1,EJA335,32.893616,-117.464172,,,307,,2056,-37.1,332,1.8
2026-07-28T20:04:53.761642,AA38F8,N758NL,33.188965,-117.286743,,,289,,0223,-39.4,3347,31.8
2026-07-28T20:04:53.761642,ACF89F,DAL614,33.166514,-116.882648,,,279,,6117,-31.2,1195,0.4
2026-07-28T20:04:53.761642,A32368,DAL833,32.668396,-116.874536,,,88,,7622,-37.1,496,41.5
2026-07-28T20:04:53.761642,A46D4E,UAL1302,32.908568,-117.487737,,,307,,7713,-49.5,170,58.9
2026-07-28T20:04:53.761642,A3A9D1,EJA335,32.897598,-117.47038,,,307,,2056,-49.5,334,2.5
2026-07-28T20:04:58.821934,AA38F8,N758NL,33.188965,-117.286743,,,289,,0223,-39.4,3347,36.9
2026-07-28T20:04:58.821934,ACF89F,DAL614,33.168144,-116.894251,,,279,,6117,-49.5,1250,0.3
2026-07-28T20:04:58.821934,A32368,DAL833,32.668396,-116.874536,,,88,,7622,-37.1,496,46.6
2026-07-28T20:04:58.821934,A46D4E,UAL1302,32.908568,-117.487737,,,307,,7713,-49.5,170,64.0
2026-07-28T20:04:58.821934,A3A9D1,EJA335,32.904518,-117.481067,,,307,,2056,-36.7,347,0.0
2026-07-28T20:05:03.903909,AA38F8,N758NL,33.188965,-117.286743,,,289,,0223,-39.4,3347,42.0
2026-07-28T20:05:03.903909,ACF89F,DAL614,33.1694,-116.902939,,,279,,6117,-34.5,1287,1.4
2026-07-28T20:05:03.903909,A32368,DAL833,32.684373,-116.765946,,,57,,7622,-32.2,520,0.3
2026-07-28T20:05:03.903909,A46D4E,UAL1302,32.908568,-117.487737,,,307,,7713,-49.5,170,69.1
2026-07-28T20:05:03.903909,A3A9D1,EJA335,32.909317,-117.488617,,,307,,2056,-49.5,378,0.0
2026-07-28T20:05:08.971608,AA38F8,N758NL,33.188965,-117.286743,,,289,,0223,-37.8,3348,47.1
2026-07-28T20:05:08.971608,ACF89F,DAL614,33.171263,-116.915775,,,279,,6117,-36.6,1319,0.7
2026-07-28T20:05:08.971608,A32368,DAL833,32.687724,-116.760397,,,51,,7622,-31.4,560,2.2
2026-07-28T20:05:08.971608,A46D4E,UAL1302,32.908568,-117.487737,,,307,,7713,-49.5,170,74.2
2026-07-28T20:05:08.971608,A3A9D1,EJA335,32.910337,-117.490147,,,307,,2056,-39.2,387,3.9
2026-07-28T20:05:14.060199,AA38F8,N758NL,33.188965,-117.286743,,,275,,0223,-49.5,3357,52.1
2026-07-28T20:05:14.060199,ACF89F,DAL614,33.173032,-116.928163,,,279,,6117,-49.5,1369,0.2
2026-07-28T20:05:14.060199,A32368,DAL833,32.696616,-116.748794,,,44,,7622,-49.5,593,0.2
2026-07-28T20:05:14.060199,A46D4E,UAL1302,32.908568,-117.487737,,,307,,7713,-49.5,170,79.2
2026-07-28T20:05:14.060199,A3A9D1,EJA335,32.91568,-117.49845,,,307,,2056,-49.5,402,3.4
2026-07-28T20:05:14.060199,ADA16B,,33.224472,-116.974014,,,124,,,-37.6,7,0.3
2026-07-28T20:05:19.100894,AA38F8,N758NL,33.188965,-117.286743,,,275,,0223,-49.5,3357,57.2
2026-07-28T20:05:19.100894,ACF89F,DAL614,33.174707,-116.939598,,,279,,6117,-32.0,1439,0.0
2026-07-28T20:05:19.100894,A32368,DAL833,32.699158,-116.746106,,,42,,7622,-37.5,607,3.4
2026-07-28T20:05:19.100894,A46D4E,UAL1302,32.908568,-117.487737,,,307,,7713,-49.5,170,84.3
2026-07-28T20:05:19.100894,A3A9D1,EJA335,32.91568,-117.49845,,,307,,2056,-49.5,402,8.5
2026-07-28T20:05:19.100894,ADA16B,N978AP,33.223168,-116.97166,,,124,,1200,-37.3,35,0.0
2026-07-28T20:05:24.179998,AA38F8,N758NL,33.188965,-117.286743,,,275,,0223,-49.5,3357,62.2
2026-07-28T20:05:24.179998,ACF89F,DAL614,33.176244,-116.95036,,,279,,6117,-26.6,1504,0.2
2026-07-28T20:05:24.179998,A32368,DAL833,32.70709,-116.739041,,,42,,7622,-49.5,610,3.1
2026-07-28T20:05:24.179998,A46D4E,UAL1302,32.908568,-117.487737,,,307,,7713,-36.4,180,89.3
2026-07-28T20:05:24.179998,A3A9D1,EJA335,32.91568,-117.49845,,,307,,2056,-49.5,402,13.5
2026-07-28T20:05:24.179998,ADA16B,N978AP,33.222656,-116.970763,,,124,,1200,-38.7,43,3.2
2026-07-28T20:05:29.235313,AA38F8,N758NL,33.188965,-117.286743,,,275,,0223,-49.5,3357,67.3
2026-07-28T20:05:29.235313,ACF89F,DAL614,33.176989,-116.955404,,,279,,6117,-49.5,1526,3.0
2026-07-28T20:05:29.235313,A32368,DAL833,32.70709,-116.739041,,,42,,7622,-49.5,610,8.2
2026-07-28T20:05:29.235313,A46D4E,UAL1302,32.993729,-117.620233,,,307,,7713,-38.0,183,0.1
2026-07-28T20:05:29.235313,A3A9D1,EJA335,32.91568,-117.49845,,,307,,2056,-49.5,402,18.6
2026-07-28T20:05:29.235313,ADA16B,N978AP,33.222656,-116.970763,,,124,,1200,-38.7,43,8.2
2026-07-28T20:05:34.323131,AA38F8,N758NL,33.188965,-117.286743,,,272,,0223,-39.6,3359,72.4
2026-07-28T20:05:34.323131,ACF89F,DAL614,33.179456,-116.972725,,,279,,6117,-49.5,1577,0.2
2026-07-28T20:05:34.323131,A32368,DAL833,32.724594,-116.728223,,,23,,7622,-37.8,627,2.6
2026-07-28T20:05:34.323131,A46D4E,UAL1302,32.996645,-117.624842,,,307,,7713,-38.6,199,2.2
2026-07-28T20:05:34.323131,A3A9D1,EJA335,32.91568,-117.49845,,,307,,2056,-39.9,403,23.7
2026-07-28T20:05:34.323131,ADA16B,N978AP,33.219315,-116.964954,,,124,,1200,-49.5,62,0.2
2026-07-28T20:05:39.391030,AA38F8,N758NL,33.188965,-117.286743,,,272,,0223,-39.6,3359,77.5
2026-07-28T20:05:39.391030,ACF89F,DAL614,33.181091,-116.984125,,,279,,6117,-23.6,1639,0.0
2026-07-28T20:05:39.391030,A32368,DAL833,32.724594,-116.728223,,,23,,7622,-37.8,627,7.6
2026-07-28T20:05:39.391030,A46D4E,UAL1302,32.996645,-117.624842,,,306,,7713,-37.0,200,7.2
2026-07-28T20:05:39.391030,A3A9D1,EJA335,32.91568,-117.49845,,,307,,2056,-39.9,403,28.8
2026-07-28T20:05:39.391030,ADA16B,N978AP,33.218033,-116.962756,,,124,,1200,-36.3,96,0.3
2026-07-28T20:05:44.443492,AA38F8,N758NL,33.188965,-117.286743,,,272,,0223,-49.5,3362,82.5
2026-07-28T20:05:44.443492,ACF89F,DAL614,33.182621,-116.99481,,,279,,6117,-32.9,1704,0.2
2026-07-28T20:05:44.443492,A32368,DAL833,32.724594,-116.728223,,,23,,7622,-36.4,628,12.7
2026-07-28T20:05:44.443492,A46D4E,UAL1302,33.007073,-117.641265,,,307,,7713,-49.5,214,1.5
2026-07-28T20:05:44.443492,A3A9D1,EJA335,32.91568,-117.49845,,,307,,2056,-38.1,404,33.8
2026-07-28T20:05:44.443492,ADA16B,N978AP,33.218033,-116.962756,,,124,,1200,-36.3,96,5.3
2026-07-28T20:05:49.496543,AA38F8,N758NL,33.196447,-117.33589,,,268,,0223,-49.5,3378,0.6
2026-07-28T20:05:49.496543,ACF89F,DAL614,33.184067,-117.004834,,,279,,6117,-29.0,1751,0.6
2026-07-28T20:05:49.496543,A32368,DAL833,32.748642,-116.716333,,,23,,7622,-49.5,629,3.7
2026-07-28T20:05:49.496543,A46D4E,UAL1302,33.007073,-117.641265,,,307,,7713,-49.5,214,6.6
2026-07-28T20:05:49.496543,A3A9D1,EJA335,32.91568,-117.49845,,,307,,2056,-38.1,404,38.9
2026-07-28T20:05:49.496543,ADA16B,N978AP,33.218033,-116.962756,,,124,,1200,-36.3,96,10.4
2026-07-28T20:05:54.545496,AA38F8,N758NL,33.196426,-117.3375,,,268,,0223,-39.1,3383,3.0
2026-07-28T20:05:54.545496,ACF89F,DAL614,33.18574,-117.016334,,,279,,6117,-49.5,1806,0.4
2026-07-28T20:05:54.545496,A32368,DAL833,32.748642,-116.716333,,,23,,7622,-36.0,632,8.7
2026-07-28T20:05:54.545496,A46D4E,UAL1302,33.007073,-117.641265,,,307,,7713,-49.5,214,11.6
2026-07-28T20:05:54.545496,A3A9D1,EJA335,32.91568,-117.49845,,,307,,2056,-38.1,404,43.9
2026-07-28T20:05:54.545496,ADA16B,N978AP,33.218033,-116.962756,,,124,,1200,-36.3,96,15.4
2026-07-28T20:05:54.545496,AC1A2C,SWA2329,33.194632,-117.873099,,,303,,7347,-37.7,11,0.5
2026-07-28T20:05:54.545496,AC0C41,,32.840652,-117.381885,,,307,,,-36.2,7,0.1
2026-07-28T20:05:59.595481,AA38F8,N758NL,33.196426,-117.3375,,,268,,0223,-39.1,3383,8.1
2026-07-28T20:05:59.595481,ACF89F,DAL614,33.187317,-117.027411,,,279,,6117,-49.5,1873,0.4
2026-07-28T20:05:59.595481,A32368,DAL833,32.748642,-116.716333,,,22,,7622,-49.5,637,13.8
2026-07-28T20:05:59.595481,A46D4E,UAL1302,33.007073,-117.641265,,,307,,7713,-49.5,214,16.7
2026-07-28T20:05:59.595481,A3A9D1,EJA335,32.91568,-117.49845,,,307,,2056,-38.1,404,49.0
2026-07-28T20:05:59.595481,ADA16B,N978AP,33.218033,-116.962756,,,124,,1200,-36.3,96,20.5
2026-07-28T20:05:59.595481,AC1A2C,SWA2329,33.196518,-117.876764,,,303,,7347,-49.5,21,3.5
2026-07-28T20:05:59.595481,AC0C41,,32.841568,-117.383313,,,307,,,-49.5,26,4.0
2026-07-28T20:06:04.649350,AA38F8,N758NL,33.196426,-117.3375,,,268,,0223,-39.1,3383,13.1
2026-07-28T20:06:04.649350,ACF89F,DAL614,33.188859,-117.03825,,,279,,6117,-26.1,1948,0.4
2026-07-28T20:06:04.649350,A32368,DAL833,32.748642,-116.716333,,,22,,7622,-49.5,637,18.8
2026-07-28T20:06:04.649350,A46D4E,UAL1302,33.007073,-117.641265,,,307,,7713,-49.5,214,21.7
2026-07-28T20:06:04.649350,A3A9D1,EJA335,32.91568,-117.49845,,,307,,2056,-38.1,404,54.0
2026-07-28T20:06:04.649350,ADA16B,N978AP,33.218033,-116.962756,,,124,,1200,-36.3,96,25.5
2026-07-28T20:06:04.649350,AC1A2C,SWA2329,33.196518,-117.876764,,,303,,7347,-49.5,21,8.5
2026-07-28T20:06:04.649350,AC0C41,,32.841568,-117.383313,,,307,,,-49.5,26,9.1
2026-07-28T20:06:04.649350,0D0A19,,33.27419,-117.78476,,,138,,,-38.9,3,0.8
2026-07-28T20:06:09.711193,AA38F8,N758NL,33.196426,-117.3375,,,268,,0223,-39.1,3383,18.2
2026-07-28T20:06:09.711193,ACF89F,DAL614,33.190292,-117.048175,,,279,,6117,-31.3,1988,0.8
2026-07-28T20:06:09.711193,A32368,DAL833,32.748642,-116.716333,,,22,,7622,-39.2,639,23.9
2026-07-28T20:06:09.711193,A46D4E,UAL1302,33.007073,-117.641265,,,307,,7713,-49.5,214,26.8
2026-07-28T20:06:09.711193,A3A9D1,EJA335,32.91568,-117.49845,,,307,,2056,-38.1,404,59.1
2026-07-28T20:06:09.711193,ADA16B,N978AP,33.218033,-116.962756,,,124,,1200,-36.3,96,30.6
2026-07-28T20:06:09.711193,AC1A2C,SWA2329,33.196518,-117.876764,,,303,,7347,-49.5,21,13.6
2026-07-28T20:06:09.711193,AC0C41,,32.841568,-117.383313,,,307,,,-49.5,26,14.1
2026-07-28T20:06:09.711193,AC5E01,,33.522125,-117.302728,,,106,,,-49.5,9,0.4
2026-07-28T20:06:09.711193,0D0A19,,33.27419,-117.78476,,,138,,,-38.9,3,5.8
2026-07-28T20:06:14.752797,AA38F8,N758NL,33.196426,-117.3375,,,268,,0223,-39.1,3383,23.2
2026-07-28T20:06:14.752797,ACF89F,DAL614,33.191986,-117.060205,,,279,,6117,-49.5,2017,0.2
2026-07-28T20:06:14.752797,A32368,DAL833,32.796703,-116.692685,,,22,,7622,-38.5,655,1.2
2026-07-28T20:06:14.752797,A46D4E,UAL1302,33.007073,-117.641265,,,307,,7713,-49.5,214,31.8
2026-07-28T20:06:14.752797,A3A9D1,EJA335,32.91568,-117.49845,,,307,,2056,-49.5,405,64.1
2026-07-28T20:06:14.752797,ADA16B,N978AP,33.218033,-116.962756,,,124,,1200,-36.3,96,35.6
2026-07-28T20:06:14.752797,AC1A2C,SWA2329,33.196518,-117.876764,,,303,,7347,-49.5,21,18.6
2026-07-28T20:06:14.752797,AC0C41,,32.841568,-117.383313,,,307,,,-49.5,26,19.2
2026-07-28T20:06:14.752797,AC5E01,,33.521103,-117.298671,,,106,,2065,-36.2,28,3.6
2026-07-28T20:06:14.752797,0D0A19,,33.26001,-117.769757,,,138,,,-36.0,27,0.8
2026-07-28T20:06:19.805685,AA38F8,N758NL,33.196426,-117.3375,,,268,,0223,-39.1,3383,28.3
2026-07-28T20:06:19.805685,ACF89F,DAL614,33.193359,-117.070093,,,279,,6117,-49.5,2062,0.8
2026-07-28T20:06:19.805685,A32368,DAL833,32.796703,-116.692685,,,22,,7622,-49.5,657,6.3
2026-07-28T20:06:19.805685,A46D4E,UAL1302,33.007073,-117.641265,,,307,,7713,-49.5,214,36.9
2026-07-28T20:06:19.805685,A3A9D1,EJA335,32.91568,-117.49845,,,307,,2056,-49.5,406,69.2
2026-07-28T20:06:19.805685,ADA16B,N978AP,33.218033,-116.962756,,,124,,1200,-36.3,96,40.7
2026-07-28T20:06:19.805685,AC1A2C,SWA2329,33.196518,-117.876764,,,303,,7347,-49.5,21,23.7
2026-07-28T20:06:19.805685,AC0C41,,32.841568,-117.383313,,,307,,,-49.5,26,24.2
2026-07-28T20:06:19.805685,AC5E01,SWA3744,33.516541,-117.279669,,,105,,2065,-36.2,51,0.9
2026-07-28T20:06:19.805685,0D0A19,,33.251751,-117.76105,,,138,,7264,-35.7,71,0.0
2026-07-28T20:06:24.892754,AA38F8,N758NL,33.196426,-117.3375,,,268,,0223,-39.1,3383,33.4
2026-07-28T20:06:24.892754,ACF89F,DAL614,33.195053,-117.082123,,,279,,6117,-49.5,2117,0.3
2026-07-28T20:06:24.892754,A32368,DAL833,32.815743,-116.683325,,,22,,7622,-33.8,668,0.4
2026-07-28T20:06:24.892754,A46D4E,UAL1302,33.007073,-117.641265,,,307,,7713,-49.5,214,42.0
2026-07-28T20:06:24.892754,A3A9D1,EJA335,32.91568,-117.49845,,,307,,2056,-49.5,413,74.3
2026-07-28T20:06:24.892754,ADA16B,N978AP,33.218033,-116.962756,,,124,,1200,-36.3,96,45.8
2026-07-28T20:06:24.892754,AC1A2C,SWA2329,33.196518,-117.876764,,,303,,7347,-49.5,21,28.8
2026-07-28T20:06:24.892754,AC0C41,,32.841568,-117.383313,,,307,,,-49.5,26,29.3
2026-07-28T20:06:24.892754,AC5E01,SWA3744,33.516541,-117.279669,,,105,,2065,-49.5,54,5.9
2026-07-28T20:06:24.892754,0D0A19,,33.246258,-117.75522,,,138,,7264,-49.5,101,1.2
2026-07-28T20:06:29.937788,AA38F8,N758NL,33.196426,-117.3375,,,268,,0223,-39.1,3383,38.4
2026-07-28T20:06:29.937788,ACF89F,DAL614,33.196494,-117.092621,,,279,,6117,-49.5,2170,0.4
2026-07-28T20:06:29.937788,A32368,DAL833,32.823238,-116.679569,,,22,,7622,-49.5,718,1.2
2026-07-28T20:06:29.937788,A46D4E,UAL1302,33.007073,-117.641265,,,307,,7713,-49.5,214,47.0
2026-07-28T20:06:29.937788,A3A9D1,EJA335,32.91568,-117.49845,,,307,,2056,-38.3,423,79.3
2026-07-28T20:06:29.937788,ADA16B,N978AP,33.218033,-116.962756,,,124,,1200,-36.3,96,50.8
2026-07-28T20:06:29.937788,AC1A2C,SWA2329,33.196518,-117.876764,,,303,,7347,-49.5,21,33.8
2026-07-28T20:06:29.937788,AC0C41,,32.868859,-117.425799,,,307,,,-49.5,34,0.7
2026-07-28T20:06:29.937788,AC5E01,SWA3744,33.516541,-117.279669,,,105,,2065,-49.5,54,11.0
2026-07-28T20:06:29.937788,0D0A19,,33.246258,-117.75522,,,138,,7264,-49.5,118,6.2
2026-07-28T20:06:35.015681,AA38F8,N758NL,33.196426,-117.3375,,,268,,0223,-39.1,3383,43.5
2026-07-28T20:06:35.015681,ACF89F,DAL614,33.198077,-117.103944,,,279,,6117,-49.5,2213,0.1
2026-07-28T20:06:35.015681,A32368,DAL833,32.828384,-116.677002,,,22,,7622,-38.5,731,3.4
2026-07-28T20:06:35.015681,A46D4E,UAL1302,33.007073,-117.641265,,,307,,7713,-49.5,214,52.1
2026-07-28T20:06:35.015681,A3A9D1,EJA335,32.996738,-117.624954,,,307,,2056,-37.8,431,1.9
2026-07-28T20:06:35.015681,ADA16B,N978AP,33.218033,-116.962756,,,124,,1200,-36.3,96,55.9
2026-07-28T20:06:35.015681,AC1A2C,SWA2329,33.196518,-117.876764,,,303,,7347,-49.5,21,38.9
2026-07-28T20:06:35.015681,AC0C41,SWA4186,32.873199,-117.432587,,,307,,,-37.0,55,0.5
2026-07-28T20:06:35.015681,AC5E01,SWA3744,33.509445,-117.240216,,,99,,2065,-35.3,75,0.0
2026-07-28T20:06:35.015681,0D0A19,,33.246258,-117.75522,,,138,,7264,-37.8,120,11.3
2026-07-28T20:06:40.093489,AA38F8,N758NL,33.196426,-117.3375,,,268,,0223,-39.1,3383,48.6
2026-07-28T20:06:40.093489,ACF89F,DAL614,33.198944,-117.110303,,,279,,6117,-49.5,2245,2.1
2026-07-28T20:06:40.093489,A32368,DAL833,32.828384,-116.677002,,,22,,7622,-38.5,731,8.4
2026-07-28T20:06:40.093489,A46D4E,UAL1302,33.007073,-117.641265,,,307,,7713,-49.5,214,57.2
2026-07-28T20:06:40.093489,A3A9D1,EJA335,32.999718,-117.629606,,,307,,2056,-49.5,434,3.8
2026-07-28T20:06:40.093489,AC1A2C,SWA2329,33.196518,-117.876764,,,303,,7347,-49.5,21,44.0
2026-07-28T20:06:40.093489,AC0C41,SWA4186,32.875031,-117.435388,,,307,,,-36.1,76,3.4
2026-07-28T20:06:40.093489,AC5E01,SWA3744,33.508161,-117.230287,,,98,,2065,-33.4,104,1.1
2026-07-28T20:06:40.093489,0D0A19,,33.246258,-117.75522,,,138,,7264,-49.5,121,16.4
2026-07-28T20:06:45.148755,AA38F8,N758NL,33.196426,-117.3375,,,268,,0223,-39.1,3383,53.6
2026-07-28T20:06:45.148755,ACF89F,DAL614,33.201096,-117.125793,,,279,,6117,-49.5,2297,0.0
2026-07-28T20:06:45.148755,A32368,DAL833,32.828384,-116.677002,,,22,,7622,-38.5,731,13.5
2026-07-28T20:06:45.148755,A3A9D1,EJA335,32.999718,-117.629606,,,307,,2056,-49.5,434,8.9
2026-07-28T20:06:45.148755,AC1A2C,SWA2329,33.196518,-117.876764,,,303,,7347,-49.5,21,49.0
2026-07-28T20:06:45.148755,AC0C41,SWA4186,32.875031,-117.435388,,,307,,,-49.5,77,8.5
2026-07-28T20:06:45.148755,AC5E01,SWA3744,33.506765,-117.217675,,,98,,2065,-37.3,111,1.1
2026-07-28T20:06:45.148755,0D0A19,,33.216604,-117.723943,,,138,,7264,-35.6,128,0.6
2026-07-28T20:06:45.148755,A97A37,,32.853287,-117.247852,,,290,,,-39.2,7,4.3
2026-07-28T20:06:50.235301,AA38F8,N758NL,33.196426,-117.3375,,,268,,0223,-39.1,3383,58.7
2026-07-28T20:06:50.235301,ACF89F,DAL614,33.202606,-117.136395,,,279,,6117,-49.5,2318,0.1
2026-07-28T20:06:50.235301,A32368,DAL833,32.828384,-116.677002,,,22,,7622,-38.5,731,18.6
2026-07-28T20:06:50.235301,A3A9D1,EJA335,32.999718,-117.629606,,,307,,2056,-49.5,434,14.0
2026-07-28T20:06:50.235301,AC1A2C,SWA2329,33.196518,-117.876764,,,303,,7347,-49.5,21,54.1
2026-07-28T20:06:50.235301,AC0C41,SWA4186,32.885944,-117.452424,,,307,,,-33.0,92,0.4
2026-07-28T20:06:50.235301,AC5E01,SWA3744,33.506765,-117.217675,,,98,,2065,-37.3,111,6.2
2026-07-28T20:06:50.235301,0D0A19,VOI1717,33.209622,-117.7166,,,138,,7264,-33.9,160,0.8
2026-07-28T20:06:50.235301,A97A37,,32.853287,-117.247852,,,290,,,-49.5,9,9.4
2026-07-28T20:06:50.235301,ABEA11,,33.666858,-116.44907,,,100,,,-49.5,25,0.1
2026-07-28T20:06:55.277074,ACF89F,DAL614,33.203989,-117.146544,,,279,,6117,-33.8,2335,0.4
2026-07-28T20:06:55.277074,A32368,DAL833,32.864344,-116.659166,,,22,,7622,-38.1,743,3.1
2026-07-28T20:06:55.277074,A3A9D1,EJA335,32.999718,-117.629606,,,307,,2056,-49.5,434,19.0
2026-07-28T20:06:55.277074,AC1A2C,SWA2329,33.196518,-117.876764,,,303,,7347,-49.5,21,59.2
2026-07-28T20:06:55.277074,AC0C41,SWA4186,32.890457,-117.459393,,,307,,,-49.5,117,0.0
2026-07-28T20:06:55.277074,AC5E01,SWA3744,33.504996,-117.194357,,,98,,2065,-49.5,114,2.0
2026-07-28T20:06:55.277074,0D0A19,VOI1717,33.202639,-117.709201,,,138,,7264,-49.5,181,0.9
2026-07-28T20:06:55.277074,A97A37,,32.853287,-117.247852,,,290,,,-49.5,9,14.5
2026-07-28T20:06:55.277074,ABEA11,AAL1669,33.666392,-116.446209,,,101,,,-35.5,40,4.1
2026-07-28T20:07:00.355819,ACF89F,DAL614,33.205572,-117.157923,,,279,,6117,-27.9,2383,0.0
2026-07-28T20:07:00.355819,A32368,DAL833,32.864344,-116.659166,,,22,,7622,-38.1,743,8.2
2026-07-28T20:07:00.355819,A3A9D1,EJA335,32.999718,-117.629606,,,307,,2056,-49.5,434,24.1
2026-07-28T20:07:00.355819,AC0C41,SWA4186,32.890778,-117.459943,,,307,,,-49.5,121,4.7
2026-07-28T20:07:00.355819,AC5E01,SWA3744,33.504996,-117.194357,,,98,,2065,-49.5,114,7.1
2026-07-28T20:07:00.355819,0D0A19,VOI1717,33.195465,-117.701642,,,138,,7264,-49.5,201,0.9
2026-07-28T20:07:00.355819,A97A37,,32.853287,-117.247852,,,290,,,-49.5,9,19.5
2026-07-28T20:07:00.355819,ABEA11,AAL1669,33.662659,-116.423184,,,101,,,-38.1,55,0.2
2026-07-28T20:07:05.437378,ACF89F,DAL614,33.206828,-117.166947,,,279,,6117,-30.7,2432,0.8
2026-07-28T20:07:05.437378,A32368,DAL833,32.864344,-116.659166,,,22,,7622,-38.1,743,13.2
2026-07-28T20:07:05.437378,A3A9D1,EJA335,32.999718,-117.629606,,,307,,2056,-49.5,434,29.2
2026-07-28T20:07:05.437378,AC0C41,SWA4186,32.890778,-117.459943,,,307,,,-49.5,121,9.7
2026-07-28T20:07:05.437378,AC5E01,SWA3744,33.504996,-117.194357,,,98,,2065,-49.5,114,12.1
2026-07-28T20:07:05.437378,0D0A19,VOI1717,33.19398,-117.700065,,,138,,7264,-49.5,206,4.9
2026-07-28T20:07:05.437378,A97A37,,32.853287,-117.247852,,,290,,,-49.5,9,24.6
2026-07-28T20:07:05.437378,ABEA11,AAL1669,33.662659,-116.423184,,,101,,,-39.7,63,5.2
2026-07-28T20:07:10.485952,ACF89F,DAL614,33.208179,-117.17614,,,279,,6117,-49.5,2462,1.4
2026-07-28T20:07:10.485952,A32368,DAL833,32.864344,-116.659166,,,22,,7622,-38.1,743,18.3
2026-07-28T20:07:10.485952,A3A9D1,EJA335,32.999718,-117.629606,,,307,,2056,-49.5,434,34.2
2026-07-28T20:07:10.485952,AC0C41,SWA4186,32.900422,-117.474901,,,307,,,-49.5,125,3.3
2026-07-28T20:07:10.485952,AC5E01,SWA3744,33.504996,-117.194357,,,98,,2065,-49.5,114,17.2
2026-07-28T20:07:10.485952,0D0A19,VOI1717,33.19398,-117.700065,,,138,,7264,-35.8,216,10.0
2026-07-28T20:07:10.485952,A97A37,,32.853287,-117.247852,,,290,,,-49.5,9,29.7
2026-07-28T20:07:10.485952,ABEA11,AAL1669,33.662659,-116.423184,,,101,,,-49.5,65,10.3
2026-07-28T20:07:15.574463,ACF89F,DAL614,33.209994,-117.18864,,,279,,6117,-49.5,2486,0.6
2026-07-28T20:07:15.574463,A32368,DAL833,32.864344,-116.659166,,,22,,7622,-38.1,743,23.4
2026-07-28T20:07:15.574463,A3A9D1,EJA335,32.999718,-117.629606,,,307,,2056,-38.0,436,39.3
2026-07-28T20:07:15.574463,AC0C41,SWA4186,32.90666,-117.484598,,,307,,1016,-35.8,151,0.9
2026-07-28T20:07:15.574463,AC5E01,SWA3744,33.503769,-117.137604,,,98,,2065,-37.7,115,0.0
2026-07-28T20:07:15.574463,0D0A19,VOI1717,33.174102,-117.679045,,,138,,7264,-34.2,240,1.1
2026-07-28T20:07:15.574463,A97A37,,32.853287,-117.247852,,,290,,,-49.5,9,34.7
2026-07-28T20:07:15.574463,ABEA11,AAL1669,33.662659,-116.423184,,,101,,,-49.5,65,15.4
2026-07-28T20:07:20.618237,ACF89F,DAL614,33.211533,-117.199072,,,279,,6117,-32.7,2504,0.5
2026-07-28T20:07:20.618237,A32368,DAL833,32.864344,-116.659166,,,22,,7622,-38.1,743,28.4
2026-07-28T20:07:20.618237,A3A9D1,EJA335,32.999718,-117.629606,,,307,,2056,-38.0,436,44.3
2026-07-28T20:07:20.618237,AC0C41,SWA4186,32.910004,-117.489825,,,307,,1016,-36.1,159,2.0
2026-07-28T20:07:20.618237,AC5E01,SWA3744,33.503586,-117.127112,,,91,,2065,-37.0,131,1.0
2026-07-28T20:07:20.618237,0D0A19,VOI1717,33.16698,-117.67159,,,138,,7264,-34.6,276,1.1
2026-07-28T20:07:20.618237,A97A37,,32.853287,-117.247852,,,290,,,-49.5,9,39.8
2026-07-28T20:07:20.618237,ABEA11,AAL1669,33.662659,-116.423184,,,101,,,-49.5,65,20.4
2026-07-28T20:07:25.682531,ACF89F,DAL614,33.212952,-117.20885,,,279,,6117,-31.6,2527,0.8
2026-07-28T20:07:25.682531,A32368,DAL833,32.864344,-116.659166,,,22,,7622,-38.1,743,33.5
2026-07-28T20:07:25.682531,A3A9D1,EJA335,32.999718,-117.629606,,,307,,2056,-38.0,436,49.4
2026-07-28T20:07:25.682531,AC0C41,SWA4186,32.910004,-117.489825,,,307,,1016,-35.4,160,7.0
2026-07-28T20:07:25.682531,AC5E01,SWA3744,33.503403,-117.116895,,,91,,2065,-38.4,135,2.1
2026-07-28T20:07:25.682531,0D0A19,VOI1717,33.158321,-117.662453,,,138,,7264,-32.1,308,0.0
2026-07-28T20:07:25.682531,A97A37,,32.853287,-117.247852,,,290,,,-49.5,9,44.8
2026-07-28T20:07:25.682531,ABEA11,AAL1669,33.662659,-116.423184,,,101,,,-49.5,65,25.5
2026-07-28T20:07:30.748492,ACF89F,DAL614,33.214462,-117.219177,,,279,,6117,-34.3,2556,1.0
2026-07-28T20:07:30.748492,A32368,DAL833,32.864344,-116.659166,,,22,,7622,-38.1,743,38.5
2026-07-28T20:07:30.748492,A3A9D1,EJA335,32.999718,-117.629606,,,307,,2056,-49.5,437,54.5
2026-07-28T20:07:30.748492,AC0C41,SWA4186,32.910004,-117.489825,,,307,,1016,-35.4,160,12.1
2026-07-28T20:07:30.748492,AC5E01,SWA3744,33.503403,-117.116895,,,91,,2065,-38.4,135,7.1
2026-07-28T20:07:30.748492,0D0A19,VOI1717,33.151474,-117.655115,,,138,,7264,-36.3,335,0.3
2026-07-28T20:07:30.748492,A97A37,,32.853287,-117.247852,,,290,,,-49.5,9,49.9
2026-07-28T20:07:30.748492,ABEA11,AAL1669,33.662659,-116.423184,,,101,,,-49.5,65,30.6
2026-07-28T20:07:35.800224,ACF89F,DAL614,33.214783,-117.221484,,,279,,6117,-49.5,2561,4.9
2026-07-28T20:07:35.800224,A32368,DAL833,32.864344,-116.659166,,,22,,7622,-38.1,743,43.6
2026-07-28T20:07:35.800224,A3A9D1,EJA335,32.999718,-117.629606,,,307,,2056,-49.5,438,59.6
2026-07-28T20:07:35.800224,AC0C41,SWA4186,32.910004,-117.489825,,,307,,1016,-35.4,160,17.2
2026-07-28T20:07:35.800224,AC5E01,SWA3744,33.503403,-117.116895,,,91,,2065,-38.4,135,12.2
2026-07-28T20:07:35.800224,0D0A19,VOI1717,33.148592,-117.652027,,,137,,7264,-35.8,348,3.3
2026-07-28T20:07:35.800224,A97A37,,32.853287,-117.247852,,,290,,,-49.5,9,55.0
2026-07-28T20:07:35.800224,ABEA11,AAL1669,33.662659,-116.423184,,,101,,,-49.5,65,35.6
2026-07-28T20:07:40.879859,ACF89F,DAL614,33.217621,-117.241095,,,279,,6117,-49.5,2578,0.5
2026-07-28T20:07:40.879859,A32368,DAL833,32.864344,-116.659166,,,22,,7622,-49.5,746,48.6
2026-07-28T20:07:40.879859,A3A9D1,EJA335,32.999718,-117.629606,,,307,,2056,-49.5,438,64.6
2026-07-28T20:07:40.879859,AC0C41,SWA4186,32.910004,-117.489825,,,307,,1016,-35.4,160,22.2
2026-07-28T20:07:40.879859,AC5E01,SWA3744,33.503403,-117.116895,,,91,,2065,-38.4,135,17.3
2026-07-28T20:07:40.879859,0D0A19,VOI1717,33.148592,-117.652027,,,137,,7264,-35.8,348,8.4
2026-07-28T20:07:40.879859,A97A37,,32.853287,-117.247852,,,290,,,-49.5,9,60.0
2026-07-28T20:07:40.879859,ABEA11,AAL1669,33.662659,-116.423184,,,101,,,-49.5,65,40.7
2026-07-28T20:07:45.932141,ACF89F,DAL614,33.218792,-117.248952,,,279,,6117,-49.5,2609,1.7
2026-07-28T20:07:45.932141,A32368,DAL833,32.864344,-116.659166,,,22,,7622,-39.6,747,53.7
2026-07-28T20:07:45.932141,A3A9D1,EJA335,32.999718,-117.629606,,,307,,2056,-49.5,438,69.6
2026-07-28T20:07:45.932141,AC0C41,SWA4186,32.910004,-117.489825,,,307,,1016,-35.4,160,27.3
2026-07-28T20:07:45.932141,AC5E01,SWA3744,33.503403,-117.116895,,,90,,2065,-36.8,136,22.3
2026-07-28T20:07:45.932141,0D0A19,VOI1717,33.148592,-117.652027,,,137,,7264,-35.8,348,13.4
2026-07-28T20:07:45.932141,A97A37,,32.853287,-117.247852,,,290,,,-49.5,9,65.1
2026-07-28T20:07:45.932141,ABEA11,AAL1669,33.662659,-116.423184,,,101,,,-49.5,65,45.7
2026-07-28T20:07:50.970784,ACF89F,DAL614,33.220841,-117.262966,,,280,,6117,-35.5,2639,0.0
2026-07-28T20:07:50.970784,A32368,DAL833,32.864344,-116.659166,,,22,,7622,-49.5,750,58.7
2026-07-28T20:07:50.970784,A3A9D1,EJA335,32.999718,-117.629606,,,307,,2056,-49.5,438,74.7
2026-07-28T20:07:50.970784,AC0C41,SWA4186,32.910004,-117.489825,,,307,,1016,-35.4,160,32.3
2026-07-28T20:07:50.970784,AC5E01,SWA3744,33.503403,-117.116895,,,90,,2065,-49.5,137,27.4
2026-07-28T20:07:50.970784,0D0A19,VOI1717,33.148592,-117.652027,,,137,,7264,-35.8,348,18.5
2026-07-28T20:07:50.970784,ABEA11,AAL1669,33.662659,-116.423184,,,101,,,-49.5,65,50.8
2026-07-28T20:07:56.048454,ACF89F,DAL614,33.222382,-117.27345,,,279,,6117,-49.5,2685,0.0
2026-07-28T20:07:56.048454,A32368,DAL833,32.864344,-116.659166,,,22,,7622,-49.5,750,63.8
2026-07-28T20:07:56.048454,A3A9D1,EJA335,32.999718,-117.629606,,,307,,2056,-49.5,438,79.8
2026-07-28T20:07:56.048454,AC0C41,SWA4186,32.910004,-117.489825,,,307,,1016,-35.4,160,37.4
2026-07-28T20:07:56.048454,AC5E01,SWA3744,33.503403,-117.116895,,,90,,2065,-49.5,137,32.4
2026-07-28T20:07:56.048454,0D0A19,VOI1717,33.116098,-117.615761,,,137,,7264,-49.5,358,0.3
2026-07-28T20:07:56.048454,ABEA11,AAL1669,33.662659,-116.423184,,,101,,,-49.5,65,55.9
2026-07-28T20:08:01.126747,ACF89F,DAL614,33.223308,-117.279669,,,279,,6117,-49.5,2726,2.1
2026-07-28T20:08:01.126747,A32368,DAL833,32.864344,-116.659166,,,22,,7622,-49.5,750,68.9
2026-07-28T20:08:01.126747,A3A9D1,EJA335,32.999718,-117.629606,,,307,,2056,-49.5,438,84.9
2026-07-28T20:08:01.126747,AC0C41,SWA4186,32.910004,-117.489825,,,307,,1016,-35.4,160,42.5
2026-07-28T20:08:01.126747,AC5E01,SWA3744,33.503403,-117.116895,,,90,,2065,-38.6,139,37.5
2026-07-28T20:08:01.126747,0D0A19,VOI1717,33.109268,-117.608038,,,136,,7264,-49.5,378,0.5
2026-07-28T20:08:01.126747,ABEA11,AAL1669,33.662659,-116.423184,,,101,,,-49.5,65,60.9
2026-07-28T20:08:06.204679,ACF89F,DAL614,33.223308,-117.279669,,,279,,6117,-49.5,2726,7.2
2026-07-28T20:08:06.204679,A32368,DAL833,32.864344,-116.659166,,,22,,7622,-49.5,750,74.0
2026-07-28T20:08:06.204679,A3A9D1,EJA335,32.999718,-117.629606,,,307,,2056,-49.5,438,89.9
2026-07-28T20:08:06.204679,AC0C41,SWA4186,32.947266,-117.547668,,,307,,1016,-49.5,161,4.2
2026-07-28T20:08:06.204679,AC5E01,SWA3744,33.503403,-117.116895,,,90,,2065,-38.6,139,42.6
2026-07-28T20:08:06.204679,0D0A19,VOI1717,33.107712,-117.606281,,,136,,7264,-37.9,387,4.5
2026-07-28T20:08:11.282864,ACF89F,DAL614,33.226776,-117.303662,,,279,,6117,-35.5,2771,0.5
2026-07-28T20:08:11.282864,A32368,DAL833,32.864344,-116.659166,,,22,,7622,-49.5,750,79.1
2026-07-28T20:08:11.282864,A3A9D1,EJA335,32.999718,-117.629606,,,307,,2056,-49.5,438,95.0
2026-07-28T20:08:11.282864,AC0C41,SWA4186,32.947266,-117.547668,,,307,,1016,-49.5,161,9.3
2026-07-28T20:08:11.282864,AC5E01,SWA3744,33.503403,-117.116895,,,90,,2065,-38.6,139,47.7
2026-07-28T20:08:11.282864,0D0A19,VOI1717,33.107712,-117.606281,,,136,,7264,-37.9,387,9.6
2026-07-28T20:08:16.358227,ACF89F,DAL614,33.227032,-117.30551,,,279,,6117,-49.5,2777,4.6
2026-07-28T20:08:16.358227,A32368,DAL833,32.864344,-116.659166,,,22,,7622,-49.5,750,84.1
2026-07-28T20:08:16.358227,A3A9D1,EJA335,32.999718,-117.629606,,,307,,2056,-49.5,438,100.1
2026-07-28T20:08:16.358227,AC0C41,SWA4186,32.947266,-117.547668,,,307,,1016,-49.5,161,14.4
2026-07-28T20:08:16.358227,AC5E01,SWA3744,33.503403,-117.116895,,,90,,2065,-38.6,139,52.8
2026-07-28T20:08:16.358227,0D0A19,VOI1717,33.107712,-117.606281,,,136,,7264,-37.9,387,14.6
2026-07-28T20:08:21.434136,ACF89F,DAL614,33.228429,-117.315319,,,279,,6117,-49.5,2797,5.0
2026-07-28T20:08:21.434136,A32368,DAL833,33.02318,-116.580972,,,23,,7622,-36.8,760,0.6
2026-07-28T20:08:21.434136,A3A9D1,EJA335,32.999718,-117.629606,,,307,,2056,-49.5,438,105.2
2026-07-28T20:08:21.434136,AC0C41,SWA4186,32.947266,-117.547668,,,307,,1016,-49.5,161,19.4
2026-07-28T20:08:21.434136,AC5E01,SWA3744,33.503403,-117.116895,,,90,,2065,-38.6,139,57.8
2026-07-28T20:08:21.434136,0D0A19,VOI1717,33.107712,-117.606281,,,136,,7264,-37.9,387,19.7
2026-07-28T20:08:26.482238,ACF89F,DAL614,33.230484,-117.32959,,,279,,6117,-37.9,2819,2.9
2026-07-28T20:08:26.482238,A32368,DAL833,33.02318,-116.580972,,,23,,7622,-49.5,769,5.6
2026-07-28T20:08:26.482238,A3A9D1,EJA335,32.999718,-117.629606,,,307,,2056,-49.5,438,110.2
2026-07-28T20:08:26.482238,AC0C41,SWA4186,32.947266,-117.547668,,,307,,1016,-49.5,161,24.5
2026-07-28T20:08:26.482238,AC5E01,SWA3744,33.503403,-117.116895,,,90,,2065,-38.6,139,62.9
2026-07-28T20:08:26.482238,0D0A19,VOI1717,33.073456,-117.567836,,,136,,7264,-34.9,392,0.7
2026-07-28T20:08:31.536177,ACF89F,DAL614,33.232773,-117.344971,,,280,,6117,-49.5,2841,0.2
2026-07-28T20:08:31.536177,A32368,DAL833,33.02318,-116.580972,,,23,,7622,-37.9,771,10.7
2026-07-28T20:08:31.536177,A3A9D1,EJA335,32.999718,-117.629606,,,307,,2056,-49.5,438,115.3
2026-07-28T20:08:31.536177,AC0C41,SWA4186,32.947266,-117.547668,,,307,,1016,-49.5,161,29.5
2026-07-28T20:08:31.536177,AC5E01,SWA3744,33.503403,-117.116895,,,90,,2065,-38.6,139,67.9
2026-07-28T20:08:31.536177,0D0A19,VOI1717,33.070816,-117.564862,,,136,,7264,-37.5,399,3.9
2026-07-28T20:08:36.585318,ACF89F,DAL614,33.234294,-117.3545,,,280,,6117,-34.6,2863,0.6
2026-07-28T20:08:36.585318,A32368,DAL833,33.02318,-116.580972,,,23,,7622,-49.5,774,15.8
2026-07-28T20:08:36.585318,AC0C41,SWA4186,32.947266,-117.547668,,,307,,1016,-49.5,161,34.6
2026-07-28T20:08:36.585318,AC5E01,SWA3744,33.503403,-117.116895,,,90,,2065,-38.6,139,73.0
2026-07-28T20:08:36.585318,0D0A19,VOI1717,33.070816,-117.564862,,,136,,7264,-49.5,402,9.0
2026-07-28T20:08:41.665214,ACF89F,DAL614,33.235199,-117.360461,,,280,,6117,-37.7,2876,2.6
2026-07-28T20:08:41.665214,A32368,DAL833,33.02318,-116.580972,,,23,,7622,-49.5,774,20.8
2026-07-28T20:08:41.665214,AC0C41,SWA4186,32.947266,-117.547668,,,307,,1016,-49.5,161,39.6
2026-07-28T20:08:41.665214,AC5E01,SWA3744,33.503403,-117.116895,,,90,,2065,-37.2,140,78.0
2026-07-28T20:08:41.665214,0D0A19,VOI1717,33.052508,-117.544406,,,136,,7264,-49.5,430,1.3
2026-07-28T20:08:46.716171,ACF89F,DAL614,33.235199,-117.360461,,,280,,6117,-37.7,2876,7.6
2026-07-28T20:08:46.716171,A32368,DAL833,33.06773,-116.557599,,,23,,7622,-38.6,779,1.3
2026-07-28T20:08:46.716171,AC0C41,SWA4186,32.947266,-117.547668,,,307,,1016,-49.5,161,44.7
2026-07-28T20:08:46.716171,AC5E01,SWA3744,33.503403,-117.116895,,,90,,2065,-37.2,140,83.1
2026-07-28T20:08:46.716171,0D0A19,VOI1717,33.043625,-117.53454,,,136,,7264,-38.0,451,0.1
2026-07-28T20:08:51.754416,ACF89F,DAL614,33.235199,-117.360461,,,280,,6117,-37.7,2876,12.7
2026-07-28T20:08:51.754416,A32368,DAL833,33.06773,-116.557599,,,23,,7622,-37.4,780,6.3
2026-07-28T20:08:51.754416,AC0C41,SWA4186,32.947266,-117.547668,,,307,,1016,-37.1,164,49.7
2026-07-28T20:08:51.754416,AC5E01,SWA3744,33.503403,-117.116895,,,90,,2065,-37.2,140,88.1
2026-07-28T20:08:51.754416,0D0A19,VOI1717,33.043625,-117.53454,,,136,,7264,-49.5,453,5.2
2026-07-28T20:08:56.828201,ACF89F,DAL614,33.235199,-117.360461,,,280,,6117,-37.7,2876,17.7
2026-07-28T20:08:56.828201,A32368,DAL833,33.06773,-116.557599,,,23,,7622,-37.4,780,11.4
2026-07-28T20:08:56.828201,AC0C41,SWA4186,32.947266,-117.547668,,,307,,1016,-49.5,165,54.8
2026-07-28T20:08:56.828201,AC5E01,SWA3744,33.503403,-117.116895,,,90,,2065,-49.5,142,93.2
2026-07-28T20:08:56.828201,0D0A19,VOI1717,33.029278,-117.518622,,,136,,7264,-49.5,478,0.4
2026-07-28T20:09:01.872038,ACF89F,DAL614,33.242432,-117.40545,,,280,,6117,-34.8,2899,0.0
2026-07-28T20:09:01.872038,A32368,DAL833,33.06773,-116.557599,,,23,,7622,-37.4,780,16.4
2026-07-28T20:09:01.872038,AC0C41,SWA4186,32.947266,-117.547668,,,307,,1016,-49.5,165,59.8
2026-07-28T20:09:01.872038,AC5E01,SWA3744,33.503403,-117.116895,,,90,,2065,-39.5,143,98.2
2026-07-28T20:09:01.872038,0D0A19,VOI1717,33.022295,-117.510887,,,136,,7264,-49.5,497,0.7
2026-07-28T20:09:06.925162,ACF89F,DAL614,33.243668,-117.413141,,,280,,6117,-49.5,2933,1.1
2026-07-28T20:09:06.925162,A32368,DAL833,33.06773,-116.557599,,,23,,7622,-37.4,780,21.5
2026-07-28T20:09:06.925162,AC0C41,SWA4186,32.947266,-117.547668,,,307,,1016,-49.5,165,64.9
2026-07-28T20:09:06.925162,AC5E01,SWA3744,33.503403,-117.116895,,,90,,2065,-39.5,143,103.3
2026-07-28T20:09:06.925162,0D0A19,VOI1717,33.014894,-117.502647,,,136,,7264,-32.0,511,0.6
2026-07-28T20:09:11.975174,ACF89F,DAL614,33.243668,-117.413141,,,280,,6117,-49.5,2934,6.2
2026-07-28T20:09:11.975174,A32368,DAL833,33.06773,-116.557599,,,23,,7622,-37.4,780,26.5
2026-07-28T20:09:11.975174,AC0C41,SWA4186,32.947266,-117.547668,,,307,,1016,-49.5,165,69.9
2026-07-28T20:09:11.975174,AC5E01,SWA3744,33.503403,-117.116895,,,90,,2065,-39.5,143,108.3
2026-07-28T20:09:11.975174,0D0A19,VOI1717,33.007585,-117.494575,,,136,,7264,-49.5,545,0.7
2026-07-28T20:09:17.040516,ACF89F,DAL614,33.243668,-117.413141,,,280,,6117,-49.5,2937,11.3
2026-07-28T20:09:17.040516,A32368,DAL833,33.06773,-116.557599,,,23,,7622,-37.4,780,31.6
2026-07-28T20:09:17.040516,AC0C41,SWA4186,32.947266,-117.547668,,,307,,1016,-49.5,165,75.0
2026-07-28T20:09:17.040516,AC5E01,SWA3744,33.503403,-117.116895,,,90,,2065,-39.5,143,113.4
2026-07-28T20:09:17.040516,0D0A19,VOI1717,32.999857,-117.485999,,,136,,7264,-33.8,592,0.4
2026-07-28T20:09:22.107049,ACF89F,DAL614,33.243668,-117.413141,,,280,,6117,-49.5,2938,16.3
2026-07-28T20:09:22.107049,A32368,DAL833,33.06773,-116.557599,,,23,,7622,-37.4,780,36.7
2026-07-28T20:09:22.107049,AC0C41,SWA4186,32.947266,-117.547668,,,307,,1016,-49.5,165,80.1
2026-07-28T20:09:22.107049,AC5E01,SWA3744,33.498962,-116.817737,,,90,,2065,-37.8,144,3.5
2026-07-28T20:09:22.107049,0D0A19,VOI1717,32.997162,-117.483014,,,136,,7264,-49.5,601,3.7
2026-07-28T20:09:27.167066,ACF89F,DAL614,33.243668,-117.413141,,,280,,6117,-49.5,2938,21.4
2026-07-28T20:09:27.167066,A32368,DAL833,33.06773,-116.557599,,,23,,7622,-37.4,780,41.7
2026-07-28T20:09:27.167066,AC0C41,SWA4186,32.947266,-117.547668,,,307,,1016,-49.5,165,85.2
2026-07-28T20:09:27.167066,AC5E01,SWA3744,33.498962,-116.817737,,,90,,2065,-37.8,144,8.5
2026-07-28T20:09:27.167066,0D0A19,VOI1717,32.98558,-117.47016,,,137,,7264,-49.5,646,0.8
2026-07-28T20:09:32.237756,ACF89F,DAL614,33.243668,-117.413141,,,280,,6117,-49.5,2938,26.4
2026-07-28T20:09:32.237756,A32368,DAL833,33.06773,-116.557599,,,23,,7622,-37.4,780,46.8
2026-07-28T20:09:32.237756,AC0C41,SWA4186,32.947266,-117.547668,,,307,,1016,-49.5,165,90.2
2026-07-28T20:09:32.237756,AC5E01,SWA3744,33.498962,-116.817737,,,90,,2065,-37.8,144,13.6
2026-07-28T20:09:32.237756,0D0A19,VOI1717,32.979654,-117.463578,,,136,,7264,-37.9,679,1.8
2026-07-28T20:09:37.295024,ACF89F,DAL614,33.243668,-117.413141,,,280,,6117,-49.5,2938,31.5
2026-07-28T20:09:37.295024,A32368,DAL833,33.06773,-116.557599,,,23,,7622,-49.5,781,51.9
2026-07-28T20:09:37.295024,AC0C41,SWA4186,32.947266,-117.547668,,,307,,1016,-49.5,165,95.3
2026-07-28T20:09:37.295024,AC5E01,SWA3744,33.498962,-116.817737,,,90,,2065,-37.8,144,18.7
2026-07-28T20:09:37.295024,0D0A19,VOI1717,32.973741,-117.457076,,,136,,7264,-34.2,692,3.0
2026-07-28T20:09:42.376656,ACF89F,DAL614,33.243668,-117.413141,,,280,,6117,-39.5,2939,36.6
2026-07-28T20:09:42.376656,A32368,DAL833,33.06773,-116.557599,,,23,,7622,-49.5,781,56.9
2026-07-28T20:09:42.376656,AC0C41,SWA4186,32.947266,-117.547668,,,307,,1016,-49.5,165,100.4
2026-07-28T20:09:42.376656,AC5E01,SWA3744,33.497955,-116.756543,,,90,,2065,-49.5,149,0.6
2026-07-28T20:09:42.376656,0D0A19,VOI1717,32.96201,-117.444072,,,136,,7264,-49.5,717,0.0
2026-07-28T20:09:42.376656,A97A37,,32.92812,-117.294691,,,336,,1200,-49.5,14,0.3
2026-07-28T20:09:47.450936,ACF89F,DAL614,33.243668,-117.413141,,,280,,6117,-39.5,2939,41.7
2026-07-28T20:09:47.450936,A32368,DAL833,33.06773,-116.557599,,,23,,7622,-49.5,781,62.0
2026-07-28T20:09:47.450936,AC0C41,SWA4186,32.947266,-117.547668,,,307,,1016,-49.5,165,105.4
2026-07-28T20:09:47.450936,AC5E01,SWA3744,33.497726,-116.74281,,,91,,2065,-49.5,158,0.5
2026-07-28T20:09:47.450936,0D0A19,VOI1717,32.955002,-117.436322,,,136,,7264,-32.9,756,0.3
2026-07-28T20:09:47.450936,A97A37,,32.929642,-117.295422,,,337,,1200,-49.5,38,0.8
2026-07-28T20:09:52.499119,ACF89F,DAL614,33.243668,-117.413141,,,280,,6117,-37.6,2940,46.7
2026-07-28T20:09:52.499119,A32368,DAL833,33.06773,-116.557599,,,23,,7622,-49.5,781,67.1
2026-07-28T20:09:52.499119,AC0C41,SWA4186,32.947266,-117.547668,,,307,,1016,-49.5,166,110.5
2026-07-28T20:09:52.499119,AC5E01,SWA3744,33.497726,-116.74281,,,91,,2065,-49.5,158,5.5
2026-07-28T20:09:52.499119,0D0A19,VOI1717,32.948639,-117.429291,,,136,,7264,-32.3,784,1.0
2026-07-28T20:09:52.499119,A97A37,,32.931381,-117.296356,,,336,,1200,-49.5,90,0.4
2026-07-28T20:09:57.550082,ACF89F,DAL614,33.260284,-117.514984,,,285,,6117,-33.6,2960,0.3
2026-07-28T20:09:57.550082,A32368,DAL833,33.06773,-116.557599,,,23,,7622,-49.5,781,72.1
2026-07-28T20:09:57.550082,AC0C41,SWA4186,32.947266,-117.547668,,,307,,1016,-49.5,166,115.5
2026-07-28T20:09:57.550082,AC5E01,SWA3744,33.497726,-116.74281,,,91,,2065,-49.5,158,10.6
2026-07-28T20:09:57.550082,0D0A19,VOI1717,32.940876,-117.420698,,,136,,7264,-31.3,820,0.9
2026-07-28T20:09:57.550082,A97A37,N71FF,32.933194,-117.297214,,,337,,1200,-49.5,146,0.0
2026-07-28T20:10:02.602219,ACF89F,DAL614,33.263017,-117.52518,,,287,,6117,-34.8,2987,0.1
2026-07-28T20:10:02.602219,A32368,DAL833,33.06773,-116.557599,,,23,,7622,-49.5,781,77.2
2026-07-28T20:10:02.602219,AC0C41,SWA4186,32.947266,-117.547668,,,307,,1016,-49.5,166,120.6
2026-07-28T20:10:02.602219,AC5E01,SWA3744,33.497726,-116.74281,,,91,,2065,-49.5,158,15.6
2026-07-28T20:10:02.602219,0D0A19,VOI1717,32.93217,-117.411001,,,136,,7264,-49.5,862,0.0
2026-07-28T20:10:02.602219,A97A37,N71FF,32.934824,-117.297999,,,338,,1200,-30.2,216,0.0
2026-07-28T20:10:07.655451,ACF89F,DAL614,33.265594,-117.533002,,,291,,6117,-49.5,3010,0.9
2026-07-28T20:10:07.655451,A32368,DAL833,33.06773,-116.557599,,,23,,7622,-49.5,781,82.2
2026-07-28T20:10:07.655451,AC0C41,SWA4186,32.947266,-117.547668,,,307,,1016,-49.5,166,125.6
2026-07-28T20:10:07.655451,AC5E01,SWA3744,33.497726,-116.74281,,,91,,2065,-49.5,158,20.7
2026-07-28T20:10:07.655451,0D0A19,VOI1717,32.924908,-117.402985,,,136,,7264,-49.5,910,0.2
2026-07-28T20:10:07.655451,A97A37,N71FF,32.9365,-117.298727,,,338,,1200,-35.0,279,0.0
2026-07-28T20:10:12.693274,ACF89F,DAL614,33.26879,-117.541491,,,293,,6117,-49.5,3037,1.3
2026-07-28T20:10:12.693274,A32368,DAL833,33.06773,-116.557599,,,23,,7622,-49.5,781,87.3
2026-07-28T20:10:12.693274,AC0C41,SWA4186,32.947266,-117.547668,,,315,,1016,-38.9,167,130.7
2026-07-28T20:10:12.693274,AC5E01,SWA3744,33.497726,-116.74281,,,91,,2065,-49.5,158,25.7
2026-07-28T20:10:12.693274,0D0A19,VOI1717,32.91718,-117.394409,,,136,,7264,-29.8,975,0.0
2026-07-28T20:10:12.693274,A97A37,N71FF,32.938156,-117.299542,,,338,,1200,-49.5,306,0.0
2026-07-28T20:10:17.757958,ACF89F,DAL614,33.271164,-117.547153,,,297,,6117,-35.4,3048,3.0
2026-07-28T20:10:17.757958,A32368,DAL833,33.06773,-116.557599,,,23,,7622,-49.5,781,92.3
2026-07-28T20:10:17.757958,AC0C41,SWA4186,32.947266,-117.547668,,,315,,1016,-38.9,167,135.7
2026-07-28T20:10:17.757958,AC5E01,SWA3744,33.497726,-116.74281,,,91,,2065,-49.5,158,30.8
2026-07-28T20:10:17.757958,0D0A19,VOI1717,32.911361,-117.387963,,,136,,7264,-49.5,1001,1.2
2026-07-28T20:10:17.757958,A97A37,N71FF,32.939153,-117.29996,,,339,,1200,-37.9,335,2.2
2026-07-28T20:10:17.757958,A3A9D1,,33.239319,-117.906482,,,320,,,-49.5,14,3.7
2026-07-28T20:10:17.757958,AA38F8,,33.225449,-117.484318,,,315,,,-38.8,3,1.7
2026-07-28T20:10:17.757958,AC1A2C,,33.358915,-118.408851,,,,,,-49.5,2,0.6
2026-07-28T20:10:22.810598,ACF89F,DAL614,33.276535,-117.558325,,,297,,6117,-36.8,3060,1.5
2026-07-28T20:10:22.810598,A32368,DAL833,33.06773,-116.557599,,,23,,7622,-49.5,781,97.4
2026-07-28T20:10:22.810598,AC0C41,SWA4186,32.947266,-117.547668,,,315,,1016,-38.9,167,140.8
2026-07-28T20:10:22.810598,AC5E01,SWA3744,33.497726,-116.74281,,,91,,2065,-49.5,158,35.8
2026-07-28T20:10:22.810598,0D0A19,VOI1717,32.902423,-117.378098,,,136,,7264,-31.0,1028,0.2
2026-07-28T20:10:22.810598,A97A37,N71FF,32.939153,-117.29996,,,337,,1200,-49.5,338,7.3
2026-07-28T20:10:22.810598,A3A9D1,,33.239319,-117.906482,,,320,,,-49.5,14,8.7
2026-07-28T20:10:22.810598,AA38F8,,33.227737,-117.487134,,,313,,,-49.5,10,0.1
2026-07-28T20:10:22.810598,AC1A2C,,33.357192,-118.42023,,,261,,,-39.2,11,0.3
2026-07-28T20:10:27.871988,ACF89F,DAL614,33.276535,-117.558325,,,297,,6117,-36.8,3060,6.6
2026-07-28T20:10:27.871988,A32368,DAL833,33.06773,-116.557599,,,23,,7622,-49.5,781,102.4
2026-07-28T20:10:27.871988,AC0C41,SWA4186,32.947266,-117.547668,,,315,,1016,-38.9,167,145.9
2026-07-28T20:10:27.871988,AC5E01,SWA3744,33.497726,-116.74281,,,91,,2065,-49.5,158,40.9
2026-07-28T20:10:27.871988,0D0A19,VOI1717,32.894835,-117.369634,,,137,,7264,-49.5,1058,0.2
2026-07-28T20:10:27.871988,A97A37,N71FF,32.943064,-117.30209,,,326,,1200,-37.3,347,0.3
2026-07-28T20:10:27.871988,A3A9D1,,33.239319,-117.906482,,,320,,,-49.5,14,13.8
2026-07-28T20:10:27.871988,AA38F8,,33.228287,-117.487793,,,314,,,-49.5,17,3.5
2026-07-28T20:10:27.871988,AC1A2C,,33.357192,-118.42023,,,254,,,-49.5,14,5.4
2026-07-28T20:10:32.953497,ACF89F,DAL614,33.276535,-117.558325,,,297,,6117,-49.5,3061,11.7
2026-07-28T20:10:32.953497,A32368,DAL833,33.06773,-116.557599,,,23,,7622,-49.5,781,107.5
2026-07-28T20:10:32.953497,AC0C41,SWA4186,32.947266,-117.547668,,,315,,1016,-38.9,167,150.9
2026-07-28T20:10:32.953497,AC5E01,SWA3744,33.495758,-116.621686,,,91,,2065,-35.9,176,0.7
2026-07-28T20:10:32.953497,0D0A19,VOI1717,32.887436,-117.36145,,,137,,7264,-30.9,1104,0.3
2026-07-28T20:10:32.953497,A97A37,N71FF,32.944611,-117.303387,,,325,,1200,-49.5,409,0.4
2026-07-28T20:10:32.953497,A3A9D1,,33.239319,-117.906482,,,320,,,-39.1,15,18.9
2026-07-28T20:10:32.953497,AA38F8,,33.228287,-117.487793,,,314,,,-49.5,17,8.6
2026-07-28T20:10:32.953497,AC1A2C,,33.357192,-118.42023,,,254,,,-49.5,14,10.5
2026-07-28T20:10:32.953497,A28EE7,,32.684189,-117.175342,,,92,,,-36.3,15,0.7
2026-07-28T20:10:38.024892,ACF89F,DAL614,33.288437,-117.580518,,,297,,6117,-40.4,3063,3.1
2026-07-28T20:10:38.024892,AC0C41,SWA4186,32.947266,-117.547668,,,315,,1016,-38.9,167,156.0
2026-07-28T20:10:38.024892,AC5E01,SWA3744,33.495545,-116.606589,,,91,,2065,-49.5,218,0.0
2026-07-28T20:10:38.024892,0D0A19,VOI1717,32.880311,-117.353603,,,137,,7264,-49.5,1145,0.7
2026-07-28T20:10:38.024892,A97A37,N71FF,32.946276,-117.304557,,,330,,1200,-49.5,429,0.3
2026-07-28T20:10:38.024892,A3A9D1,,33.239319,-117.906482,,,320,,,-39.1,15,24.0
2026-07-28T20:10:38.024892,AA38F8,,33.228287,-117.487793,,,316,,,-49.5,18,13.6
2026-07-28T20:10:38.024892,AC1A2C,,33.357192,-118.42023,,,254,,,-49.5,14,15.6
2026-07-28T20:10:38.024892,A28EE7,SWA3509,32.683823,-117.164026,,,92,,,-49.5,61,0.5
2026-07-28T20:10:43.072235,ACF89F,DAL614,33.288437,-117.580518,,,297,,6117,-40.4,3063,8.1
2026-07-28T20:10:43.072235,AC0C41,SWA4186,32.947266,-117.547668,,,315,,1016,-38.9,167,161.0
2026-07-28T20:10:43.072235,AC5E01,SWA3744,33.495346,-116.592902,,,91,,2065,-37.6,255,0.0
2026-07-28T20:10:43.072235,0D0A19,VOI1717,32.873062,-117.345575,,,136,,7264,-32.3,1183,0.8
2026-07-28T20:10:43.072235,A97A37,N71FF,32.947952,-117.305695,,,329,,1200,-49.5,490,0.4
2026-07-28T20:10:43.072235,A3A9D1,,33.239319,-117.906482,,,320,,,-39.1,15,29.0
2026-07-28T20:10:43.072235,AA38F8,N758NL,33.234741,-117.495209,,,315,,,-49.5,30,0.8
2026-07-28T20:10:43.072235,AC1A2C,,33.357192,-118.42023,,,254,,,-49.5,14,20.6
2026-07-28T20:10:43.072235,A28EE7,SWA3509,32.683628,-117.157306,,,92,,,-36.4,76,2.5
2026-07-28T20:10:48.134748,ACF89F,DAL614,33.288437,-117.580518,,,297,,6117,-40.4,3063,13.2
2026-07-28T20:10:48.134748,AC0C41,SWA4186,32.947266,-117.547668,,,315,,1016,-38.9,167,166.1
2026-07-28T20:10:48.134748,AC5E01,SWA3744,33.495255,-116.588782,,,91,,2065,-36.9,260,3.6
2026-07-28T20:10:48.134748,0D0A19,VOI1717,32.864716,-117.336395,,,136,,7264,-30.4,1244,0.4
2026-07-28T20:10:48.134748,A97A37,N71FF,32.949417,-117.306793,,,323,,1200,-49.5,545,1.1
2026-07-28T20:10:48.134748,A3A9D1,,33.239319,-117.906482,,,320,,,-39.1,15,34.1
2026-07-28T20:10:48.134748,AA38F8,N758NL,33.234741,-117.495209,,,315,,,-49.5,30,5.8
2026-07-28T20:10:48.134748,AC1A2C,,33.357192,-118.42023,,,254,,,-49.5,14,25.7
2026-07-28T20:10:48.134748,A28EE7,SWA3509,32.683302,-117.146096,,,92,,,-35.7,80,2.5
2026-07-28T20:10:53.175863,ACF89F,DAL614,33.288437,-117.580518,,,297,,6117,-40.4,3063,18.2
2026-07-28T20:10:53.175863,AC0C41,SWA4186,32.947266,-117.547668,,,315,,1016,-38.9,167,171.1
2026-07-28T20:10:53.175863,AC5E01,SWA3744,33.495255,-116.588782,,,90,,2065,-38.8,267,8.6
2026-07-28T20:10:53.175863,0D0A19,VOI1717,32.857826,-117.328771,,,137,,7264,-32.6,1295,0.7
2026-07-28T20:10:53.175863,A97A37,N71FF,32.950838,-117.308144,,,320,,1200,-49.5,557,1.8
2026-07-28T20:10:53.175863,A3A9D1,,33.239319,-117.906482,,,320,,,-39.1,15,39.1
2026-07-28T20:10:53.175863,AA38F8,N758NL,33.234741,-117.495209,,,315,,,-49.5,33,10.9
2026-07-28T20:10:53.175863,AC1A2C,,33.357192,-118.42023,,,254,,,-49.5,14,30.7
2026-07-28T20:10:53.175863,A28EE7,SWA3509,32.683302,-117.146096,,,92,,,-49.5,86,7.5
2026-07-28T20:10:58.237642,ACF89F,DAL614,33.288437,-117.580518,,,297,,6117,-40.4,3063,23.3
2026-07-28T20:10:58.237642,AC0C41,SWA4186,32.947266,-117.547668,,,315,,1016,-38.9,167,176.2
2026-07-28T20:10:58.237642,AC5E01,SWA3744,33.494801,-116.557767,,,90,,2065,-36.9,276,2.2
2026-07-28T20:10:58.237642,0D0A19,VOI1717,32.849168,-117.31913,,,137,,7264,-29.0,1351,0.0
2026-07-28T20:10:58.237642,A97A37,N71FF,32.952713,-117.310254,,,315,,1200,-49.5,566,1.1
2026-07-28T20:10:58.237642,A3A9D1,,33.239319,-117.906482,,,320,,,-39.1,15,44.2
2026-07-28T20:10:58.237642,AA38F8,N758NL,33.23867,-117.500293,,,313,,,-38.8,35,4.0
2026-07-28T20:10:58.237642,AC1A2C,,33.357192,-118.42023,,,254,,,-49.5,14,35.8
2026-07-28T20:10:58.237642,A28EE7,SWA3509,32.682724,-117.127826,,,92,,,-37.9,95,4.4
2026-07-28T20:11:03.310774,ACF89F,DAL614,33.288437,-117.580518,,,297,,6117,-40.4,3063,28.4
2026-07-28T20:11:03.310774,AC0C41,SWA4186,32.947266,-117.547668,,,315,,1016,-38.9,167,181.3
2026-07-28T20:11:03.310774,AC5E01,SWA3744,33.494801,-116.557767,,,90,,2065,-36.9,276,7.3
2026-07-28T20:11:03.310774,0D0A19,VOI1717,32.841568,-117.310803,,,137,,7264,-49.5,1406,0.0
2026-07-28T20:11:03.310774,A97A37,N71FF,32.954608,-117.312628,,,310,,1200,-38.1,599,0.5
2026-07-28T20:11:03.310774,A3A9D1,,33.239319,-117.906482,,,320,,,-39.1,15,49.3
2026-07-28T20:11:03.310774,AA38F8,N758NL,33.24165,-117.504104,,,313,,0223,-49.5,50,0.0
2026-07-28T20:11:03.310774,AC1A2C,,33.357192,-118.42023,,,254,,,-49.5,14,40.9
2026-07-28T20:11:03.310774,A28EE7,SWA3509,32.682724,-117.127826,,,92,,,-37.9,95,9.5
2026-07-28T20:11:08.356738,ACF89F,DAL614,33.288437,-117.580518,,,297,,6117,-40.4,3063,33.5
2026-07-28T20:11:08.356738,AC0C41,SWA4186,32.947266,-117.547668,,,315,,1016,-38.9,167,186.4
2026-07-28T20:11:08.356738,AC5E01,SWA3744,33.494801,-116.557767,,,90,,2065,-36.9,276,12.3
2026-07-28T20:11:08.356738,0D0A19,VOI1717,32.834335,-117.302783,,,137,,7264,-30.7,1464,0.4
2026-07-28T20:11:08.356738,A97A37,N71FF,32.956377,-117.315207,,,307,,1200,-28.9,644,0.0
2026-07-28T20:11:08.356738,A3A9D1,,33.239319,-117.906482,,,320,,,-39.1,15,54.3
2026-07-28T20:11:08.356738,AA38F8,N758NL,33.243256,-117.506085,,,313,,0223,-37.9,79,0.5
2026-07-28T20:11:08.356738,AC1A2C,,33.357192,-118.42023,,,254,,,-49.5,14,45.9
2026-07-28T20:11:08.356738,A28EE7,SWA3509,32.682724,-117.127826,,,92,,,-37.9,95,14.6
2026-07-28T20:11:13.436358,ACF89F,DAL614,33.288437,-117.580518,,,297,,6117,-40.4,3063,38.5
2026-07-28T20:11:13.436358,AC5E01,SWA3744,33.494801,-116.557767,,,90,,2065,-36.9,276,17.4
2026-07-28T20:11:13.436358,0D0A19,VOI1717,32.826599,-117.294324,,,137,,7264,-49.5,1518,0.3
2026-07-28T20:11:13.436358,A97A37,N71FF,32.957867,-117.317617,,,306,,1200,-31.1,704,0.1
2026-07-28T20:11:13.436358,A3A9D1,,33.239319,-117.906482,,,320,,,-39.1,15,59.4
2026-07-28T20:11:13.436358,AA38F8,N758NL,33.244583,-117.507788,,,313,,0223,-49.5,101,1.5
2026-07-28T20:11:13.436358,AC1A2C,,33.357192,-118.42023,,,254,,,-49.5,14,51.0
2026-07-28T20:11:13.436358,A28EE7,SWA3509,32.68144,-117.085054,,,92,,,-37.7,103,0.6
2026-07-28T20:11:18.485557,ACF89F,DAL614,33.288437,-117.580518,,,297,,6117,-40.4,3063,43.7
2026-07-28T20:11:18.485557,AC5E01,SWA3744,33.494801,-116.557767,,,90,,2065,-36.9,276,22.6
2026-07-28T20:11:18.485557,0D0A19,VOI1717,32.820491,-117.287517,,,136,,7264,-49.5,1557,1.4
2026-07-28T20:11:18.485557,A97A37,N71FF,32.959217,-117.319691,,,306,,1200,-33.9,759,0.9
2026-07-28T20:11:18.485557,A3A9D1,,33.239319,-117.906482,,,320,,,-39.1,15,64.6
2026-07-28T20:11:18.485557,AA38F8,N758NL,33.246584,-117.51027,,,314,,0223,-37.8,119,0.8
2026-07-28T20:11:18.485557,AC1A2C,,33.357192,-118.42023,,,254,,,-49.5,14,56.2
2026-07-28T20:11:18.485557,A28EE7,SWA3509,32.681076,-117.073608,,,92,,,-38.5,107,0.8
2026-07-28T20:11:23.663812,ACF89F,DAL614,33.288437,-117.580518,,,297,,6117,-40.4,3063,48.8
2026-07-28T20:11:23.663812,AC5E01,SWA3744,33.494801,-116.557767,,,90,,2065,-36.9,276,27.7
2026-07-28T20:11:23.663812,0D0A19,VOI1717,32.811172,-117.27724,,,137,,7264,-49.5,1622,0.0
2026-07-28T20:11:23.663812,A97A37,N71FF,32.960893,-117.322438,,,306,,1200,-37.6,803,0.0
2026-07-28T20:11:23.663812,A3A9D1,,33.239319,-117.906482,,,320,,,-39.1,15,69.7
2026-07-28T20:11:23.663812,AA38F8,N758NL,33.248062,-117.512073,,,315,,0223,-49.5,141,1.5
2026-07-28T20:11:23.663812,AC1A2C,,33.357192,-118.42023,,,254,,,-49.5,14,61.3
2026-07-28T20:11:23.663812,A28EE7,SWA3509,32.680742,-117.0614,,,91,,2033,-49.5,133,0.5
2026-07-28T20:11:28.758207,ACF89F,DAL614,33.288437,-117.580518,,,297,,6117,-40.4,3063,53.8
2026-07-28T20:11:28.758207,AC5E01,SWA3744,33.494801,-116.557767,,,90,,2065,-36.9,276,32.7
2026-07-28T20:11:28.758207,0D0A19,VOI1717,32.803574,-117.26889,,,137,,7264,-49.5,1665,0.4
2026-07-28T20:11:28.758207,A97A37,N71FF,32.962463,-117.324921,,,306,,1200,-36.2,848,0.2
2026-07-28T20:11:28.758207,A3A9D1,,33.239319,-117.906482,,,320,,,-39.1,15,74.7
2026-07-28T20:11:28.758207,AA38F8,N758NL,33.250031,-117.514325,,,316,,0223,-38.4,151,1.0
2026-07-28T20:11:28.758207,A28EE7,SWA3509,32.680369,-117.049797,,,91,,2033,-34.5,183,0.5
2026-07-28T20:11:28.758207,A32368,,33.364517,-116.40152,,,,,,-49.5,2,3.0
2026-07-28T20:11:33.839794,ACF89F,DAL614,33.288437,-117.580518,,,297,,6117,-40.4,3063,58.9
2026-07-28T20:11:33.839794,AC5E01,SWA3744,33.494801,-116.557767,,,90,,2065,-36.9,276,37.8
2026-07-28T20:11:33.839794,0D0A19,VOI1717,32.795446,-117.259883,,,137,,7264,-32.6,1712,0.2
2026-07-28T20:11:33.839794,A97A37,N71FF,32.962463,-117.324921,,,306,,1200,-36.6,852,5.2
2026-07-28T20:11:33.839794,AA38F8,N758NL,33.251891,-117.516492,,,316,,0223,-49.5,165,0.8
2026-07-28T20:11:33.839794,A28EE7,SWA3509,32.680136,-117.041109,,,92,,2033,-49.5,222,1.8
2026-07-28T20:11:33.839794,A32368,,33.364517,-116.40152,,,30,,,-49.5,10,8.1
2026-07-28T20:11:38.916203,AC5E01,SWA3744,33.494801,-116.557767,,,90,,2065,-36.9,276,42.9
2026-07-28T20:11:38.916203,0D0A19,VOI1717,32.787812,-117.251531,,,137,,7264,-35.6,1763,0.2
2026-07-28T20:11:38.916203,A97A37,N71FF,32.962463,-117.324921,,,306,,1200,-36.6,852,10.3
2026-07-28T20:11:38.916203,AA38F8,N758NL,33.253893,-117.518902,,,314,,0223,-49.5,182,0.1
2026-07-28T20:11:38.916203,A28EE7,SWA3509,32.679657,-117.025543,,,91,,2033,-49.5,261,0.1
2026-07-28T20:11:38.916203,A32368,,33.364517,-116.40152,,,30,,,-39.9,11,13.2
2026-07-28T20:11:44.000662,AC5E01,SWA3744,33.494801,-116.557767,,,90,,2065,-36.9,276,47.9
2026-07-28T20:11:44.000662,0D0A19,VOI1717,32.781006,-117.244006,,,137,,7264,-49.5,1797,0.9
2026-07-28T20:11:44.000662,A97A37,N71FF,32.962463,-117.324921,,,306,,1200,-36.6,852,15.4
2026-07-28T20:11:44.000662,AA38F8,N758NL,33.255476,-117.520808,,,313,,0223,-49.5,190,0.5
2026-07-28T20:11:44.000662,A28EE7,SWA3509,32.679337,-117.013733,,,92,,2033,-49.5,310,0.1
2026-07-28T20:11:44.000662,A32368,,33.364517,-116.40152,,,30,,,-39.9,11,18.3
2026-07-28T20:11:49.076353,AC5E01,SWA3744,33.494801,-116.557767,,,90,,2065,-36.9,276,53.0
2026-07-28T20:11:49.076353,0D0A19,VOI1717,32.773407,-117.235657,,,137,,7264,-49.5,1841,0.9
2026-07-28T20:11:49.076353,A97A37,N71FF,32.962463,-117.324921,,,306,,1200,-36.6,852,20.5
2026-07-28T20:11:49.076353,AA38F8,N758NL,33.255476,-117.520808,,,313,,0223,-37.7,192,5.6
2026-07-28T20:11:49.076353,A28EE7,SWA3509,32.679112,-117.006637,,,92,,2033,-49.5,341,2.1
2026-07-28T20:11:49.076353,A32368,,33.364517,-116.40152,,,30,,,-39.9,11,23.4
2026-07-28T20:11:54.149502,AC5E01,SWA3744,33.494801,-116.557767,,,90,,2065,-36.9,276,58.1
2026-07-28T20:11:54.149502,0D0A19,VOI1717,32.764582,-117.225971,,,137,,7264,-31.0,1900,0.2
2026-07-28T20:11:54.149502,A97A37,N71FF,32.962463,-117.324921,,,306,,1200,-49.5,853,25.5
2026-07-28T20:11:54.149502,AA38F8,N758NL,33.257989,-117.524059,,,313,,0223,-49.5,197,3.1
2026-07-28T20:11:54.149502,A28EE7,SWA3509,32.678693,-116.992231,,,92,,2033,-39.0,343,1.0
2026-07-28T20:11:54.149502,A32368,,33.364517,-116.40152,,,30,,,-39.9,11,28.4
2026-07-28T20:11:59.202235,0D0A19,VOI1717,32.757797,-117.218463,,,137,,7264,-49.5,1945,0.9
2026-07-28T20:11:59.202235,A97A37,N71FF,32.972391,-117.337404,,,333,,1200,-49.5,874,1.4
2026-07-28T20:11:59.202235,AA38F8,N758NL,33.257989,-117.524059,,,312,,0223,-49.5,198,8.1
2026-07-28T20:11:59.202235,A28EE7,SWA3509,32.678238,-116.978137,,,92,,2033,-32.6,396,0.0
2026-07-28T20:11:59.202235,A32368,,33.364517,-116.40152,,,30,,,-39.9,11,33.5
2026-07-28T20:12:04.254549,0D0A19,VOI1717,32.749832,-117.209674,,,137,,7264,-34.5,1963,0.7
2026-07-28T20:12:04.254549,A97A37,N71FF,32.975327,-117.338928,,,337,,1200,-49.5,910,0.2
2026-07-28T20:12:04.254549,AA38F8,N758NL,33.257989,-117.524059,,,312,,0223,-49.5,198,13.2
2026-07-28T20:12:04.254549,A28EE7,SWA3509,32.677855,-116.966503,,,92,,2033,-34.4,447,0.1
2026-07-28T20:12:04.254549,A32368,,33.364517,-116.40152,,,30,,,-39.9,11,38.5
2026-07-28T20:12:09.337110,0D0A19,VOI1717,32.741547,-117.20061,,,137,,7264,-49.5,2001,0.4
2026-07-28T20:12:09.337110,A97A37,N71FF,32.975557,-117.339029,,,337,,1200,-49.5,921,4.8
2026-07-28T20:12:09.337110,AA38F8,N758NL,33.257989,-117.524059,,,312,,0223,-49.5,198,18.3
2026-07-28T20:12:09.337110,A28EE7,SWA3509,32.677483,-116.9549,,,92,,2033,-49.5,490,0.3
2026-07-28T20:12:09.337110,A32368,,33.364517,-116.40152,,,30,,,-39.9,11,43.6
2026-07-28T20:12:14.415256,0D0A19,VOI1717,32.733206,-117.191386,,,137,,7264,-49.5,2066,0.0
2026-07-28T20:12:14.415256,A97A37,N71FF,32.980119,-117.341215,,,338,,1200,-37.8,951,0.1
2026-07-28T20:12:14.415256,AA38F8,N758NL,33.257989,-117.524059,,,312,,0223,-49.5,198,23.4
2026-07-28T20:12:14.415256,A28EE7,SWA3509,32.677231,-116.947046,,,92,,2033,-38.3,527,2.0
2026-07-28T20:12:14.415256,A32368,,33.364517,-116.40152,,,30,,,-39.9,11,48.7
2026-07-28T20:12:14.415256,A2E646,,32.625065,-117.178943,,,96,,7234,-34.4,20,0.2
2026-07-28T20:12:19.501547,0D0A19,VOI1717,32.725616,-117.183032,,,137,,7264,-37.6,2087,0.2
2026-07-28T20:12:19.501547,A97A37,N71FF,32.982354,-117.34228,,,338,,1200,-36.3,964,0.4
2026-07-28T20:12:19.501547,AA38F8,N758NL,33.257989,-117.524059,,,312,,0223,-49.5,198,28.5
2026-07-28T20:12:19.501547,A28EE7,SWA3509,32.677231,-116.947046,,,92,,2033,-38.3,527,7.1
2026-07-28T20:12:19.501547,A32368,,33.364517,-116.40152,,,30,,,-39.9,11,53.8
2026-07-28T20:12:19.501547,A2E646,SWA4152,32.624274,-117.170254,,,95,,7234,-36.7,59,0.6
2026-07-28T20:12:24.575222,0D0A19,VOI1717,32.717789,-117.174463,,,137,,7264,-38.4,2095,0.2
2026-07-28T20:12:24.575222,A97A37,N71FF,32.984665,-117.343323,,,338,,1200,-34.6,1016,0.5
2026-07-28T20:12:24.575222,AA38F8,N758NL,33.257989,-117.524059,,,312,,0223,-49.5,198,33.5
2026-07-28T20:12:24.575222,A28EE7,SWA3509,32.677231,-116.947046,,,92,,2033,-38.3,527,12.2
2026-07-28T20:12:24.575222,A32368,,33.364517,-116.40152,,,30,,,-39.9,11,58.9
2026-07-28T20:12:24.575222,A2E646,SWA4152,32.624274,-117.170254,,,95,,7234,-49.5,66,5.7
2026-07-28T20:12:29.654643,0D0A19,VOI1717,32.717789,-117.174463,,,137,,7264,-38.4,2095,5.2
2026-07-28T20:12:29.654643,A97A37,N71FF,32.987228,-117.344476,,,338,,1200,-38.7,1059,0.2
2026-07-28T20:12:29.654643,AA38F8,N758NL,33.257989,-117.524059,,,312,,0223,-49.5,198,38.6
2026-07-28T20:12:29.654643,A28EE7,SWA3509,32.675993,-116.907143,,,92,,2033,-37.1,551,0.4
2026-07-28T20:12:29.654643,A32368,,33.364517,-116.40152,,,30,,,-39.9,11,63.9
2026-07-28T20:12:29.654643,A2E646,SWA4152,32.62262,-117.151172,,,95,,7234,-37.4,71,1.0
2026-07-28T20:12:34.702012,0D0A19,VOI1717,32.702087,-117.157214,,,137,,7264,-49.5,2114,0.0
2026-07-28T20:12:34.702012,A97A37,N71FF,32.987228,-117.344476,,,338,,1200,-38.7,1059,5.3
2026-07-28T20:12:34.702012,AA38F8,N758NL,33.257989,-117.524059,,,312,,0223,-49.5,198,43.7
2026-07-28T20:12:34.702012,A28EE7,SWA3509,32.675854,-116.902491,,,92,,2033,-49.5,558,3.5
2026-07-28T20:12:34.702012,A32368,,33.364517,-116.40152,,,30,,,-39.9,11,69.0
2026-07-28T20:12:34.702012,A2E646,SWA4152,32.621841,-117.142438,,,96,,7234,-49.5,73,1.6
2026-07-28T20:12:39.781988,0D0A19,VOI1717,32.694717,-117.149084,,,137,,7264,-49.5,2153,0.3
2026-07-28T20:12:39.781988,A97A37,N71FF,32.987228,-117.344476,,,338,,1200,-38.7,1059,10.3
2026-07-28T20:12:39.781988,AA38F8,N758NL,33.257989,-117.524059,,,312,,0223,-49.5,198,48.7
2026-07-28T20:12:39.781988,A28EE7,SWA3509,32.675248,-116.883153,,,92,,2033,-49.5,565,0.3
2026-07-28T20:12:39.781988,A2E646,SWA4152,32.621155,-117.129913,,,91,,7234,-35.8,92,0.3
2026-07-28T20:12:44.835770,0D0A19,VOI1717,32.688795,-117.142564,,,137,,7264,-49.5,2189,1.5
2026-07-28T20:12:44.835770,A97A37,N71FF,32.994364,-117.347885,,,337,,1200,-37.9,1079,0.2
2026-07-28T20:12:44.835770,AA38F8,N758NL,33.257989,-117.524059,,,312,,0223,-49.5,198,53.8
2026-07-28T20:12:44.835770,A28EE7,SWA3509,32.675248,-116.883153,,,92,,2033,-49.5,569,5.4
2026-07-28T20:12:44.835770,A2E646,SWA4152,32.621155,-117.129913,,,91,,7234,-49.5,93,5.4
2026-07-28T20:12:49.921262,0D0A19,VOI1717,32.679199,-117.131946,,,136,,7264,-49.5,2214,0.4
2026-07-28T20:12:49.921262,A97A37,N71FF,32.994736,-117.348054,,,337,,1200,-49.5,1090,4.4
2026-07-28T20:12:49.921262,AA38F8,N758NL,33.257989,-117.524059,,,312,,0223,-49.5,198,58.9
2026-07-28T20:12:49.921262,A28EE7,SWA3509,32.675248,-116.883153,,,92,,2033,-49.5,569,10.5
2026-07-28T20:12:49.921262,A2E646,SWA4152,32.621155,-117.129913,,,91,,7234,-49.5,93,10.5
2026-07-28T20:12:54.993746,0D0A19,VOI1717,32.672316,-117.124067,,,135,,7264,-34.4,2243,0.9
2026-07-28T20:12:54.993746,A97A37,N71FF,32.998973,-117.350071,,,337,,1200,-33.6,1131,0.5
2026-07-28T20:12:54.993746,AA38F8,N758NL,33.257989,-117.524059,,,312,,0223,-49.5,198,64.0
2026-07-28T20:12:54.993746,A28EE7,SWA3509,32.675248,-116.883153,,,92,,2033,-49.5,570,15.6
2026-07-28T20:12:54.993746,A2E646,SWA4152,32.621155,-117.129913,,,91,,7234,-49.5,93,15.6
2026-07-28T20:13:00.079226,0D0A19,VOI1717,32.666357,-117.11706,,,134,,7264,-49.5,2262,2.0
2026-07-28T20:13:00.079226,A97A37,N71FF,33.001465,-117.351288,,,338,,1200,-33.9,1199,0.3
2026-07-28T20:13:00.079226,A28EE7,SWA3509,32.675248,-116.883153,,,92,,2033,-49.5,570,20.6
2026-07-28T20:13:00.079226,A2E646,SWA4152,32.621155,-117.129913,,,91,,7234,-49.5,93,20.6
2026-07-28T20:13:05.152474,0D0A19,VOI1717,32.656162,-117.104561,,,133,,7264,-49.5,2289,0.1
2026-07-28T20:13:05.152474,A97A37,N71FF,33.003768,-117.35237,,,337,,1200,-49.5,1266,0.4
2026-07-28T20:13:05.152474,A28EE7,SWA3509,32.675248,-116.883153,,,92,,2033,-49.5,570,25.7
2026-07-28T20:13:05.152474,A2E646,SWA4152,32.621155,-117.129913,,,73,,7234,-49.5,98,25.7
2026-07-28T20:13:10.234302,0D0A19,VOI1717,32.64904,-117.095424,,,132,,7264,-33.5,2315,0.2
2026-07-28T20:13:10.234302,A97A37,N71FF,33.006328,-117.353603,,,337,,1200,-34.4,1331,0.0
2026-07-28T20:13:10.234302,A28EE7,SWA3509,32.675248,-116.883153,,,92,,2033,-49.5,570,30.8
2026-07-28T20:13:10.234302,A2E646,SWA4152,32.627426,-117.078113,,,69,,7234,-37.4,100,4.6
2026-07-28T20:13:15.278781,0D0A19,VOI1717,32.64229,-117.086568,,,131,,7264,-32.8,2348,0.4
2026-07-28T20:13:15.278781,A97A37,N71FF,33.008148,-117.354529,,,337,,1200,-35.6,1383,1.2
2026-07-28T20:13:15.278781,A28EE7,SWA3509,32.675248,-116.883153,,,92,,2033,-49.5,570,35.8
2026-07-28T20:13:15.278781,A2E646,SWA4152,32.63205,-117.063281,,,68,,7234,-49.5,118,1.9
2026-07-28T20:13:20.334242,0D0A19,VOI1717,32.635307,-117.077319,,,131,,7264,-35.2,2372,0.4
2026-07-28T20:13:20.334242,A97A37,N71FF,33.010986,-117.355902,,,337,,1200,-34.5,1443,0.3
2026-07-28T20:13:20.334242,A28EE7,SWA3509,32.675248,-116.883153,,,92,,2033,-49.5,570,40.9
2026-07-28T20:13:20.334242,A2E646,SWA4152,32.635895,-117.051581,,,68,,7234,-49.5,150,0.8
2026-07-28T20:13:25.382348,0D0A19,VOI1717,32.628138,-117.067902,,,131,,7264,-49.5,2386,0.4
2026-07-28T20:13:25.382348,A97A37,N71FF,33.012426,-117.356574,,,337,,1200,-36.2,1468,2.2
2026-07-28T20:13:25.382348,A28EE7,SWA3509,32.675248,-116.883153,,,92,,2033,-49.5,570,45.9
2026-07-28T20:13:25.382348,A2E646,SWA4152,32.639465,-117.040649,,,69,,7234,-49.5,205,0.1
2026-07-28T20:13:30.442391,0D0A19,VOI1717,32.621063,-117.058612,,,132,,7264,-49.5,2418,0.4
2026-07-28T20:13:30.442391,A97A37,N71FF,33.015793,-117.358209,,,337,,1200,-49.5,1474,0.2
2026-07-28T20:13:30.442391,A28EE7,SWA3509,32.675248,-116.883153,,,92,,2033,-49.5,570,51.0
2026-07-28T20:13:30.442391,A2E646,SWA4152,32.642303,-117.031805,,,69,,7234,-49.5,258,0.6
2026-07-28T20:13:35.521817,0D0A19,VOI1717,32.613706,-117.048956,,,131,,7264,-25.8,2468,0.3
2026-07-28T20:13:35.521817,A97A37,N71FF,33.016197,-117.358423,,,337,,1200,-38.8,1475,4.4
2026-07-28T20:13:35.521817,A28EE7,SWA3509,32.675248,-116.883153,,,92,,2033,-39.4,571,56.1
2026-07-28T20:13:35.521817,A2E646,SWA4152,32.642899,-117.029938,,,69,,7234,-34.8,268,4.6
2026-07-28T20:13:40.564975,0D0A19,VOI1717,32.607096,-117.040268,,,131,,7264,-49.5,2513,0.5
2026-07-28T20:13:40.564975,A97A37,N71FF,33.016197,-117.358423,,,337,,1200,-38.8,1475,9.4
2026-07-28T20:13:40.564975,A28EE7,SWA3509,32.675248,-116.883153,,,92,,2033,-39.4,571,61.1
2026-07-28T20:13:40.564975,A2E646,SWA4152,32.648895,-117.011481,,,69,,7234,-30.5,308,0.1
2026-07-28T20:13:45.629879,0D0A19,VOI1717,32.59996,-117.030927,,,132,,7264,-30.0,2552,0.6
2026-07-28T20:13:45.629879,A97A37,N71FF,33.016197,-117.358423,,,337,,1200,-37.3,1476,14.5
2026-07-28T20:13:45.629879,A28EE7,SWA3509,32.675248,-116.883153,,,92,,2033,-39.4,571,66.2
2026-07-28T20:13:45.629879,A2E646,SWA4152,32.651917,-117.002087,,,69,,7234,-33.9,355,0.3
2026-07-28T20:13:50.704908,0D0A19,VOI1717,32.595551,-117.025078,,,132,,7264,-37.9,2575,2.5
2026-07-28T20:13:50.704908,A97A37,N71FF,33.016197,-117.358423,,,337,,1200,-49.5,1486,19.5
2026-07-28T20:13:50.704908,A28EE7,SWA3509,32.675248,-116.883153,,,92,,2033,-39.4,571,71.3
2026-07-28T20:13:50.704908,A2E646,SWA4152,32.654022,-116.995441,,,69,,7234,-35.1,376,2.0
2026-07-28T20:13:55.748073,0D0A19,VOI1717,32.587372,-117.014392,,,131,,7264,-49.5,2590,1.8
2026-07-28T20:13:55.748073,A97A37,N71FF,33.027649,-117.363973,,,337,,1200,-36.4,1504,0.4
2026-07-28T20:13:55.748073,A28EE7,SWA3509,32.675248,-116.883153,,,92,,2033,-39.4,571,76.3
2026-07-28T20:13:55.748073,A2E646,SWA4152,32.657822,-116.982202,,,69,,7234,-49.5,385,0.3
2026-07-28T20:14:00.805427,0D0A19,VOI1717,32.577713,-117.001758,,,131,,7264,-49.5,2609,0.0
2026-07-28T20:14:00.805427,A97A37,N71FF,33.027649,-117.363973,,,337,,1200,-37.7,1508,5.4
2026-07-28T20:14:00.805427,A28EE7,SWA3509,32.675248,-116.883153,,,92,,2033,-39.4,571,81.4
2026-07-28T20:14:00.805427,A2E646,SWA4152,32.660259,-116.971996,,,75,,7234,-31.0,427,0.2
2026-07-28T20:14:05.851391,0D0A19,VOI1717,32.571442,-116.993518,,,132,,7264,-49.5,2629,0.7
2026-07-28T20:14:05.851391,A97A37,N71FF,33.027649,-117.363973,,,337,,1200,-37.7,1508,10.5
2026-07-28T20:14:05.851391,A28EE7,SWA3509,32.675248,-116.883153,,,92,,2033,-39.4,571,86.4
2026-07-28T20:14:05.851391,A2E646,SWA4152,32.662216,-116.962152,,,77,,7234,-32.7,483,0.4
2026-07-28T20:14:10.906939,0D0A19,VOI1717,32.564026,-116.98385,,,132,,7264,-38.8,2663,0.6
2026-07-28T20:14:10.906939,A97A37,N71FF,33.027649,-117.363973,,,337,,1200,-37.7,1508,15.5
2026-07-28T20:14:10.906939,A28EE7,SWA3509,32.675248,-116.883153,,,92,,2033,-39.4,571,91.5
2026-07-28T20:14:10.906939,A2E646,SWA4152,32.663956,-116.95155,,,79,,7234,-49.5,529,0.4
2026-07-28T20:14:10.906939,AC2E45,N884SD,32.984448,-117.13382,,,345,,,-49.5,29,0.3
2026-07-28T20:14:15.955088,0D0A19,VOI1717,32.556959,-116.974574,,,132,,7264,-49.5,2678,0.7
2026-07-28T20:14:15.955088,A97A37,N71FF,33.027649,-117.363973,,,337,,1200,-37.7,1508,20.6
2026-07-28T20:14:15.955088,A28EE7,SWA3509,32.675248,-116.883153,,,92,,2033,-39.4,571,96.5
2026-07-28T20:14:15.955088,A2E646,SWA4152,32.665329,-116.941168,,,82,,7234,-36.0,591,0.5
2026-07-28T20:14:15.955088,AC2E45,N884SD,32.985333,-117.134044,,,345,,,-49.5,33,3.7
2026-07-28T20:14:21.035046,0D0A19,VOI1717,32.551233,-116.967119,,,132,,7264,-33.3,2699,1.8
2026-07-28T20:14:21.035046,A97A37,N71FF,33.027649,-117.363973,,,337,,1200,-37.7,1508,25.7
2026-07-28T20:14:21.035046,A28EE7,SWA3509,32.675248,-116.883153,,,92,,2033,-39.4,571,101.6
2026-07-28T20:14:21.035046,A2E646,SWA4152,32.665519,-116.939317,,,83,,7234,-35.1,596,4.7
2026-07-28T20:14:21.035046,AC2E45,N884SD,32.989988,-117.135446,,,346,,4212,-49.5,74,0.4
2026-07-28T20:14:26.114435,0D0A19,VOI1717,32.542786,-116.956055,,,131,,7264,-36.2,2727,0.9
2026-07-28T20:14:26.114435,A97A37,N71FF,33.027649,-117.363973,,,337,,1200,-37.7,1508,30.7
2026-07-28T20:14:26.114435,A28EE7,SWA3509,32.675248,-116.883153,,,92,,2033,-39.4,571,106.7
2026-07-28T20:14:26.114435,A2E646,SWA4152,32.665519,-116.939317,,,83,,7234,-35.1,596,9.7
2026-07-28T20:14:26.114435,AC2E45,N884SD,32.992676,-117.136176,,,348,,4212,-49.5,105,0.7
2026-07-28T20:14:31.167484,0D0A19,VOI1717,32.537175,-116.948678,,,131,,7264,-49.5,2750,1.9
2026-07-28T20:14:31.167484,A97A37,N71FF,33.027649,-117.363973,,,337,,1200,-37.7,1508,35.8
2026-07-28T20:14:31.167484,A28EE7,SWA3509,32.675248,-116.883153,,,92,,2033,-39.4,571,111.7
2026-07-28T20:14:31.167484,A2E646,SWA4152,32.667195,-116.909497,,,88,,7234,-49.5,606,0.7
2026-07-28T20:14:31.167484,AC2E45,N884SD,32.995926,-117.136945,,,349,,4212,-49.5,141,0.1
2026-07-28T20:14:36.216907,0D0A19,VOI1717,32.531525,-116.941333,,,132,,7264,-49.5,2762,3.1
2026-07-28T20:14:36.216907,A97A37,N71FF,33.027649,-117.363973,,,337,,1200,-37.7,1508,40.9
2026-07-28T20:14:36.216907,A2E646,SWA4152,32.667474,-116.897446,,,88,,7234,-49.5,646,0.1
2026-07-28T20:14:36.216907,AC2E45,N884SD,32.99874,-117.137464,,,353,,4212,-49.5,177,0.4
2026-07-28T20:14:41.297601,0D0A19,VOI1717,32.531525,-116.941333,,,132,,7264,-49.5,2762,8.2
2026-07-28T20:14:41.297601,A97A37,N71FF,33.027649,-117.363973,,,337,,1200,-37.7,1508,46.0
2026-07-28T20:14:41.297601,A2E646,SWA4152,32.667521,-116.895316,,,88,,7234,-36.2,655,4.2
2026-07-28T20:14:41.297601,AC2E45,N884SD,33.00174,-117.137604,,,0,,4212,-49.5,218,0.4
2026-07-28T20:14:46.375120,0D0A19,VOI1717,32.512527,-116.916888,,,132,,7264,-34.2,2772,0.0
2026-07-28T20:14:46.375120,A97A37,N71FF,33.051682,-117.375623,,,337,,1200,-49.5,1513,0.0
2026-07-28T20:14:46.375120,A2E646,SWA4152,32.668033,-116.877099,,,88,,7234,-34.9,687,0.9
2026-07-28T20:14:46.375120,AC2E45,N884SD,33.004606,-117.137408,,,4,,4212,-21.9,256,0.3
2026-07-28T20:14:51.439137,0D0A19,VOI1717,32.505524,-116.908044,,,132,,7264,-49.5,2802,0.3
2026-07-28T20:14:51.439137,A97A37,N71FF,33.053833,-117.376666,,,337,,1200,-49.5,1530,0.5
2026-07-28T20:14:51.439137,A2E646,SWA4152,32.668312,-116.865776,,,88,,7234,-49.5,714,0.7
2026-07-28T20:14:51.439137,AC2E45,N884SD,33.007599,-117.137219,,,1,,4212,-11.4,296,0.0
2026-07-28T20:14:51.439137,406591,,32.625778,-117.183527,,,96,,,-49.5,9,0.5
2026-07-28T20:14:56.479479,0D0A19,VOI1717,32.499847,-116.900848,,,132,,7264,-35.1,2824,1.4
2026-07-28T20:14:56.479479,A97A37,N71FF,33.055999,-117.377705,,,337,,1200,-49.5,1561,0.9
2026-07-28T20:14:56.479479,A2E646,SWA4152,32.668312,-116.865776,,,88,,7234,-49.5,714,5.8
2026-07-28T20:14:56.479479,AC2E45,N884SD,33.010238,-117.137464,,,350,,4212,-7.9,336,0.3
2026-07-28T20:14:56.479479,406591,BAW9SW,32.624972,-117.174739,,,95,,,-49.5,45,0.4
2026-07-28T20:15:01.558573,0D0A19,VOI1717,32.491791,-116.890686,,,132,,7264,-49.5,2833,1.0
2026-07-28T20:15:01.558573,A97A37,N71FF,33.058513,-117.378995,,,337,,1200,-49.5,1617,0.2
2026-07-28T20:15:01.558573,A2E646,SWA4152,32.668824,-116.843243,,,88,,7234,-36.6,739,0.5
2026-07-28T20:15:01.558573,AC2E45,N884SD,33.012845,-117.138024,,,350,,4212,-49.5,373,0.0
2026-07-28T20:15:01.558573,406591,BAW9SW,32.624832,-117.172889,,,95,,,-36.1,56,4.5
2026-07-28T20:15:06.637344,0D0A19,VOI1717,32.483047,-116.87959,,,132,,7264,-49.5,2881,0.1
2026-07-28T20:15:06.637344,A97A37,N71FF,33.060562,-117.380017,,,337,,1200,-35.7,1667,0.2
2026-07-28T20:15:06.637344,A2E646,SWA4152,32.6689,-116.841138,,,88,,7234,-37.6,752,4.6
2026-07-28T20:15:06.637344,AC2E45,N884SD,33.01508,-117.13836,,,348,,4212,-49.5,421,0.2
2026-07-28T20:15:06.637344,406591,BAW9SW,32.624832,-117.172889,,,95,,,-36.1,56,9.5
2026-07-28T20:15:11.690785,0D0A19,VOI1717,32.476593,-116.871405,,,132,,7264,-34.3,2927,0.8
2026-07-28T20:15:11.690785,A97A37,N71FF,33.062485,-117.381006,,,336,,1200,-49.5,1705,0.2
2026-07-28T20:15:11.690785,A2E646,SWA4152,32.6689,-116.841138,,,88,,7234,-37.6,752,9.7
2026-07-28T20:15:11.690785,AC2E45,N884SD,33.016523,-117.139706,,,294,,4212,-13.9,464,0.2
2026-07-28T20:15:11.690785,406591,BAW9SW,32.623077,-117.152325,,,95,,,-49.5,58,2.9
2026-07-28T20:15:16.750465,0D0A19,VOI1717,32.468719,-116.861407,,,132,,7264,-36.8,2952,0.4
2026-07-28T20:15:16.750465,A97A37,N71FF,33.064133,-117.38183,,,336,,1200,-49.5,1734,0.9
2026-07-28T20:15:16.750465,A2E646,SWA4152,32.6689,-116.841138,,,88,,7234,-37.6,752,14.7
2026-07-28T20:15:16.750465,AC2E45,N884SD,33.016337,-117.141668,,,237,,4212,-18.7,503,0.0
2026-07-28T20:15:16.750465,406591,BAW9SW,32.623077,-117.152325,,,95,,,-49.5,58,7.9
2026-07-28T20:15:21.797021,0D0A19,VOI1717,32.460875,-116.851483,,,132,,7264,-35.4,2968,0.1
2026-07-28T20:15:21.797021,A97A37,N71FF,33.064133,-117.38183,,,336,,1200,-49.5,1734,5.9
2026-07-28T20:15:21.797021,A2E646,SWA4152,32.6689,-116.841138,,,88,,7234,-37.6,752,19.7
2026-07-28T20:15:21.797021,AC2E45,N884SD,33.01508,-117.142452,,,182,,4212,-49.5,545,0.4
2026-07-28T20:15:21.797021,406591,BAW9SW,32.623077,-117.152325,,,95,,,-49.5,58,13.0
2026-07-28T20:15:26.843497,0D0A19,VOI1717,32.453476,-116.842072,,,132,,7264,-35.8,3015,0.1
2026-07-28T20:15:26.843497,A97A37,N71FF,33.064133,-117.38183,,,336,,1200,-49.5,1734,11.0
2026-07-28T20:15:26.843497,A2E646,SWA4152,32.675621,-116.788648,,,88,,7234,-37.0,760,0.6
2026-07-28T20:15:26.843497,AC2E45,N884SD,33.013823,-117.14178,,,130,,4212,-29.1,584,0.7
2026-07-28T20:15:26.843497,406591,BAW9SW,32.623077,-117.152325,,,95,,,-49.5,58,18.0
2026-07-28T20:15:26.843497,0D081C,,33.029892,-116.371802,,,,,,-49.5,2,0.9
2026-07-28T20:15:31.895067,0D0A19,VOI1717,32.447608,-116.834555,,,132,,7264,-49.5,3050,1.1
2026-07-28T20:15:31.895067,A97A37,N71FF,33.064133,-117.38183,,,336,,1200,-49.5,1734,16.1
2026-07-28T20:15:31.895067,A2E646,SWA4152,32.675621,-116.788648,,,67,,7234,-49.5,761,5.7
2026-07-28T20:15:31.895067,AC2E45,N884SD,33.013404,-117.13993,,,83,,4212,-49.5,629,0.4
2026-07-28T20:15:31.895067,406591,BAW9SW,32.623077,-117.152325,,,95,,,-49.5,58,23.1
2026-07-28T20:15:31.895067,0D081C,,33.029892,-116.371802,,,301,,7366,-49.5,17,5.9
2026-07-28T20:15:36.985211,0D0A19,VOI1717,32.438856,-116.8234,,,132,,7264,-37.8,3075,0.2
2026-07-28T20:15:36.985211,A97A37,N71FF,33.064133,-117.38183,,,336,,1200,-49.5,1734,21.1
2026-07-28T20:15:36.985211,A2E646,SWA4152,32.675621,-116.788648,,,67,,7234,-49.5,761,10.8
2026-07-28T20:15:36.985211,AC2E45,N884SD,33.014242,-117.138192,,,43,,4212,-24.2,680,0.1
2026-07-28T20:15:36.985211,406591,BAW9SW,32.623077,-117.152325,,,95,,,-49.5,58,28.2
2026-07-28T20:15:36.985211,0D081C,,33.029892,-116.371802,,,301,,7366,-39.9,19,11.0
2026-07-28T20:15:42.060756,0D0A19,VOI1717,32.438856,-116.8234,,,132,,7264,-38.7,3079,5.3
2026-07-28T20:15:42.060756,A97A37,N71FF,33.064133,-117.38183,,,336,,1200,-49.5,1734,26.2
2026-07-28T20:15:42.060756,A2E646,SWA4152,32.689819,-116.759556,,,51,,7234,-49.5,794,0.8
2026-07-28T20:15:42.060756,AC2E45,N884SD,33.015732,-117.137127,,,23,,4212,-13.0,732,0.0
2026-07-28T20:15:42.060756,406591,BAW9SW,32.623077,-117.152325,,,95,,,-49.5,58,33.2
2026-07-28T20:15:42.060756,0D081C,,33.029892,-116.371802,,,301,,7366,-39.9,19,16.1
2026-07-28T20:15:47.105744,0D0A19,VOI1717,32.438856,-116.8234,,,132,,7264,-38.7,3079,10.4
2026-07-28T20:15:47.105744,A97A37,N71FF,33.064133,-117.38183,,,336,,1200,-49.5,1734,31.3
2026-07-28T20:15:47.105744,A2E646,SWA4152,32.696802,-116.750308,,,46,,7234,-49.5,830,0.3
2026-07-28T20:15:47.105744,AC2E45,N884SD,33.017221,-117.136567,,,14,,4212,-17.0,780,0.6
2026-07-28T20:15:47.105744,406591,BAW9SW,32.626927,-117.08029,,,72,,,-49.5,69,0.0
2026-07-28T20:15:47.105744,0D081C,,33.053329,-116.416901,,,301,,7366,-49.5,53,0.0
2026-07-28T20:15:52.185391,0D0A19,VOI1717,32.438856,-116.8234,,,132,,7264,-38.7,3079,15.4
2026-07-28T20:15:52.185391,A97A37,N71FF,33.064133,-117.38183,,,336,,1200,-49.5,1734,36.4
2026-07-28T20:15:52.185391,A2E646,SWA4152,32.70282,-116.743744,,,39,,7234,-49.5,869,1.0
2026-07-28T20:15:52.185391,AC2E45,N884SD,33.019089,-117.136285,,,356,,4212,-49.5,830,0.2
2026-07-28T20:15:52.185391,406591,BAW9SW,32.629532,-117.071686,,,69,,,-49.5,82,0.6
2026-07-28T20:15:52.185391,0D081C,VOI1772,33.058731,-116.427338,,,301,,7366,-49.5,110,0.2
2026-07-28T20:15:57.263922,0D0A19,VOI1717,32.438856,-116.8234,,,132,,7264,-38.7,3079,20.5
2026-07-28T20:15:57.263922,A97A37,N71FF,33.064133,-117.38183,,,336,,1200,-49.5,1734,41.4
2026-07-28T20:15:57.263922,A2E646,SWA4152,32.708725,-116.738196,,,33,,7234,-35.9,916,2.0
2026-07-28T20:15:57.263922,AC2E45,N884SD,33.02062,-117.136959,,,321,,4212,-49.5,873,0.2
2026-07-28T20:15:57.263922,406591,BAW9SW,32.630931,-117.067398,,,69,,,-36.3,88,3.3
2026-07-28T20:15:57.263922,0D081C,VOI1772,33.064611,-116.438655,,,301,,7366,-34.8,175,0.0
2026-07-28T20:16:02.317170,0D0A19,VOI1717,32.438856,-116.8234,,,132,,7264,-38.7,3079,25.5
2026-07-28T20:16:02.317170,A97A37,N71FF,33.080933,-117.390015,,,336,,1200,-39.8,1735,0.0
2026-07-28T20:16:02.317170,A2E646,SWA4152,32.71701,-116.731879,,,30,,7234,-36.2,928,1.9
2026-07-28T20:16:02.317170,AC2E45,N884SD,33.021332,-117.138428,,,282,,4212,-8.9,919,0.5
2026-07-28T20:16:02.317170,406591,BAW9SW,32.635941,-117.052075,,,69,,,-49.5,110,0.4
2026-07-28T20:16:02.317170,0D081C,VOI1772,33.070058,-116.44908,,,301,,7366,-49.5,222,0.0
2026-07-28T20:16:07.367408,0D0A19,VOI1717,32.438856,-116.8234,,,132,,7264,-38.7,3079,30.6
2026-07-28T20:16:07.367408,A97A37,N71FF,33.08272,-117.390878,,,338,,1200,-38.7,1747,0.2
2026-07-28T20:16:07.367408,A2E646,SWA4152,32.727768,-116.725562,,,24,,7234,-35.9,955,0.6
2026-07-28T20:16:07.367408,AC2E45,N884SD,33.021085,-117.140098,,,241,,4212,-49.5,974,0.3
2026-07-28T20:16:07.367408,406591,BAW9SW,32.639282,-117.041693,,,68,,6712,-49.5,154,0.2
2026-07-28T20:16:07.367408,0D081C,VOI1772,33.070058,-116.44908,,,301,,7366,-49.5,226,5.1
2026-07-28T20:16:12.430225,0D0A19,VOI1717,32.438856,-116.8234,,,132,,7264,-38.7,3079,35.7
2026-07-28T20:16:12.430225,A97A37,N71FF,33.084503,-117.391718,,,337,,1200,-34.8,1788,0.4
2026-07-28T20:16:12.430225,A2E646,SWA4152,32.737023,-116.720992,,,22,,7234,-35.1,991,0.4
2026-07-28T20:16:12.430225,AC2E45,N884SD,33.020096,-117.141064,,,202,,4212,-14.3,1015,0.3
2026-07-28T20:16:12.430225,406591,BAW9SW,32.642429,-117.032029,,,68,,6712,-33.0,208,0.4
2026-07-28T20:16:12.430225,0D081C,VOI1772,33.070058,-116.44908,,,301,,7366,-49.5,230,10.2
2026-07-28T20:16:17.495207,0D0A19,VOI1717,32.438856,-116.8234,,,132,,7264,-38.7,3079,40.7
2026-07-28T20:16:17.495207,A97A37,N71FF,33.086472,-117.392651,,,337,,1200,-49.5,1833,0.0
2026-07-28T20:16:17.495207,A2E646,SWA4152,32.745729,-116.716676,,,22,,7234,-36.3,1027,0.4
2026-07-28T20:16:17.495207,AC2E45,N884SD,33.018897,-117.141219,,,169,,4212,-49.5,1054,0.4
2026-07-28T20:16:17.495207,406591,BAW9SW,32.645874,-117.021478,,,68,,6712,-49.5,245,0.1
2026-07-28T20:16:17.495207,0D081C,VOI1772,33.084582,-116.477051,,,301,,7366,-49.5,258,2.2
2026-07-28T20:16:22.550620,0D0A19,VOI1717,32.438856,-116.8234,,,132,,7264,-38.7,3079,45.8
2026-07-28T20:16:22.550620,A97A37,N71FF,33.088257,-117.39353,,,337,,1200,-49.5,1885,0.3
2026-07-28T20:16:22.550620,A2E646,SWA4152,32.752665,-116.713257,,,22,,7234,-38.4,1051,1.6
2026-07-28T20:16:22.550620,AC2E45,N884SD,33.017761,-117.140515,,,141,,4212,-49.5,1102,0.4
2026-07-28T20:16:22.550620,406591,BAW9SW,32.649179,-117.011457,,,68,,6712,-49.5,289,0.3
2026-07-28T20:16:22.550620,0D081C,VOI1772,33.092331,-116.491992,,,301,,7366,-37.0,307,0.3
2026-07-28T20:16:27.629576,0D0A19,VOI1717,32.438856,-116.8234,,,132,,7264,-38.7,3079,50.8
2026-07-28T20:16:27.629576,A97A37,N71FF,33.090179,-117.394409,,,337,,1200,-33.7,1935,0.2
2026-07-28T20:16:27.629576,A2E646,SWA4152,32.752665,-116.713257,,,22,,7234,-38.4,1051,6.6
2026-07-28T20:16:27.629576,AC2E45,N884SD,33.016937,-117.139307,,,120,,4212,-49.5,1150,0.3
2026-07-28T20:16:27.629576,406591,BAW9SW,32.652391,-117.001704,,,68,,6712,-36.6,331,0.5
2026-07-28T20:16:27.629576,0D081C,VOI1772,33.09787,-116.502649,,,301,,7366,-34.6,372,0.3
2026-07-28T20:16:27.629576,A14D78,,32.868813,-117.425574,,,307,,3407,-49.5,9,3.3
2026-07-28T20:16:32.695643,0D0A19,VOI1717,32.438856,-116.8234,,,132,,7264,-38.7,3079,55.9
2026-07-28T20:16:32.695643,A97A37,N71FF,33.092102,-117.395343,,,338,,1200,-32.6,1988,0.0
2026-07-28T20:16:32.695643,A2E646,SWA4152,32.772124,-116.70356,,,22,,7234,-36.0,1079,0.6
2026-07-28T20:16:32.695643,AC2E45,N884SD,33.016476,-117.137856,,,101,,4212,-49.5,1202,0.2
2026-07-28T20:16:32.695643,406591,BAW9SW,32.654388,-116.995441,,,69,,6712,-49.5,342,2.6
2026-07-28T20:16:32.695643,0D081C,VOI1772,33.103389,-116.513317,,,301,,7366,-33.3,436,0.4
2026-07-28T20:16:32.695643,A14D78,,32.872816,-117.431852,,,307,,3407,-38.5,23,3.6
2026-07-28T20:16:37.763590,0D0A19,VOI1717,32.438856,-116.8234,,,132,,7264,-38.7,3079,61.0
2026-07-28T20:16:37.763590,A97A37,N71FF,33.093933,-117.396222,,,338,,1200,-49.5,2045,0.1
2026-07-28T20:16:37.763590,A2E646,SWA4152,32.78055,-116.699412,,,22,,7234,-36.9,1111,0.9
2026-07-28T20:16:37.763590,AC2E45,N884SD,33.016479,-117.136285,,,75,,4212,-17.3,1247,0.4
2026-07-28T20:16:37.763590,406591,BAW9SW,32.658737,-116.98006,,,73,,6712,-34.1,351,0.3
2026-07-28T20:16:37.763590,0D081C,VOI1772,33.107952,-116.522061,,,302,,7366,-49.5,474,1.4
2026-07-28T20:16:37.763590,A14D78,,32.872816,-117.431852,,,307,,3407,-38.5,23,8.7
2026-07-28T20:16:42.812403,A97A37,N71FF,33.095848,-117.397156,,,337,,1200,-49.5,2090,0.0
2026-07-28T20:16:42.812403,A2E646,SWA4152,32.790931,-116.694311,,,22,,7234,-33.1,1143,0.1
2026-07-28T20:16:42.812403,AC2E45,N884SD,33.017441,-117.135022,,,26,,4212,-11.0,1296,0.0
2026-07-28T20:16:42.812403,406591,BAW9SW,32.661301,-116.969019,,,75,,6712,-49.5,393,0.0
2026-07-28T20:16:42.812403,0D081C,VOI1772,33.115027,-116.535177,,,303,,7366,-49.5,518,0.2
2026-07-28T20:16:42.812403,A14D78,,32.872816,-117.431852,,,307,,3407,-38.5,23,13.7
2026-07-28T20:16:47.875763,A97A37,N71FF,33.09771,-117.398053,,,337,,1200,-49.5,2129,0.1
2026-07-28T20:16:47.875763,A2E646,SWA4152,32.794422,-116.692573,,,22,,7234,-49.5,1162,3.2
2026-07-28T20:16:47.875763,AC2E45,N884SD,33.018814,-117.134802,,,351,,4212,-12.5,1339,0.0
2026-07-28T20:16:47.875763,406591,BAW9SW,32.663238,-116.958768,,,77,,6712,-34.1,423,0.4
2026-07-28T20:16:47.875763,0D081C,VOI1772,33.116318,-116.537476,,,303,,7366,-49.5,521,4.2
2026-07-28T20:16:47.875763,A14D78,,32.886084,-117.452424,,,307,,3407,-35.3,32,2.9
2026-07-28T20:16:52.947862,A97A37,N71FF,33.099609,-117.398969,,,337,,1200,-49.5,2169,0.1
2026-07-28T20:16:52.947862,A2E646,SWA4152,32.809158,-116.685352,,,22,,7234,-49.5,1177,0.0
2026-07-28T20:16:52.947862,AC2E45,N884SD,33.020154,-117.135446,,,326,,4212,-8.8,1383,0.0
2026-07-28T20:16:52.947862,406591,BAW9SW,32.6651,-116.946997,,,80,,6712,-37.5,483,0.0
2026-07-28T20:16:52.947862,0D081C,VOI1772,33.116318,-116.537476,,,303,,7366,-49.5,521,9.3
2026-07-28T20:16:52.947862,A14D78,,32.890274,-117.458954,,,307,,3407,-49.5,37,2.9
2026-07-28T20:16:57.995624,A97A37,N71FF,33.101303,-117.399792,,,337,,1200,-49.5,2198,0.5
2026-07-28T20:16:57.995624,A2E646,SWA4152,32.809158,-116.685352,,,22,,7234,-36.7,1188,5.1
2026-07-28T20:16:57.995624,AC2E45,N884SD,33.021132,-117.136735,,,299,,4212,-15.6,1435,0.0
2026-07-28T20:16:57.995624,406591,BAW9SW,32.665845,-116.940999,,,82,,6712,-49.5,509,2.3
2026-07-28T20:16:57.995624,0D081C,VOI1772,33.116318,-116.537476,,,306,,7366,-37.5,532,14.3
2026-07-28T20:16:57.995624,A14D78,,32.890274,-117.458954,,,307,,3407,-49.5,42,7.9
2026-07-28T20:17:03.054177,A97A37,N71FF,33.101303,-117.399792,,,337,,1200,-39.4,2199,5.6
2026-07-28T20:17:03.054177,A2E646,SWA4152,32.819747,-116.680186,,,22,,7234,-49.5,1194,4.3
2026-07-28T20:17:03.054177,AC2E45,N884SD,33.021411,-117.13836,,,267,,4212,-49.5,1486,0.2
2026-07-28T20:17:03.054177,406591,BAW9SW,32.665845,-116.940999,,,82,,6712,-49.5,509,7.4
2026-07-28T20:17:03.054177,0D081C,VOI1772,33.139114,-116.575323,,,307,,7366,-49.5,570,0.9
2026-07-28T20:17:03.054177,A14D78,,32.890274,-117.458954,,,307,,3407,-37.3,44,13.0
2026-07-28T20:17:08.137784,A97A37,N71FF,33.101303,-117.399792,,,337,,1200,-39.4,2199,10.7
2026-07-28T20:17:08.137784,A2E646,SWA4152,32.836273,-116.672058,,,22,,7234,-49.5,1209,0.1
2026-07-28T20:17:08.137784,AC2E45,N884SD,33.020966,-117.139856,,,235,,4212,-7.6,1540,0.5
2026-07-28T20:17:08.137784,406591,BAW9SW,32.6678,-116.913701,,,87,,6712,-36.3,512,0.3
2026-07-28T20:17:08.137784,0D081C,VOI1772,33.145889,-116.585651,,,308,,7366,-36.1,632,0.8
2026-07-28T20:17:08.137784,A14D78,,32.904611,-117.481179,,,307,,3407,-49.5,50,1.1
2026-07-28T20:17:13.217019,A97A37,N71FF,33.10716,-117.402649,,,338,,1200,-37.0,2212,0.3
2026-07-28T20:17:13.217019,A2E646,SWA4152,32.841339,-116.669586,,,22,,7234,-38.6,1219,2.4
2026-07-28T20:17:13.217019,AC2E45,N884SD,33.019642,-117.140939,,,197,,4212,-22.9,1579,0.4
2026-07-28T20:17:13.217019,406591,BAW9SW,32.668033,-116.903724,,,88,,6712,-37.7,547,0.9
2026-07-28T20:17:13.217019,0D081C,VOI1772,33.145889,-116.585651,,,308,,7366,-36.1,632,5.9
2026-07-28T20:17:13.217019,A14D78,SKW3006,32.909775,-117.489221,,,307,,3407,-49.5,65,0.0
2026-07-28T20:17:13.217019,ACE44B,,33.228149,-116.951221,,,,,,-38.3,3,0.4
2026-07-28T20:17:18.285836,A97A37,N71FF,33.10881,-117.403418,,,337,,1200,-49.5,2234,1.0
2026-07-28T20:17:18.285836,A2E646,SWA4152,32.841339,-116.669586,,,22,,7234,-38.6,1219,7.5
2026-07-28T20:17:18.285836,AC2E45,N884SD,33.018036,-117.140845,,,157,,4212,-49.5,1633,0.4
2026-07-28T20:17:18.285836,406591,BAW9SW,32.668033,-116.903724,,,88,,6712,-49.5,550,5.9
2026-07-28T20:17:18.285836,0D081C,VOI1772,33.145889,-116.585651,,,308,,7366,-36.1,632,11.0
2026-07-28T20:17:18.285836,A14D78,SKW3006,32.909775,-117.489221,,,307,,3407,-49.5,69,5.1
2026-07-28T20:17:18.285836,ACE44B,,33.224899,-116.957648,,,238,,3617,-37.2,20,0.3
2026-07-28T20:17:23.339255,A97A37,N71FF,33.110745,-117.404387,,,337,,1200,-49.5,2246,1.0
2026-07-28T20:17:23.339255,A2E646,SWA4152,32.862579,-116.659204,,,22,,7234,-34.1,1232,0.8
2026-07-28T20:17:23.339255,AC2E45,N884SD,33.016756,-117.139538,,,128,,4212,-49.5,1681,0.1
2026-07-28T20:17:23.339255,406591,BAW9SW,32.668033,-116.903724,,,88,,6712,-39.4,551,11.0
2026-07-28T20:17:23.339255,0D081C,VOI1772,33.167725,-116.616286,,,311,,7366,-49.5,666,0.0
2026-07-28T20:17:23.339255,A14D78,SKW3006,32.909775,-117.489221,,,307,,3407,-49.5,69,10.1
2026-07-28T20:17:23.339255,ACE44B,,33.224899,-116.957648,,,238,,3617,-49.5,21,5.3
2026-07-28T20:17:28.400663,A97A37,N71FF,33.110745,-117.404387,,,337,,1200,-49.5,2246,6.1
2026-07-28T20:17:28.400663,A2E646,SWA4152,32.871964,-116.654645,,,22,,7234,-35.9,1276,0.8
2026-07-28T20:17:28.400663,AC2E45,N884SD,33.016104,-117.1378,,,100,,4212,-27.7,1732,0.2
2026-07-28T20:17:28.400663,406591,BAW9SW,32.668762,-116.877448,,,88,,6712,-39.0,555,4.4
2026-07-28T20:17:28.400663,0D081C,VOI1772,33.175033,-116.625871,,,312,,7366,-49.5,734,0.0
2026-07-28T20:17:28.400663,A14D78,SKW3006,32.909775,-117.489221,,,307,,3407,-49.5,69,15.2
2026-07-28T20:17:28.400663,ACE44B,,33.224899,-116.957648,,,238,,3617,-49.5,21,10.4
2026-07-28T20:17:33.475796,A97A37,N71FF,33.110745,-117.404387,,,337,,1200,-49.5,2246,11.1
2026-07-28T20:17:33.475796,A2E646,SWA4152,32.871964,-116.654645,,,22,,7234,-39.5,1279,5.9
2026-07-28T20:17:33.475796,AC2E45,N884SD,33.016337,-117.135894,,,59,,4212,-49.5,1778,0.2
2026-07-28T20:17:33.475796,406591,BAW9SW,32.668762,-116.877448,,,88,,6712,-39.0,555,9.5
2026-07-28T20:17:33.475796,0D081C,VOI1772,33.17927,-116.631252,,,312,,7366,-37.8,775,2.1
2026-07-28T20:17:33.475796,A14D78,SKW3006,32.909775,-117.489221,,,307,,3407,-49.5,69,20.3
2026-07-28T20:17:33.475796,ACE44B,,33.215012,-116.976984,,,238,,3617,-49.5,49,0.0
2026-07-28T20:17:38.517962,A97A37,N71FF,33.110745,-117.404387,,,337,,1200,-49.5,2246,16.2
2026-07-28T20:17:38.517962,A2E646,SWA4152,32.871964,-116.654645,,,22,,7234,-49.5,1282,10.9
2026-07-28T20:17:38.517962,AC2E45,N884SD,33.01767,-117.135187,,,355,,4212,-49.5,1818,0.3
2026-07-28T20:17:38.517962,406591,BAW9SW,32.668762,-116.877448,,,88,,6712,-39.0,555,14.5
2026-07-28T20:17:38.517962,0D081C,VOI1772,33.17927,-116.631252,,,312,,7366,-37.8,775,7.2
2026-07-28T20:17:38.517962,A14D78,SKW3006,32.909775,-117.489221,,,307,,3407,-49.5,69,25.3
2026-07-28T20:17:38.517962,ACE44B,N93LA,33.212089,-116.982702,,,238,,3617,-49.5,90,0.5
2026-07-28T20:17:43.584504,A97A37,N71FF,33.118891,-117.408366,,,337,,1200,-37.1,2252,0.0
2026-07-28T20:17:43.584504,A2E646,SWA4152,32.896092,-116.642855,,,22,,7234,-49.5,1310,2.8
2026-07-28T20:17:43.584504,AC2E45,N884SD,33.018944,-117.136174,,,303,,4212,-17.0,1867,0.1
2026-07-28T20:17:43.584504,406591,BAW9SW,32.668762,-116.877448,,,88,,6712,-39.0,555,19.6
2026-07-28T20:17:43.584504,0D081C,VOI1772,33.197617,-116.653601,,,314,,7366,-49.5,809,0.0
2026-07-28T20:17:43.584504,A14D78,SKW3006,32.909775,-117.489221,,,307,,3407,-49.5,69,30.4
2026-07-28T20:17:43.584504,ACE44B,N93LA,33.20897,-116.988812,,,238,,3617,-49.5,122,0.9
2026-07-28T20:17:43.584504,AC210E,,32.624222,-117.193304,,,91,,,-49.5,9,6.6
2026-07-28T20:17:48.658903,A97A37,N71FF,33.120288,-117.409039,,,337,,1200,-49.5,2261,1.5
2026-07-28T20:17:48.658903,A2E646,SWA4152,32.896092,-116.642855,,,22,,7234,-38.4,1311,7.9
2026-07-28T20:17:48.658903,AC2E45,N884SD,33.019272,-117.137878,,,266,,4212,-49.5,1918,0.0
2026-07-28T20:17:48.658903,406591,BAW9SW,32.668762,-116.877448,,,88,,6712,-39.0,555,24.7
2026-07-28T20:17:48.658903,0D081C,VOI1772,33.205153,-116.662641,,,314,,7366,-36.2,871,0.0
2026-07-28T20:17:48.658903,A14D78,SKW3006,32.909775,-117.489221,,,307,,3407,-49.5,69,35.4
2026-07-28T20:17:48.658903,ACE44B,N93LA,33.205215,-116.996155,,,238,,3617,-49.5,126,0.0
2026-07-28T20:17:48.658903,AC210E,SWA1088,32.623581,-117.173914,,,93,,6710,-49.5,41,0.2
2026-07-28T20:17:53.745564,A97A37,N71FF,33.122589,-117.41012,,,338,,1200,-49.5,2277,0.7
2026-07-28T20:17:53.745564,A2E646,SWA4152,32.917053,-116.632562,,,22,,7234,-38.6,1323,1.7
2026-07-28T20:17:53.745564,AC2E45,N884SD,33.018906,-117.139471,,,247,,4212,-15.8,1971,0.4
2026-07-28T20:17:53.745564,406591,BAW9SW,32.668762,-116.877448,,,88,,6712,-39.0,555,29.8
2026-07-28T20:17:53.745564,0D081C,VOI1772,33.208282,-116.6664,,,314,,7366,-49.5,894,3.0
2026-07-28T20:17:53.745564,A14D78,SKW3006,32.909775,-117.489221,,,307,,3407,-49.5,69,40.5
2026-07-28T20:17:53.745564,ACE44B,N93LA,33.202266,-117.001872,,,238,,3617,-36.4,136,0.3
2026-07-28T20:17:53.745564,AC210E,SWA1088,32.623436,-117.171376,,,93,,6710,-38.0,51,3.8
2026-07-28T20:17:58.815603,A97A37,N71FF,33.124603,-117.410999,,,338,,1200,-39.0,2283,0.8
2026-07-28T20:17:58.815603,A2E646,SWA4152,32.917053,-116.632562,,,22,,7234,-37.0,1324,6.8
2026-07-28T20:17:58.815603,AC2E45,N884SD,33.018106,-117.141163,,,235,,4212,-49.5,2026,0.3
2026-07-28T20:17:58.815603,406591,BAW9SW,32.668762,-116.877448,,,88,,6712,-37.9,556,34.8
2026-07-28T20:17:58.815603,0D081C,VOI1772,33.220322,-116.680847,,,314,,7366,-49.5,934,0.1
2026-07-28T20:17:58.815603,A14D78,SKW3006,32.909775,-117.489221,,,307,,3407,-49.5,69,45.6
2026-07-28T20:17:58.815603,ACE44B,N93LA,33.19924,-117.00787,,,238,,3617,-35.6,180,0.5
2026-07-28T20:17:58.815603,AC210E,SWA1088,32.623436,-117.171376,,,93,,6710,-38.0,51,8.8
2026-07-28T20:18:03.858527,A97A37,N71FF,33.126343,-117.411768,,,338,,1200,-39.5,2295,1.4
2026-07-28T20:18:03.858527,A2E646,SWA4152,32.917053,-116.632562,,,22,,7234,-37.0,1324,11.9
2026-07-28T20:18:03.858527,AC2E45,N884SD,33.016942,-117.142733,,,221,,4212,-49.5,2074,0.3
2026-07-28T20:18:03.858527,406591,BAW9SW,32.674896,-116.796478,,,69,,6712,-36.5,564,4.3
2026-07-28T20:18:03.858527,0D081C,VOI1772,33.227079,-116.688986,,,314,,7366,-49.5,1001,0.7
2026-07-28T20:18:03.858527,A14D78,SKW3006,32.909775,-117.489221,,,307,,3407,-49.5,69,50.7
2026-07-28T20:18:03.858527,ACE44B,N93LA,33.196152,-117.013953,,,238,,3617,-38.1,203,0.5
2026-07-28T20:18:03.858527,AC210E,SWA1088,32.623436,-117.171376,,,95,,6710,-37.4,56,13.9
2026-07-28T20:18:08.942405,A97A37,N71FF,33.126343,-117.411768,,,338,,1200,-49.5,2297,6.4
2026-07-28T20:18:08.942405,A2E646,SWA4152,32.947266,-116.617731,,,22,,7234,-35.7,1335,0.9
2026-07-28T20:18:08.942405,AC2E45,N884SD,33.015427,-117.143921,,,205,,4212,-15.5,2120,0.4
2026-07-28T20:18:08.942405,406591,BAW9SW,32.674896,-116.796478,,,69,,6712,-36.5,564,9.3
2026-07-28T20:18:08.942405,0D081C,VOI1772,33.233549,-116.696777,,,314,,7366,-35.7,1048,1.4
2026-07-28T20:18:08.942405,A14D78,SKW3006,32.909775,-117.489221,,,307,,3407,-49.5,69,55.7
2026-07-28T20:18:08.942405,ACE44B,N93LA,33.195511,-117.015161,,,238,,3617,-37.6,211,4.5
2026-07-28T20:18:08.942405,AC210E,SWA1088,32.623436,-117.171376,,,95,,6710,-37.4,56,18.9
2026-07-28T20:18:13.991690,A97A37,N71FF,33.130508,-117.413745,,,337,,1200,-34.9,2320,0.9
2026-07-28T20:18:13.991690,A2E646,SWA4152,32.958023,-116.612512,,,22,,7234,-36.4,1375,0.3
2026-07-28T20:18:13.991690,AC2E45,N884SD,33.01345,-117.144807,,,198,,4212,-49.5,2169,0.2
2026-07-28T20:18:13.991690,406591,BAW9SW,32.686933,-116.767628,,,56,,6712,-32.5,584,0.4
2026-07-28T20:18:13.991690,0D081C,VOI1772,33.241653,-116.7065,,,314,,7366,-36.8,1052,1.0
2026-07-28T20:18:13.991690,A14D78,SKW3006,32.909775,-117.489221,,,307,,3407,-49.5,69,60.8
2026-07-28T20:18:13.991690,ACE44B,N93LA,33.195511,-117.015161,,,238,,3617,-36.7,212,9.5
2026-07-28T20:18:13.991690,AC210E,SWA1088,32.623436,-117.171376,,,95,,6710,-37.4,56,24.0
2026-07-28T20:18:19.080389,A97A37,N71FF,33.13281,-117.414924,,,337,,1200,-49.5,2357,0.0
2026-07-28T20:18:19.080389,A2E646,SWA4152,32.967316,-116.607953,,,22,,7234,-34.8,1411,0.4
2026-07-28T20:18:19.080389,AC2E45,N884SD,33.011353,-117.145569,,,197,,4212,-22.9,2212,0.0
2026-07-28T20:18:19.080389,406591,BAW9SW,32.692566,-116.758603,,,51,,6712,-49.5,621,0.7
2026-07-28T20:18:19.080389,0D081C,VOI1772,33.250541,-116.717181,,,314,,7366,-37.7,1103,0.2
2026-07-28T20:18:19.080389,ACE44B,N93LA,33.195511,-117.015161,,,238,,3617,-36.7,212,14.6
2026-07-28T20:18:19.080389,AC210E,SWA1088,32.623436,-117.171376,,,95,,6710,-37.4,56,29.1
2026-07-28T20:18:24.122063,A97A37,N71FF,33.134354,-117.415668,,,336,,1200,-49.5,2386,1.2
2026-07-28T20:18:24.122063,A2E646,SWA4152,32.976654,-116.603448,,,22,,7234,-49.5,1430,0.5
2026-07-28T20:18:24.122063,AC2E45,N884SD,33.009214,-117.146376,,,196,,4212,-23.3,2251,0.0
2026-07-28T20:18:24.122063,406591,BAW9SW,32.699158,-116.749896,,,46,,6712,-36.8,643,0.8
2026-07-28T20:18:24.122063,0D081C,VOI1772,33.258222,-116.726429,,,314,,7366,-49.5,1134,0.2
2026-07-28T20:18:24.122063,ACE44B,N93LA,33.195511,-117.015161,,,238,,3617,-36.7,212,19.7
2026-07-28T20:18:24.122063,AC210E,SWA1088,32.623436,-117.171376,,,95,,6710,-37.4,56,34.1
2026-07-28T20:18:24.122063,A8CFAE,QXE2223,32.842185,-117.384208,,,307,,7215,-49.5,14,1.7
2026-07-28T20:18:29.175737,A97A37,N71FF,33.134995,-117.415997,,,336,,1200,-49.5,2394,4.7
2026-07-28T20:18:29.175737,A2E646,SWA4152,32.976654,-116.603448,,,22,,7234,-49.5,1433,5.5
2026-07-28T20:18:29.175737,AC2E45,N884SD,33.007095,-117.147162,,,197,,4212,-16.1,2292,0.1
2026-07-28T20:18:29.175737,406591,BAW9SW,32.705973,-116.742404,,,40,,6712,-49.5,657,1.0
2026-07-28T20:18:29.175737,0D081C,VOI1772,33.266043,-116.735846,,,314,,7366,-33.1,1200,0.0
2026-07-28T20:18:29.175737,ACE44B,N93LA,33.181597,-117.042454,,,238,,3617,-37.7,215,1.2
2026-07-28T20:18:29.175737,AC210E,SWA1088,32.623436,-117.171376,,,95,,6710,-37.4,56,39.2
2026-07-28T20:18:29.175737,A8CFAE,QXE2223,32.842185,-117.384208,,,307,,7215,-49.5,14,6.7
2026-07-28T20:18:34.214460,A97A37,N71FF,33.134995,-117.415997,,,336,,1200,-39.8,2395,9.8
2026-07-28T20:18:34.214460,A2E646,SWA4152,32.993945,-116.594986,,,22,,7234,-49.5,1446,1.5
2026-07-28T20:18:34.214460,AC2E45,N884SD,33.004807,-117.147986,,,196,,4212,-49.5,2342,0.0
2026-07-28T20:18:34.214460,406591,BAW9SW,32.709137,-116.739349,,,40,,6712,-37.3,667,4.1
2026-07-28T20:18:34.214460,0D081C,VOI1772,33.268464,-116.738761,,,314,,7366,-37.3,1224,3.5
2026-07-28T20:18:34.214460,ACE44B,N93LA,33.181597,-117.042454,,,238,,3617,-37.7,215,6.3
2026-07-28T20:18:34.214460,AC210E,SWA1088,32.623436,-117.171376,,,95,,6710,-37.4,56,44.3
2026-07-28T20:18:34.214460,A8CFAE,QXE2223,32.842185,-117.384208,,,307,,7215,-49.5,14,11.8
2026-07-28T20:18:39.305433,A97A37,N71FF,33.141283,-117.419241,,,336,,1200,-49.5,2397,0.1
2026-07-28T20:18:39.305433,A2E646,SWA4152,33.000742,-116.591679,,,22,,7234,-49.5,1458,3.0
2026-07-28T20:18:39.305433,AC2E45,N884SD,33.00265,-117.148786,,,197,,4212,-49.5,2398,0.2
2026-07-28T20:18:39.305433,406591,BAW9SW,32.723419,-116.728363,,,28,,6712,-33.3,684,0.5
2026-07-28T20:18:39.305433,0D081C,VOI1772,33.268464,-116.738761,,,314,,7366,-49.5,1225,8.6
2026-07-28T20:18:39.305433,ACE44B,N93LA,33.181597,-117.042454,,,238,,3617,-37.7,215,11.4
2026-07-28T20:18:39.305433,AC210E,SWA1088,32.623436,-117.171376,,,72,,6710,-49.5,62,49.3
2026-07-28T20:18:39.305433,A33366,N305RK,32.83754,-117.23725,,,,,,-49.5,2,41.0
2026-07-28T20:18:39.305433,AB1BF9,,33.41352,-117.776464,,,,,,-49.5,2,20.0
2026-07-28T20:18:39.305433,A8CFAE,QXE2223,32.842185,-117.384208,,,307,,7215,-49.5,14,16.9
2026-07-28T20:18:44.384523,A97A37,N71FF,33.143509,-117.420337,,,337,,1200,-49.5,2414,0.6
2026-07-28T20:18:44.384523,A2E646,SWA4152,33.000742,-116.591679,,,22,,7234,-39.9,1459,8.1
2026-07-28T20:18:44.384523,AC2E45,N884SD,33.000504,-117.149634,,,199,,4212,-49.5,2449,0.2
2026-07-28T20:18:44.384523,406591,BAW9SW,32.730227,-116.724355,,,25,,6712,-49.5,706,1.7
2026-07-28T20:18:44.384523,0D081C,VOI1772,33.268464,-116.738761,,,314,,7366,-49.5,1225,13.7
2026-07-28T20:18:44.384523,ACE44B,N93LA,33.181597,-117.042454,,,238,,3617,-37.7,215,16.5
2026-07-28T20:18:44.384523,AC210E,SWA1088,32.626462,-117.080234,,,72,,6710,-49.5,70,4.5
2026-07-28T20:18:44.384523,A33366,N305RK,32.848618,-117.251367,,,1,,0216,-49.5,6,4.9
2026-07-28T20:18:44.384523,AB1BF9,,33.384933,-117.746082,,,,,,-39.5,3,4.5
2026-07-28T20:18:44.384523,A8CFAE,QXE2223,32.842185,-117.384208,,,307,,7215,-49.5,14,22.0
2026-07-28T20:18:49.463239,A97A37,N71FF,33.146078,-117.421595,,,337,,1200,-49.5,2466,0.3
2026-07-28T20:18:49.463239,A2E646,SWA4152,33.000742,-116.591679,,,22,,7234,-38.1,1479,13.2
2026-07-28T20:18:49.463239,AC2E45,N884SD,32.998461,-117.150636,,,204,,4212,-49.5,2489,0.4
2026-07-28T20:18:49.463239,406591,BAW9SW,32.730227,-116.724355,,,25,,6712,-49.5,706,6.8
2026-07-28T20:18:49.463239,0D081C,VOI1772,33.295807,-116.771759,,,314,,7366,-49.5,1285,0.5
2026-07-28T20:18:49.463239,ACE44B,N93LA,33.181597,-117.042454,,,238,,3617,-37.0,220,21.5
2026-07-28T20:18:49.463239,AC210E,SWA1088,32.631117,-117.06538,,,68,,6710,-38.8,83,1.4
2026-07-28T20:18:49.463239,A33366,N305RK,32.848618,-117.251367,,,1,,0216,-49.5,6,9.9
2026-07-28T20:18:49.463239,AB1BF9,,33.384933,-117.746082,,,,,,-39.5,3,9.5
2026-07-28T20:18:49.463239,A8CFAE,QXE2223,32.842185,-117.384208,,,307,,7215,-49.5,14,27.0
2026-07-28T20:18:54.515340,A97A37,N71FF,33.148636,-117.422809,,,338,,1200,-34.6,2523,0.3
2026-07-28T20:18:54.515340,A2E646,SWA4152,33.029434,-116.577521,,,23,,7234,-37.5,1499,3.0
2026-07-28T20:18:54.515340,AC2E45,N884SD,32.996412,-117.151701,,,200,,4212,-49.5,2525,0.0
2026-07-28T20:18:54.515340,406591,BAW9SW,32.744385,-116.716882,,,23,,6712,-39.7,715,4.0
2026-07-28T20:18:54.515340,0D081C,VOI1772,33.303797,-116.781305,,,314,,7366,-30.6,1364,0.3
2026-07-28T20:18:54.515340,ACE44B,N93LA,33.181597,-117.042454,,,238,,3617,-37.0,220,26.6
2026-07-28T20:18:54.515340,AC210E,SWA1088,32.634934,-117.053665,,,69,,6710,-35.6,103,0.0
2026-07-28T20:18:54.515340,A33366,N305RK,32.855301,-117.251422,,,1,,0216,-39.0,7,1.8
2026-07-28T20:18:54.515340,AB1BF9,,33.384933,-117.746082,,,,,,-39.5,3,14.6
2026-07-28T20:18:54.515340,A8CFAE,QXE2223,32.842185,-117.384208,,,307,,7215,-49.5,14,32.1
2026-07-28T20:18:59.567264,A97A37,N71FF,33.151199,-117.424061,,,338,,1200,-49.5,2578,0.2
2026-07-28T20:18:59.567264,A2E646,SWA4152,33.044312,-116.56983,,,23,,7234,-33.6,1523,0.2
2026-07-28T20:18:59.567264,AC2E45,N884SD,32.994736,-117.152161,,,183,,4212,-49.5,2565,0.4
2026-07-28T20:18:59.567264,406591,BAW9SW,32.753968,-116.711912,,,23,,6712,-38.0,727,3.8
2026-07-28T20:18:59.567264,0D081C,VOI1772,33.311804,-116.790946,,,314,,7366,-49.5,1429,0.0
2026-07-28T20:18:59.567264,ACE44B,N93LA,33.181597,-117.042454,,,238,,3617,-37.0,220,31.6
2026-07-28T20:18:59.567264,AC210E,SWA1088,32.637681,-117.045089,,,69,,6710,-49.5,146,0.4
2026-07-28T20:18:59.567264,A33366,N305RK,32.857132,-117.251532,,,1,,0216,-37.5,8,3.4
2026-07-28T20:18:59.567264,AB1BF9,,33.384933,-117.746082,,,,,,-39.5,3,19.6
2026-07-28T20:18:59.567264,A8CFAE,QXE2223,32.872444,-117.431236,,,307,,7215,-35.1,28,0.0
2026-07-28T20:19:04.616627,A97A37,N71FF,33.153809,-117.425281,,,338,,1200,-49.5,2626,0.1
2026-07-28T20:19:04.616627,A2E646,SWA4152,33.053672,-116.564941,,,23,,7234,-32.7,1568,0.3
2026-07-28T20:19:04.616627,AC2E45,N884SD,32.993088,-117.151556,,,139,,4212,-32.4,2612,0.0
2026-07-28T20:19:04.616627,406591,BAW9SW,32.763325,-116.707147,,,22,,6712,-36.0,740,3.7
2026-07-28T20:19:04.616627,0D081C,VOI1772,33.31929,-116.799994,,,314,,7366,-31.5,1504,0.0
2026-07-28T20:19:04.616627,ACE44B,N93LA,33.181597,-117.042454,,,238,,3617,-37.0,220,36.7
2026-07-28T20:19:04.616627,AC210E,SWA1088,32.640753,-117.035616,,,69,,6710,-49.5,198,0.3
2026-07-28T20:19:04.616627,A33366,N305RK,32.857132,-117.251532,,,1,,0216,-37.5,8,8.5
2026-07-28T20:19:04.616627,AB1BF9,,33.384933,-117.746082,,,,,,-39.5,3,24.7
2026-07-28T20:19:04.616627,A8CFAE,QXE2223,32.874939,-117.435059,,,307,,7215,-36.1,48,2.0
2026-07-28T20:19:09.668621,A97A37,N71FF,33.156418,-117.426489,,,338,,1200,-34.9,2679,0.2
2026-07-28T20:19:09.668621,A2E646,SWA4152,33.06134,-116.560931,,,23,,7234,-35.7,1604,1.3
2026-07-28T20:19:09.668621,AC2E45,N884SD,32.992455,-117.150244,,,103,,4212,-31.7,2651,1.0
2026-07-28T20:19:09.668621,406591,BAW9SW,32.763325,-116.707147,,,22,,6712,-49.5,742,8.8
2026-07-28T20:19:09.668621,0D081C,VOI1772,33.32428,-116.805981,,,314,,7366,-38.6,1555,1.8
2026-07-28T20:19:09.668621,ACE44B,N93LA,33.181597,-117.042454,,,238,,3617,-37.0,220,41.8
2026-07-28T20:19:09.668621,AC210E,SWA1088,32.643768,-117.026202,,,69,,6710,-35.9,239,0.3
2026-07-28T20:19:09.668621,A33366,N305RK,32.857132,-117.251532,,,1,,0216,-37.5,8,13.6
2026-07-28T20:19:09.668621,AB1BF9,,33.384933,-117.746082,,,,,,-39.5,3,29.7
2026-07-28T20:19:09.668621,A8CFAE,QXE2223,32.874939,-117.435059,,,307,,7215,-49.5,49,7.1
2026-07-28T20:19:14.749881,A97A37,N71FF,33.159073,-117.427753,,,338,,1200,-49.5,2729,0.1
2026-07-28T20:19:14.749881,A2E646,SWA4152,33.07045,-116.556097,,,24,,7234,-49.5,1630,1.5
2026-07-28T20:19:14.749881,AC2E45,N884SD,32.992538,-117.148975,,,53,,4212,-36.1,2680,2.6
2026-07-28T20:19:14.749881,406591,BAW9SW,32.788879,-116.69469,,,22,,6712,-35.7,755,0.0
2026-07-28T20:19:14.749881,0D081C,VOI1772,33.334488,-116.818286,,,314,,7366,-49.5,1573,0.0
2026-07-28T20:19:14.749881,ACE44B,N93LA,33.181597,-117.042454,,,238,,3617,-37.0,220,46.8
2026-07-28T20:19:14.749881,AC210E,SWA1088,32.646712,-117.017006,,,69,,6710,-30.2,276,0.2
2026-07-28T20:19:14.749881,A33366,N305RK,32.857132,-117.251532,,,1,,0216,-37.5,8,18.6
2026-07-28T20:19:14.749881,AB1BF9,,33.384933,-117.746082,,,,,,-39.5,3,34.8
2026-07-28T20:19:14.749881,A8CFAE,QXE2223,32.874939,-117.435059,,,307,,7215,-49.5,49,12.1
2026-07-28T20:19:19.797786,A97A37,N71FF,33.161487,-117.428938,,,337,,1200,-34.2,2772,0.5
2026-07-28T20:19:19.797786,A2E646,SWA4152,33.081619,-116.550165,,,24,,7234,-49.5,1658,0.6
2026-07-28T20:19:19.797786,AC2E45,N884SD,32.994278,-117.147217,,,15,,4212,-26.9,2720,0.4
2026-07-28T20:19:19.797786,406591,BAW9SW,32.798426,-116.690107,,,22,,6712,-34.9,796,0.0
2026-07-28T20:19:19.797786,0D081C,VOI1772,33.342016,-116.827324,,,314,,7366,-34.1,1624,0.2
2026-07-28T20:19:19.797786,ACE44B,N93LA,33.181597,-117.042454,,,238,,3617,-37.0,220,51.9
2026-07-28T20:19:19.797786,AC210E,SWA1088,32.649645,-117.007982,,,69,,6710,-34.8,323,0.4
2026-07-28T20:19:19.797786,A33366,N305RK,32.857132,-117.251532,,,1,,0216,-37.5,8,23.7
2026-07-28T20:19:19.797786,AB1BF9,,33.384933,-117.746082,,,,,,-49.5,5,39.9
2026-07-28T20:19:19.797786,A8CFAE,QXE2223,32.886363,-117.452872,,,307,,7215,-36.7,72,3.4
2026-07-28T20:19:24.885149,A97A37,N71FF,33.162964,-117.42962,,,337,,1200,-38.8,2799,2.6
2026-07-28T20:19:24.885149,A2E646,SWA4152,33.091141,-116.545056,,,24,,7234,-36.9,1691,0.6
2026-07-28T20:19:24.885149,AC2E45,N884SD,32.995972,-117.147272,,,344,,4212,-27.9,2767,0.3
2026-07-28T20:19:24.885149,406591,BAW9SW,32.798426,-116.690107,,,21,,6712,-49.5,802,5.1
2026-07-28T20:19:24.885149,0D081C,VOI1772,33.349371,-116.836236,,,314,,7366,-49.5,1681,0.3
2026-07-28T20:19:24.885149,ACE44B,N93LA,33.181597,-117.042454,,,238,,3617,-37.0,220,57.0
2026-07-28T20:19:24.885149,AC210E,SWA1088,32.652578,-116.998845,,,68,,6710,-35.7,356,0.5
2026-07-28T20:19:24.885149,A33366,N305RK,32.857132,-117.251532,,,1,,0216,-37.5,8,28.8
2026-07-28T20:19:24.885149,AB1BF9,,33.384933,-117.746082,,,138,,,-49.5,13,44.9
2026-07-28T20:19:24.885149,A8CFAE,QXE2223,32.886363,-117.452872,,,307,,7215,-49.5,74,8.5
2026-07-28T20:19:29.931998,A97A37,N71FF,33.162964,-117.42962,,,337,,1200,-49.5,2802,7.7
2026-07-28T20:19:29.931998,A2E646,SWA4152,33.100479,-116.540057,,,24,,7234,-34.2,1731,0.8
2026-07-28T20:19:29.931998,AC2E45,N884SD,32.997299,-117.148151,,,323,,4212,-32.0,2823,0.7
2026-07-28T20:19:29.931998,406591,BAW9SW,32.81686,-116.681251,,,21,,6712,-49.5,854,0.3
2026-07-28T20:19:29.931998,0D081C,VOI1772,33.35733,-116.845807,,,314,,7366,-49.5,1746,0.2
2026-07-28T20:19:29.931998,ACE44B,N93LA,33.181597,-117.042454,,,238,,3617,-37.0,220,62.0
2026-07-28T20:19:29.931998,AC210E,SWA1088,32.652578,-116.998845,,,68,,6710,-36.7,360,5.6
2026-07-28T20:19:29.931998,A33366,N305RK,32.857132,-117.251532,,,1,,0216,-37.5,8,33.8
2026-07-28T20:19:29.931998,AB1BF9,ASA1388,33.323628,-117.68067,,,138,,,-49.5,21,4.9
2026-07-28T20:19:29.931998,A8CFAE,QXE2223,32.886363,-117.452872,,,307,,7215,-49.5,74,13.6
2026-07-28T20:19:35.009688,A97A37,N71FF,33.162964,-117.42962,,,337,,1200,-49.5,2802,12.7
2026-07-28T20:19:35.009688,A2E646,SWA4152,33.110184,-116.534894,,,24,,7234,-49.5,1762,0.8
2026-07-28T20:19:35.009688,AC2E45,N884SD,32.998718,-117.149908,,,305,,4212,-29.2,2872,0.2
2026-07-28T20:19:35.009688,406591,BAW9SW,32.824722,-116.677496,,,21,,6712,-36.1,895,1.1
2026-07-28T20:19:35.009688,0D081C,VOI1772,33.364975,-116.855035,,,314,,7366,-49.5,1814,0.0
2026-07-28T20:19:35.009688,ACE44B,N93LA,33.181597,-117.042454,,,238,,3617,-37.0,220,67.1
2026-07-28T20:19:35.009688,AC210E,SWA1088,32.658279,-116.979895,,,72,,6710,-31.8,392,0.5
2026-07-28T20:19:35.009688,A33366,N305RK,32.857132,-117.251532,,,1,,0216,-37.5,8,38.9
2026-07-28T20:19:35.009688,AB1BF9,ASA1388,33.323628,-117.68067,,,138,,,-49.5,21,10.0
2026-07-28T20:19:35.009688,A8CFAE,QXE2223,32.886363,-117.452872,,,307,,7215,-49.5,74,18.6
2026-07-28T20:19:40.059299,A97A37,N71FF,33.162964,-117.42962,,,337,,1200,-49.5,2802,17.8
2026-07-28T20:19:40.059299,A2E646,SWA4152,33.116238,-116.531702,,,24,,7234,-49.5,1805,2.8
2026-07-28T20:19:40.059299,AC2E45,N884SD,32.999578,-117.151757,,,293,,4212,-49.5,2917,0.4
2026-07-28T20:19:40.059299,406591,BAW9SW,32.824722,-116.677496,,,21,,6712,-36.1,895,6.2
2026-07-28T20:19:40.059299,0D081C,VOI1772,33.37207,-116.86355,,,314,,7366,-36.2,1863,0.4
2026-07-28T20:19:40.059299,ACE44B,N93LA,33.15358,-117.123102,,,258,,3617,-38.1,243,0.8
2026-07-28T20:19:40.059299,AC210E,SWA1088,32.660585,-116.97009,,,75,,6710,-49.5,433,0.5
2026-07-28T20:19:40.059299,A33366,N305RK,32.857132,-117.251532,,,1,,0216,-37.5,8,44.0
2026-07-28T20:19:40.059299,AB1BF9,ASA1388,33.323628,-117.68067,,,138,,,-49.5,21,15.1
2026-07-28T20:19:40.059299,A8CFAE,QXE2223,32.906148,-117.483589,,,307,,7215,-35.8,76,0.2
2026-07-28T20:19:45.149579,A97A37,N71FF,33.162964,-117.42962,,,337,,1200,-49.5,2802,22.9
2026-07-28T20:19:45.149579,A2E646,SWA4152,33.125548,-116.526713,,,24,,7234,-36.0,1828,3.1
2026-07-28T20:19:45.149579,AC2E45,N884SD,33.000092,-117.153918,,,276,,4212,-22.3,2972,0.2
2026-07-28T20:19:45.149579,406591,BAW9SW,32.824722,-116.677496,,,21,,6712,-36.1,895,11.3
2026-07-28T20:19:45.149579,0D081C,VOI1772,33.380173,-116.873328,,,314,,7366,-35.4,1900,0.2
2026-07-28T20:19:45.149579,ACE44B,N93LA,33.153122,-117.125793,,,258,,3617,-36.9,248,3.5
2026-07-28T20:19:45.149579,AC210E,SWA1088,32.66254,-116.960225,,,77,,6710,-49.5,465,0.6
2026-07-28T20:19:45.149579,A33366,N305RK,32.885897,-117.254838,,,352,,0216,-49.5,18,2.3
2026-07-28T20:19:45.149579,AB1BF9,ASA1388,33.323628,-117.68067,,,138,,,-49.5,21,20.1
2026-07-28T20:19:45.149579,A8CFAE,QXE2223,32.907823,-117.486167,,,307,,7215,-49.5,81,3.2
2026-07-28T20:19:45.149579,A34FE6,,32.842438,-117.384686,,,307,,,-49.5,9,3.7
2026-07-28T20:19:50.193254,A97A37,N71FF,33.162964,-117.42962,,,337,,1200,-49.5,2802,27.9
2026-07-28T20:19:50.193254,A2E646,SWA4152,33.125548,-116.526713,,,24,,7234,-36.0,1828,8.1
2026-07-28T20:19:50.193254,AC2E45,N884SD,33.000092,-117.156006,,,263,,4212,-30.9,3016,0.2
2026-07-28T20:19:50.193254,406591,BAW9SW,32.824722,-116.677496,,,21,,6712,-36.1,895,16.4
2026-07-28T20:19:50.193254,0D081C,VOI1772,33.387684,-116.882424,,,314,,7366,-37.4,1944,0.3
2026-07-28T20:19:50.193254,ACE44B,N93LA,33.153122,-117.125793,,,258,,3617,-36.9,248,8.6
2026-07-28T20:19:50.193254,AC210E,SWA1088,32.664262,-116.949631,,,80,,6710,-49.5,514,0.3
2026-07-28T20:19:50.193254,A33366,N305RK,32.889954,-117.255432,,,352,,0216,-49.5,30,1.3
2026-07-28T20:19:50.193254,AB1BF9,ASA1388,33.323628,-117.68067,,,138,,,-39.5,23,25.2
2026-07-28T20:19:50.193254,A8CFAE,QXE2223,32.907823,-117.486167,,,307,,7215,-49.5,81,8.3
2026-07-28T20:19:50.193254,A34FE6,,32.842438,-117.384686,,,307,,,-49.5,9,8.8
2026-07-28T20:19:55.272608,A97A37,N71FF,33.162964,-117.42962,,,337,,1200,-49.5,2802,33.0
2026-07-28T20:19:55.272608,A2E646,SWA4152,33.125548,-116.526713,,,24,,7234,-36.0,1828,13.2
2026-07-28T20:19:55.272608,AC2E45,N884SD,32.999725,-117.157983,,,253,,4212,-49.5,3053,0.3
2026-07-28T20:19:55.272608,406591,BAW9SW,32.865182,-116.658213,,,22,,6712,-33.8,916,0.0
2026-07-28T20:19:55.272608,0D081C,VOI1772,33.394867,-116.891125,,,314,,7366,-49.5,1985,0.5
2026-07-28T20:19:55.272608,ACE44B,N93LA,33.153122,-117.125793,,,258,,3617,-36.9,248,13.7
2026-07-28T20:19:55.272608,AC210E,SWA1088,32.665375,-116.940125,,,82,,6710,-49.5,561,0.7
2026-07-28T20:19:55.272608,A33366,N305RK,32.889954,-117.255432,,,352,,0216,-37.8,32,6.4
2026-07-28T20:19:55.272608,AB1BF9,ASA1388,33.287613,-117.642261,,,138,,,-38.0,24,3.5
2026-07-28T20:19:55.272608,A8CFAE,QXE2223,32.907823,-117.486167,,,307,,7215,-49.5,81,13.4
2026-07-28T20:19:55.272608,A34FE6,,32.842438,-117.384686,,,307,,,-49.5,9,13.8
2026-07-28T20:20:00.352270,A97A37,N71FF,33.162964,-117.42962,,,337,,1200,-49.5,2802,38.1
2026-07-28T20:20:00.352270,A2E646,SWA4152,33.125548,-116.526713,,,24,,7234,-36.0,1828,18.3
2026-07-28T20:20:00.352270,AC2E45,N884SD,32.999084,-117.159741,,,240,,4212,-49.5,3110,0.6
2026-07-28T20:20:00.352270,406591,BAW9SW,32.868484,-116.656622,,,22,,6712,-37.9,927,3.3
2026-07-28T20:20:00.352270,0D081C,VOI1772,33.402649,-116.900519,,,314,,7366,-49.5,2053,0.4
2026-07-28T20:20:00.352270,ACE44B,N93LA,33.153122,-117.125793,,,258,,3617,-36.9,248,18.8
2026-07-28T20:20:00.352270,AC210E,SWA1088,32.665558,-116.938312,,,82,,6710,-49.5,565,4.8
2026-07-28T20:20:00.352270,A33366,N305RK,32.894577,-117.256091,,,352,,0216,-49.5,33,4.7
2026-07-28T20:20:00.352270,AB1BF9,ASA1388,33.287613,-117.642261,,,138,,,-38.0,24,8.6
2026-07-28T20:20:00.352270,A8CFAE,QXE2223,32.907823,-117.486167,,,307,,7215,-49.5,81,18.4
2026-07-28T20:20:00.352270,A34FE6,,32.842438,-117.384686,,,307,,,-49.5,9,18.9
2026-07-28T20:20:05.430956,A97A37,N71FF,33.162964,-117.42962,,,337,,1200,-49.5,2802,43.2
2026-07-28T20:20:05.430956,A2E646,SWA4152,33.125548,-116.526713,,,24,,7234,-36.0,1828,23.4
2026-07-28T20:20:05.430956,AC2E45,N884SD,32.997986,-117.161499,,,224,,4212,-26.7,3159,0.1
2026-07-28T20:20:05.430956,406591,BAW9SW,32.868484,-116.656622,,,22,,6712,-37.9,927,8.4
2026-07-28T20:20:05.430956,0D081C,VOI1772,33.410588,-116.910114,,,314,,7366,-32.6,2135,0.2
2026-07-28T20:20:05.430956,ACE44B,N93LA,33.153122,-117.125793,,,258,,3617,-36.9,248,23.8
2026-07-28T20:20:05.430956,AC210E,SWA1088,32.665558,-116.938312,,,82,,6710,-49.5,565,9.9
2026-07-28T20:20:05.430956,A33366,N305RK,32.894577,-117.256091,,,352,,0216,-49.5,33,9.8
2026-07-28T20:20:05.430956,AB1BF9,ASA1388,33.287613,-117.642261,,,138,,,-38.0,24,13.6
2026-07-28T20:20:05.430956,A8CFAE,QXE2223,32.907823,-117.486167,,,307,,7215,-49.5,81,23.5
2026-07-28T20:20:05.430956,A34FE6,,32.842438,-117.384686,,,307,,,-49.5,9,24.0
2026-07-28T20:20:10.509419,A97A37,N71FF,33.162964,-117.42962,,,337,,1200,-49.5,2802,48.2
2026-07-28T20:20:10.509419,A2E646,SWA4152,33.125548,-116.526713,,,24,,7234,-36.0,1828,28.4
2026-07-28T20:20:10.509419,AC2E45,N884SD,32.996645,-117.162631,,,207,,4212,-49.5,3210,0.0
2026-07-28T20:20:10.509419,406591,BAW9SW,32.887253,-116.647559,,,22,,6712,-49.5,934,3.6
2026-07-28T20:20:10.509419,0D081C,VOI1772,33.418222,-116.919363,,,314,,7366,-49.5,2193,0.1
2026-07-28T20:20:10.509419,ACE44B,N93LA,33.153122,-117.125793,,,258,,3617,-49.5,249,28.9
2026-07-28T20:20:10.509419,AC210E,SWA1088,32.666916,-116.908544,,,88,,6710,-49.5,581,0.4
2026-07-28T20:20:10.509419,A33366,N305RK,32.894577,-117.256091,,,352,,0216,-49.5,34,14.8
2026-07-28T20:20:10.509419,AB1BF9,ASA1388,33.287613,-117.642261,,,138,,,-38.0,24,18.7
2026-07-28T20:20:10.509419,A8CFAE,QXE2223,32.907823,-117.486167,,,307,,7215,-49.5,81,28.6
2026-07-28T20:20:10.509419,A34FE6,,32.842438,-117.384686,,,307,,,-49.5,9,29.0
2026-07-28T20:20:15.562467,A97A37,N71FF,33.189185,-117.442558,,,337,,1200,-49.5,2810,1.2
2026-07-28T20:20:15.562467,A2E646,SWA4152,33.125548,-116.526713,,,24,,7234,-36.0,1828,33.5
2026-07-28T20:20:15.562467,AC2E45,N884SD,32.995148,-117.163092,,,183,,4212,-37.5,3259,0.0
2026-07-28T20:20:15.562467,406591,BAW9SW,32.887253,-116.647559,,,22,,6712,-49.5,934,8.7
2026-07-28T20:20:15.562467,0D081C,VOI1772,33.423615,-116.925897,,,314,,7366,-33.6,2252,1.5
2026-07-28T20:20:15.562467,ACE44B,N93LA,33.153122,-117.125793,,,258,,3617,-49.5,249,34.0
2026-07-28T20:20:15.562467,AC210E,SWA1088,32.667114,-116.900354,,,88,,6710,-38.0,603,1.5
2026-07-28T20:20:15.562467,A33366,N305RK,32.907311,-117.257528,,,355,,0216,-49.5,61,1.3
2026-07-28T20:20:15.562467,AB1BF9,ASA1388,33.256714,-117.609412,,,138,,,-49.5,37,0.5
2026-07-28T20:20:15.562467,A8CFAE,QXE2223,32.907823,-117.486167,,,307,,7215,-49.5,82,33.6
2026-07-28T20:20:15.562467,A34FE6,,32.869139,-117.426079,,,307,,4757,-38.5,15,1.8
2026-07-28T20:20:20.613256,A97A37,N71FF,33.191606,-117.443736,,,337,,1200,-39.1,2819,1.5
2026-07-28T20:20:20.613256,A2E646,SWA4152,33.125548,-116.526713,,,24,,7234,-36.0,1828,38.5
2026-07-28T20:20:20.613256,AC2E45,N884SD,32.993759,-117.162687,,,153,,4212,-34.5,3299,0.2
2026-07-28T20:20:20.613256,406591,BAW9SW,32.887253,-116.647559,,,22,,6712,-37.5,936,13.7
2026-07-28T20:20:20.613256,0D081C,VOI1772,33.430512,-116.934217,,,314,,7366,-49.5,2286,2.0
2026-07-28T20:20:20.613256,ACE44B,N93LA,33.153122,-117.125793,,,258,,3617,-49.5,249,39.0
2026-07-28T20:20:20.613256,AC210E,SWA1088,32.667114,-116.900354,,,88,,6710,-49.5,605,6.6
2026-07-28T20:20:20.613256,A33366,N305RK,32.909546,-117.257697,,,355,,0216,-49.5,70,3.1
2026-07-28T20:20:20.613256,AB1BF9,ASA1388,33.24971,-117.601941,,,138,,3503,-36.6,71,0.3
2026-07-28T20:20:20.613256,A8CFAE,QXE2223,32.907823,-117.486167,,,307,,7215,-49.5,82,38.7
2026-07-28T20:20:20.613256,A34FE6,,32.874818,-117.434879,,,307,,4757,-37.3,47,0.2
2026-07-28T20:20:25.692814,A97A37,N71FF,33.192947,-117.444397,,,337,,1200,-49.5,2822,3.9
2026-07-28T20:20:25.692814,A2E646,SWA4152,33.125548,-116.526713,,,24,,7234,-36.0,1828,43.6
2026-07-28T20:20:25.692814,AC2E45,N884SD,32.992828,-117.161342,,,112,,4212,-49.5,3337,0.0
2026-07-28T20:20:25.692814,406591,BAW9SW,32.887253,-116.647559,,,22,,6712,-36.8,952,18.8
2026-07-28T20:20:25.692814,0D081C,VOI1772,33.430512,-116.934217,,,314,,7366,-49.5,2286,7.1
2026-07-28T20:20:25.692814,ACE44B,N93LA,33.153122,-117.125793,,,258,,3617,-49.5,249,44.1
2026-07-28T20:20:25.692814,AC210E,SWA1088,32.667707,-116.878836,,,88,,6710,-35.2,616,1.2
2026-07-28T20:20:25.692814,A33366,N305RK,32.915222,-117.258289,,,355,,0216,-37.3,107,0.2
2026-07-28T20:20:25.692814,AB1BF9,ASA1388,33.244308,-117.596173,,,138,,3503,-36.1,103,1.3
2026-07-28T20:20:25.692814,A8CFAE,QXE2223,32.907823,-117.486167,,,307,,7215,-49.5,82,43.8
2026-07-28T20:20:25.692814,A34FE6,,32.87547,-117.435888,,,307,,4757,-49.5,53,4.3
2026-07-28T20:20:30.770473,A97A37,N71FF,33.192947,-117.444397,,,337,,1200,-49.5,2829,9.0
2026-07-28T20:20:30.770473,A2E646,SWA4152,33.125548,-116.526713,,,24,,7234,-36.0,1828,48.7
2026-07-28T20:20:30.770473,AC2E45,N884SD,32.992735,-117.160894,,,108,,4212,-49.5,3345,3.9
2026-07-28T20:20:30.770473,406591,BAW9SW,32.931473,-116.626135,,,22,,6712,-49.5,965,0.8
2026-07-28T20:20:30.770473,0D081C,VOI1772,33.430512,-116.934217,,,314,,7366,-49.5,2286,12.1
2026-07-28T20:20:30.770473,ACE44B,N93LA,33.153122,-117.125793,,,258,,3617,-49.5,249,49.2
2026-07-28T20:20:30.770473,AC210E,SWA1088,32.667707,-116.878836,,,88,,6710,-36.8,620,6.3
2026-07-28T20:20:30.770473,A33366,N305RK,32.918717,-117.258594,,,355,,0216,-49.5,117,0.3
2026-07-28T20:20:30.770473,AB1BF9,ASA1388,33.236115,-117.587494,,,138,,3503,-49.5,142,0.1
2026-07-28T20:20:30.770473,A8CFAE,QXE2223,32.907823,-117.486167,,,307,,7215,-49.5,82,48.8
2026-07-28T20:20:30.770473,A34FE6,,32.87547,-117.435888,,,307,,4757,-49.5,53,9.3
2026-07-28T20:20:35.834203,A97A37,N71FF,33.192947,-117.444397,,,337,,1200,-49.5,2829,14.0
2026-07-28T20:20:35.834203,A2E646,SWA4152,33.125548,-116.526713,,,24,,7234,-36.0,1828,53.7
2026-07-28T20:20:35.834203,AC2E45,N884SD,32.992735,-117.160894,,,108,,4212,-49.5,3345,9.0
2026-07-28T20:20:35.834203,406591,BAW9SW,32.933258,-116.625311,,,22,,6712,-37.5,968,4.9
2026-07-28T20:20:35.834203,0D081C,VOI1772,33.430512,-116.934217,,,314,,7366,-37.3,2288,17.2
2026-07-28T20:20:35.834203,ACE44B,N93LA,33.153122,-117.125793,,,258,,3617,-49.5,249,54.2
2026-07-28T20:20:35.834203,AC210E,SWA1088,32.667707,-116.878836,,,88,,6710,-36.8,620,11.4
2026-07-28T20:20:35.834203,A33366,N305RK,32.922255,-117.258986,,,355,,0216,-30.9,156,0.4
2026-07-28T20:20:35.834203,AB1BF9,ASA1388,33.233459,-117.584747,,,138,,3503,-39.1,155,3.2
2026-07-28T20:20:35.834203,A8CFAE,QXE2223,32.907823,-117.486167,,,307,,7215,-49.5,82,53.9
2026-07-28T20:20:35.834203,A34FE6,,32.886383,-117.452856,,,307,,4757,-49.5,70,1.6
2026-07-28T20:20:40.907357,A97A37,N71FF,33.192947,-117.444397,,,337,,1200,-49.5,2829,19.1
2026-07-28T20:20:40.907357,A2E646,SWA4152,33.125548,-116.526713,,,24,,7234,-36.0,1828,58.8
2026-07-28T20:20:40.907357,AC2E45,N884SD,32.992735,-117.160894,,,108,,4212,-49.5,3345,14.1
2026-07-28T20:20:40.907357,406591,BAW9SW,32.933258,-116.625311,,,22,,6712,-49.5,981,10.0
2026-07-28T20:20:40.907357,0D081C,VOI1772,33.460166,-116.97009,,,314,,7366,-49.5,2298,2.5
2026-07-28T20:20:40.907357,ACE44B,N93LA,33.153122,-117.125793,,,258,,3617,-49.5,249,59.3
2026-07-28T20:20:40.907357,AC210E,SWA1088,32.667707,-116.878836,,,88,,6710,-39.0,623,16.4
2026-07-28T20:20:40.907357,A33366,N305RK,32.925888,-117.259332,,,355,,0216,-34.9,207,0.4
2026-07-28T20:20:40.907357,AB1BF9,ASA1388,33.22847,-117.579474,,,138,,3503,-49.5,161,4.5
2026-07-28T20:20:40.907357,A8CFAE,QXE2223,32.907823,-117.486167,,,307,,7215,-49.5,82,59.0
2026-07-28T20:20:40.907357,A34FE6,,32.890457,-117.459229,,,307,,4757,-36.7,84,1.7
2026-07-28T20:20:45.953866,A97A37,N71FF,33.192947,-117.444397,,,337,,1200,-49.5,2830,24.2
2026-07-28T20:20:45.953866,AC2E45,N884SD,32.995528,-117.155344,,,39,,4212,-49.5,3358,0.5
2026-07-28T20:20:45.953866,406591,BAW9SW,32.958472,-116.612979,,,22,,6712,-35.5,1016,1.9
2026-07-28T20:20:45.953866,0D081C,VOI1772,33.460166,-116.97009,,,314,,7366,-49.5,2298,7.6
2026-07-28T20:20:45.953866,ACE44B,N93LA,33.153122,-117.125793,,,258,,3617,-49.5,249,64.4
2026-07-28T20:20:45.953866,AC210E,SWA1088,32.667707,-116.878836,,,88,,6710,-37.8,628,21.5
2026-07-28T20:20:45.953866,A33366,N305RK,32.929517,-117.259715,,,355,,0216,-49.5,214,0.4
2026-07-28T20:20:45.953866,AB1BF9,ASA1388,33.220551,-117.571179,,,138,,3503,-49.5,162,3.5
2026-07-28T20:20:45.953866,A8CFAE,QXE2223,32.907823,-117.486167,,,307,,7215,-49.5,82,64.0
2026-07-28T20:20:45.953866,A34FE6,,32.894696,-117.465764,,,307,,4757,-38.6,95,1.7
