timestamp,icao,flight,lat,lon,altitude_ft,speed_kts,track_deg,vertical_rate,squawk,rssi,messages,seen_pos
2026-08-09T22:15:48.529398,A6A4D5,VOI7780,33.180588,-116.980389,,,279,,3201,-49.5,114,0.4
2026-08-09T22:15:48.529398,ABB54F,SWA3562,33.038682,-117.401416,,,145,,3354,-49.5,110,0.8
2026-08-09T22:15:48.529398,0D0924,VIV518,32.945484,-116.222572,,,300,,,-49.5,78,4.5
2026-08-09T22:15:48.529398,A6B9C1,VOI7720,33.10567,-116.58299,,,293,,7342,-29.9,152,0.6
2026-08-09T22:15:48.529398,ADC17B,,32.930237,-116.519568,,,220,,0561,-37.3,11,9.3
2026-08-09T22:15:48.529398,A66E7A,VOI1812,32.969971,-117.664247,,,324,,7323,-32.8,80,0.6
2026-08-09T22:15:48.529398,0C218C,CMP302,33.247888,-117.439812,,,280,,7266,-49.5,30,16.1
2026-08-09T22:15:48.529398,AB1842,ASA336,32.796066,-117.124969,,,101,,6601,-36.0,136,8.0
2026-08-09T22:15:48.529398,0D112E,AMX648,33.22638,-117.299232,,,279,,3215,-30.6,175,0.2
2026-08-09T22:15:48.529398,AC2E45,,32.954865,-117.133044,,,93,,,-33.7,16,5.0
2026-08-09T22:15:48.529398,A4CE11,AAL857,32.910233,-116.636517,,,22,,7767,-34.9,107,0.6
2026-08-09T22:15:48.529398,ABB9B2,,33.61323,-117.891712,,,,,,-49.5,2,11.5
2026-08-09T22:15:53.609814,A6A4D5,VOI7780,33.182236,-116.991705,,,279,,3201,-49.5,150,0.2
2026-08-09T22:15:53.609814,ABB54F,SWA3562,33.030814,-117.394914,,,144,,3354,-49.5,162,0.0
2026-08-09T22:15:53.609814,0D0924,VIV518,32.953995,-116.239691,,,300,,,-35.6,100,1.8
2026-08-09T22:15:53.609814,A6B9C1,VOI7720,33.110413,-116.595703,,,293,,7342,-33.8,180,0.0
2026-08-09T22:15:53.609814,ADC17B,,32.930237,-116.519568,,,220,,0561,-37.3,11,14.4
2026-08-09T22:15:53.609814,A66E7A,VOI1812,32.980445,-117.673271,,,324,,7323,-33.1,115,0.0
2026-08-09T22:15:53.609814,0C218C,CMP302,33.247888,-117.439812,,,280,,7266,-37.3,31,21.1
2026-08-09T22:15:53.609814,AB1842,ASA336,32.796066,-117.124969,,,101,,5266,-36.9,144,13.1
2026-08-09T22:15:53.609814,0D112E,AMX648,33.227737,-117.308716,,,279,,3215,-33.0,224,0.2
2026-08-09T22:15:53.609814,AC2E45,,32.954865,-117.133044,,,93,,,-33.7,16,10.1
2026-08-09T22:15:53.609814,A4CE11,AAL857,32.915691,-116.63383,,,22,,7767,-49.5,145,2.7
2026-08-09T22:15:53.609814,ABB9B2,,33.61323,-117.891712,,,,,,-49.5,2,16.5
2026-08-09T22:15:58.675236,A6A4D5,VOI7780,33.183105,-116.997858,,,279,,3201,-49.5,165,2.4
2026-08-09T22:15:58.675236,ABB54F,SWA3562,33.029388,-117.393695,,,144,,3354,-34.0,171,4.0
2026-08-09T22:15:58.675236,0D0924,VIV518,32.953995,-116.239691,,,300,,,-49.5,109,6.9
2026-08-09T22:15:58.675236,A6B9C1,VOI7720,33.113846,-116.604877,,,293,,7342,-30.1,212,1.0
2026-08-09T22:15:58.675236,ADC17B,,32.930237,-116.519568,,,220,,0561,-37.3,11,19.5
2026-08-09T22:15:58.675236,A66E7A,VOI1812,32.985752,-117.677868,,,324,,7323,-36.4,135,2.2
2026-08-09T22:15:58.675236,0C218C,CMP302,33.247888,-117.439812,,,280,,7266,-35.8,32,26.2
2026-08-09T22:15:58.675236,AB1842,ASA336,32.796066,-117.124969,,,101,,5266,-36.9,144,18.2
2026-08-09T22:15:58.675236,0D112E,AMX648,33.229019,-117.317889,,,279,,3215,-49.5,278,0.3
2026-08-09T22:15:58.675236,AC2E45,,32.954865,-117.133044,,,93,,,-33.7,16,15.2
2026-08-09T22:15:58.675236,A4CE11,AAL857,32.928452,-116.627563,,,22,,7767,-49.5,181,0.8
2026-08-09T22:15:58.675236,ABB9B2,,33.61323,-117.891712,,,,,,-49.5,2,21.6
2026-08-09T22:16:03.728255,A6A4D5,VOI7780,33.185394,-117.013623,,,279,,3201,-29.7,196,0.1
2026-08-09T22:16:03.728255,ABB54F,SWA3562,33.029388,-117.393695,,,144,,3354,-34.5,175,9.0
2026-08-09T22:16:03.728255,0D0924,VIV518,32.966125,-116.264026,,,300,,,-32.9,144,0.8
2026-08-09T22:16:03.728255,A6B9C1,VOI7720,33.118845,-116.61836,,,293,,7342,-32.2,240,0.0
2026-08-09T22:16:03.728255,ADC17B,,32.930237,-116.519568,,,220,,0561,-37.3,11,24.5
2026-08-09T22:16:03.728255,A66E7A,VOI1812,32.985752,-117.677868,,,324,,7323,-36.4,135,7.2
2026-08-09T22:16:03.728255,0C218C,CMP302,33.257812,-117.50202,,,281,,7266,-49.5,54,0.0
2026-08-09T22:16:03.728255,AB1842,ASA336,32.79071,-117.093219,,,101,,5266,-34.3,175,1.1
2026-08-09T22:16:03.728255,0D112E,AMX648,33.230384,-117.327314,,,279,,3215,-29.7,324,0.3
2026-08-09T22:16:03.728255,AC2E45,,32.954865,-117.133044,,,93,,,-33.7,16,20.2
2026-08-09T22:16:03.728255,A4CE11,AAL857,32.937524,-116.623068,,,22,,7767,-49.5,225,1.0
2026-08-09T22:16:03.728255,ABB9B2,,33.61323,-117.891712,,,,,,-49.5,2,26.7
2026-08-09T22:16:08.779994,A6A4D5,VOI7780,33.186813,-117.023456,,,279,,3201,-49.5,237,0.6
2026-08-09T22:16:08.779994,ABB54F,SWA3562,33.01149,-117.378809,,,144,,3354,-49.5,218,0.1
2026-08-09T22:16:08.779994,0D0924,VIV518,32.970657,-116.273199,,,300,,,-35.7,171,1.7
2026-08-09T22:16:08.779994,A6B9C1,VOI7720,33.122383,-116.628449,,,291,,7342,-27.8,283,0.6
2026-08-09T22:16:08.779994,ADC17B,,32.930237,-116.519568,,,220,,0561,-37.3,11,29.6
2026-08-09T22:16:08.779994,A66E7A,VOI1812,33.005814,-117.69516,,,324,,7323,-33.8,168,1.3
2026-08-09T22:16:08.779994,0C218C,CMP302,33.258176,-117.50416,,,284,,7266,-49.5,66,4.0
2026-08-09T22:16:08.779994,AB1842,ASA336,32.789474,-117.086078,,,101,,5266,-49.5,190,1.2
2026-08-09T22:16:08.779994,0D112E,AMX648,33.231445,-117.334698,,,279,,3215,-33.9,380,1.3
2026-08-09T22:16:08.779994,AC2E45,,32.954865,-117.133044,,,93,,,-33.7,16,25.3
2026-08-09T22:16:08.779994,A4CE11,AAL857,32.946741,-116.618584,,,22,,7767,-34.3,267,1.0
2026-08-09T22:16:08.779994,ABB9B2,,33.61323,-117.891712,,,,,,-49.5,2,31.7
2026-08-09T22:16:13.832118,A6A4D5,VOI7780,33.188347,-117.03399,,,279,,3201,-32.3,264,0.7
2026-08-09T22:16:13.832118,ABB54F,SWA3562,33.005035,-117.37337,,,144,,3354,-49.5,274,0.0
2026-08-09T22:16:13.832118,0D0924,VIV518,32.977047,-116.285967,,,300,,,-34.5,196,0.8
2026-08-09T22:16:13.832118,A6B9C1,VOI7720,33.125455,-116.637922,,,290,,7342,-49.5,321,1.5
2026-08-09T22:16:13.832118,ADC17B,,32.930237,-116.519568,,,220,,0561,-37.3,11,34.6
2026-08-09T22:16:13.832118,A66E7A,VOI1812,33.005814,-117.69516,,,324,,7323,-33.8,168,6.3
2026-08-09T22:16:13.832118,0C218C,CMP302,33.258176,-117.50416,,,284,,7266,-49.5,66,9.1
2026-08-09T22:16:13.832118,AB1842,ASA336,32.787964,-117.077454,,,101,,5266,-49.5,193,0.1
2026-08-09T22:16:13.832118,0D112E,AMX648,33.233084,-117.345587,,,280,,3215,-49.5,398,0.4
2026-08-09T22:16:13.832118,AC2E45,,32.954865,-117.133044,,,93,,,-33.7,16,30.3
2026-08-09T22:16:13.832118,A4CE11,AAL857,32.956098,-116.613988,,,22,,7767,-49.5,313,1.0
2026-08-09T22:16:13.832118,ABB9B2,,33.61323,-117.891712,,,,,,-49.5,2,36.8
2026-08-09T22:16:18.885275,A6A4D5,VOI7780,33.189977,-117.045033,,,279,,3201,-30.7,280,0.6
2026-08-09T22:16:18.885275,ABB54F,SWA3562,32.999405,-117.368646,,,144,,3354,-49.5,330,0.5
2026-08-09T22:16:18.885275,0D0924,VIV518,32.982422,-116.29682,,,300,,1044,-34.8,220,0.9
2026-08-09T22:16:18.885275,A6B9C1,VOI7720,33.128807,-116.649301,,,288,,7342,-49.5,349,1.4
2026-08-09T22:16:18.885275,ADC17B,,32.930237,-116.519568,,,220,,0561,-37.3,11,39.7
2026-08-09T22:16:18.885275,A66E7A,VOI1812,33.024949,-117.711611,,,323,,7323,-49.5,186,1.0
2026-08-09T22:16:18.885275,0C218C,CMP302,33.258176,-117.50416,,,284,,7266,-49.5,66,14.1
2026-08-09T22:16:18.885275,AB1842,ASA336,32.787186,-117.073169,,,102,,5266,-34.9,212,2.1
2026-08-09T22:16:18.885275,0D112E,AMX648,33.233363,-117.347437,,,280,,3215,-49.5,422,4.5
2026-08-09T22:16:18.885275,AC2E45,,32.954865,-117.133044,,,93,,,-33.7,16,35.4
2026-08-09T22:16:18.885275,A4CE11,AAL857,32.966904,-116.608667,,,22,,7767,-49.5,353,0.1
2026-08-09T22:16:18.885275,ABB9B2,,33.61323,-117.891712,,,,,,-49.5,2,41.8
2026-08-09T22:16:23.939991,A6A4D5,VOI7780,33.191483,-117.055481,,,279,,3201,-31.4,300,0.7
2026-08-09T22:16:23.939991,ABB54F,SWA3562,32.994411,-117.364421,,,144,,3354,-49.5,354,1.6
2026-08-09T22:16:23.939991,0D0924,VIV518,32.987847,-116.307772,,,300,,1044,-49.5,242,1.0
2026-08-09T22:16:23.939991,A6B9C1,VOI7720,33.132298,-116.662809,,,286,,7342,-33.4,375,0.6
2026-08-09T22:16:23.939991,ADC17B,,32.930237,-116.519568,,,220,,0561,-37.3,11,44.8
2026-08-09T22:16:23.939991,A66E7A,VOI1812,33.035431,-117.720648,,,323,,7323,-49.5,226,0.4
2026-08-09T22:16:23.939991,0C218C,CMP302,33.258176,-117.50416,,,284,,7266,-49.5,66,19.2
2026-08-09T22:16:23.939991,AB1842,ASA336,32.786182,-117.067622,,,102,,5266,-49.5,221,3.3
2026-08-09T22:16:23.939991,0D112E,AMX648,33.235611,-117.36189,,,280,,3215,-49.5,446,1.8
2026-08-09T22:16:23.939991,AC2E45,,32.954865,-117.133044,,,93,,,-33.7,16,40.5
2026-08-09T22:16:23.939991,A4CE11,AAL857,32.976517,-116.603888,,,22,,7767,-49.5,405,0.0
2026-08-09T22:16:23.939991,ABB9B2,,33.61323,-117.891712,,,,,,-49.5,2,46.9
2026-08-09T22:16:29.063241,A6A4D5,VOI7780,33.193039,-117.066357,,,279,,3201,-30.7,328,0.7
2026-08-09T22:16:29.063241,ABB54F,SWA3562,32.98645,-117.35766,,,144,,3354,-36.7,371,0.0
2026-08-09T22:16:29.063241,0D0924,VIV518,32.994271,-116.32072,,,300,,1044,-49.5,289,0.0
2026-08-09T22:16:29.063241,A6B9C1,VOI7720,33.133347,-116.667279,,,285,,7342,-35.1,380,3.9
2026-08-09T22:16:29.063241,ADC17B,,32.930237,-116.519568,,,220,,0561,-37.3,11,49.9
2026-08-09T22:16:29.063241,A66E7A,VOI1812,33.037425,-117.72243,,,323,,7323,-49.5,233,4.4
2026-08-09T22:16:29.063241,0C218C,CMP302,33.258176,-117.50416,,,284,,7266,-49.5,66,24.3
2026-08-09T22:16:29.063241,AB1842,ASA336,32.786182,-117.067622,,,102,,5266,-49.5,221,8.4
2026-08-09T22:16:29.063241,0D112E,AMX648,33.235611,-117.36189,,,280,,3215,-49.5,446,6.9
2026-08-09T22:16:29.063241,AC2E45,,32.954865,-117.133044,,,93,,,-33.7,16,45.6
2026-08-09T22:16:29.063241,A4CE11,AAL857,32.984216,-116.600086,,,22,,7767,-30.2,448,1.0
2026-08-09T22:16:29.063241,ABB9B2,,33.61323,-117.891712,,,,,,-49.5,2,52.0
2026-08-09T22:16:34.147020,A6A4D5,VOI7780,33.194585,-117.077375,,,279,,3201,-49.5,341,0.6
2026-08-09T22:16:34.147020,ABB54F,SWA3562,32.981143,-117.353098,,,144,,3354,-27.1,423,0.6
2026-08-09T22:16:34.147020,0D0924,VIV518,32.999817,-116.331812,,,300,,1044,-49.5,321,0.0
2026-08-09T22:16:34.147020,A6B9C1,VOI7720,33.133347,-116.667279,,,285,,7342,-49.5,381,8.9
2026-08-09T22:16:34.147020,ADC17B,,32.930237,-116.519568,,,220,,0561,-37.3,11,54.9
2026-08-09T22:16:34.147020,A66E7A,VOI1812,33.053579,-117.736387,,,323,,7323,-49.5,238,0.7
2026-08-09T22:16:34.147020,0C218C,CMP302,33.258176,-117.50416,,,284,,7266,-49.5,66,29.4
2026-08-09T22:16:34.147020,AB1842,ASA336,32.786182,-117.067622,,,102,,5266,-37.2,223,13.5
2026-08-09T22:16:34.147020,0D112E,AMX648,33.235611,-117.36189,,,280,,3215,-49.5,446,11.9
2026-08-09T22:16:34.147020,AC2E45,,32.954865,-117.133044,,,93,,,-33.7,16,50.6
2026-08-09T22:16:34.147020,A4CE11,AAL857,32.994085,-116.595266,,,22,,7767,-49.5,498,0.8
2026-08-09T22:16:34.147020,ABB9B2,,33.61323,-117.891712,,,,,,-49.5,2,57.1
2026-08-09T22:16:39.201975,A6A4D5,VOI7780,33.195563,-117.083989,,,279,,3201,-35.7,351,2.5
2026-08-09T22:16:39.201975,ABB54F,SWA3562,32.974859,-117.347829,,,144,,3354,-49.5,450,0.4
2026-08-09T22:16:39.201975,0D0924,VIV518,32.999817,-116.331812,,,300,,1044,-49.5,326,5.1
2026-08-09T22:16:39.201975,A6B9C1,VOI7720,33.138657,-116.694965,,,285,,7342,-34.1,388,2.0
2026-08-09T22:16:39.201975,ADC17B,,32.930237,-116.519568,,,220,,0561,-37.3,11,60.0
2026-08-09T22:16:39.201975,A66E7A,VOI1812,33.060748,-117.742552,,,323,,7323,-35.6,260,1.9
2026-08-09T22:16:39.201975,0C218C,CMP302,33.258176,-117.50416,,,284,,7266,-49.5,66,34.4
2026-08-09T22:16:39.201975,AB1842,ASA336,32.782551,-117.047947,,,102,,5266,-35.0,236,4.5
2026-08-09T22:16:39.201975,0D112E,AMX648,33.240555,-117.392926,,,280,,3215,-36.0,459,0.3
2026-08-09T22:16:39.201975,AC2E45,,32.954865,-117.133044,,,93,,,-33.7,16,55.7
2026-08-09T22:16:39.201975,A4CE11,AAL857,33.003891,-116.59043,,,22,,7767,-49.5,558,0.6
2026-08-09T22:16:44.251462,A6A4D5,VOI7780,33.197113,-117.095142,,,279,,3201,-32.6,364,2.3
2026-08-09T22:16:44.251462,ABB54F,SWA3562,32.969086,-117.342953,,,144,,3354,-34.7,479,0.4
2026-08-09T22:16:44.251462,0D0924,VIV518,33.01062,-116.35351,,,300,,1044,-33.4,359,0.0
2026-08-09T22:16:44.251462,A6B9C1,VOI7720,33.141083,-116.711115,,,280,,7342,-49.5,393,0.0
2026-08-09T22:16:44.251462,A66E7A,VOI1812,33.060748,-117.742552,,,323,,7323,-35.6,260,6.9
2026-08-09T22:16:44.251462,0C218C,CMP302,33.258176,-117.50416,,,284,,7266,-49.5,66,39.5
2026-08-09T22:16:44.251462,AB1842,ASA336,32.780736,-117.038419,,,102,,5266,-34.9,244,2.7
2026-08-09T22:16:44.251462,0D112E,AMX648,33.241929,-117.40164,,,280,,3215,-33.0,484,0.8
2026-08-09T22:16:44.251462,A4CE11,AAL857,33.013458,-116.585706,,,22,,7767,-30.4,599,0.6
2026-08-09T22:16:49.329887,A6A4D5,VOI7780,33.198669,-117.105743,,,279,,3201,-49.5,378,2.3
2026-08-09T22:16:49.329887,ABB54F,SWA3562,32.964569,-117.339093,,,144,,3354,-49.5,514,1.5
2026-08-09T22:16:49.329887,0D0924,VIV518,33.016011,-116.364329,,,300,,1044,-34.2,396,0.0
2026-08-09T22:16:49.329887,A6B9C1,VOI7720,33.141795,-116.715835,,,279,,7342,-49.5,409,3.1
2026-08-09T22:16:49.329887,A66E7A,VOI1812,33.060748,-117.742552,,,323,,7323,-49.5,262,12.0
2026-08-09T22:16:49.329887,0C218C,CMP302,33.258176,-117.50416,,,284,,7266,-49.5,66,44.6
2026-08-09T22:16:49.329887,AB1842,ASA336,32.780736,-117.038419,,,102,,5266,-36.9,247,7.7
2026-08-09T22:16:49.329887,0D112E,AMX648,33.243393,-117.410944,,,280,,3215,-49.5,542,0.7
2026-08-09T22:16:49.329887,A4CE11,AAL857,33.022575,-116.581197,,,22,,7767,-49.5,641,0.8
2026-08-09T22:16:54.382313,A6A4D5,VOI7780,33.20073,-117.120087,,,279,,3201,-49.5,417,0.5
2026-08-09T22:16:54.382313,ABB54F,SWA3562,32.957495,-117.333256,,,144,,3354,-49.5,542,0.3
2026-08-09T22:16:54.382313,0D0924,VIV518,33.021057,-116.374493,,,300,,1044,-49.5,429,0.3
2026-08-09T22:16:54.382313,A6B9C1,VOI7720,33.141795,-116.715835,,,279,,7342,-49.5,409,8.1
2026-08-09T22:16:54.382313,A66E7A,VOI1812,33.060748,-117.742552,,,323,,7323,-49.5,262,17.0
2026-08-09T22:16:54.382313,0C218C,CMP302,33.258176,-117.50416,,,284,,7266,-49.5,66,49.6
2026-08-09T22:16:54.382313,AB1842,ASA336,32.780736,-117.038419,,,102,,5266,-36.9,247,12.8
2026-08-09T22:16:54.382313,0D112E,AMX648,33.244629,-117.418579,,,280,,3215,-49.5,573,1.7
2026-08-09T22:16:54.382313,A4CE11,AAL857,33.032455,-116.576257,,,23,,7767,-49.5,702,0.5
2026-08-09T22:16:54.382313,0D0932,,32.900049,-116.131766,,,300,,,-49.5,17,0.4
2026-08-09T22:16:59.422331,A6A4D5,VOI7780,33.202173,-117.130233,,,279,,3201,-27.8,472,0.7
2026-08-09T22:16:59.422331,ABB54F,SWA3562,32.952746,-117.329276,,,144,,3354,-33.2,588,1.1
2026-08-09T22:16:59.422331,0D0924,VIV518,33.026505,-116.385425,,,300,,1044,-29.9,468,0.3
2026-08-09T22:16:59.422331,A6B9C1,VOI7720,33.146027,-116.744458,,,280,,7342,-49.5,418,0.6
2026-08-09T22:16:59.422331,A66E7A,VOI1812,33.060748,-117.742552,,,323,,7323,-49.5,262,22.1
2026-08-09T22:16:59.422331,0C218C,CMP302,33.258176,-117.50416,,,284,,7266,-49.5,66,54.7
2026-08-09T22:16:59.422331,AB1842,ASA336,32.780736,-117.038419,,,102,,5266,-36.9,247,17.8
2026-08-09T22:16:59.422331,0D112E,AMX648,33.244629,-117.418579,,,280,,3215,-49.5,574,6.8
2026-08-09T22:16:59.422331,A4CE11,AAL857,33.041107,-116.571808,,,23,,7767,-28.1,759,1.0
2026-08-09T22:16:59.422331,0D0932,VOI7896,32.905838,-116.143286,,,300,,,-36.0,43,0.3
2026-08-09T22:17:04.483965,A6A4D5,VOI7780,33.202515,-117.13266,,,279,,3201,-29.3,496,4.6
2026-08-09T22:17:04.483965,ABB54F,SWA3562,32.946183,-117.323839,,,144,,3354,-31.1,624,0.2
2026-08-09T22:17:04.483965,0D0924,VIV518,33.031769,-116.396082,,,300,,1044,-49.5,522,0.3
2026-08-09T22:17:04.483965,A6B9C1,VOI7720,33.146027,-116.744458,,,280,,7342,-35.0,420,5.6
2026-08-09T22:17:04.483965,A66E7A,VOI1812,33.060748,-117.742552,,,323,,7323,-49.5,262,27.1
2026-08-09T22:17:04.483965,0C218C,CMP302,33.258176,-117.50416,,,284,,7266,-49.5,66,59.7
2026-08-09T22:17:04.483965,AB1842,ASA336,32.780736,-117.038419,,,102,,5266,-36.9,247,22.9
2026-08-09T22:17:04.483965,0D112E,AMX648,33.24765,-117.43764,,,280,,3215,-35.9,623,1.4
2026-08-09T22:17:04.483965,A4CE11,AAL857,33.052042,-116.566006,,,23,,7767,-49.5,825,0.2
2026-08-09T22:17:04.483965,ABDC56,,32.851181,-117.398309,,,307,,,-36.1,4,16.4
2026-08-09T22:17:04.483965,0D0932,VOI7896,32.911361,-116.154355,,,300,,,-49.5,65,0.3
2026-08-09T22:17:09.525490,A6A4D5,VOI7780,33.205124,-117.150787,,,279,,3201,-49.5,525,0.9
2026-08-09T22:17:09.525490,ABB54F,SWA3562,32.940857,-117.319427,,,145,,3354,-34.4,639,0.3
2026-08-09T22:17:09.525490,0D0924,VIV518,33.036896,-116.406848,,,299,,1044,-49.5,590,0.4
2026-08-09T22:17:09.525490,A6B9C1,VOI7720,33.146027,-116.744458,,,280,,7342,-49.5,421,10.7
2026-08-09T22:17:09.525490,A66E7A,VOI1812,33.060748,-117.742552,,,323,,7323,-49.5,262,32.2
2026-08-09T22:17:09.525490,AB1842,ASA336,32.780736,-117.038419,,,102,,5266,-36.9,247,27.9
2026-08-09T22:17:09.525490,0D112E,AMX648,33.248213,-117.441325,,,280,,3215,-49.5,629,4.6
2026-08-09T22:17:09.525490,A4CE11,AAL857,33.061935,-116.560767,,,24,,7767,-49.5,881,0.0
2026-08-09T22:17:09.525490,ABDC56,,32.866928,-117.422864,,,307,,,-49.5,9,2.0
2026-08-09T22:17:09.525490,0D0932,VOI7896,32.914527,-116.160745,,,300,,,-36.9,79,2.6
2026-08-09T22:17:14.599856,A6A4D5,VOI7780,33.206689,-117.161734,,,279,,3201,-33.9,555,0.7
2026-08-09T22:17:14.599856,ABB54F,SWA3562,32.937803,-117.316944,,,145,,3354,-28.4,660,2.5
2026-08-09T22:17:14.599856,0D0924,VIV518,33.042068,-116.418109,,,298,,1044,-27.0,656,0.3
2026-08-09T22:17:14.599856,A6B9C1,VOI7720,33.150593,-116.775083,,,280,,7342,-32.2,432,2.4
2026-08-09T22:17:14.599856,A66E7A,VOI1812,33.060748,-117.742552,,,323,,7323,-49.5,262,37.2
2026-08-09T22:17:14.599856,AB1842,ASA336,32.780736,-117.038419,,,102,,5266,-36.9,247,33.0
2026-08-09T22:17:14.599856,0D112E,AMX648,33.248213,-117.441325,,,280,,3215,-49.5,629,9.7
2026-08-09T22:17:14.599856,A4CE11,AAL857,33.070816,-116.556042,,,24,,7767,-26.5,955,0.4
2026-08-09T22:17:14.599856,ABDC56,,32.866928,-117.422864,,,307,,,-49.5,9,7.0
2026-08-09T22:17:14.599856,0D0932,VOI7896,32.922455,-116.17663,,,300,,,-49.5,97,0.5
2026-08-09T22:17:19.673981,A6A4D5,VOI7780,33.208085,-117.1716,,,279,,3201,-29.0,575,1.0
2026-08-09T22:17:19.673981,ABB54F,SWA3562,32.930283,-117.310693,,,145,,3354,-49.5,689,0.5
2026-08-09T22:17:19.673981,0D0924,VIV518,33.046783,-116.428766,,,297,,1044,-49.5,714,0.4
2026-08-09T22:17:19.673981,A6B9C1,VOI7720,33.152828,-116.790273,,,279,,7342,-30.4,468,0.8
2026-08-09T22:17:19.673981,A66E7A,VOI1812,33.060748,-117.742552,,,323,,7323,-49.5,262,42.3
2026-08-09T22:17:19.673981,AB1842,ASA336,32.780736,-117.038419,,,102,,5266,-36.9,247,38.1
2026-08-09T22:17:19.673981,0D112E,AMX648,33.248213,-117.441325,,,280,,3215,-49.5,629,14.7
2026-08-09T22:17:19.673981,A4CE11,AAL857,33.080765,-116.55076,,,24,,7767,-25.2,1020,0.2
2026-08-09T22:17:19.673981,ABDC56,,32.866928,-117.422864,,,307,,,-49.5,9,12.1
2026-08-09T22:17:19.673981,0D0932,VOI7896,32.924862,-116.181429,,,300,,2657,-49.5,110,3.4
2026-08-09T22:17:24.718694,A6A4D5,VOI7780,33.209575,-117.18225,,,279,,3201,-31.9,604,0.9
2026-08-09T22:17:24.718694,ABB54F,SWA3562,32.925513,-117.306743,,,145,,3354,-32.7,744,1.0
2026-08-09T22:17:24.718694,0D0924,VIV518,33.051682,-116.440411,,,296,,1044,-49.5,769,0.2
2026-08-09T22:17:24.718694,A6B9C1,VOI7720,33.154224,-116.799802,,,279,,7342,-49.5,502,1.7
2026-08-09T22:17:24.718694,A66E7A,VOI1812,33.060748,-117.742552,,,323,,7323,-49.5,262,47.4
2026-08-09T22:17:24.718694,AB1842,ASA336,32.780736,-117.038419,,,102,,5266,-36.9,247,43.2
2026-08-09T22:17:24.718694,0D112E,AMX648,33.248213,-117.441325,,,280,,3215,-49.5,629,19.8
2026-08-09T22:17:24.718694,A4CE11,AAL857,33.090262,-116.545659,,,24,,7767,-49.5,1070,0.3
2026-08-09T22:17:24.718694,ABDC56,,32.866928,-117.422864,,,307,,,-49.5,9,17.2
2026-08-09T22:17:24.718694,0D0932,VOI7896,32.924862,-116.181429,,,300,,2657,-49.5,114,8.5
2026-08-09T22:17:29.798624,A6A4D5,VOI7780,33.211204,-117.193684,,,279,,3201,-27.1,640,0.4
2026-08-09T22:17:29.798624,ABB54F,SWA3562,32.920439,-117.302539,,,144,,3354,-36.6,827,1.1
2026-08-09T22:17:29.798624,0D0924,VIV518,33.055534,-116.449977,,,295,,1044,-49.5,829,0.9
2026-08-09T22:17:29.798624,A6B9C1,VOI7720,33.156133,-116.812638,,,279,,7342,-29.4,532,1.0
2026-08-09T22:17:29.798624,A66E7A,VOI1812,33.060748,-117.742552,,,323,,7323,-49.5,262,52.5
2026-08-09T22:17:29.798624,AB1842,ASA336,32.780736,-117.038419,,,102,,5266,-36.9,247,48.2
2026-08-09T22:17:29.798624,0D112E,AMX648,33.248213,-117.441325,,,280,,3215,-49.5,629,24.9
2026-08-09T22:17:29.798624,A4CE11,AAL857,33.10025,-116.540387,,,24,,7767,-32.9,1115,0.0
2026-08-09T22:17:29.798624,ABDC56,,32.866928,-117.422864,,,307,,,-49.5,9,22.3
2026-08-09T22:17:29.798624,0D0932,VOI7896,32.939293,-116.210352,,,300,,2657,-35.0,120,0.6
2026-08-09T22:17:34.878019,A6A4D5,VOI7780,33.212585,-117.203357,,,279,,3201,-49.5,658,0.8
2026-08-09T22:17:34.878019,ABB54F,SWA3562,32.915314,-117.298224,,,144,,3354,-49.5,878,1.1
2026-08-09T22:17:34.878019,0D0924,VIV518,33.059956,-116.4613,,,294,,1044,-29.8,883,0.9
2026-08-09T22:17:34.878019,A6B9C1,VOI7720,33.157837,-116.824219,,,280,,7342,-31.4,567,1.0
2026-08-09T22:17:34.878019,A66E7A,VOI1812,33.060748,-117.742552,,,323,,7323,-49.5,262,57.5
2026-08-09T22:17:34.878019,AB1842,ASA336,32.780736,-117.038419,,,102,,5266,-36.9,247,53.3
2026-08-09T22:17:34.878019,0D112E,AMX648,33.248213,-117.441325,,,280,,3215,-49.5,629,30.0
2026-08-09T22:17:34.878019,A4CE11,AAL857,33.109222,-116.535608,,,23,,7767,-49.5,1145,0.5
2026-08-09T22:17:34.878019,ABDC56,,32.866928,-117.422864,,,307,,,-49.5,9,27.3
2026-08-09T22:17:34.878019,0D0932,VOI7896,32.944931,-116.221674,,,300,,2657,-49.5,138,0.6
2026-08-09T22:17:39.957268,A6A4D5,VOI7780,33.214233,-117.214948,,,279,,3201,-26.3,703,0.2
2026-08-09T22:17:39.957268,ABB54F,SWA3562,32.909825,-117.293682,,,144,,3354,-49.5,918,0.8
2026-08-09T22:17:39.957268,0D0924,VIV518,33.064865,-116.474469,,,293,,1044,-49.5,933,0.0
2026-08-09T22:17:39.957268,A6B9C1,VOI7720,33.159805,-116.837402,,,279,,7342,-49.5,585,0.1
2026-08-09T22:17:39.957268,A66E7A,VOI1812,33.174774,-117.841113,,,323,,7323,-49.5,265,0.4
2026-08-09T22:17:39.957268,AB1842,ASA336,32.780736,-117.038419,,,102,,5266,-36.9,247,58.4
2026-08-09T22:17:39.957268,0D112E,AMX648,33.248213,-117.441325,,,280,,3215,-49.5,629,35.0
2026-08-09T22:17:39.957268,A4CE11,AAL857,33.113068,-116.53363,,,23,,7767,-49.5,1162,3.5
2026-08-09T22:17:39.957268,ABDC56,,32.866928,-117.422864,,,307,,,-49.5,9,32.4
2026-08-09T22:17:39.957268,0D0932,VOI7896,32.947266,-116.226343,,,300,,2657,-37.6,155,3.6
2026-08-09T22:17:45.035075,A6A4D5,VOI7780,33.215744,-117.225494,,,279,,3201,-25.8,735,0.1
2026-08-09T22:17:45.035075,ABB54F,SWA3562,32.905356,-117.289927,,,145,,3354,-49.5,965,1.4
2026-08-09T22:17:45.035075,0D0924,VIV518,33.068894,-116.485234,,,293,,1044,-49.5,997,0.3
2026-08-09T22:17:45.035075,A6B9C1,VOI7720,33.161114,-116.846438,,,279,,7342,-30.8,616,1.2
2026-08-09T22:17:45.035075,A66E7A,VOI1812,33.180038,-117.845728,,,323,,7323,-36.8,279,2.7
2026-08-09T22:17:45.035075,AB1842,ASA336,32.780736,-117.038419,,,102,,5266,-36.9,247,63.5
2026-08-09T22:17:45.035075,0D112E,AMX648,33.248213,-117.441325,,,280,,3215,-35.9,632,40.1
2026-08-09T22:17:45.035075,A4CE11,AAL857,33.113068,-116.53363,,,23,,7767,-39.5,1163,8.6
2026-08-09T22:17:45.035075,ABDC56,,32.866928,-117.422864,,,307,,,-49.5,9,37.5
2026-08-09T22:17:45.035075,0D0932,VOI7896,32.947266,-116.226343,,,300,,2657,-49.5,158,8.7
2026-08-09T22:17:50.115057,A6A4D5,VOI7780,33.21721,-117.235948,,,279,,3201,-28.0,756,0.0
2026-08-09T22:17:50.115057,ABB54F,SWA3562,32.899841,-117.28537,,,145,,3354,-34.4,976,1.1
2026-08-09T22:17:50.115057,0D0924,VIV518,33.073037,-116.496277,,,294,,1044,-49.5,1057,0.3
2026-08-09T22:17:50.115057,A6B9C1,VOI7720,33.163162,-116.860283,,,279,,7342,-22.8,644,0.0
2026-08-09T22:17:50.115057,A66E7A,VOI1812,33.190815,-117.85505,,,323,,7323,-34.7,292,1.7
2026-08-09T22:17:50.115057,0D112E,AMX648,33.248213,-117.441325,,,280,,3215,-35.9,632,45.2
2026-08-09T22:17:50.115057,A4CE11,AAL857,33.138909,-116.520043,,,23,,7767,-49.5,1173,0.1
2026-08-09T22:17:50.115057,ABDC56,,32.866928,-117.422864,,,307,,,-49.5,9,42.5
2026-08-09T22:17:50.115057,0D0932,VOI7896,32.961273,-116.254523,,,300,,2657,-37.1,163,1.0
2026-08-09T22:17:55.179275,A6A4D5,VOI7780,33.218467,-117.244636,,,279,,3201,-28.7,788,0.8
2026-08-09T22:17:55.179275,ABB54F,SWA3562,32.893661,-117.280261,,,145,,3354,-29.4,1024,0.2
2026-08-09T22:17:55.179275,0D0924,VIV518,33.077454,-116.508032,,,294,,1044,-28.5,1120,0.0
2026-08-09T22:17:55.179275,A6B9C1,VOI7720,33.164838,-116.871606,,,279,,7342,-27.0,684,0.0
2026-08-09T22:17:55.179275,A66E7A,VOI1812,33.201782,-117.864514,,,323,,7323,-49.5,325,0.9
2026-08-09T22:17:55.179275,0D112E,AMX648,33.248213,-117.441325,,,280,,3215,-35.9,632,50.2
2026-08-09T22:17:55.179275,A4CE11,AAL857,33.146916,-116.515839,,,23,,7767,-33.9,1184,1.0
2026-08-09T22:17:55.179275,ABDC56,,32.866928,-117.422864,,,307,,,-49.5,9,47.6
2026-08-09T22:17:55.179275,0D0932,VOI7896,32.96769,-116.267414,,,300,,2657,-49.5,190,0.3
2026-08-09T22:18:00.259061,A6A4D5,VOI7780,33.219677,-117.253325,,,279,,3201,-49.5,817,1.8
2026-08-09T22:18:00.259061,ABB54F,SWA3562,32.890045,-117.277295,,,145,,3354,-32.5,1048,1.9
2026-08-09T22:18:00.259061,0D0924,VIV518,33.081573,-116.518964,,,294,,1044,-49.5,1177,0.3
2026-08-09T22:18:00.259061,A6B9C1,VOI7720,33.166375,-116.882256,,,279,,7342,-49.5,701,0.5
2026-08-09T22:18:00.259061,A66E7A,VOI1812,33.207047,-117.869073,,,323,,7323,-49.5,349,3.2
2026-08-09T22:18:00.259061,0D112E,AMX648,33.248213,-117.441325,,,280,,3215,-35.9,632,55.5
2026-08-09T22:18:00.259061,A4CE11,AAL857,33.154633,-116.511768,,,23,,7767,-49.5,1210,2.3
2026-08-09T22:18:00.259061,ABDC56,,32.866928,-117.422864,,,307,,4766,-49.5,10,52.9
2026-08-09T22:18:00.259061,0D0932,VOI7896,32.97309,-116.278288,,,300,,2657,-49.5,213,0.6
2026-08-09T22:18:05.510776,A6A4D5,VOI7780,33.220282,-117.257641,,,279,,3201,-49.5,826,4.8
2026-08-09T22:18:05.510776,ABB54F,SWA3562,32.884734,-117.272887,,,145,,3354,-32.0,1072,1.7
2026-08-09T22:18:05.510776,0D0924,VIV518,33.085693,-116.52995,,,294,,1044,-49.5,1234,0.3
2026-08-09T22:18:05.510776,A6B9C1,VOI7720,33.168182,-116.894312,,,279,,7342,-49.5,770,0.0
2026-08-09T22:18:05.510776,A66E7A,VOI1812,33.215999,-117.876799,,,323,,7323,-36.7,352,3.4
2026-08-09T22:18:05.510776,0D112E,AMX648,33.248213,-117.441325,,,280,,3215,-35.9,632,60.6
2026-08-09T22:18:05.510776,A4CE11,AAL857,33.165816,-116.505918,,,23,,7767,-49.5,1238,1.5
2026-08-09T22:18:05.510776,ABDC56,,32.911835,-117.492407,,,307,,4766,-37.5,11,5.0
2026-08-09T22:18:05.510776,0D0932,VOI7896,32.975281,-116.282648,,,300,,2657,-35.8,235,3.7
2026-08-09T22:18:10.580241,A6A4D5,VOI7780,33.222794,-117.275317,,,279,,3201,-29.4,871,1.1
2026-08-09T22:18:10.580241,ABB54F,SWA3562,32.88176,-117.270428,,,145,,3354,-49.5,1098,3.9
2026-08-09T22:18:10.580241,0D0924,VIV518,33.089264,-116.539453,,,294,,1044,-49.5,1278,0.9
2026-08-09T22:18:10.580241,A6B9C1,VOI7720,33.169327,-116.902277,,,279,,7342,-33.8,799,1.5
2026-08-09T22:18:10.580241,A66E7A,VOI1812,33.215999,-117.876799,,,323,,7323,-36.7,352,8.5
2026-08-09T22:18:10.580241,0D112E,AMX648,33.248213,-117.441325,,,280,,3215,-35.9,632,65.6
2026-08-09T22:18:10.580241,A4CE11,AAL857,33.169866,-116.503844,,,23,,7767,-35.1,1244,4.4
2026-08-09T22:18:10.580241,ABDC56,,32.911835,-117.492407,,,307,,4766,-37.5,11,10.1
2026-08-09T22:18:10.580241,0D0932,VOI7896,32.982959,-116.298075,,,300,,2657,-49.5,250,1.7
2026-08-09T22:18:15.647766,A6A4D5,VOI7780,33.224533,-117.287512,,,279,,3201,-49.5,906,0.0
2026-08-09T22:18:15.647766,ABB54F,SWA3562,32.873062,-117.263232,,,145,,3354,-49.5,1142,0.4
2026-08-09T22:18:15.647766,0D0924,VIV518,33.093521,-116.550769,,,294,,1044,-49.5,1321,0.7
2026-08-09T22:18:15.647766,A6B9C1,VOI7720,33.171432,-116.916559,,,279,,7342,-49.5,814,0.0
2026-08-09T22:18:15.647766,A66E7A,VOI1812,33.215999,-117.876799,,,323,,7323,-36.7,352,13.6
2026-08-09T22:18:15.647766,0D112E,AMX648,33.248213,-117.441325,,,280,,3215,-35.9,632,70.7
2026-08-09T22:18:15.647766,A4CE11,AAL857,33.169866,-116.503844,,,23,,7767,-35.1,1244,9.5
2026-08-09T22:18:15.647766,ABDC56,,32.911835,-117.492407,,,307,,4766,-37.5,11,15.2
2026-08-09T22:18:15.647766,0D0932,VOI7896,32.989709,-116.311639,,,300,,2657,-33.8,275,0.6
2026-08-09T22:18:20.699288,A6A4D5,VOI7780,33.225961,-117.297662,,,279,,3201,-49.5,926,0.0
2026-08-09T22:18:20.699288,ABB54F,SWA3562,32.868988,-117.259882,,,145,,3354,-36.3,1187,1.5
2026-08-09T22:18:20.699288,0D0924,VIV518,33.097338,-116.560906,,,293,,1044,-49.5,1373,1.0
2026-08-09T22:18:20.699288,A6B9C1,VOI7720,33.172752,-116.92564,,,279,,7342,-49.5,846,1.0
2026-08-09T22:18:20.699288,A66E7A,VOI1812,33.215999,-117.876799,,,323,,7323,-36.7,352,18.6
2026-08-09T22:18:20.699288,0D112E,AMX648,33.248213,-117.441325,,,280,,3215,-35.9,632,75.7
2026-08-09T22:18:20.699288,A4CE11,AAL857,33.169866,-116.503844,,,23,,7767,-49.5,1250,14.5
2026-08-09T22:18:20.699288,ABDC56,,32.911835,-117.492407,,,307,,4766,-37.5,11,20.2
2026-08-09T22:18:20.699288,0D0932,VOI7896,32.994003,-116.320276,,,300,,2657,-33.0,307,1.7
2026-08-09T22:18:25.750706,A6A4D5,VOI7780,33.227079,-117.305398,,,279,,3201,-32.5,968,1.2
2026-08-09T22:18:25.750706,ABB54F,SWA3562,32.864204,-117.255903,,,145,,3354,-31.4,1236,1.8
2026-08-09T22:18:25.750706,0D0924,VIV518,33.101257,-116.571423,,,294,,1044,-49.5,1414,1.1
2026-08-09T22:18:25.750706,A6B9C1,VOI7720,33.174088,-116.934741,,,279,,7342,-28.0,876,1.9
2026-08-09T22:18:25.750706,A66E7A,VOI1812,33.215999,-117.876799,,,323,,7323,-36.7,352,23.7
2026-08-09T22:18:25.750706,0D112E,AMX648,33.248213,-117.441325,,,280,,3215,-35.9,632,80.8
2026-08-09T22:18:25.750706,A4CE11,AAL857,33.169866,-116.503844,,,23,,7767,-49.5,1257,19.6
2026-08-09T22:18:25.750706,ABDC56,,32.911835,-117.492407,,,307,,4766,-37.5,11,25.3
2026-08-09T22:18:25.750706,0D0932,VOI7896,33.000742,-116.33378,,,300,,2657,-49.5,329,0.6
2026-08-09T22:18:30.803209,A6A4D5,VOI7780,33.22879,-117.31734,,,279,,3201,-28.0,1003,0.3
2026-08-09T22:18:30.803209,ABB54F,SWA3562,32.858047,-117.250763,,,144,,3354,-34.9,1279,0.9
2026-08-09T22:18:30.803209,0D0924,VIV518,33.105469,-116.582684,,,293,,1044,-49.5,1453,0.9
2026-08-09T22:18:30.803209,A6B9C1,VOI7720,33.176244,-116.949463,,,279,,7342,-49.5,937,0.3
2026-08-09T22:18:30.803209,A66E7A,VOI1812,33.215999,-117.876799,,,323,,7323,-36.7,352,28.8
2026-08-09T22:18:30.803209,0D112E,AMX648,33.248213,-117.441325,,,280,,3215,-35.9,632,85.9
2026-08-09T22:18:30.803209,A4CE11,AAL857,33.211856,-116.481815,,,23,,7767,-35.3,1272,2.4
2026-08-09T22:18:30.803209,ABDC56,,32.939438,-117.535419,,,307,,4766,-49.5,14,1.8
2026-08-09T22:18:30.803209,0D0932,VOI7896,33.006271,-116.344995,,,300,,2657,-34.8,339,0.6
2026-08-09T22:18:35.882380,A6A4D5,VOI7780,33.229889,-117.325085,,,279,,3201,-28.9,1028,1.4
2026-08-09T22:18:35.882380,ABB54F,SWA3562,32.854889,-117.248181,,,144,,3354,-35.5,1299,2.9
2026-08-09T22:18:35.882380,0D0924,VIV518,33.110046,-116.594874,,,293,,1044,-49.5,1482,0.2
2026-08-09T22:18:35.882380,A6B9C1,VOI7720,33.176942,-116.954003,,,279,,7342,-33.3,967,3.2
2026-08-09T22:18:35.882380,A66E7A,VOI1812,33.215999,-117.876799,,,323,,7323,-36.7,352,33.8
2026-08-09T22:18:35.882380,0D112E,AMX648,33.248213,-117.441325,,,280,,3215,-35.9,632,91.0
2026-08-09T22:18:35.882380,A4CE11,AAL857,33.211856,-116.481815,,,23,,7767,-35.3,1272,7.5
2026-08-09T22:18:35.882380,ABDC56,,32.939438,-117.535419,,,307,,4766,-36.5,15,6.9
2026-08-09T22:18:35.882380,0D0932,VOI7896,33.012131,-116.356805,,,300,,2657,-49.5,377,0.2
2026-08-09T22:18:40.960262,A6A4D5,VOI7780,33.231129,-117.333872,,,279,,3201,-36.0,1055,2.1
2026-08-09T22:18:40.960262,ABB54F,SWA3562,32.847771,-117.24217,,,144,,3354,-49.5,1334,1.0
2026-08-09T22:18:40.960262,0D0924,VIV518,33.114143,-116.605916,,,293,,1044,-34.6,1523,0.0
2026-08-09T22:18:40.960262,A6B9C1,VOI7720,33.179443,-116.97149,,,279,,7342,-49.5,1002,0.2
2026-08-09T22:18:40.960262,A66E7A,VOI1812,33.215999,-117.876799,,,323,,7323,-36.7,352,38.9
2026-08-09T22:18:40.960262,0D112E,AMX648,33.248213,-117.441325,,,280,,3215,-35.9,632,96.0
2026-08-09T22:18:40.960262,A4CE11,AAL857,33.211856,-116.481815,,,23,,7767,-35.3,1272,12.6
2026-08-09T22:18:40.960262,ABDC56,SWA981,32.947769,-117.548328,,,307,,4766,-36.2,31,3.7
2026-08-09T22:18:40.960262,0D0932,VOI7896,33.017853,-116.368231,,,300,,2657,-32.7,404,0.1
2026-08-09T22:18:46.038220,A6A4D5,VOI7780,33.23291,-117.345959,,,280,,3201,-49.5,1066,0.9
2026-08-09T22:18:46.038220,ABB54F,SWA3562,32.846695,-117.24126,,,144,,3354,-49.5,1338,5.0
2026-08-09T22:18:46.038220,0D0924,VIV518,33.118149,-116.616687,,,293,,1044,-49.5,1550,0.0
2026-08-09T22:18:46.038220,A6B9C1,VOI7720,33.180945,-116.981973,,,279,,7342,-49.5,1038,0.5
2026-08-09T22:18:46.038220,A66E7A,VOI1812,33.215999,-117.876799,,,327,,7323,-37.6,355,44.0
2026-08-09T22:18:46.038220,A4CE11,AAL857,33.246305,-116.463766,,,23,,7767,-36.2,1279,0.2
2026-08-09T22:18:46.038220,ABDC56,SWA981,32.947769,-117.548328,,,307,,4766,-49.5,38,8.8
2026-08-09T22:18:46.038220,0D0932,VOI7896,33.02332,-116.379239,,,300,,2657,-49.5,442,0.2
2026-08-09T22:18:46.038220,AD7471,,33.292328,-117.647644,,,,,3207,-49.5,9,7.5
2026-08-09T22:18:51.117602,A6A4D5,VOI7780,33.234481,-117.356237,,,280,,3201,-34.4,1068,0.8
2026-08-09T22:18:51.117602,ABB54F,SWA3562,32.846695,-117.24126,,,144,,3354,-34.9,1348,10.1
2026-08-09T22:18:51.117602,0D0924,VIV518,33.122057,-116.627496,,,292,,1044,-28.6,1596,0.1
2026-08-09T22:18:51.117602,A6B9C1,VOI7720,33.182575,-116.99296,,,279,,7342,-27.2,1079,0.4
2026-08-09T22:18:51.117602,A66E7A,VOI1812,33.215999,-117.876799,,,327,,7323,-37.6,355,49.0
2026-08-09T22:18:51.117602,A4CE11,AAL857,33.256302,-116.458539,,,23,,7767,-49.5,1314,0.1
2026-08-09T22:18:51.117602,ABDC56,SWA981,32.947769,-117.548328,,,307,,4766,-49.5,38,13.9
2026-08-09T22:18:51.117602,0D0932,VOI7896,33.028394,-116.38944,,,300,,2657,-49.5,481,0.5
2026-08-09T22:18:51.117602,AD7471,,33.279776,-117.634259,,,138,,3207,-49.5,26,3.6
2026-08-09T22:18:56.172557,A6A4D5,VOI7780,33.235153,-117.360297,,,280,,3201,-49.5,1102,3.7
2026-08-09T22:18:56.172557,ABB54F,SWA3562,32.846695,-117.24126,,,144,,3354,-34.9,1348,15.2
2026-08-09T22:18:56.172557,0D0924,VIV518,33.125409,-116.63753,,,291,,1044,-49.5,1641,0.6
2026-08-09T22:18:56.172557,A6B9C1,VOI7720,33.183133,-116.997052,,,279,,7342,-49.5,1102,3.6
2026-08-09T22:18:56.172557,A66E7A,VOI1812,33.215999,-117.876799,,,327,,7323,-37.6,355,54.1
2026-08-09T22:18:56.172557,A4CE11,AAL857,33.256302,-116.458539,,,23,,7767,-34.5,1328,5.2
2026-08-09T22:18:56.172557,ABDC56,SWA981,32.947769,-117.548328,,,307,,4766,-49.5,38,19.0
2026-08-09T22:18:56.172557,0D0932,VOI7896,33.03384,-116.400427,,,300,,2657,-30.7,523,0.6
2026-08-09T22:18:56.172557,AD7471,,33.273864,-117.628037,,,138,,3207,-35.8,32,4.5
2026-08-09T22:19:01.299570,A6A4D5,VOI7780,33.235153,-117.360297,,,280,,3201,-49.5,1102,8.8
2026-08-09T22:19:01.299570,ABB54F,SWA3562,32.846695,-117.24126,,,144,,3354,-33.9,1360,20.2
2026-08-09T22:19:01.299570,0D0924,VIV518,33.128388,-116.647283,,,289,,1044,-36.1,1675,1.3
2026-08-09T22:19:01.299570,A6B9C1,VOI7720,33.185787,-117.015101,,,279,,7342,-24.5,1143,0.3
2026-08-09T22:19:01.299570,A66E7A,VOI1812,33.215999,-117.876799,,,327,,7323,-37.6,355,59.2
2026-08-09T22:19:01.299570,A4CE11,AAL857,33.275208,-116.448596,,,23,,7767,-33.8,1360,0.6
2026-08-09T22:19:01.299570,ABDC56,SWA981,32.947769,-117.548328,,,307,,4766,-49.5,38,24.1
2026-08-09T22:19:01.299570,0D0932,VOI7896,33.039047,-116.411298,,,298,,2657,-29.5,551,0.7
2026-08-09T22:19:01.299570,AD7471,,33.273864,-117.628037,,,138,,3207,-35.8,32,9.6
2026-08-09T22:19:06.355492,A6A4D5,VOI7780,33.235153,-117.360297,,,280,,3201,-49.5,1102,13.9
2026-08-09T22:19:06.355492,ABB54F,SWA3562,32.846695,-117.24126,,,140,,3354,-36.7,1363,25.3
2026-08-09T22:19:06.355492,0D0924,VIV518,33.132019,-116.660797,,,287,,1044,-49.5,1694,0.4
2026-08-09T22:19:06.355492,A6B9C1,VOI7720,33.18737,-117.026031,,,279,,7342,-49.5,1177,0.3
2026-08-09T22:19:06.355492,A66E7A,VOI1812,33.215999,-117.876799,,,327,,7323,-37.6,355,64.3
2026-08-09T22:19:06.355492,A4CE11,AAL857,33.277076,-116.447623,,,23,,7767,-36.0,1368,4.7
2026-08-09T22:19:06.355492,ABDC56,SWA981,32.947769,-117.548328,,,307,,4766,-49.5,38,29.1
2026-08-09T22:19:06.355492,0D0932,VOI7896,33.043989,-116.422175,,,297,,2657,-49.5,593,0.9
2026-08-09T22:19:06.355492,AD7471,,33.273864,-117.628037,,,138,,3207,-35.8,32,14.6
2026-08-09T22:19:06.355492,AC20E7,,32.852287,-117.39979,,,306,,,-49.5,9,3.6
2026-08-09T22:19:11.409004,A6A4D5,VOI7780,33.240646,-117.394904,,,280,,3201,-49.5,1122,1.1
2026-08-09T22:19:11.409004,ABB54F,SWA3562,32.817261,-117.214783,,,134,,3354,-35.7,1371,0.7
2026-08-09T22:19:11.409004,0D0924,VIV518,33.132578,-116.663202,,,286,,1044,-35.3,1699,4.4
2026-08-09T22:19:11.409004,A6B9C1,VOI7720,33.188347,-117.032869,,,279,,7342,-30.7,1196,2.1
2026-08-09T22:19:11.409004,A66E7A,VOI1812,33.215999,-117.876799,,,327,,7323,-37.6,355,69.3
2026-08-09T22:19:11.409004,A4CE11,AAL857,33.277076,-116.447623,,,23,,7767,-36.0,1368,9.8
2026-08-09T22:19:11.409004,ABDC56,SWA981,32.981689,-117.601172,,,307,,4766,-35.5,40,1.5
2026-08-09T22:19:11.409004,0D0932,VOI7896,33.048981,-116.433655,,,296,,2657,-28.9,623,0.8
2026-08-09T22:19:11.409004,AD7471,,33.273864,-117.628037,,,138,,3207,-35.8,32,19.7
2026-08-09T22:19:11.409004,AC20E7,,32.858664,-117.409768,,,306,,,-49.5,10,0.7
2026-08-09T22:19:16.458647,A6A4D5,VOI7780,33.242441,-117.406124,,,280,,3201,-49.5,1149,0.4
2026-08-09T22:19:16.458647,ABB54F,SWA3562,32.817261,-117.214783,,,134,,3354,-49.5,1373,5.8
2026-08-09T22:19:16.458647,0D0924,VIV518,33.132578,-116.663202,,,286,,1044,-35.3,1699,9.5
2026-08-09T22:19:16.458647,A6B9C1,VOI7720,33.189651,-117.041838,,,279,,7342,-33.1,1220,3.0
2026-08-09T22:19:16.458647,A66E7A,VOI1812,33.215999,-117.876799,,,327,,7323,-37.6,355,74.4
2026-08-09T22:19:16.458647,A4CE11,AAL857,33.277076,-116.447623,,,23,,7767,-36.0,1368,14.8
2026-08-09T22:19:16.458647,ABDC56,SWA981,32.987869,-117.61073,,,307,,4766,-49.5,45,0.8
2026-08-09T22:19:16.458647,0D0932,VOI7896,33.053439,-116.444484,,,295,,2657,-25.7,660,1.0
2026-08-09T22:19:16.458647,AD7471,,33.273864,-117.628037,,,138,,3207,-35.8,32,24.8
2026-08-09T22:19:16.458647,AC20E7,,32.858664,-117.409768,,,306,,,-36.3,12,5.8
2026-08-09T22:19:21.536552,A6A4D5,VOI7780,33.244034,-117.416217,,,280,,3201,-32.7,1239,0.2
2026-08-09T22:19:21.536552,ABB54F,SWA3562,32.817261,-117.214783,,,119,,3354,-49.5,1374,10.9
2026-08-09T22:19:21.536552,0D0924,VIV518,33.138199,-116.691339,,,280,,1044,-33.7,1716,2.5
2026-08-09T22:19:21.536552,A6B9C1,VOI7720,33.192169,-117.058942,,,279,,7342,-24.8,1256,0.0
2026-08-09T22:19:21.536552,A66E7A,VOI1812,33.215999,-117.876799,,,327,,7323,-37.6,355,79.5
2026-08-09T22:19:21.536552,A4CE11,AAL857,33.277076,-116.447623,,,23,,7767,-37.9,1371,19.9
2026-08-09T22:19:21.536552,ABDC56,SWA981,32.991302,-117.616168,,,307,,4766,-49.5,53,2.6
2026-08-09T22:19:21.536552,0D0932,VOI7896,33.05809,-116.456451,,,294,,2657,-49.5,693,0.9
2026-08-09T22:19:21.536552,AD7471,,33.273864,-117.628037,,,138,,3207,-35.8,32,29.9
2026-08-09T22:19:21.536552,AC20E7,,32.867137,-117.422996,,,307,,,-49.5,30,0.3
2026-08-09T22:19:21.536552,ADC17B,,32.729016,-116.772448,,,240,,,-37.5,11,2.8
2026-08-09T22:19:26.616061,A6A4D5,VOI7780,33.244955,-117.421819,,,280,,3201,-38.1,1271,2.4
2026-08-09T22:19:26.616061,ABB54F,SWA3562,32.817261,-117.214783,,,119,,3354,-49.5,1374,15.9
2026-08-09T22:19:26.616061,0D0924,VIV518,33.138199,-116.691339,,,280,,1044,-37.2,1723,7.6
2026-08-09T22:19:26.616061,A6B9C1,VOI7720,33.193588,-117.068884,,,279,,7342,-49.5,1293,0.3
2026-08-09T22:19:26.616061,A66E7A,VOI1812,33.215999,-117.876799,,,327,,7323,-37.6,355,84.5
2026-08-09T22:19:26.616061,A4CE11,AAL857,33.277076,-116.447623,,,23,,7767,-37.9,1371,25.0
2026-08-09T22:19:26.616061,ABDC56,SWA981,32.991302,-117.616168,,,307,,4766,-49.5,53,7.6
2026-08-09T22:19:26.616061,0D0932,VOI7896,33.062347,-116.467767,,,293,,2657,-49.5,730,0.9
2026-08-09T22:19:26.616061,AD7471,,33.273864,-117.628037,,,138,,3207,-35.8,32,34.9
2026-08-09T22:19:26.616061,AC20E7,,32.867477,-117.423523,,,307,,,-49.5,37,5.0
2026-08-09T22:19:26.616061,ADC17B,,32.729016,-116.772448,,,240,,,-37.5,11,7.9
2026-08-09T22:19:31.668641,A6A4D5,VOI7780,33.246724,-117.433198,,,280,,3201,-32.8,1299,1.6
2026-08-09T22:19:31.668641,ABB54F,SWA3562,32.817261,-117.214783,,,119,,3354,-49.5,1374,21.0
2026-08-09T22:19:31.668641,0D0924,VIV518,33.141702,-116.714994,,,279,,1044,-35.8,1743,2.6
2026-08-09T22:19:31.668641,A6B9C1,VOI7720,33.19519,-117.079926,,,279,,7342,-28.3,1320,0.2
2026-08-09T22:19:31.668641,A66E7A,VOI1812,33.215999,-117.876799,,,327,,7323,-37.6,355,89.6
2026-08-09T22:19:31.668641,A4CE11,AAL857,33.277076,-116.447623,,,23,,7767,-37.9,1371,30.0
2026-08-09T22:19:31.668641,ABDC56,SWA981,32.991302,-117.616168,,,307,,4766,-49.5,53,12.7
2026-08-09T22:19:31.668641,0D0932,VOI7896,33.066753,-116.479573,,,293,,2657,-26.3,764,0.7
2026-08-09T22:19:31.668641,AD7471,,33.273864,-117.628037,,,138,,3207,-35.8,32,40.0
2026-08-09T22:19:31.668641,AC20E7,,32.867477,-117.423523,,,307,,,-49.5,38,10.0
2026-08-09T22:19:31.668641,ADC17B,,32.729016,-116.772448,,,240,,,-37.5,11,12.9
2026-08-09T22:19:36.722503,A6A4D5,VOI7780,33.247971,-117.441266,,,280,,3201,-49.5,1322,2.4
2026-08-09T22:19:36.722503,ABB54F,SWA3562,32.804993,-117.181329,,,103,,3354,-33.3,1403,1.1
2026-08-09T22:19:36.722503,0D0924,VIV518,33.141702,-116.714994,,,279,,1044,-35.8,1743,7.6
2026-08-09T22:19:36.722503,A6B9C1,VOI7720,33.196655,-117.090033,,,279,,7342,-32.9,1340,0.5
2026-08-09T22:19:36.722503,A66E7A,VOI1812,33.215999,-117.876799,,,327,,7323,-37.6,355,94.6
2026-08-09T22:19:36.722503,A4CE11,AAL857,33.277076,-116.447623,,,23,,7767,-37.9,1371,35.1
2026-08-09T22:19:36.722503,ABDC56,SWA981,32.991302,-117.616168,,,307,,4766,-49.5,53,17.8
2026-08-09T22:19:36.722503,0D0932,VOI7896,33.071548,-116.492487,,,293,,2657,-26.7,803,0.0
2026-08-09T22:19:36.722503,AD7471,,33.273864,-117.628037,,,138,,3207,-35.8,32,45.0
2026-08-09T22:19:36.722503,AC20E7,,32.875763,-117.436542,,,307,,,-37.2,39,5.0
2026-08-09T22:19:36.722503,ADC17B,,32.729016,-116.772448,,,240,,,-37.5,11,18.0
2026-08-09T22:19:41.781841,A6A4D5,VOI7780,33.247971,-117.441266,,,280,,3201,-49.5,1322,7.5
2026-08-09T22:19:41.781841,ABB54F,SWA3562,32.803482,-117.174078,,,104,,3354,-33.8,1436,1.0
2026-08-09T22:19:41.781841,0D0924,VIV518,33.146031,-116.744815,,,279,,1044,-35.5,1775,0.0
2026-08-09T22:19:41.781841,A6B9C1,VOI7720,33.198166,-117.100635,,,279,,7342,-29.4,1371,0.5
2026-08-09T22:19:41.781841,A66E7A,VOI1812,33.215999,-117.876799,,,327,,7323,-37.6,355,99.7
2026-08-09T22:19:41.781841,A4CE11,AAL857,33.277076,-116.447623,,,23,,7767,-37.9,1371,40.1
2026-08-09T22:19:41.781841,ABDC56,SWA981,32.991302,-117.616168,,,307,,4766,-49.5,53,22.8
2026-08-09T22:19:41.781841,0D0932,VOI7896,33.075851,-116.503912,,,293,,2657,-49.5,837,0.0
2026-08-09T22:19:41.781841,AD7471,,33.273864,-117.628037,,,138,,3207,-38.2,35,50.1
2026-08-09T22:19:41.781841,AC20E7,,32.875763,-117.436542,,,307,,,-37.2,39,10.0
2026-08-09T22:19:41.781841,ADC17B,,32.729016,-116.772448,,,240,,,-37.5,11,23.0
2026-08-09T22:19:46.856868,A6A4D5,VOI7780,33.247971,-117.441266,,,280,,3201,-36.5,1323,12.5
2026-08-09T22:19:46.856868,ABB54F,SWA3562,32.803482,-117.174078,,,104,,3354,-49.5,1442,6.1
2026-08-09T22:19:46.856868,0D0924,VIV518,33.147335,-116.753727,,,279,,1044,-35.6,1791,1.3
2026-08-09T22:19:46.856868,A6B9C1,VOI7720,33.199706,-117.111287,,,279,,7342,-49.5,1393,0.5
2026-08-09T22:19:46.856868,A4CE11,AAL857,33.355453,-116.406244,,,23,,7767,-49.5,1374,5.0
2026-08-09T22:19:46.856868,ABDC56,SWA981,32.991302,-117.616168,,,307,,4766,-49.5,53,27.9
2026-08-09T22:19:46.856868,0D0932,VOI7896,33.079974,-116.514886,,,294,,2657,-24.7,868,0.1
2026-08-09T22:19:46.856868,AD7471,SWA3009,33.198868,-117.548498,,,138,,3207,-33.7,52,0.2
2026-08-09T22:19:46.856868,AC20E7,,32.875763,-117.436542,,,307,,,-37.2,39,15.1
2026-08-09T22:19:46.856868,AC62CC,SWA4916,33.060329,-116.412086,,,205,,,-49.5,18,0.6
2026-08-09T22:19:46.856868,ADC17B,,32.729016,-116.772448,,,240,,,-37.5,11,28.1
2026-08-09T22:19:51.901897,A6A4D5,VOI7780,33.252136,-117.467908,,,280,,3201,-35.1,1328,3.7
2026-08-09T22:19:51.901897,ABB54F,SWA3562,32.80101,-117.162817,,,104,,3354,-36.0,1463,3.4
2026-08-09T22:19:51.901897,0D0924,VIV518,33.148126,-116.758884,,,279,,1044,-36.1,1795,4.1
2026-08-09T22:19:51.901897,A6B9C1,VOI7720,33.201279,-117.122552,,,279,,7342,-33.2,1439,0.3
2026-08-09T22:19:51.901897,A4CE11,AAL857,33.355453,-116.406244,,,23,,7767,-49.5,1377,10.1
2026-08-09T22:19:51.901897,ABDC56,SWA981,32.991302,-117.616168,,,307,,4766,-49.5,53,33.0
2026-08-09T22:19:51.901897,0D0932,VOI7896,33.083791,-116.525032,,,294,,2657,-49.5,898,0.6
2026-08-09T22:19:51.901897,AD7471,SWA3009,33.193002,-117.542388,,,138,,3207,-49.5,94,1.0
2026-08-09T22:19:51.901897,AC20E7,,32.875763,-117.436542,,,307,,,-37.2,39,20.2
2026-08-09T22:19:51.901897,AC62CC,SWA4916,33.058699,-116.413039,,,205,,,-34.6,20,4.6
2026-08-09T22:19:51.901897,ADC17B,,32.729016,-116.772448,,,240,,,-37.5,11,33.2
2026-08-09T22:19:57.015187,A6A4D5,VOI7780,33.252136,-117.467908,,,280,,3201,-35.1,1328,8.8
2026-08-09T22:19:57.015187,ABB54F,SWA3562,32.79931,-117.15512,,,104,,3354,-49.5,1482,3.1
2026-08-09T22:19:57.015187,0D0924,VIV518,33.151154,-116.779449,,,280,,1044,-34.9,1815,0.4
2026-08-09T22:19:57.015187,A6B9C1,VOI7720,33.202835,-117.133209,,,279,,7342,-49.5,1490,0.2
2026-08-09T22:19:57.015187,A4CE11,AAL857,33.355453,-116.406244,,,23,,7767,-38.6,1379,15.1
2026-08-09T22:19:57.015187,ABDC56,SWA981,32.991302,-117.616168,,,307,,4766,-49.5,53,38.0
2026-08-09T22:19:57.015187,0D0932,VOI7896,33.088074,-116.536487,,,294,,2657,-26.0,936,0.4
2026-08-09T22:19:57.015187,AD7471,SWA3009,33.188461,-117.537671,,,138,,3207,-49.5,138,2.6
2026-08-09T22:19:57.015187,AC20E7,,32.894806,-117.466205,,,307,,,-36.6,43,2.5
2026-08-09T22:19:57.015187,AC62CC,SWA4916,33.058699,-116.413039,,,205,,,-34.6,20,9.6
2026-08-09T22:19:57.015187,ADC17B,,32.729016,-116.772448,,,240,,,-37.5,11,38.2
2026-08-09T22:20:02.050940,A6A4D5,VOI7780,33.256165,-117.49389,,,280,,3201,-49.5,1333,0.1
2026-08-09T22:20:02.050940,ABB54F,SWA3562,32.798218,-117.150238,,,104,,3354,-33.9,1484,4.8
2026-08-09T22:20:02.050940,0D0924,VIV518,33.152921,-116.791226,,,280,,1044,-30.4,1856,0.4
2026-08-09T22:20:02.050940,A6B9C1,VOI7720,33.204268,-117.143125,,,279,,7342,-49.5,1510,0.6
2026-08-09T22:20:02.050940,A4CE11,AAL857,33.355453,-116.406244,,,23,,7767,-38.6,1379,20.2
2026-08-09T22:20:02.050940,ABDC56,SWA981,32.991302,-117.616168,,,307,,4766,-49.5,53,43.1
2026-08-09T22:20:02.050940,0D0932,VOI7896,33.092102,-116.547144,,,294,,2657,-30.4,963,0.5
2026-08-09T22:20:02.050940,AD7471,SWA3009,33.183701,-117.532672,,,138,,3207,-49.5,153,4.1
2026-08-09T22:20:02.050940,AC20E7,,32.894806,-117.466205,,,307,,,-36.6,43,7.5
2026-08-09T22:20:02.050940,AC62CC,SWA4916,33.058699,-116.413039,,,205,,,-34.6,20,14.7
2026-08-09T22:20:02.050940,ADC17B,,32.729016,-116.772448,,,240,,,-37.5,11,43.3
2026-08-09T22:20:07.119492,A6A4D5,VOI7780,33.256165,-117.49389,,,280,,3201,-49.5,1338,5.2
2026-08-09T22:20:07.119492,ABB54F,SWA3562,32.7957,-117.139032,,,105,,3354,-49.5,1502,1.9
2026-08-09T22:20:07.119492,0D0924,VIV518,33.154271,-116.800307,,,279,,1044,-49.5,1890,1.6
2026-08-09T22:20:07.119492,A6B9C1,VOI7720,33.205765,-117.153424,,,279,,7342,-49.5,1566,0.7
2026-08-09T22:20:07.119492,A4CE11,AAL857,33.355453,-116.406244,,,23,,7767,-38.6,1379,25.3
2026-08-09T22:20:07.119492,ABDC56,SWA981,32.991302,-117.616168,,,307,,4766,-49.5,53,48.2
2026-08-09T22:20:07.119492,0D0932,VOI7896,33.096081,-116.557711,,,294,,2657,-28.9,1000,0.7
2026-08-09T22:20:07.119492,AD7471,SWA3009,33.183701,-117.532672,,,138,,3207,-49.5,153,9.2
2026-08-09T22:20:07.119492,AC20E7,,32.894806,-117.466205,,,307,,,-35.3,44,12.6
2026-08-09T22:20:07.119492,AC62CC,SWA4916,33.058699,-116.413039,,,205,,,-34.6,20,19.7
2026-08-09T22:20:07.119492,ADC17B,,32.729016,-116.772448,,,240,,,-37.5,11,48.4
2026-08-09T22:20:12.164832,A6A4D5,VOI7780,33.259186,-117.513007,,,280,,3201,-49.5,1345,0.0
2026-08-09T22:20:12.164832,ABB54F,SWA3562,32.793677,-117.130345,,,105,,3354,-49.5,1542,0.9
2026-08-09T22:20:12.164832,0D0924,VIV518,33.155993,-116.812134,,,279,,1044,-49.5,1910,1.6
2026-08-09T22:20:12.164832,A6B9C1,VOI7720,33.20723,-117.163586,,,279,,7342,-35.3,1603,0.9
2026-08-09T22:20:12.164832,A4CE11,AAL857,33.355453,-116.406244,,,23,,7767,-38.6,1379,30.3
2026-08-09T22:20:12.164832,ABDC56,SWA981,32.991302,-117.616168,,,307,,4766,-49.5,53,53.2
2026-08-09T22:20:12.164832,0D0932,VOI7896,33.100038,-116.568249,,,294,,2657,-49.5,1038,0.8
2026-08-09T22:20:12.164832,AD7471,SWA3009,33.183701,-117.532672,,,138,,3207,-49.5,162,14.3
2026-08-09T22:20:12.164832,AC20E7,,32.894806,-117.466205,,,307,,,-49.5,46,17.7
2026-08-09T22:20:12.164832,AC62CC,SWA4916,33.058699,-116.413039,,,205,,,-34.6,20,24.8
2026-08-09T22:20:12.164832,ADC17B,,32.729016,-116.772448,,,240,,,-37.5,11,53.4
2026-08-09T22:20:17.242246,A6A4D5,VOI7780,33.259526,-117.514698,,,280,,3201,-49.5,1346,4.2
2026-08-09T22:20:17.242246,ABB54F,SWA3562,32.792374,-117.124628,,,105,,3354,-35.5,1576,2.0
2026-08-09T22:20:17.242246,0D0924,VIV518,33.15739,-116.821439,,,279,,1044,-31.3,1936,2.7
2026-08-09T22:20:17.242246,A6B9C1,VOI7720,33.20874,-117.174133,,,279,,7342,-29.6,1644,0.9
2026-08-09T22:20:17.242246,A4CE11,AAL857,33.355453,-116.406244,,,23,,7767,-38.6,1379,35.4
2026-08-09T22:20:17.242246,ABDC56,SWA981,32.991302,-117.616168,,,307,,4766,-49.5,53,58.3
2026-08-09T22:20:17.242246,0D0932,VOI7896,33.10405,-116.579004,,,293,,2657,-32.5,1071,0.8
2026-08-09T22:20:17.242246,AD7471,SWA3009,33.159988,-117.507898,,,138,,3207,-49.5,202,1.0
2026-08-09T22:20:17.242246,AC20E7,SWA1587,32.911734,-117.492389,,,307,,7351,-49.5,66,3.0
2026-08-09T22:20:17.242246,AC62CC,SWA4916,33.058699,-116.413039,,,205,,,-34.6,20,29.9
2026-08-09T22:20:17.242246,ADC17B,,32.729016,-116.772448,,,240,,,-37.5,11,58.5
2026-08-09T22:20:22.322206,A6A4D5,VOI7780,33.259526,-117.514698,,,280,,3201,-49.5,1346,9.2
2026-08-09T22:20:22.322206,ABB54F,SWA3562,32.792374,-117.124628,,,105,,3354,-37.4,1579,7.0
2026-08-09T22:20:22.322206,0D0924,VIV518,33.159857,-116.838254,,,279,,1044,-32.7,1964,0.5
2026-08-09T22:20:22.322206,A6B9C1,VOI7720,33.209901,-117.182306,,,279,,7342,-49.5,1689,1.9
2026-08-09T22:20:22.322206,A4CE11,AAL857,33.355453,-116.406244,,,23,,7767,-38.6,1379,40.5
2026-08-09T22:20:22.322206,0D0932,VOI7896,33.107941,-116.589441,,,293,,2657,-49.5,1105,1.0
2026-08-09T22:20:22.322206,AD7471,SWA3009,33.152688,-117.500181,,,138,,3207,-49.5,238,0.3
2026-08-09T22:20:22.322206,AC20E7,SWA1587,32.911734,-117.492389,,,307,,7351,-35.2,76,8.1
2026-08-09T22:20:22.322206,AC62CC,SWA4916,33.058699,-116.413039,,,205,,,-34.6,20,35.0
2026-08-09T22:20:27.400193,A6A4D5,VOI7780,33.259526,-117.514698,,,280,,3201,-49.5,1346,14.3
2026-08-09T22:20:27.400193,ABB54F,SWA3562,32.792374,-117.124628,,,105,,3354,-37.4,1579,12.1
2026-08-09T22:20:27.400193,0D0924,VIV518,33.161499,-116.849487,,,279,,1044,-28.4,2019,0.7
2026-08-09T22:20:27.400193,A6B9C1,VOI7720,33.21181,-117.195927,,,279,,7342,-29.9,1739,0.4
2026-08-09T22:20:27.400193,A4CE11,AAL857,33.355453,-116.406244,,,23,,7767,-38.6,1379,45.6
2026-08-09T22:20:27.400193,0D0932,VOI7896,33.111862,-116.599974,,,293,,2657,-30.2,1132,1.1
2026-08-09T22:20:27.400193,AD7471,SWA3009,33.146171,-117.493342,,,138,,3207,-49.5,278,0.3
2026-08-09T22:20:27.400193,AC20E7,SWA1587,32.911734,-117.492389,,,307,,7351,-35.2,76,13.2
2026-08-09T22:20:27.400193,AC62CC,SWA4916,33.058699,-116.413039,,,205,,,-34.6,20,40.1
2026-08-09T22:20:32.479516,A6A4D5,VOI7780,33.259526,-117.514698,,,280,,3201,-49.5,1346,19.4
2026-08-09T22:20:32.479516,ABB54F,SWA3562,32.792374,-117.124628,,,105,,3354,-37.4,1579,17.2
2026-08-09T22:20:32.479516,0D0924,VIV518,33.163488,-116.86303,,,279,,1044,-49.5,2066,0.0
2026-08-09T22:20:32.479516,A6B9C1,VOI7720,33.213299,-117.206633,,,279,,7342,-49.5,1766,0.3
2026-08-09T22:20:32.479516,A4CE11,AAL857,33.355453,-116.406244,,,23,,7767,-38.6,1379,50.6
2026-08-09T22:20:32.479516,0D0932,VOI7896,33.115912,-116.610793,,,293,,2657,-49.5,1162,1.0
2026-08-09T22:20:32.479516,AD7471,SWA3009,33.139374,-117.486504,,,140,,3207,-29.8,315,0.0
2026-08-09T22:20:32.479516,AC20E7,SWA1587,32.911734,-117.492389,,,307,,7351,-35.2,76,18.2
2026-08-09T22:20:32.479516,AC62CC,SWA4916,33.058699,-116.413039,,,205,,,-34.6,20,45.1
2026-08-09T22:20:37.534516,A6A4D5,VOI7780,33.259526,-117.514698,,,280,,3201,-49.5,1346,24.4
2026-08-09T22:20:37.534516,ABB54F,SWA3562,32.792374,-117.124628,,,105,,3354,-37.4,1579,22.2
2026-08-09T22:20:37.534516,0D0924,VIV518,33.164885,-116.872727,,,279,,1044,-49.5,2106,0.8
2026-08-09T22:20:37.534516,A6B9C1,VOI7720,33.214742,-117.216666,,,279,,7342,-49.5,1817,0.4
2026-08-09T22:20:37.534516,A4CE11,AAL857,33.355453,-116.406244,,,23,,7767,-38.6,1379,55.7
2026-08-09T22:20:37.534516,0D0932,VOI7896,33.120026,-116.621906,,,293,,2657,-49.5,1185,0.8
2026-08-09T22:20:37.534516,AD7471,SWA3009,33.133229,-117.48073,,,142,,3207,-26.9,364,0.4
2026-08-09T22:20:37.534516,AC20E7,SWA1587,32.911734,-117.492389,,,307,,7351,-35.2,76,23.3
2026-08-09T22:20:37.534516,AC62CC,SWA4916,33.058699,-116.413039,,,205,,,-34.6,20,50.2
2026-08-09T22:20:42.584496,A6A4D5,VOI7780,33.259526,-117.514698,,,280,,3201,-49.5,1346,29.5
2026-08-09T22:20:42.584496,ABB54F,SWA3562,32.78389,-117.08811,,,105,,3354,-49.5,1589,1.4
2026-08-09T22:20:42.584496,0D0924,VIV518,33.166654,-116.885114,,,279,,1044,-49.5,2169,0.4
2026-08-09T22:20:42.584496,A6B9C1,VOI7720,33.216325,-117.227708,,,279,,7342,-30.4,1863,0.1
2026-08-09T22:20:42.584496,A4CE11,AAL857,33.355453,-116.406244,,,23,,7767,-38.6,1379,60.7
2026-08-09T22:20:42.584496,0D0932,VOI7896,33.123917,-116.633057,,,291,,2657,-49.5,1230,0.6
2026-08-09T22:20:42.584496,AD7471,SWA3009,33.126205,-117.474664,,,144,,3207,-33.9,404,0.4
2026-08-09T22:20:42.584496,AC20E7,SWA1587,32.911734,-117.492389,,,307,,7351,-35.2,76,28.3
2026-08-09T22:20:42.584496,AC62CC,SWA4916,33.058699,-116.413039,,,205,,,-34.6,20,55.2
2026-08-09T22:20:47.636987,A6A4D5,VOI7780,33.259526,-117.514698,,,280,,3201,-49.5,1346,34.5
2026-08-09T22:20:47.636987,ABB54F,SWA3562,32.78389,-117.08811,,,105,,3354,-49.5,1589,6.4
2026-08-09T22:20:47.636987,0D0924,VIV518,33.168503,-116.897662,,,279,,1044,-49.5,2233,0.0
2026-08-09T22:20:47.636987,A6B9C1,VOI7720,33.217667,-117.236975,,,279,,7342,-30.1,1912,0.6
2026-08-09T22:20:47.636987,A4CE11,AAL857,33.355453,-116.406244,,,23,,7767,-38.6,1379,65.8
2026-08-09T22:20:47.636987,0D0932,VOI7896,33.127457,-116.644424,,,289,,2657,-49.5,1270,0.4
2026-08-09T22:20:47.636987,AD7471,SWA3009,33.126205,-117.474664,,,144,,3207,-33.7,411,5.4
2026-08-09T22:20:47.636987,AC20E7,SWA1587,32.942691,-117.540426,,,307,,7351,-49.5,97,0.0
2026-08-09T22:20:47.636987,AC62CC,SWA4916,33.058699,-116.413039,,,205,,,-34.6,20,60.3
2026-08-09T22:20:52.686964,A6A4D5,VOI7780,33.259526,-117.514698,,,280,,3201,-49.5,1346,39.6
2026-08-09T22:20:52.686964,ABB54F,SWA3562,32.78389,-117.08811,,,105,,3354,-36.6,1591,11.5
2026-08-09T22:20:52.686964,0D0924,VIV518,33.169587,-116.905181,,,279,,1044,-32.3,2272,1.9
2026-08-09T22:20:52.686964,A6B9C1,VOI7720,33.219258,-117.24828,,,279,,7342,-31.7,1939,0.1
2026-08-09T22:20:52.686964,A4CE11,AAL857,33.355453,-116.406244,,,23,,7767,-38.6,1379,70.8
2026-08-09T22:20:52.686964,0D0932,VOI7896,33.130554,-116.655469,,,287,,2657,-33.8,1308,0.4
2026-08-09T22:20:52.686964,AD7471,SWA3009,33.111832,-117.462689,,,144,,3207,-49.5,482,0.0
2026-08-09T22:20:52.686964,AC20E7,SWA1587,32.947672,-117.548274,,,307,,7351,-49.5,130,0.0
2026-08-09T22:20:57.739194,A6A4D5,VOI7780,33.259526,-117.514698,,,280,,3201,-49.5,1346,44.7
2026-08-09T22:20:57.739194,ABB54F,SWA3562,32.778717,-117.066632,,,106,,3354,-49.5,1598,0.7
2026-08-09T22:20:57.739194,0D0924,VIV518,33.170611,-116.912076,,,279,,1044,-49.5,2301,3.9
2026-08-09T22:20:57.739194,A6B9C1,VOI7720,33.220096,-117.254165,,,279,,7342,-36.0,1971,2.2
2026-08-09T22:20:57.739194,0D0932,VOI7896,33.132671,-116.664043,,,285,,2657,-49.5,1326,1.5
2026-08-09T22:20:57.739194,AD7471,SWA3009,33.10556,-117.457361,,,144,,3207,-29.5,551,0.5
2026-08-09T22:20:57.739194,AC20E7,SWA1587,32.951396,-117.554159,,,307,,7351,-49.5,157,1.2
2026-08-09T22:20:57.739194,A9B971,,33.239741,-117.417111,,,152,,4642,-49.5,26,0.2
2026-08-09T22:21:02.820407,A6A4D5,VOI7780,33.259526,-117.514698,,,280,,3201,-49.5,1346,49.7
2026-08-09T22:21:02.820407,ABB54F,SWA3562,32.778717,-117.066632,,,106,,3354,-49.5,1598,5.8
2026-08-09T22:21:02.820407,0D0924,VIV518,33.173311,-116.930629,,,279,,1044,-33.7,2316,0.9
2026-08-09T22:21:02.820407,A6B9C1,VOI7720,33.22197,-117.267188,,,279,,7342,-27.1,1992,0.9
2026-08-09T22:21:02.820407,0D0932,VOI7896,33.132671,-116.664043,,,285,,2657,-39.2,1327,6.6
2026-08-09T22:21:02.820407,AD7471,SWA3009,33.098053,-117.451099,,,144,,3207,-28.1,624,0.2
2026-08-09T22:21:02.820407,AC20E7,SWA1587,32.951396,-117.554159,,,307,,7351,-49.5,161,6.3
2026-08-09T22:21:02.820407,A9B971,,33.237579,-117.416107,,,160,,4642,-33.1,63,0.2
2026-08-09T22:21:07.869742,A6A4D5,VOI7780,33.259526,-117.514698,,,280,,3201,-49.5,1346,54.8
2026-08-09T22:21:07.869742,ABB54F,SWA3562,32.778717,-117.066632,,,106,,3354,-49.5,1598,10.9
2026-08-09T22:21:07.869742,0D0924,VIV518,33.175323,-116.944189,,,280,,1044,-21.0,2355,0.0
2026-08-09T22:21:07.869742,A6B9C1,VOI7720,33.22348,-117.277734,,,279,,7342,-49.5,2033,0.7
2026-08-09T22:21:07.869742,0D0932,VOI7896,33.137512,-116.688098,,,281,,2657,-49.5,1334,0.7
2026-08-09T22:21:07.869742,AD7471,SWA3009,33.09096,-117.445137,,,144,,3207,-27.9,695,0.2
2026-08-09T22:21:07.869742,AC20E7,SWA1587,32.951396,-117.554159,,,307,,7351,-37.7,163,11.4
2026-08-09T22:21:07.869742,A9B971,N7257E,33.235412,-117.415205,,,160,,4642,-32.7,123,0.2
2026-08-09T22:21:07.869742,AC62CC,,32.953631,-116.496781,,,220,,,-49.5,9,1.2
2026-08-09T22:21:12.948642,A6A4D5,VOI7780,33.259526,-117.514698,,,280,,3201,-49.5,1346,59.9
2026-08-09T22:21:12.948642,ABB54F,SWA3562,32.778717,-117.066632,,,106,,3354,-35.5,1600,15.9
2026-08-09T22:21:12.948642,0D0924,VIV518,33.176788,-116.954187,,,279,,1044,-30.1,2408,0.7
2026-08-09T22:21:12.948642,A6B9C1,VOI7720,33.225037,-117.288171,,,279,,7342,-49.5,2069,0.6
2026-08-09T22:21:12.948642,0D0932,VOI7896,33.138816,-116.696441,,,280,,2657,-33.1,1352,1.9
2026-08-09T22:21:12.948642,AD7471,SWA3009,33.086072,-117.441045,,,144,,3207,-35.5,739,1.8
2026-08-09T22:21:12.948642,AC20E7,SWA1587,32.951396,-117.554159,,,307,,7351,-35.5,168,16.5
2026-08-09T22:21:12.948642,A9B971,N7257E,33.233363,-117.414308,,,159,,4642,-49.5,181,0.5
2026-08-09T22:21:12.948642,AC62CC,,32.953631,-116.496781,,,220,,,-49.5,13,6.3
2026-08-09T22:21:18.026818,ABB54F,SWA3562,32.778717,-117.066632,,,106,,3354,-49.5,1602,21.0
2026-08-09T22:21:18.026818,0D0924,VIV518,33.178664,-116.966951,,,279,,1044,-34.5,2447,0.2
2026-08-09T22:21:18.026818,A6B9C1,VOI7720,33.226241,-117.296765,,,279,,7342,-32.5,2095,1.4
2026-08-09T22:21:18.026818,0D0932,VOI7896,33.138816,-116.696441,,,280,,2657,-34.2,1355,7.0
2026-08-09T22:21:18.026818,AD7471,SWA3009,33.076389,-117.432973,,,145,,3207,-49.5,769,0.0
2026-08-09T22:21:18.026818,AC20E7,SWA1587,32.951396,-117.554159,,,307,,7351,-35.5,168,21.5
2026-08-09T22:21:18.026818,A9B971,N7257E,33.231079,-117.413361,,,160,,4642,-33.6,235,0.2
2026-08-09T22:21:18.026818,AC62CC,,32.943296,-116.507207,,,220,,,-35.7,16,2.7
2026-08-09T22:21:23.077337,ABB54F,SWA3562,32.778717,-117.066632,,,106,,3354,-49.5,1602,26.0
2026-08-09T22:21:23.077337,0D0924,VIV518,33.180267,-116.977588,,,279,,1044,-49.5,2502,0.4
2026-08-09T22:21:23.077337,A6B9C1,VOI7720,33.228056,-117.309377,,,279,,7342,-31.4,2135,0.2
2026-08-09T22:21:23.077337,0D0932,VOI7896,33.141795,-116.716228,,,280,,2657,-36.5,1367,3.0
2026-08-09T22:21:23.077337,AD7471,SWA3009,33.069918,-117.427592,,,144,,3207,-33.5,823,0.4
2026-08-09T22:21:23.077337,AC20E7,SWA1587,32.951396,-117.554159,,,307,,7351,-35.5,168,26.6
2026-08-09T22:21:23.077337,A9B971,N7257E,33.228882,-117.412427,,,161,,4642,-49.5,286,0.0
2026-08-09T22:21:23.077337,AC62CC,SWA4916,32.936453,-116.514102,,,220,,,-49.5,21,2.0
2026-08-09T22:21:28.130523,ABB54F,SWA3562,32.778717,-117.066632,,,106,,3354,-49.5,1602,31.1
2026-08-09T22:21:28.130523,0D0924,VIV518,33.181961,-116.989233,,,279,,1044,-24.5,2576,0.3
2026-08-09T22:21:28.130523,A6B9C1,VOI7720,33.229477,-117.319482,,,279,,7342,-31.2,2184,0.2
2026-08-09T22:21:28.130523,0D0932,VOI7896,33.141795,-116.716228,,,280,,2657,-36.5,1367,8.1
2026-08-09T22:21:28.130523,AD7471,SWA3009,33.062842,-117.421763,,,145,,3207,-32.7,880,0.4
2026-08-09T22:21:28.130523,AC20E7,SWA1587,32.982285,-117.6026,,,307,,7351,-49.5,170,0.2
2026-08-09T22:21:28.130523,A9B971,N7257E,33.22673,-117.411493,,,161,,4642,-49.5,330,0.0
2026-08-09T22:21:28.130523,AC62CC,SWA4916,32.931747,-116.518799,,,220,,,-49.5,42,3.1
2026-08-09T22:21:33.210209,ABB54F,SWA3562,32.778717,-117.066632,,,106,,3354,-49.5,1602,36.2
2026-08-09T22:21:33.210209,0D0924,VIV518,33.183289,-116.998352,,,279,,1044,-49.5,2618,1.2
2026-08-09T22:21:33.210209,A6B9C1,VOI7720,33.230803,-117.328996,,,279,,7342,-33.5,2208,0.5
2026-08-09T22:21:33.210209,0D0932,VOI7896,33.145752,-116.742572,,,279,,2657,-33.6,1380,1.0
2026-08-09T22:21:33.210209,AD7471,SWA3009,33.061523,-117.420667,,,145,,3207,-49.5,886,4.6
2026-08-09T22:21:33.210209,AC20E7,SWA1587,32.982285,-117.6026,,,307,,7351,-49.5,173,5.3
2026-08-09T22:21:33.210209,A9B971,N7257E,33.22467,-117.410669,,,161,,4642,-37.1,347,0.4
2026-08-09T22:21:33.210209,AC62CC,SWA4916,32.931747,-116.518799,,,220,,,-49.5,42,8.2
2026-08-09T22:21:38.288934,ABB54F,SWA3562,32.778717,-117.066632,,,106,,3354,-49.5,1602,41.3
2026-08-09T22:21:38.288934,0D0924,VIV518,33.18512,-117.011261,,,279,,1044,-27.6,2660,0.5
2026-08-09T22:21:38.288934,A6B9C1,VOI7720,33.231687,-117.334769,,,279,,7342,-49.5,2225,2.7
2026-08-09T22:21:38.288934,0D0932,VOI7896,33.146031,-116.744758,,,279,,2657,-32.6,1384,5.0
2026-08-09T22:21:38.288934,AD7471,SWA3009,33.048923,-117.410216,,,145,,3207,-49.5,906,0.5
2026-08-09T22:21:38.288934,AC20E7,SWA1587,32.990314,-117.615089,,,307,,7351,-36.6,187,2.3
2026-08-09T22:21:38.288934,A9B971,N7257E,33.223343,-117.41012,,,161,,4642,-49.5,353,2.5
2026-08-09T22:21:38.288934,AC62CC,SWA4916,32.931747,-116.518799,,,220,,,-49.5,42,13.3
2026-08-09T22:21:43.373880,ABB54F,SWA3562,32.778717,-117.066632,,,106,,3354,-49.5,1602,46.3
2026-08-09T22:21:43.373880,0D0924,VIV518,33.186718,-117.022275,,,279,,1044,-33.1,2716,0.7
2026-08-09T22:21:43.373880,A6B9C1,VOI7720,33.233826,-117.349036,,,280,,7342,-49.5,2254,0.6
2026-08-09T22:21:43.373880,0D0932,VOI7896,33.147707,-116.755969,,,279,,2657,-35.4,1387,5.0
2026-08-09T22:21:43.373880,AD7471,SWA3009,33.041656,-117.404187,,,145,,3207,-49.5,930,0.2
2026-08-09T22:21:43.373880,AC20E7,SWA1587,32.990314,-117.615089,,,307,,7351,-36.6,187,7.4
2026-08-09T22:21:43.373880,A9B971,N7257E,33.223343,-117.41012,,,161,,4642,-49.5,353,7.6
2026-08-09T22:21:43.373880,AC62CC,SWA4916,32.931747,-116.518799,,,220,,,-49.5,42,18.4
2026-08-09T22:21:48.447120,ABB54F,SWA3562,32.778717,-117.066632,,,106,,3354,-49.5,1602,51.4
2026-08-09T22:21:48.447120,0D0924,VIV518,33.188301,-117.03315,,,279,,1044,-49.5,2745,0.9
2026-08-09T22:21:48.447120,A6B9C1,VOI7720,33.235519,-117.359637,,,280,,7342,-32.9,2268,0.4
2026-08-09T22:21:48.447120,0D0932,VOI7896,33.150833,-116.777142,,,279,,2657,-49.5,1394,0.4
2026-08-09T22:21:48.447120,AD7471,SWA3009,33.034607,-117.398254,,,144,,3207,-49.5,982,0.2
2026-08-09T22:21:48.447120,AC20E7,SWA1587,32.990314,-117.615089,,,307,,7351,-36.6,187,12.5
2026-08-09T22:21:48.447120,A9B971,N7257E,33.223343,-117.41012,,,161,,4642,-49.5,353,12.6
2026-08-09T22:21:48.447120,AC62CC,SWA4916,32.931747,-116.518799,,,220,,,-49.5,42,23.5
2026-08-09T22:21:53.528201,ABB54F,SWA3562,32.778717,-117.066632,,,106,,3354,-49.5,1602,56.5
2026-08-09T22:21:53.528201,0D0924,VIV518,33.190163,-117.046098,,,279,,1044,-33.6,2772,0.1
2026-08-09T22:21:53.528201,A6B9C1,VOI7720,33.236017,-117.362739,,,280,,7342,-34.0,2280,4.0
2026-08-09T22:21:53.528201,0D0932,VOI7896,33.152481,-116.788623,,,279,,2657,-49.5,1421,0.1
2026-08-09T22:21:53.528201,AD7471,SWA3009,33.029232,-117.393737,,,144,,3207,-49.5,1026,1.3
2026-08-09T22:21:53.528201,AC20E7,SWA1587,32.990314,-117.615089,,,307,,7351,-49.5,189,17.6
2026-08-09T22:21:53.528201,A9B971,N7257E,33.215953,-117.407021,,,161,,4642,-49.5,366,0.4
2026-08-09T22:21:53.528201,AC62CC,SWA4916,32.931747,-116.518799,,,220,,,-49.5,42,28.5
2026-08-09T22:21:58.607093,ABB54F,SWA3562,32.778717,-117.066632,,,106,,3354,-49.5,1602,61.6
2026-08-09T22:21:58.607093,0D0924,VIV518,33.191208,-117.053339,,,279,,1044,-34.0,2796,2.0
2026-08-09T22:21:58.607093,A6B9C1,VOI7720,33.236017,-117.362739,,,280,,7342,-34.0,2280,9.0
2026-08-09T22:21:58.607093,0D0932,VOI7896,33.153899,-116.798233,,,279,,2657,-32.6,1463,0.8
2026-08-09T22:21:58.607093,AD7471,SWA3009,33.029232,-117.393737,,,144,,3207,-49.5,1033,6.4
2026-08-09T22:21:58.607093,AC20E7,SWA1587,32.990314,-117.615089,,,307,,7351,-49.5,189,22.6
2026-08-09T22:21:58.607093,A9B971,N7257E,33.213858,-117.40618,,,160,,4642,-49.5,394,0.6
2026-08-09T22:21:58.607093,AC62CC,SWA4916,32.931747,-116.518799,,,220,,,-49.5,42,33.6
2026-08-09T22:22:03.683937,ABB54F,SWA3562,32.778717,-117.066632,,,106,,3354,-49.5,1602,66.6
2026-08-09T22:22:03.683937,0D0924,VIV518,33.193375,-117.068295,,,279,,1044,-49.5,2857,0.3
2026-08-09T22:22:03.683937,A6B9C1,VOI7720,33.240372,-117.390125,,,280,,7342,-29.0,2304,0.4
2026-08-09T22:22:03.683937,0D0932,VOI7896,33.155502,-116.809332,,,279,,2657,-49.5,1489,0.8
2026-08-09T22:22:03.683937,AD7471,SWA3009,33.014145,-117.380896,,,144,,3207,-35.3,1071,0.3
2026-08-09T22:22:03.683937,AC20E7,SWA1587,32.990314,-117.615089,,,307,,7351,-49.5,189,27.7
2026-08-09T22:22:03.683937,A9B971,N7257E,33.211577,-117.405227,,,160,,4642,-49.5,422,0.4
2026-08-09T22:22:03.683937,AC62CC,SWA4916,32.931747,-116.518799,,,220,,,-49.5,42,38.7
2026-08-09T22:22:03.683937,A1239D,,33.30105,-117.656848,,,138,,,-49.5,6,1.0
2026-08-09T22:22:08.736071,ABB54F,SWA3562,32.778717,-117.066632,,,106,,3354,-49.5,1602,71.7
2026-08-09T22:22:08.736071,0D0924,VIV518,33.195004,-117.079561,,,279,,1044,-49.5,2881,0.3
2026-08-09T22:22:08.736071,A6B9C1,VOI7720,33.242115,-117.401023,,,280,,7342,-49.5,2350,0.0
2026-08-09T22:22:08.736071,0D0932,VOI7896,33.157111,-116.82043,,,279,,2657,-49.5,1517,0.7
2026-08-09T22:22:08.736071,AD7471,SWA3009,33.00705,-117.374854,,,144,,3207,-29.8,1139,0.0
2026-08-09T22:22:08.736071,AC20E7,SWA1587,32.990314,-117.615089,,,307,,7351,-49.5,189,32.7
2026-08-09T22:22:08.736071,A9B971,N7257E,33.209715,-117.404443,,,160,,4642,-35.1,448,1.0
2026-08-09T22:22:08.736071,AC62CC,SWA4916,32.931747,-116.518799,,,220,,,-49.5,42,43.7
2026-08-09T22:22:08.736071,A1239D,,33.293928,-117.649281,,,138,,,-49.5,13,0.7
2026-08-09T22:22:13.787386,ABB54F,SWA3562,32.778717,-117.066632,,,106,,3354,-49.5,1602,76.8
2026-08-09T22:22:13.787386,0D0924,VIV518,33.19654,-117.090099,,,279,,1044,-49.5,2902,0.5
2026-08-09T22:22:13.787386,A6B9C1,VOI7720,33.243484,-117.409515,,,280,,7342,-49.5,2410,0.8
2026-08-09T22:22:13.787386,0D0932,VOI7896,33.157745,-116.824713,,,279,,2657,-49.5,1530,3.8
2026-08-09T22:22:13.787386,AD7471,SWA3009,33.000275,-117.369141,,,144,,3207,-49.5,1201,0.0
2026-08-09T22:22:13.787386,AC20E7,SWA1587,32.990314,-117.615089,,,307,,7351,-49.5,189,37.8
2026-08-09T22:22:13.787386,A9B971,N7257E,33.208784,-117.40405,,,160,,4642,-37.5,451,3.9
2026-08-09T22:22:13.787386,AC62CC,SWA4916,32.931747,-116.518799,,,220,,,-49.5,42,48.8
2026-08-09T22:22:13.787386,A1239D,,33.286154,-117.640985,,,138,,,-49.5,21,0.0
2026-08-09T22:22:13.787386,A8C0D2,,32.858338,-117.409319,,,,,,-49.5,2,0.6
2026-08-09T22:22:18.866601,0D0924,VIV518,33.198166,-117.101349,,,279,,1044,-33.0,2936,0.4
2026-08-09T22:22:18.866601,A6B9C1,VOI7720,33.245234,-117.420754,,,280,,7342,-33.0,2479,0.3
2026-08-09T22:22:18.866601,0D0932,VOI7896,33.160538,-116.843829,,,279,,2657,-49.5,1566,0.0
2026-08-09T22:22:18.866601,AD7471,SWA3009,32.994003,-117.363867,,,144,,3207,-34.5,1227,0.4
2026-08-09T22:22:18.866601,AC20E7,SWA1587,32.990314,-117.615089,,,307,,7351,-49.5,189,42.9
2026-08-09T22:22:18.866601,A9B971,N7257E,33.208784,-117.40405,,,160,,4642,-37.5,451,8.9
2026-08-09T22:22:18.866601,AC62CC,SWA4916,32.931747,-116.518799,,,220,,,-49.5,42,53.8
2026-08-09T22:22:18.866601,A37B5A,,33.057954,-116.413655,,,206,,2143,-49.5,22,3.4
2026-08-09T22:22:18.866601,A1239D,,33.286154,-117.640985,,,138,,,-49.5,26,5.1
2026-08-09T22:22:18.866601,A8C0D2,,32.858338,-117.409319,,,,,,-49.5,2,5.6
2026-08-09T22:22:23.916864,0D0924,VIV518,33.198441,-117.103326,,,279,,1044,-34.0,2959,4.6
2026-08-09T22:22:23.916864,A6B9C1,VOI7720,33.246863,-117.431124,,,280,,7342,-33.0,2507,0.1
2026-08-09T22:22:23.916864,0D0932,VOI7896,33.161819,-116.852618,,,279,,2657,-49.5,1597,1.0
2026-08-09T22:22:23.916864,AD7471,SWA3009,32.988033,-117.358872,,,144,,3207,-49.5,1242,1.0
2026-08-09T22:22:23.916864,AC20E7,SWA1587,32.990314,-117.615089,,,307,,7351,-49.5,189,47.9
2026-08-09T22:22:23.916864,A9B971,N7257E,33.208784,-117.40405,,,160,,4642,-37.5,451,14.0
2026-08-09T22:22:23.916864,AC62CC,SWA4916,32.931747,-116.518799,,,220,,,-49.5,42,58.9
2026-08-09T22:22:23.916864,A37B5A,,33.057954,-116.413655,,,206,,2143,-49.5,22,8.4
2026-08-09T22:22:23.916864,A1239D,UAL1863,33.273398,-117.62742,,,138,,,-37.2,35,0.6
2026-08-09T22:22:23.916864,A8C0D2,,32.858338,-117.409319,,,307,,,-49.5,6,10.7
2026-08-09T22:22:23.916864,AC65BB,,33.382141,-117.74317,,,138,,,-49.5,6,1.1
2026-08-09T22:22:28.969602,0D0924,VIV518,33.201335,-117.123563,,,279,,1044,-25.8,3008,0.3
2026-08-09T22:22:28.969602,A6B9C1,VOI7720,33.248383,-117.440881,,,280,,7342,-49.5,2549,0.2
2026-08-09T22:22:28.969602,0D0932,VOI7896,33.163675,-116.865384,,,279,,2657,-49.5,1638,0.0
2026-08-09T22:22:28.969602,AD7471,SWA3009,32.980774,-117.352771,,,144,,3207,-29.2,1303,0.4
2026-08-09T22:22:28.969602,AC20E7,SWA1587,32.990314,-117.615089,,,307,,7351,-49.5,189,53.0
2026-08-09T22:22:28.969602,A9B971,N7257E,33.208784,-117.40405,,,160,,4642,-37.5,451,19.0
2026-08-09T22:22:28.969602,A37B5A,,33.057954,-116.413655,,,206,,2143,-49.5,22,13.5
2026-08-09T22:22:28.969602,A1239D,UAL1863,33.272095,-117.625946,,,137,,,-37.3,43,4.7
2026-08-09T22:22:28.969602,A8C0D2,,32.858338,-117.409319,,,307,,,-49.5,9,15.7
2026-08-09T22:22:28.969602,AC65BB,,33.376884,-117.737508,,,138,,,-49.5,10,2.0
2026-08-09T22:22:34.020092,0D0924,VIV518,33.202881,-117.134363,,,279,,1044,-29.6,3064,0.5
2026-08-09T22:22:34.020092,A6B9C1,VOI7720,33.249481,-117.447803,,,280,,7342,-37.2,2567,1.8
2026-08-09T22:22:34.020092,0D0932,VOI7896,33.164978,-116.874097,,,279,,2657,-49.5,1661,1.1
2026-08-09T22:22:34.020092,AD7471,SWA3009,32.973862,-117.347058,,,144,,3207,-26.1,1355,0.0
2026-08-09T22:22:34.020092,AC20E7,SWA1587,32.990314,-117.615089,,,307,,7351,-49.5,189,58.0
2026-08-09T22:22:34.020092,A9B971,N7257E,33.208784,-117.40405,,,160,,4642,-37.5,451,24.1
2026-08-09T22:22:34.020092,A37B5A,,33.057954,-116.413655,,,206,,2143,-49.5,22,18.5
2026-08-09T22:22:34.020092,A1239D,UAL1863,33.265778,-117.619135,,,137,,,-35.7,44,5.0
2026-08-09T22:22:34.020092,A8C0D2,,32.858338,-117.409319,,,307,,,-49.5,9,20.8
2026-08-09T22:22:34.020092,AC65BB,,33.376884,-117.737508,,,138,,3344,-38.0,15,7.0
2026-08-09T22:22:39.073172,0D0924,VIV518,33.204437,-117.145074,,,279,,1044,-49.5,3093,0.7
2026-08-09T22:22:39.073172,A6B9C1,VOI7720,33.249481,-117.447803,,,280,,7342,-37.2,2567,6.8
2026-08-09T22:22:39.073172,0D0932,VOI7896,33.1667,-116.885731,,,279,,2657,-25.5,1704,0.7
2026-08-09T22:22:39.073172,AD7471,SWA3009,32.967503,-117.34172,,,144,,3207,-33.2,1379,0.0
2026-08-09T22:22:39.073172,AC20E7,SWA1587,32.990314,-117.615089,,,307,,7351,-49.5,189,63.1
2026-08-09T22:22:39.073172,A9B971,N7257E,33.208784,-117.40405,,,160,,4642,-37.5,451,29.1
2026-08-09T22:22:39.073172,A37B5A,,33.057954,-116.413655,,,206,,2143,-49.5,22,23.6
2026-08-09T22:22:39.073172,A1239D,UAL1863,33.265778,-117.619135,,,137,,,-35.7,44,10.0
2026-08-09T22:22:39.073172,A8C0D2,,32.858338,-117.409319,,,307,,,-49.5,9,25.8
2026-08-09T22:22:39.073172,AC65BB,,33.376884,-117.737508,,,138,,3344,-38.0,15,12.1
2026-08-09T22:22:44.123243,0D0924,VIV518,33.205994,-117.155896,,,279,,1044,-29.3,3159,0.7
2026-08-09T22:22:44.123243,A6B9C1,VOI7720,33.249481,-117.447803,,,280,,7342,-49.5,2569,11.9
2026-08-09T22:22:44.123243,0D0932,VOI7896,33.168365,-116.897278,,,279,,2657,-29.0,1763,0.4
2026-08-09T22:22:44.123243,AD7471,SWA3009,32.962646,-117.337665,,,144,,3207,-32.1,1416,1.1
2026-08-09T22:22:44.123243,AC20E7,SWA1587,32.990314,-117.615089,,,307,,7351,-49.5,189,68.1
2026-08-09T22:22:44.123243,A9B971,N7257E,33.194275,-117.397925,,,160,,4642,-49.5,454,0.0
2026-08-09T22:22:44.123243,A37B5A,,33.057954,-116.413655,,,206,,2143,-49.5,22,28.6
2026-08-09T22:22:44.123243,A1239D,UAL1863,33.265778,-117.619135,,,137,,,-35.7,44,15.1
2026-08-09T22:22:44.123243,A8C0D2,,32.858338,-117.409319,,,307,,,-49.5,9,30.9
2026-08-09T22:22:44.123243,AC65BB,,33.376884,-117.737508,,,138,,3344,-38.0,15,17.1
2026-08-09T22:22:49.176450,0D0924,VIV518,33.20748,-117.166331,,,279,,1044,-30.5,3203,0.9
2026-08-09T22:22:49.176450,A6B9C1,VOI7720,33.254126,-117.477367,,,280,,7342,-37.4,2571,1.9
2026-08-09T22:22:49.176450,0D0932,VOI7896,33.16983,-116.907001,,,279,,2657,-31.1,1812,0.9
2026-08-09T22:22:49.176450,AD7471,SWA3009,32.955734,-117.331952,,,144,,3207,-49.5,1465,0.4
2026-08-09T22:22:49.176450,AC20E7,SWA1587,32.990314,-117.615089,,,307,,7351,-49.5,189,73.2
2026-08-09T22:22:49.176450,A9B971,N7257E,33.193747,-117.397716,,,160,,4642,-36.6,460,3.9
2026-08-09T22:22:49.176450,A37B5A,,33.057954,-116.413655,,,206,,2143,-49.5,22,33.7
2026-08-09T22:22:49.176450,A1239D,UAL1863,33.265778,-117.619135,,,137,,,-35.7,44,20.2
2026-08-09T22:22:49.176450,A8C0D2,,32.858338,-117.409319,,,307,,,-49.5,9,36.0
2026-08-09T22:22:49.176450,AC65BB,,33.376884,-117.737508,,,138,,3344,-38.0,15,22.2
2026-08-09T22:22:54.255476,0D0924,VIV518,33.209063,-117.177261,,,279,,1044,-26.2,3248,0.9
2026-08-09T22:22:54.255476,A6B9C1,VOI7720,33.255936,-117.489166,,,280,,7342,-34.5,2580,0.9
2026-08-09T22:22:54.255476,0D0932,VOI7896,33.171478,-116.918262,,,279,,2657,-34.3,1823,0.6
2026-08-09T22:22:54.255476,AD7471,SWA3009,32.949371,-117.326569,,,144,,3207,-31.3,1515,0.0
2026-08-09T22:22:54.255476,A9B971,N7257E,33.193747,-117.397716,,,160,,4642,-36.6,460,8.9
2026-08-09T22:22:54.255476,A37B5A,,33.057954,-116.413655,,,206,,2143,-49.5,22,38.8
2026-08-09T22:22:54.255476,A1239D,UAL1863,33.265778,-117.619135,,,137,,,-35.7,44,25.2
2026-08-09T22:22:54.255476,A8C0D2,,32.858338,-117.409319,,,307,,,-49.5,9,41.0
2026-08-09T22:22:54.255476,AC65BB,,33.376884,-117.737508,,,138,,3344,-38.0,15,27.3
2026-08-09T22:22:59.306549,0D0924,VIV518,33.210832,-117.189649,,,279,,1044,-30.3,3296,0.1
2026-08-09T22:22:59.306549,A6B9C1,VOI7720,33.257492,-117.499054,,,280,,7342,-31.6,2604,0.9
2026-08-09T22:22:59.306549,0D0932,VOI7896,33.17308,-116.929138,,,279,,2657,-49.5,1853,0.5
2026-08-09T22:22:59.306549,AD7471,SWA3009,32.944061,-117.322119,,,144,,3207,-49.5,1538,0.6
2026-08-09T22:22:59.306549,A9B971,N7257E,33.193747,-117.397716,,,160,,4642,-36.6,460,14.0
2026-08-09T22:22:59.306549,A37B5A,,33.057954,-116.413655,,,206,,2143,-49.5,22,43.8
2026-08-09T22:22:59.306549,A1239D,UAL1863,33.265778,-117.619135,,,137,,,-35.7,44,30.3
2026-08-09T22:22:59.306549,A8C0D2,,32.858338,-117.409319,,,307,,,-49.5,9,46.1
2026-08-09T22:22:59.306549,AC65BB,,33.376884,-117.737508,,,138,,3344,-38.0,15,32.3
2026-08-09T22:23:04.359628,0D0924,VIV518,33.211899,-117.19704,,,279,,1044,-35.4,3339,1.7
2026-08-09T22:23:04.359628,A6B9C1,VOI7720,33.258967,-117.508645,,,281,,7342,-49.5,2642,1.0
2026-08-09T22:23:04.359628,0D0932,VOI7896,33.174801,-116.940999,,,279,,2657,-31.6,1879,0.0
2026-08-09T22:23:04.359628,AD7471,SWA3009,32.938315,-117.317281,,,144,,3207,-30.8,1576,0.6
2026-08-09T22:23:04.359628,A9B971,N7257E,33.193747,-117.397716,,,160,,4642,-36.6,460,19.0
2026-08-09T22:23:04.359628,A37B5A,,33.057954,-116.413655,,,206,,2143,-49.5,22,48.9
2026-08-09T22:23:04.359628,A1239D,UAL1863,33.265778,-117.619135,,,137,,,-35.7,44,35.3
2026-08-09T22:23:04.359628,A8C0D2,,32.858338,-117.409319,,,307,,,-49.5,9,51.1
2026-08-09T22:23:04.359628,AC65BB,,33.376884,-117.737508,,,138,,3344,-38.0,15,37.4
2026-08-09T22:23:09.408890,0D0924,VIV518,33.213904,-117.211173,,,279,,1044,-49.5,3389,0.1
2026-08-09T22:23:09.408890,A6B9C1,VOI7720,33.259323,-117.510645,,,281,,7342,-49.5,2646,5.0
2026-08-09T22:23:09.408890,0D0932,VOI7896,33.176239,-116.950946,,,279,,2657,-49.5,1949,0.4
2026-08-09T22:23:09.408890,AD7471,SWA3009,32.932589,-117.31246,,,144,,3207,-49.5,1609,0.6
2026-08-09T22:23:09.408890,A9B971,N7257E,33.193747,-117.397716,,,160,,4642,-36.6,460,24.1
2026-08-09T22:23:09.408890,A37B5A,,33.057954,-116.413655,,,206,,2143,-49.5,22,53.9
2026-08-09T22:23:09.408890,A1239D,UAL1863,33.265778,-117.619135,,,137,,,-35.7,44,40.4
2026-08-09T22:23:09.408890,A8C0D2,,32.858338,-117.409319,,,307,,,-49.5,10,56.2
2026-08-09T22:23:09.408890,AC65BB,,33.376884,-117.737508,,,138,,3344,-38.0,15,42.4
2026-08-09T22:23:14.462430,0D0924,VIV518,33.21524,-117.220386,,,279,,1044,-31.7,3444,0.8
2026-08-09T22:23:14.462430,A6B9C1,VOI7720,33.259323,-117.510645,,,281,,7342,-49.5,2646,10.1
2026-08-09T22:23:14.462430,0D0932,VOI7896,33.177017,-116.95611,,,279,,2657,-32.1,1968,3.0
2026-08-09T22:23:14.462430,AD7471,SWA3009,32.926666,-117.307397,,,144,,3207,-49.5,1690,0.3
2026-08-09T22:23:14.462430,A9B971,N7257E,33.193747,-117.397716,,,160,,4642,-36.6,460,29.1
2026-08-09T22:23:14.462430,A37B5A,,33.057954,-116.413655,,,206,,2143,-49.5,22,59.0
2026-08-09T22:23:14.462430,A1239D,UAL1863,33.265778,-117.619135,,,137,,,-35.7,44,45.5
2026-08-09T22:23:14.462430,A8C0D2,,32.858338,-117.409319,,,307,,,-49.5,10,61.3
2026-08-09T22:23:14.462430,AC65BB,,33.376884,-117.737508,,,138,,3344,-38.0,15,47.5
2026-08-09T22:23:19.541701,0D0924,VIV518,33.216698,-117.230847,,,279,,1044,-26.9,3492,1.0
2026-08-09T22:23:19.541701,A6B9C1,VOI7720,33.259323,-117.510645,,,281,,7342,-49.5,2646,15.2
2026-08-09T22:23:19.541701,0D0932,VOI7896,33.179456,-116.972949,,,279,,2657,-49.5,2005,0.0
2026-08-09T22:23:19.541701,AD7471,SWA3009,32.920905,-117.302595,,,144,,3207,-49.5,1749,0.2
2026-08-09T22:23:19.541701,A9B971,N7257E,33.193747,-117.397716,,,160,,4642,-36.6,460,34.2
2026-08-09T22:23:19.541701,A1239D,UAL1863,33.199799,-117.550011,,,138,,6320,-49.5,69,1.3
2026-08-09T22:23:19.541701,A8C0D2,,32.911652,-117.492352,,,307,,6747,-37.9,19,1.8
2026-08-09T22:23:19.541701,AC65BB,,33.376884,-117.737508,,,138,,3344,-38.0,15,52.6
2026-08-09T22:23:24.620811,0D0924,VIV518,33.218216,-117.241425,,,279,,1044,-49.5,3538,1.0
2026-08-09T22:23:24.620811,A6B9C1,VOI7720,33.259323,-117.510645,,,281,,7342,-49.5,2646,20.2
2026-08-09T22:23:24.620811,0D0932,VOI7896,33.180679,-116.981378,,,279,,2657,-27.3,2035,1.2
2026-08-09T22:23:24.620811,AD7471,SWA3009,32.915225,-117.29783,,,144,,3207,-31.4,1788,0.0
2026-08-09T22:23:24.620811,A9B971,N7257E,33.193747,-117.397716,,,160,,4642,-36.6,460,39.3
2026-08-09T22:23:24.620811,A1239D,UAL1863,33.192078,-117.541846,,,138,,6320,-49.5,122,0.6
2026-08-09T22:23:24.620811,A8C0D2,QXE2289,32.911652,-117.492352,,,307,,6747,-49.5,22,6.8
2026-08-09T22:23:24.620811,AC65BB,,33.304355,-117.660099,,,137,,3344,-49.5,18,0.3
2026-08-09T22:23:29.699900,0D0924,VIV518,33.220047,-117.254004,,,279,,1044,-26.4,3560,0.0
2026-08-09T22:23:29.699900,A6B9C1,VOI7720,33.259323,-117.510645,,,281,,7342,-49.5,2646,25.3
2026-08-09T22:23:29.699900,0D0932,VOI7896,33.182528,-116.994193,,,279,,2657,-27.9,2087,0.0
2026-08-09T22:23:29.699900,AD7471,SWA3009,32.910278,-117.293665,,,144,,3207,-49.5,1838,0.5
2026-08-09T22:23:29.699900,A9B971,N7257E,33.193747,-117.397716,,,160,,4642,-36.6,460,44.3
2026-08-09T22:23:29.699900,A1239D,UAL1863,33.188004,-117.537616,,,138,,6320,-49.5,161,2.5
2026-08-09T22:23:29.699900,A8C0D2,QXE2289,32.911652,-117.492352,,,307,,6747,-49.5,22,11.9
2026-08-09T22:23:29.699900,AC65BB,,33.299149,-117.654565,,,138,,3344,-35.0,28,1.2
2026-08-09T22:23:34.754765,0D0924,VIV518,33.220047,-117.254004,,,279,,1044,-34.0,3571,5.1
2026-08-09T22:23:34.754765,A6B9C1,VOI7720,33.259323,-117.510645,,,281,,7342,-49.5,2646,30.3
2026-08-09T22:23:34.754765,0D0932,VOI7896,33.184018,-117.004395,,,279,,2657,-49.5,2110,0.3
2026-08-09T22:23:34.754765,AD7471,SWA3009,32.905746,-117.289874,,,144,,3207,-36.2,1887,1.5
2026-08-09T22:23:34.754765,A9B971,N7257E,33.193747,-117.397716,,,160,,4642,-36.6,460,49.4
2026-08-09T22:23:34.754765,A1239D,UAL1863,33.18425,-117.533606,,,138,,6320,-36.1,168,4.6
2026-08-09T22:23:34.754765,A8C0D2,QXE2289,32.911652,-117.492352,,,307,,6747,-49.5,22,17.0
2026-08-09T22:23:34.754765,AC65BB,,33.292831,-117.647754,,,138,,3344,-37.0,35,1.3
2026-08-09T22:23:34.754765,0C2162,,33.308312,-117.820241,,,138,,,-49.5,21,2.5
2026-08-09T22:23:39.803441,0D0924,VIV518,33.223029,-117.275297,,,279,,1044,-49.5,3621,0.0
2026-08-09T22:23:39.803441,A6B9C1,VOI7720,33.259323,-117.510645,,,281,,7342,-49.5,2646,35.4
2026-08-09T22:23:39.803441,0D0932,VOI7896,33.185577,-117.015051,,,279,,2657,-27.7,2139,0.2
2026-08-09T22:23:39.803441,AD7471,SWA3009,32.899109,-117.284326,,,144,,3207,-31.6,1895,0.4
2026-08-09T22:23:39.803441,A9B971,N7257E,33.193747,-117.397716,,,160,,4642,-36.6,460,54.5
2026-08-09T22:23:39.803441,A1239D,UAL1863,33.18425,-117.533606,,,138,,6320,-36.0,172,9.7
2026-08-09T22:23:39.803441,A8C0D2,QXE2289,32.911652,-117.492352,,,307,,6747,-49.5,22,22.0
2026-08-09T22:23:39.803441,AC65BB,,33.285049,-117.639514,,,138,,3344,-49.5,58,0.2
2026-08-09T22:23:39.803441,0C2162,,33.300247,-117.81167,,,138,,,-37.1,43,1.7
2026-08-09T22:23:44.865275,0D0924,VIV518,33.224487,-117.285645,,,279,,1044,-28.2,3639,0.0
2026-08-09T22:23:44.865275,A6B9C1,VOI7720,33.259323,-117.510645,,,281,,7342,-49.5,2646,40.5
2026-08-09T22:23:44.865275,0D0932,VOI7896,33.186539,-117.021588,,,279,,2657,-49.5,2169,2.2
2026-08-09T22:23:44.865275,AD7471,SWA3009,32.893625,-117.279781,,,144,,3207,-49.5,1937,0.4
2026-08-09T22:23:44.865275,A9B971,N7257E,33.193747,-117.397716,,,160,,4642,-36.6,460,59.5
2026-08-09T22:23:44.865275,A1239D,UAL1863,33.166281,-117.51425,,,137,,6320,-49.5,177,0.9
2026-08-09T22:23:44.865275,A8C0D2,QXE2289,32.911652,-117.492352,,,307,,6747,-49.5,22,27.1
2026-08-09T22:23:44.865275,AC65BB,,33.278519,-117.632577,,,138,,3344,-49.5,78,0.0
2026-08-09T22:23:44.865275,0C2162,,33.297775,-117.809033,,,138,,,-35.3,48,4.9
2026-08-09T22:23:49.906533,0D0924,VIV518,33.225632,-117.2935,,,279,,1044,-49.5,3670,1.4
2026-08-09T22:23:49.906533,A6B9C1,VOI7720,33.259323,-117.510645,,,281,,7342,-49.5,2646,45.5
2026-08-09T22:23:49.906533,0D0932,VOI7896,33.188114,-117.032477,,,279,,2657,-49.5,2181,2.0
2026-08-09T22:23:49.906533,AD7471,SWA3009,32.888178,-117.275297,,,145,,3207,-33.5,1952,0.4
2026-08-09T22:23:49.906533,A1239D,UAL1863,33.160172,-117.507568,,,137,,6320,-49.5,210,1.0
2026-08-09T22:23:49.906533,A8C0D2,QXE2289,32.911652,-117.492352,,,307,,6747,-49.5,22,32.1
2026-08-09T22:23:49.906533,AC65BB,,33.27388,-117.627704,,,138,,3344,-49.5,105,1.5
2026-08-09T22:23:49.906533,0C2162,,33.297775,-117.809033,,,138,,,-35.3,48,9.9
2026-08-09T22:23:49.906533,A37B5A,,32.943715,-116.506703,,,220,,,-49.5,2,3.4
2026-08-09T22:23:54.986053,0D0924,VIV518,33.227311,-117.305341,,,279,,1044,-49.5,3697,0.7
2026-08-09T22:23:54.986053,A6B9C1,VOI7720,33.259323,-117.510645,,,281,,7342,-49.5,2646,50.6
2026-08-09T22:23:54.986053,0D0932,VOI7896,33.189835,-117.044385,,,279,,2657,-31.6,2196,1.4
2026-08-09T22:23:54.986053,AD7471,SWA3009,32.882629,-117.270703,,,145,,3207,-49.5,1982,0.4
2026-08-09T22:23:54.986053,A1239D,UAL1863,33.152735,-117.499508,,,137,,6320,-32.2,251,0.3
2026-08-09T22:23:54.986053,A8C0D2,QXE2289,32.911652,-117.492352,,,307,,6747,-49.5,22,37.2
2026-08-09T22:23:54.986053,AC65BB,,33.27388,-117.627704,,,138,,3344,-49.5,117,6.5
2026-08-09T22:23:54.986053,0C2162,,33.297775,-117.809033,,,138,,,-35.3,48,15.0
2026-08-09T22:23:54.986053,A37B5A,,32.934769,-116.515668,,,220,,2143,-34.9,8,0.7
2026-08-09T22:24:00.064251,0D0924,VIV518,33.227875,-117.30954,,,279,,1044,-49.5,3722,3.7
2026-08-09T22:24:00.064251,A6B9C1,VOI7720,33.259323,-117.510645,,,281,,7342,-49.5,2646,55.7
2026-08-09T22:24:00.064251,0D0932,VOI7896,33.191711,-117.057129,,,279,,2657,-49.5,2222,0.3
2026-08-09T22:24:00.064251,AD7471,SWA3009,32.882629,-117.270703,,,145,,3207,-36.2,1991,5.5
2026-08-09T22:24:00.064251,A1239D,UAL1863,33.146124,-117.492445,,,138,,6320,-49.5,289,0.2
2026-08-09T22:24:00.064251,A8C0D2,QXE2289,32.911652,-117.492352,,,307,,6747,-36.5,24,42.3
2026-08-09T22:24:00.064251,AC65BB,,33.27388,-117.627704,,,138,,3344,-36.3,124,11.6
2026-08-09T22:24:00.064251,0C2162,,33.297775,-117.809033,,,138,,,-35.3,48,20.1
2026-08-09T22:24:00.064251,A37B5A,AAL3124,32.930099,-116.520337,,,220,,2143,-49.5,22,1.7
2026-08-09T22:24:05.149429,0D0924,VIV518,33.230198,-117.326081,,,279,,1044,-49.5,3761,0.9
2026-08-09T22:24:05.149429,A6B9C1,VOI7720,33.259323,-117.510645,,,281,,7342,-49.5,2646,61.0
2026-08-09T22:24:05.149429,0D0932,VOI7896,33.192909,-117.065212,,,279,,2657,-29.9,2260,1.5
2026-08-09T22:24:05.149429,AD7471,SWA3009,32.871689,-117.261639,,,145,,3207,-33.8,2035,0.6
2026-08-09T22:24:05.149429,A1239D,UAL1863,33.14003,-117.486255,,,140,,6320,-49.5,338,0.8
2026-08-09T22:24:05.149429,A8C0D2,QXE2289,32.911652,-117.492352,,,307,,6747,-36.5,24,47.6
2026-08-09T22:24:05.149429,AC65BB,,33.27388,-117.627704,,,138,,3344,-49.5,125,17.0
2026-08-09T22:24:05.149429,0C2162,,33.297775,-117.809033,,,138,,,-35.3,48,25.4
2026-08-09T22:24:05.149429,A37B5A,AAL3124,32.930099,-116.520337,,,220,,2143,-49.5,22,7.1
2026-08-09T22:24:10.478399,0D0924,VIV518,33.231583,-117.335797,,,279,,1044,-36.2,3799,1.2
2026-08-09T22:24:10.478399,0D0932,VOI7896,33.194911,-117.079113,,,279,,2657,-49.5,2281,0.0
2026-08-09T22:24:10.478399,AD7471,SWA3009,32.865787,-117.2568,,,145,,3207,-27.3,2080,0.2
2026-08-09T22:24:10.478399,A1239D,UAL1863,33.133369,-117.480058,,,143,,6320,-29.0,392,0.7
2026-08-09T22:24:10.478399,A8C0D2,QXE2289,32.911652,-117.492352,,,307,,6747,-36.5,24,52.7
2026-08-09T22:24:10.478399,AC65BB,,33.27388,-117.627704,,,138,,3344,-49.5,125,22.0
2026-08-09T22:24:10.478399,0C2162,,33.297775,-117.809033,,,138,,,-49.5,50,30.5
2026-08-09T22:24:10.478399,A37B5A,AAL3124,32.930099,-116.520337,,,220,,2143,-49.5,22,12.1
2026-08-09T22:24:15.520834,0D0924,VIV518,33.233093,-117.346289,,,280,,1044,-49.5,3833,1.2
2026-08-09T22:24:15.520834,0D0932,VOI7896,33.196426,-117.089703,,,279,,2657,-34.3,2292,0.0
2026-08-09T22:24:15.520834,AD7471,SWA3009,32.861023,-117.25285,,,144,,3207,-33.5,2127,0.8
2026-08-09T22:24:15.520834,A1239D,UAL1863,33.126386,-117.474004,,,144,,6320,-35.9,435,0.7
2026-08-09T22:24:15.520834,A8C0D2,QXE2289,32.911652,-117.492352,,,307,,6747,-36.5,24,57.7
2026-08-09T22:24:15.520834,AC65BB,,33.27388,-117.627704,,,138,,3344,-49.5,125,27.1
2026-08-09T22:24:15.520834,0C2162,,33.250305,-117.75899,,,138,,1351,-49.5,78,1.4
2026-08-09T22:24:15.520834,A37B5A,AAL3124,32.930099,-116.520337,,,220,,2143,-49.5,22,17.2
2026-08-09T22:24:20.599044,0D0924,VIV518,33.234924,-117.358044,,,280,,1044,-49.5,3858,0.5
2026-08-09T22:24:20.599044,0D0932,VOI7896,33.19789,-117.099852,,,279,,2657,-30.5,2323,0.2
2026-08-09T22:24:20.599044,AD7471,SWA3009,32.855266,-117.248,,,144,,3207,-32.9,2147,0.5
2026-08-09T22:24:20.599044,A1239D,UAL1863,33.126386,-117.474004,,,144,,6320,-34.5,436,5.8
2026-08-09T22:24:20.599044,A8C0D2,QXE2289,32.911652,-117.492352,,,307,,6747,-36.5,24,62.8
2026-08-09T22:24:20.599044,AC65BB,,33.27388,-117.627704,,,138,,3344,-49.5,125,32.1
2026-08-09T22:24:20.599044,0C2162,CMP362,33.24151,-117.749727,,,138,,1351,-32.1,112,0.2
2026-08-09T22:24:20.599044,A37B5A,AAL3124,32.930099,-116.520337,,,220,,2143,-49.5,22,22.2
2026-08-09T22:24:25.649810,0D0924,VIV518,33.235931,-117.364471,,,280,,1044,-49.5,3890,2.5
2026-08-09T22:24:25.649810,0D0932,VOI7896,33.199334,-117.109942,,,279,,2657,-49.5,2341,0.3
2026-08-09T22:24:25.649810,AD7471,SWA3009,32.851318,-117.24472,,,144,,3207,-49.5,2169,1.9
2026-08-09T22:24:25.649810,A1239D,UAL1863,33.112048,-117.462009,,,144,,6320,-35.2,491,0.2
2026-08-09T22:24:25.649810,A8C0D2,QXE2289,32.911652,-117.492352,,,307,,6747,-36.5,24,67.9
2026-08-09T22:24:25.649810,AC65BB,,33.27388,-117.627704,,,138,,3344,-49.5,126,37.2
2026-08-09T22:24:25.649810,0C2162,CMP362,33.234946,-117.742777,,,138,,1351,-35.4,147,0.5
2026-08-09T22:24:25.649810,A37B5A,AAL3124,32.930099,-116.520337,,,220,,2143,-49.5,22,27.3
2026-08-09T22:24:30.702923,0D0924,VIV518,33.2376,-117.375127,,,280,,1044,-49.5,3898,2.4
2026-08-09T22:24:30.702923,0D0932,VOI7896,33.20087,-117.12048,,,279,,2657,-23.2,2379,0.2
2026-08-09T22:24:30.702923,AD7471,SWA3009,32.847107,-117.24126,,,145,,3207,-33.9,2180,3.0
2026-08-09T22:24:30.702923,A1239D,UAL1863,33.104736,-117.455878,,,144,,6320,-29.6,556,0.0
2026-08-09T22:24:30.702923,A8C0D2,QXE2289,32.911652,-117.492352,,,307,,6747,-36.5,24,72.9
2026-08-09T22:24:30.702923,AC65BB,,33.27388,-117.627704,,,138,,3344,-49.5,126,42.2
2026-08-09T22:24:30.702923,0C2162,CMP362,33.229385,-117.736908,,,138,,1351,-34.7,175,1.5
2026-08-09T22:24:30.702923,A37B5A,AAL3124,32.930099,-116.520337,,,220,,2143,-49.5,22,32.3
2026-08-09T22:24:35.753322,0D0924,VIV518,33.239974,-117.389813,,,280,,1044,-49.5,3918,0.3
2026-08-09T22:24:35.753322,0D0932,VOI7896,33.202332,-117.130682,,,279,,2657,-49.5,2433,0.2
2026-08-09T22:24:35.753322,AD7471,SWA3009,32.847107,-117.24126,,,145,,3207,-33.9,2180,8.0
2026-08-09T22:24:35.753322,A1239D,UAL1863,33.09785,-117.450126,,,144,,6320,-31.9,616,0.2
2026-08-09T22:24:35.753322,A8C0D2,QXE2289,32.911652,-117.492352,,,307,,6747,-37.2,27,77.9
2026-08-09T22:24:35.753322,AC65BB,,33.27388,-117.627704,,,138,,3344,-49.5,126,47.2
2026-08-09T22:24:35.753322,0C2162,CMP362,33.220561,-117.727586,,,138,,1351,-49.5,201,0.2
2026-08-09T22:24:35.753322,A37B5A,AAL3124,32.930099,-116.520337,,,220,,2143,-49.5,22,37.4
2026-08-09T22:24:40.816722,0D0924,VIV518,33.24165,-117.400351,,,280,,1044,-49.5,3970,0.3
2026-08-09T22:24:40.816722,0D0932,VOI7896,33.203201,-117.136615,,,279,,2657,-33.3,2467,2.4
2026-08-09T22:24:40.816722,AD7471,SWA3009,32.847107,-117.24126,,,145,,3207,-49.5,2181,13.1
2026-08-09T22:24:40.816722,A1239D,UAL1863,33.091187,-117.444562,,,145,,6320,-30.6,675,0.4
2026-08-09T22:24:40.816722,A8C0D2,QXE2289,32.986217,-117.608194,,,307,,6747,-34.5,43,1.4
2026-08-09T22:24:40.816722,AC65BB,,33.27388,-117.627704,,,138,,3344,-49.5,126,52.3
2026-08-09T22:24:40.816722,0C2162,CMP362,33.213181,-117.719769,,,138,,1351,-36.1,207,0.0
2026-08-09T22:24:40.816722,A37B5A,AAL3124,32.930099,-116.520337,,,220,,2143,-49.5,22,42.4
2026-08-09T22:24:45.856653,0D0924,VIV518,33.243393,-117.411438,,,280,,1044,-25.9,4031,0.0
2026-08-09T22:24:45.856653,0D0932,VOI7896,33.205215,-117.150623,,,279,,2657,-22.7,2500,0.5
2026-08-09T22:24:45.856653,AD7471,SWA3009,32.847107,-117.24126,,,145,,3207,-49.5,2182,18.1
2026-08-09T22:24:45.856653,A1239D,UAL1863,33.087003,-117.441101,,,145,,6320,-49.5,714,2.5
2026-08-09T22:24:45.856653,A8C0D2,QXE2289,32.990982,-117.615564,,,307,,6747,-33.2,72,1.5
2026-08-09T22:24:45.856653,AC65BB,,33.27388,-117.627704,,,138,,3344,-49.5,126,57.4
2026-08-09T22:24:45.856653,0C2162,CMP362,33.206037,-117.712228,,,138,,1351,-33.8,227,0.0
2026-08-09T22:24:45.856653,A37B5A,AAL3124,32.930099,-116.520337,,,220,,2143,-49.5,22,47.5
2026-08-09T22:24:50.893934,0D0924,VIV518,33.244858,-117.420721,,,280,,1044,-29.6,4104,0.5
2026-08-09T22:24:50.893934,0D0932,VOI7896,33.206735,-117.161286,,,279,,2657,-30.6,2540,0.3
2026-08-09T22:24:50.893934,AD7471,SWA3009,32.847107,-117.24126,,,145,,3207,-49.5,2185,23.2
2026-08-09T22:24:50.893934,A1239D,UAL1863,33.077367,-117.433142,,,145,,6320,-31.0,732,0.5
2026-08-09T22:24:50.893934,A8C0D2,QXE2289,32.990982,-117.615564,,,307,,6747,-49.5,73,6.6
2026-08-09T22:24:50.893934,AC65BB,,33.199287,-117.54889,,,138,,3344,-49.5,142,1.3
2026-08-09T22:24:50.893934,0C2162,CMP362,33.200311,-117.706174,,,138,,1351,-49.5,254,0.8
2026-08-09T22:24:50.893934,A37B5A,AAL3124,32.930099,-116.520337,,,220,,2143,-49.5,22,52.5
2026-08-09T22:24:50.893934,0C20F3,,32.610535,-117.029114,,,90,,,-49.5,2,0.2
2026-08-09T22:24:55.963895,0D0924,VIV518,33.246491,-117.430956,,,280,,1044,-49.5,4158,0.7
2026-08-09T22:24:55.963895,0D0932,VOI7896,33.208237,-117.171606,,,279,,2657,-28.5,2576,0.2
2026-08-09T22:24:55.963895,AD7471,SWA3009,32.847107,-117.24126,,,134,,3207,-49.5,2186,28.2
2026-08-09T22:24:55.963895,A1239D,UAL1863,33.070198,-117.4272,,,145,,6320,-33.4,768,0.4
2026-08-09T22:24:55.963895,A8C0D2,QXE2289,32.990982,-117.615564,,,307,,6747,-49.5,77,11.7
2026-08-09T22:24:55.963895,AC65BB,SWA3383,33.192258,-117.541491,,,138,,3344,-31.2,191,0.3
2026-08-09T22:24:55.963895,0C2162,CMP362,33.193176,-117.698676,,,138,,1351,-34.5,272,1.0
2026-08-09T22:24:55.963895,A37B5A,AAL3124,32.930099,-116.520337,,,220,,2143,-49.5,22,57.6
2026-08-09T22:24:55.963895,0C20F3,,32.610535,-117.029114,,,90,,,-49.5,2,5.2
2026-08-09T22:25:01.013166,0D0924,VIV518,33.24812,-117.441269,,,280,,1044,-27.7,4220,0.7
2026-08-09T22:25:01.013166,0D0932,VOI7896,33.209473,-117.18045,,,279,,2657,-27.3,2616,1.0
2026-08-09T22:25:01.013166,AD7471,SWA3009,32.847107,-117.24126,,,134,,3207,-49.5,2186,33.3
2026-08-09T22:25:01.013166,A1239D,UAL1863,33.063217,-117.421436,,,145,,6320,-49.5,805,0.4
2026-08-09T22:25:01.013166,A8C0D2,QXE2289,33.003754,-117.635504,,,307,,6747,-35.1,84,3.5
2026-08-09T22:25:01.013166,AC65BB,SWA3383,33.186127,-117.535034,,,138,,3344,-32.5,240,0.0
2026-08-09T22:25:01.013166,0C2162,CMP362,33.190535,-117.695861,,,137,,1351,-35.2,276,4.1
2026-08-09T22:25:01.013166,0C20F3,,32.610535,-117.029114,,,90,,,-49.5,2,10.3
2026-08-09T22:25:06.092457,0D0924,VIV518,33.249424,-117.449733,,,280,,1044,-49.5,4246,1.7
2026-08-09T22:25:06.092457,0D0932,VOI7896,33.210972,-117.190938,,,279,,2657,-49.5,2650,0.9
2026-08-09T22:25:06.092457,AD7471,SWA3009,32.847107,-117.24126,,,134,,3207,-49.5,2186,38.4
2026-08-09T22:25:06.092457,A1239D,UAL1863,33.062004,-117.420418,,,145,,6320,-49.5,809,4.6
2026-08-09T22:25:06.092457,A8C0D2,QXE2289,33.003754,-117.635504,,,307,,6747,-35.1,84,8.6
2026-08-09T22:25:06.092457,AC65BB,SWA3383,33.182236,-117.530914,,,138,,3344,-49.5,269,1.8
2026-08-09T22:25:06.092457,0C2162,CMP362,33.190535,-117.695861,,,132,,1351,-34.3,284,9.2
2026-08-09T22:25:06.092457,0C20F3,,32.610535,-117.029114,,,90,,,-49.5,2,15.4
2026-08-09T22:25:11.207650,0D0924,VIV518,33.251379,-117.462233,,,280,,1044,-49.5,4250,0.8
2026-08-09T22:25:11.207650,0D0932,VOI7896,33.212415,-117.201139,,,279,,2657,-49.5,2690,0.8
2026-08-09T22:25:11.207650,AD7471,SWA3009,32.847107,-117.24126,,,134,,3207,-49.5,2186,43.5
2026-08-09T22:25:11.207650,A1239D,UAL1863,33.062004,-117.420418,,,145,,6320,-49.5,814,9.7
2026-08-09T22:25:11.207650,A8C0D2,QXE2289,33.003754,-117.635504,,,307,,6747,-49.5,85,13.7
2026-08-09T22:25:11.207650,AC65BB,SWA3383,33.182236,-117.530914,,,138,,3344,-49.5,269,6.9
2026-08-09T22:25:11.207650,0C2162,CMP362,33.172473,-117.673047,,,129,,1351,-34.1,312,0.1
2026-08-09T22:25:11.207650,0C20F3,CMP850,32.610535,-117.029114,,,90,,,-49.5,6,20.5
2026-08-09T22:25:16.250195,0D0924,VIV518,33.25296,-117.472522,,,280,,1044,-49.5,4290,0.7
2026-08-09T22:25:16.250195,0D0932,VOI7896,33.214044,-117.212686,,,279,,2657,-49.5,2738,0.2
2026-08-09T22:25:16.250195,AD7471,SWA3009,32.847107,-117.24126,,,134,,3207,-49.5,2186,48.5
2026-08-09T22:25:16.250195,A1239D,UAL1863,33.043259,-117.404846,,,144,,6320,-33.1,828,0.9
2026-08-09T22:25:16.250195,A8C0D2,QXE2289,33.003754,-117.635504,,,307,,6747,-37.5,91,18.7
2026-08-09T22:25:16.250195,AC65BB,SWA3383,33.173035,-117.521246,,,138,,3344,-49.5,274,3.8
2026-08-09T22:25:16.250195,0C2162,CMP362,33.166763,-117.663904,,,125,,1351,-49.5,338,0.2
2026-08-09T22:25:16.250195,0C20F3,CMP850,32.610587,-116.982982,,,90,,,-49.5,9,1.0
2026-08-09T22:25:16.250195,A37B5A,,32.851822,-116.599219,,,,,,-38.4,7,4.7
2026-08-09T22:25:21.304002,0D0924,VIV518,33.254591,-117.482804,,,280,,1044,-33.8,4320,0.7
2026-08-09T22:25:21.304002,0D0932,VOI7896,33.215515,-117.222858,,,279,,2657,-32.2,2779,0.2
2026-08-09T22:25:21.304002,AD7471,SWA3009,32.806686,-117.182318,,,103,,3207,-49.5,2197,1.1
2026-08-09T22:25:21.304002,A1239D,UAL1863,33.035237,-117.398165,,,144,,6320,-49.5,881,0.1
2026-08-09T22:25:21.304002,A8C0D2,QXE2289,33.003754,-117.635504,,,307,,6747,-37.5,91,23.8
2026-08-09T22:25:21.304002,AC65BB,SWA3383,33.173035,-117.521246,,,138,,3344,-49.5,293,8.9
2026-08-09T22:25:21.304002,0C2162,CMP362,33.16158,-117.655054,,,124,,1351,-34.2,359,0.3
2026-08-09T22:25:21.304002,0C20F3,CMP850,32.611176,-116.97204,,,90,,,-37.6,11,0.3
2026-08-09T22:25:21.304002,A37B5A,,32.851822,-116.599219,,,,,,-38.4,7,9.8
2026-08-09T22:25:26.353516,0D0924,VIV518,33.255801,-117.490708,,,280,,1044,-35.4,4355,1.9
2026-08-09T22:25:26.353516,0D0932,VOI7896,33.21693,-117.232809,,,279,,2657,-32.0,2815,0.3
2026-08-09T22:25:26.353516,AD7471,SWA3009,32.80513,-117.174243,,,103,,3207,-49.5,2234,0.6
2026-08-09T22:25:26.353516,A1239D,UAL1863,33.029114,-117.393036,,,144,,6320,-35.9,939,0.7
2026-08-09T22:25:26.353516,A8C0D2,QXE2289,33.003754,-117.635504,,,307,,6747,-37.5,91,28.9
2026-08-09T22:25:26.353516,AC65BB,SWA3383,33.157608,-117.505151,,,138,,3344,-49.5,330,0.3
2026-08-09T22:25:26.353516,0C2162,CMP362,33.156599,-117.645749,,,121,,1351,-49.5,390,0.5
2026-08-09T22:25:26.353516,0C20F3,CMP850,32.611176,-116.97204,,,90,,,-36.2,12,5.3
2026-08-09T22:25:26.353516,A37B5A,,32.851822,-116.599219,,,,,,-38.4,7,14.9
2026-08-09T22:25:31.433186,0D0924,VIV518,33.257338,-117.500573,,,280,,1044,-35.2,4383,2.0
2026-08-09T22:25:31.433186,0D0932,VOI7896,33.218353,-117.242633,,,279,,2657,-49.5,2850,0.4
2026-08-09T22:25:31.433186,AD7471,SWA3009,32.80513,-117.174243,,,103,,3207,-35.3,2236,5.6
2026-08-09T22:25:31.433186,A1239D,UAL1863,33.029114,-117.393036,,,144,,6320,-35.9,939,5.8
2026-08-09T22:25:31.433186,A8C0D2,QXE2289,33.003754,-117.635504,,,307,,6747,-37.5,91,33.9
2026-08-09T22:25:31.433186,AC65BB,SWA3383,33.152069,-117.499329,,,138,,3344,-30.7,384,0.3
2026-08-09T22:25:31.433186,0C2162,CMP362,33.151886,-117.636218,,,119,,1351,-32.8,416,0.7
2026-08-09T22:25:31.433186,0C20F3,CMP850,32.612589,-116.95703,,,90,,,-49.5,21,2.3
2026-08-09T22:25:31.433186,A37B5A,,32.851822,-116.599219,,,,,,-38.4,7,19.9
2026-08-09T22:25:36.483400,0D0924,VIV518,33.257989,-117.504777,,,281,,1044,-34.8,4388,5.0
2026-08-09T22:25:36.483400,0D0932,VOI7896,33.219817,-117.252876,,,279,,2657,-28.7,2880,0.3
2026-08-09T22:25:36.483400,AD7471,SWA3009,32.802521,-117.16106,,,103,,3207,-35.3,2259,1.4
2026-08-09T22:25:36.483400,A1239D,UAL1863,33.014475,-117.380676,,,144,,6320,-32.3,963,0.0
2026-08-09T22:25:36.483400,A8C0D2,QXE2289,33.003754,-117.635504,,,307,,6747,-37.5,91,38.9
2026-08-09T22:25:36.483400,AC65BB,SWA3383,33.146622,-117.493561,,,138,,3344,-49.5,433,0.4
2026-08-09T22:25:36.483400,0C2162,CMP362,33.147335,-117.626019,,,117,,1351,-32.2,443,0.6
2026-08-09T22:25:36.483400,0C20F3,CMP850,32.612589,-116.95703,,,90,,,-49.5,21,7.4
2026-08-09T22:25:36.483400,A37B5A,,32.851822,-116.599219,,,,,,-38.4,7,25.0
2026-08-09T22:25:41.520013,0D0924,VIV518,33.257989,-117.504777,,,281,,1044,-34.8,4388,10.0
2026-08-09T22:25:41.520013,0D0932,VOI7896,33.220047,-117.254773,,,279,,2657,-49.5,2905,4.5
2026-08-09T22:25:41.520013,AD7471,SWA3009,32.801405,-117.155569,,,102,,3207,-34.8,2279,2.7
2026-08-09T22:25:41.520013,A1239D,UAL1863,33.008423,-117.375575,,,144,,6320,-49.5,1025,0.5
2026-08-09T22:25:41.520013,A8C0D2,QXE2289,33.003754,-117.635504,,,307,,6747,-37.5,91,44.0
2026-08-09T22:25:41.520013,AC65BB,SWA3383,33.141283,-117.488073,,,139,,3344,-49.5,477,0.6
2026-08-09T22:25:41.520013,0C2162,CMP362,33.143052,-117.615593,,,115,,1351,-32.0,483,0.5
2026-08-09T22:25:41.520013,0C20F3,CMP850,32.612589,-116.95703,,,90,,,-49.5,21,12.4
2026-08-09T22:25:41.520013,A37B5A,,32.851822,-116.599219,,,,,,-38.4,7,30.0
2026-08-09T22:25:41.520013,A9B971,N7257E,33.114934,-117.35293,,,152,,,-49.5,14,1.4
2026-08-09T22:25:46.560491,0D0924,VIV518,33.257989,-117.504777,,,281,,1044,-34.8,4388,15.1
2026-08-09T22:25:46.560491,0D0932,VOI7896,33.222656,-117.272955,,,279,,2657,-28.1,2960,0.3
2026-08-09T22:25:46.560491,AD7471,SWA3009,32.801405,-117.155569,,,102,,3207,-35.6,2284,7.7
2026-08-09T22:25:46.560491,A1239D,UAL1863,33.001393,-117.369746,,,145,,6320,-29.1,1088,0.5
2026-08-09T22:25:46.560491,A8C0D2,QXE2289,33.003754,-117.635504,,,307,,6747,-36.2,92,49.0
2026-08-09T22:25:46.560491,AC65BB,SWA3383,33.135086,-117.48219,,,142,,3344,-31.6,528,0.3
2026-08-09T22:25:46.560491,0C2162,CMP362,33.139023,-117.604907,,,113,,1351,-30.1,523,0.5
2026-08-09T22:25:46.560491,0C20F3,CMP850,32.615891,-116.924304,,,83,,7230,-49.5,41,0.3
2026-08-09T22:25:46.560491,A37B5A,,32.81984,-116.631588,,,,,,-49.5,10,3.1
2026-08-09T22:25:46.560491,A9B971,N7257E,33.114934,-117.35293,,,152,,,-37.8,15,6.4
2026-08-09T22:25:51.614295,0D0924,VIV518,33.257989,-117.504777,,,281,,1044,-34.8,4388,20.1
2026-08-09T22:25:51.614295,0D0932,VOI7896,33.224075,-117.282843,,,279,,2657,-26.8,3004,0.4
2026-08-09T22:25:51.614295,AD7471,SWA3009,32.798239,-117.138977,,,102,,3207,-49.5,2302,1.1
2026-08-09T22:25:51.614295,A1239D,UAL1863,32.99794,-117.366888,,,145,,6320,-36.2,1111,2.9
2026-08-09T22:25:51.614295,A8C0D2,QXE2289,33.003754,-117.635504,,,307,,6747,-36.2,92,54.1
2026-08-09T22:25:51.614295,AC65BB,SWA3383,33.129227,-117.477081,,,144,,3344,-29.0,572,0.3
2026-08-09T22:25:51.614295,0C2162,CMP362,33.134859,-117.593845,,,114,,1351,-30.2,567,0.2
2026-08-09T22:25:51.614295,0C20F3,CMP850,32.616779,-116.915719,,,83,,7230,-49.5,69,0.9
2026-08-09T22:25:51.614295,A37B5A,,32.81984,-116.631588,,,,,,-49.5,10,8.1
2026-08-09T22:25:51.614295,A9B971,N7257E,33.114934,-117.35293,,,152,,,-37.8,15,11.5
2026-08-09T22:25:56.653769,0D0924,VIV518,33.257989,-117.504777,,,281,,1044,-34.8,4388,25.2
2026-08-09T22:25:56.653769,0D0932,VOI7896,33.225263,-117.29116,,,279,,2657,-49.5,3041,1.3
2026-08-09T22:25:56.653769,AD7471,SWA3009,32.796707,-117.130682,,,102,,3207,-32.4,2336,0.4
2026-08-09T22:25:56.653769,A1239D,UAL1863,32.98764,-117.358374,,,145,,6320,-49.5,1118,0.1
2026-08-09T22:25:56.653769,A8C0D2,QXE2289,33.003754,-117.635504,,,307,,6747,-49.5,94,59.1
2026-08-09T22:25:56.653769,AC65BB,SWA3383,33.125519,-117.474005,,,145,,3344,-35.1,600,2.3
2026-08-09T22:25:56.653769,0C2162,CMP362,33.131041,-117.583531,,,114,,1351,-49.5,601,0.4
2026-08-09T22:25:56.653769,0C20F3,CMP850,32.617896,-116.904509,,,83,,7230,-33.9,123,0.1
2026-08-09T22:25:56.653769,A37B5A,,32.81984,-116.631588,,,,,,-49.5,10,13.2
2026-08-09T22:25:56.653769,A9B971,N7257E,33.114934,-117.35293,,,152,,,-37.8,15,16.5
2026-08-09T22:26:01.718097,0D0924,VIV518,33.257989,-117.504777,,,281,,1044,-34.8,4388,30.2
2026-08-09T22:26:01.718097,0D0932,VOI7896,33.226893,-117.302315,,,279,,2657,-30.1,3079,0.6
2026-08-09T22:26:01.718097,AD7471,SWA3009,32.795883,-117.126343,,,102,,3207,-49.5,2354,2.3
2026-08-09T22:26:01.718097,A1239D,UAL1863,32.981981,-117.353659,,,144,,6320,-49.5,1165,0.7
2026-08-09T22:26:01.718097,A8C0D2,QXE2289,33.003754,-117.635504,,,307,,6747,-49.5,94,64.2
2026-08-09T22:26:01.718097,AC65BB,SWA3383,33.116776,-117.466644,,,144,,3344,-34.2,611,0.1
2026-08-09T22:26:01.718097,0C2162,CMP362,33.127304,-117.573706,,,114,,1351,-49.5,637,0.8
2026-08-09T22:26:01.718097,0C20F3,CMP850,32.618637,-116.896783,,,83,,7230,-49.5,150,1.1
2026-08-09T22:26:01.718097,A37B5A,,32.81984,-116.631588,,,,,,-49.5,10,18.2
2026-08-09T22:26:01.718097,A9B971,N7257E,33.114934,-117.35293,,,152,,,-37.8,15,21.6
2026-08-09T22:26:06.756839,0D0924,VIV518,33.257989,-117.504777,,,281,,1044,-34.8,4388,35.3
2026-08-09T22:26:06.756839,0D0932,VOI7896,33.228336,-117.31246,,,279,,2657,-31.0,3115,0.5
2026-08-09T22:26:06.756839,AD7471,SWA3009,32.795883,-117.126343,,,102,,3207,-49.5,2358,7.4
2026-08-09T22:26:06.756839,A1239D,UAL1863,32.974579,-117.347549,,,144,,6320,-49.5,1198,0.0
2026-08-09T22:26:06.756839,A8C0D2,QXE2289,33.003754,-117.635504,,,307,,6747,-49.5,94,69.2
2026-08-09T22:26:06.756839,AC65BB,SWA3383,33.11087,-117.4617,,,144,,3344,-49.5,657,0.2
2026-08-09T22:26:06.756839,0C2162,CMP362,33.123547,-117.563688,,,114,,1351,-49.5,677,0.9
2026-08-09T22:26:06.756839,0C20F3,CMP850,32.618637,-116.896783,,,83,,7230,-49.5,150,6.2
2026-08-09T22:26:06.756839,A37B5A,,32.81984,-116.631588,,,,,,-49.5,10,23.3
2026-08-09T22:26:06.756839,A9B971,N7257E,33.114934,-117.35293,,,152,,,-37.8,15,26.6
2026-08-09T22:26:11.816313,0D0924,VIV518,33.257989,-117.504777,,,281,,1044,-34.8,4388,40.3
2026-08-09T22:26:11.816313,0D0932,VOI7896,33.229752,-117.322504,,,279,,2657,-30.9,3159,0.5
2026-08-09T22:26:11.816313,AD7471,SWA3009,32.795883,-117.126343,,,102,,3207,-49.5,2358,12.5
2026-08-09T22:26:11.816313,A1239D,UAL1863,32.973183,-117.346372,,,144,,6320,-49.5,1222,4.0
2026-08-09T22:26:11.816313,A8C0D2,QXE2289,33.003754,-117.635504,,,307,,6747,-49.5,94,74.3
2026-08-09T22:26:11.816313,AC65BB,SWA3383,33.104786,-117.456572,,,144,,3344,-49.5,702,0.2
2026-08-09T22:26:11.816313,0C2162,CMP362,33.119403,-117.552814,,,114,,1351,-27.8,716,0.8
2026-08-09T22:26:11.816313,0C20F3,CMP850,32.618637,-116.896783,,,83,,7230,-38.6,151,11.3
2026-08-09T22:26:11.816313,A37B5A,,32.81984,-116.631588,,,,,,-49.5,10,28.3
2026-08-09T22:26:11.816313,A9B971,N7257E,33.114934,-117.35293,,,152,,,-37.8,15,31.7
2026-08-09T22:26:16.870871,0D0924,VIV518,33.257989,-117.504777,,,281,,1044,-34.8,4388,45.4
2026-08-09T22:26:16.870871,0D0932,VOI7896,33.230988,-117.330908,,,279,,2657,-35.1,3199,1.3
2026-08-09T22:26:16.870871,AD7471,SWA3009,32.795883,-117.126343,,,102,,3207,-49.5,2358,17.6
2026-08-09T22:26:16.870871,A1239D,UAL1863,32.96228,-117.33728,,,144,,6320,-49.5,1246,0.3
2026-08-09T22:26:16.870871,A8C0D2,QXE2289,33.003754,-117.635504,,,319,,6747,-49.5,97,79.4
2026-08-09T22:26:16.870871,AC65BB,SWA3383,33.098827,-117.451583,,,144,,3344,-31.2,756,0.2
2026-08-09T22:26:16.870871,0C2162,CMP362,33.1154,-117.542276,,,114,,1351,-29.2,755,1.0
2026-08-09T22:26:16.870871,0C20F3,CMP850,32.618637,-116.896783,,,83,,7230,-38.6,151,16.4
2026-08-09T22:26:16.870871,A37B5A,,32.81984,-116.631588,,,,,,-49.5,10,33.4
2026-08-09T22:26:16.870871,A9B971,N7257E,33.114934,-117.35293,,,152,,,-37.8,15,36.8
2026-08-09T22:26:21.950052,0D0924,VIV518,33.257989,-117.504777,,,281,,1044,-34.8,4388,50.5
2026-08-09T22:26:21.950052,0D0932,VOI7896,33.231628,-117.335193,,,280,,2657,-33.9,3204,4.1
2026-08-09T22:26:21.950052,AD7471,SWA3009,32.795883,-117.126343,,,102,,3207,-49.5,2358,22.6
2026-08-09T22:26:21.950052,A1239D,UAL1863,32.9561,-117.332117,,,144,,6320,-49.5,1282,0.2
2026-08-09T22:26:21.950052,A8C0D2,QXE2289,33.091891,-117.758079,,,319,,6747,-34.2,104,1.4
2026-08-09T22:26:21.950052,AC65BB,SWA3383,33.093018,-117.446759,,,144,,3344,-28.1,808,0.5
2026-08-09T22:26:21.950052,0C2162,CMP362,33.110698,-117.530113,,,114,,1351,-49.5,793,0.2
2026-08-09T22:26:21.950052,0C20F3,CMP850,32.618637,-116.896783,,,83,,7230,-49.5,154,21.4
2026-08-09T22:26:21.950052,A37B5A,,32.81984,-116.631588,,,,,,-49.5,10,38.5
2026-08-09T22:26:21.950052,A9B971,N7257E,33.114934,-117.35293,,,152,,,-37.8,15,41.9
2026-08-09T22:26:27.029365,0D0924,VIV518,33.257989,-117.504777,,,281,,1044,-34.8,4388,55.5
2026-08-09T22:26:27.029365,0D0932,VOI7896,33.233736,-117.349119,,,280,,2657,-34.5,3244,2.0
2026-08-09T22:26:27.029365,AD7471,SWA3009,32.795883,-117.126343,,,102,,3207,-49.5,2358,27.7
2026-08-09T22:26:27.029365,A1239D,UAL1863,32.949767,-117.32681,,,144,,6320,-49.5,1322,0.0
2026-08-09T22:26:27.029365,A8C0D2,QXE2289,33.094711,-117.760913,,,319,,6747,-35.9,108,4.3
2026-08-09T22:26:27.029365,AC65BB,SWA3383,33.087469,-117.442166,,,144,,3344,-49.5,862,0.9
2026-08-09T22:26:27.029365,0C2162,CMP362,33.106695,-117.519799,,,114,,1351,-49.5,825,0.3
2026-08-09T22:26:27.029365,0C20F3,CMP850,32.618637,-116.896783,,,83,,7230,-37.9,155,26.5
2026-08-09T22:26:27.029365,A37B5A,,32.81984,-116.631588,,,,,,-49.5,10,43.5
2026-08-09T22:26:27.029365,A9B971,N7257E,33.114934,-117.35293,,,152,,,-36.3,16,46.9
2026-08-09T22:26:32.082630,0D0924,VIV518,33.257989,-117.504777,,,281,,1044,-34.8,4388,60.6
2026-08-09T22:26:32.082630,0D0932,VOI7896,33.235505,-117.360273,,,280,,2657,-34.0,3268,1.3
2026-08-09T22:26:32.082630,AD7471,SWA3009,32.795883,-117.126343,,,102,,3207,-49.5,2358,32.7
2026-08-09T22:26:32.082630,A1239D,UAL1863,32.948685,-117.325909,,,144,,6320,-49.5,1341,4.1
2026-08-09T22:26:32.082630,A8C0D2,QXE2289,33.094711,-117.760913,,,319,,6747,-49.5,109,9.4
2026-08-09T22:26:32.082630,AC65BB,SWA3383,33.087469,-117.442166,,,144,,3344,-49.5,866,5.9
2026-08-09T22:26:32.082630,0C2162,CMP362,33.104134,-117.513297,,,114,,1351,-49.5,833,2.3
2026-08-09T22:26:32.082630,0C20F3,CMP850,32.618637,-116.896783,,,83,,7230,-37.9,155,31.5
2026-08-09T22:26:32.082630,A37B5A,,32.81984,-116.631588,,,,,,-49.5,10,48.6
2026-08-09T22:26:32.082630,A9B971,N7257E,33.09082,-117.3375,,,145,,1200,-36.1,51,0.5
2026-08-09T22:26:37.132707,0D0932,VOI7896,33.235505,-117.360273,,,280,,2657,-49.5,3269,6.4
2026-08-09T22:26:37.132707,AD7471,SWA3009,32.795883,-117.126343,,,102,,3207,-49.5,2358,37.8
2026-08-09T22:26:37.132707,A1239D,UAL1863,32.938339,-117.31723,,,144,,6320,-33.1,1368,0.3
2026-08-09T22:26:37.132707,A8C0D2,QXE2289,33.094711,-117.760913,,,319,,6747,-49.5,109,14.5
2026-08-09T22:26:37.132707,AC65BB,SWA3383,33.075318,-117.432021,,,145,,3344,-32.0,904,0.7
2026-08-09T22:26:37.132707,0C2162,CMP362,33.104134,-117.513297,,,114,,1351,-49.5,833,7.4
2026-08-09T22:26:37.132707,0C20F3,CMP850,32.62532,-116.830042,,,83,,7230,-49.5,161,2.6
2026-08-09T22:26:37.132707,A37B5A,,32.81984,-116.631588,,,,,,-49.5,10,53.7
2026-08-09T22:26:37.132707,A9B971,N7257E,33.08975,-117.336619,,,145,,1200,-34.8,68,3.0
2026-08-09T22:26:42.211214,0D0932,VOI7896,33.235505,-117.360273,,,280,,2657,-49.5,3269,11.4
2026-08-09T22:26:42.211214,AD7471,SWA3009,32.795883,-117.126343,,,102,,3207,-49.5,2358,42.9
2026-08-09T22:26:42.211214,A1239D,UAL1863,32.932388,-117.312286,,,144,,6320,-49.5,1374,0.1
2026-08-09T22:26:42.211214,A8C0D2,QXE2289,33.094711,-117.760913,,,319,,6747,-49.5,110,19.5
2026-08-09T22:26:42.211214,AC65BB,SWA3383,33.068755,-117.426583,,,144,,3344,-49.5,945,0.3
2026-08-09T22:26:42.211214,0C2162,CMP362,33.104134,-117.513297,,,114,,1351,-49.5,833,12.4
2026-08-09T22:26:42.211214,0C20F3,CMP850,32.626648,-116.81617,,,83,,7230,-49.5,173,0.7
2026-08-09T22:26:42.211214,A37B5A,,32.81984,-116.631588,,,,,,-49.5,10,58.7
2026-08-09T22:26:42.211214,A9B971,N7257E,33.08975,-117.336619,,,145,,1200,-34.8,68,8.1
2026-08-09T22:26:47.261332,0D0932,VOI7896,33.240417,-117.391168,,,280,,2657,-33.4,3292,0.4
2026-08-09T22:26:47.261332,AD7471,SWA3009,32.795883,-117.126343,,,102,,3207,-49.5,2358,47.9
2026-08-09T22:26:47.261332,A1239D,UAL1863,32.926956,-117.307752,,,144,,6320,-49.5,1414,0.4
2026-08-09T22:26:47.261332,A8C0D2,QXE2289,33.124146,-117.790741,,,319,,6747,-49.5,114,1.7
2026-08-09T22:26:47.261332,AC65BB,SWA3383,33.062714,-117.421545,,,144,,3344,-33.8,1003,0.2
2026-08-09T22:26:47.261332,0C2162,CMP362,33.104134,-117.513297,,,114,,1351,-49.5,833,17.5
2026-08-09T22:26:47.261332,0C20F3,CMP850,32.626831,-116.814386,,,83,,7230,-36.1,175,4.8
2026-08-09T22:26:47.261332,A9B971,N7257E,33.08975,-117.336619,,,145,,1200,-34.8,68,13.1
2026-08-09T22:26:52.314761,0D0932,VOI7896,33.241603,-117.398837,,,280,,2657,-49.5,3325,1.5
2026-08-09T22:26:52.314761,AD7471,SWA3009,32.795883,-117.126343,,,102,,3207,-49.5,2358,53.0
2026-08-09T22:26:52.314761,A1239D,UAL1863,32.921184,-117.302931,,,144,,6320,-49.5,1449,0.3
2026-08-09T22:26:52.314761,A8C0D2,QXE2289,33.128016,-117.794738,,,319,,6747,-36.8,123,3.7
2026-08-09T22:26:52.314761,AC65BB,SWA3383,33.060748,-117.419857,,,144,,3344,-35.5,1015,3.6
2026-08-09T22:26:52.314761,0C2162,CMP362,33.085739,-117.46626,,,114,,1351,-34.1,840,0.2
2026-08-09T22:26:52.314761,0C20F3,CMP850,32.626831,-116.814386,,,83,,7230,-36.1,175,9.9
2026-08-09T22:26:52.314761,A9B971,N7257E,33.08975,-117.336619,,,145,,1200,-34.8,68,18.2
2026-08-09T22:26:57.364333,0D0932,VOI7896,33.243512,-117.410664,,,280,,2657,-49.5,3386,0.4
2026-08-09T22:26:57.364333,AD7471,SWA3009,32.795883,-117.126343,,,102,,3207,-38.1,2359,58.0
2026-08-09T22:26:57.364333,A1239D,UAL1863,32.916901,-117.299344,,,144,,6320,-49.5,1494,1.3
2026-08-09T22:26:57.364333,A8C0D2,QXE2289,33.128016,-117.794738,,,319,,6747,-49.5,125,8.7
2026-08-09T22:26:57.364333,AC65BB,SWA3383,33.051391,-117.412066,,,144,,3344,-35.2,1027,0.7
2026-08-09T22:26:57.364333,0C2162,CMP362,33.081603,-117.455675,,,114,,1351,-49.5,865,0.2
2026-08-09T22:26:57.364333,0C20F3,CMP850,32.626831,-116.814386,,,83,,7230,-36.1,175,14.9
2026-08-09T22:26:57.364333,A9B971,N7257E,33.08975,-117.336619,,,145,,1200,-34.8,68,23.2
2026-08-09T22:27:02.398511,0D0932,VOI7896,33.244815,-117.419016,,,280,,2657,-36.5,3451,1.1
2026-08-09T22:27:02.398511,AD7471,SWA3009,32.779525,-117.045089,,,102,,3207,-36.5,2360,4.5
2026-08-09T22:27:02.398511,A1239D,UAL1863,32.91057,-117.294019,,,144,,6320,-49.5,1518,0.6
2026-08-09T22:27:02.398511,A8C0D2,QXE2289,33.128016,-117.794738,,,319,,6747,-49.5,125,13.8
2026-08-09T22:27:02.398511,AC65BB,SWA3383,33.04911,-117.410216,,,144,,3344,-49.5,1042,3.9
2026-08-09T22:27:02.398511,0C2162,CMP362,33.077408,-117.444891,,,114,,1351,-49.5,898,0.2
2026-08-09T22:27:02.398511,0C20F3,CMP850,32.626831,-116.814386,,,83,,7230,-36.1,175,20.0
2026-08-09T22:27:02.398511,A9B971,N7257E,33.08975,-117.336619,,,145,,1200,-34.8,68,28.3
2026-08-09T22:27:07.444355,0D0932,VOI7896,33.246677,-117.430899,,,280,,2657,-49.5,3478,0.0
2026-08-09T22:27:07.444355,AD7471,SWA3009,32.779525,-117.045089,,,102,,3207,-36.5,2360,9.5
2026-08-09T22:27:07.444355,A1239D,UAL1863,32.905123,-117.289535,,,145,,6320,-49.5,1566,0.7
2026-08-09T22:27:07.444355,A8C0D2,QXE2289,33.128016,-117.794738,,,319,,6747,-49.5,125,18.8
2026-08-09T22:27:07.444355,AC65BB,SWA3383,33.039047,-117.40177,,,144,,3344,-49.5,1066,0.3
2026-08-09T22:27:07.444355,0C2162,CMP362,33.073105,-117.433905,,,114,,1351,-49.5,929,0.2
2026-08-09T22:27:07.444355,0C20F3,CMP850,32.631536,-116.764769,,,83,,7230,-49.5,177,0.3
2026-08-09T22:27:07.444355,A9B971,N7257E,33.08975,-117.336619,,,145,,1200,-34.8,68,33.3
2026-08-09T22:27:12.495506,0D0932,VOI7896,33.247934,-117.439195,,,280,,2657,-36.4,3511,0.8
2026-08-09T22:27:12.495506,AD7471,SWA3009,32.779525,-117.045089,,,102,,3207,-36.5,2360,14.6
2026-08-09T22:27:12.495506,A1239D,UAL1863,32.905123,-117.289535,,,144,,6320,-36.6,1567,5.8
2026-08-09T22:27:12.495506,A8C0D2,QXE2289,33.128016,-117.794738,,,319,,6747,-49.5,125,23.9
2026-08-09T22:27:12.495506,AC65BB,SWA3383,33.033002,-117.396707,,,144,,3344,-49.5,1113,0.2
2026-08-09T22:27:12.495506,0C2162,CMP362,33.069031,-117.423523,,,114,,1351,-49.5,958,0.3
2026-08-09T22:27:12.495506,0C20F3,CMP850,32.631722,-116.762751,,,83,,7230,-37.9,179,4.3
2026-08-09T22:27:12.495506,A9B971,N7257E,33.08975,-117.336619,,,145,,1200,-34.8,68,38.4
2026-08-09T22:27:17.576065,0D0932,VOI7896,33.247934,-117.439195,,,280,,2657,-36.1,3519,5.9
2026-08-09T22:27:17.576065,AD7471,SWA3009,32.779525,-117.045089,,,102,,3207,-36.5,2360,19.6
2026-08-09T22:27:17.576065,A1239D,UAL1863,32.894649,-117.28079,,,144,,6320,-49.5,1606,1.1
2026-08-09T22:27:17.576065,A8C0D2,QXE2289,33.128016,-117.794738,,,319,,6747,-49.5,125,29.0
2026-08-09T22:27:17.576065,AC65BB,SWA3383,33.029526,-117.39375,,,144,,3344,-49.5,1150,2.2
2026-08-09T22:27:17.576065,0C2162,CMP362,33.064682,-117.412537,,,115,,1351,-25.4,988,0.1
2026-08-09T22:27:17.576065,0C20F3,CMP850,32.633377,-116.745612,,,83,,7230,-49.5,190,0.8
2026-08-09T22:27:17.576065,A9B971,N7257E,33.08975,-117.336619,,,145,,1200,-34.8,68,43.4
2026-08-09T22:27:22.626852,0D0932,VOI7896,33.247934,-117.439195,,,280,,2657,-36.1,3519,10.9
2026-08-09T22:27:22.626852,AD7471,SWA3009,32.779525,-117.045089,,,102,,3207,-36.5,2360,24.7
2026-08-09T22:27:22.626852,A1239D,UAL1863,32.888132,-117.275409,,,145,,6320,-31.4,1612,0.2
2026-08-09T22:27:22.626852,A8C0D2,QXE2289,33.128016,-117.794738,,,319,,6747,-49.5,125,34.0
2026-08-09T22:27:22.626852,AC65BB,SWA3383,33.023758,-117.388861,,,144,,3344,-35.1,1163,2.3
2026-08-09T22:27:22.626852,0C2162,CMP362,33.060516,-117.401935,,,115,,1351,-49.5,1014,0.2
2026-08-09T22:27:22.626852,0C20F3,CMP850,32.63391,-116.739938,,,83,,7230,-49.5,210,2.8
2026-08-09T22:27:22.626852,A9B971,N7257E,33.08975,-117.336619,,,145,,1200,-34.8,68,48.5
2026-08-09T22:27:27.691775,0D0932,VOI7896,33.251565,-117.462121,,,280,,2657,-37.6,3523,3.9
2026-08-09T22:27:27.691775,AD7471,SWA3009,32.779525,-117.045089,,,102,,3207,-36.5,2360,29.8
2026-08-09T22:27:27.691775,A1239D,UAL1863,32.882629,-117.270868,,,145,,6320,-31.6,1632,0.1
2026-08-09T22:27:27.691775,A8C0D2,QXE2289,33.128016,-117.794738,,,319,,6747,-49.5,125,39.1
2026-08-09T22:27:27.691775,AC65BB,SWA3383,33.015825,-117.38219,,,144,,3344,-49.5,1170,0.6
2026-08-09T22:27:27.691775,0C2162,CMP362,33.056488,-117.391718,,,115,,1351,-49.5,1053,0.5
2026-08-09T22:27:27.691775,0C20F3,CMP850,32.63391,-116.739938,,,83,,7230,-37.4,211,7.9
2026-08-09T22:27:27.691775,A9B971,N7257E,33.064499,-117.32157,,,145,,1200,-49.5,70,0.3
2026-08-09T22:27:32.765485,0D0932,VOI7896,33.251565,-117.462121,,,280,,2657,-37.6,3523,9.0
2026-08-09T22:27:32.765485,AD7471,SWA3009,32.779525,-117.045089,,,102,,3207,-36.5,2360,34.8
2026-08-09T22:27:32.765485,A1239D,UAL1863,32.882629,-117.270868,,,145,,6320,-36.0,1636,5.2
2026-08-09T22:27:32.765485,A8C0D2,QXE2289,33.128016,-117.794738,,,319,,6747,-49.5,125,44.2
2026-08-09T22:27:32.765485,AC65BB,SWA3383,33.009261,-117.37664,,,144,,3344,-49.5,1222,0.0
2026-08-09T22:27:32.765485,0C2162,CMP362,33.052231,-117.380841,,,114,,1351,-32.8,1076,0.4
2026-08-09T22:27:32.765485,0C20F3,CMP850,32.63391,-116.739938,,,83,,7230,-37.4,211,13.0
2026-08-09T22:27:32.765485,A9B971,N7257E,33.063261,-117.320868,,,155,,1200,-49.5,81,2.9
2026-08-09T22:27:37.809636,0D0932,VOI7896,33.255341,-117.486584,,,280,,2657,-33.5,3528,1.3
2026-08-09T22:27:37.809636,AD7471,SWA3009,32.779525,-117.045089,,,102,,3207,-36.5,2360,39.9
2026-08-09T22:27:37.809636,A1239D,UAL1863,32.871826,-117.261914,,,145,,6320,-49.5,1674,0.2
2026-08-09T22:27:37.809636,A8C0D2,QXE2289,33.128016,-117.794738,,,319,,6747,-49.5,125,49.2
2026-08-09T22:27:37.809636,AC65BB,SWA3383,33.004,-117.372268,,,144,,3344,-49.5,1274,0.6
2026-08-09T22:27:37.809636,0C2162,CMP362,33.047992,-117.370026,,,114,,1351,-31.5,1099,0.4
2026-08-09T22:27:37.809636,0C20F3,CMP850,32.63391,-116.739938,,,83,,7230,-37.4,211,18.1
2026-08-09T22:27:37.809636,A9B971,N7257E,33.063261,-117.320868,,,155,,1200,-49.5,81,7.9
2026-08-09T22:27:42.888347,0D0932,VOI7896,33.257151,-117.498275,,,280,,2657,-49.5,3537,0.2
2026-08-09T22:27:42.888347,AD7471,SWA3009,32.779525,-117.045089,,,102,,3207,-36.5,2360,44.9
2026-08-09T22:27:42.888347,A1239D,UAL1863,32.866562,-117.257629,,,145,,6320,-32.3,1708,0.3
2026-08-09T22:27:42.888347,A8C0D2,QXE2289,33.128016,-117.794738,,,319,,6747,-49.5,126,54.3
2026-08-09T22:27:42.888347,AC65BB,SWA3383,32.999588,-117.368536,,,144,,3344,-49.5,1314,1.8
2026-08-09T22:27:42.888347,0C2162,CMP362,33.044594,-117.361282,,,114,,1351,-30.1,1128,1.3
2026-08-09T22:27:42.888347,0C20F3,CMP850,32.63391,-116.739938,,,83,,7230,-37.4,211,23.1
2026-08-09T22:27:42.888347,A9B971,N7257E,33.063261,-117.320868,,,155,,1200,-49.5,81,13.0
2026-08-09T22:27:47.940511,0D0932,VOI7896,33.258591,-117.507513,,,280,,2657,-34.7,3551,0.3
2026-08-09T22:27:47.940511,AD7471,SWA3009,32.779525,-117.045089,,,102,,3207,-36.5,2360,50.0
2026-08-09T22:27:47.940511,A1239D,UAL1863,32.861318,-117.253381,,,145,,6320,-32.1,1755,0.4
2026-08-09T22:27:47.940511,A8C0D2,QXE2289,33.128016,-117.794738,,,319,,6747,-49.5,126,59.3
2026-08-09T22:27:47.940511,AC65BB,SWA3383,32.992409,-117.362571,,,144,,3344,-49.5,1350,0.6
2026-08-09T22:27:47.940511,0C2162,CMP362,33.039427,-117.348054,,,114,,1351,-49.5,1149,0.2
2026-08-09T22:27:47.940511,0C20F3,CMP850,32.63391,-116.739938,,,83,,7230,-37.4,211,28.1
2026-08-09T22:27:47.940511,A9B971,N7257E,33.063261,-117.320868,,,155,,1200,-49.5,81,18.0
2026-08-09T22:27:52.980458,0D0932,VOI7896,33.258874,-117.509205,,,282,,2657,-33.5,3564,4.5
2026-08-09T22:27:52.980458,AD7471,SWA3009,32.779525,-117.045089,,,102,,3207,-36.5,2360,55.0
2026-08-09T22:27:52.980458,A1239D,UAL1863,32.860247,-117.25254,,,145,,6320,-37.3,1767,4.5
2026-08-09T22:27:52.980458,A8C0D2,QXE2289,33.128016,-117.794738,,,319,,6747,-49.5,126,64.4
2026-08-09T22:27:52.980458,AC65BB,SWA3383,32.985845,-117.357078,,,144,,3344,-49.5,1374,0.0
2026-08-09T22:27:52.980458,0C2162,CMP362,33.035202,-117.33717,,,114,,1351,-31.8,1180,0.2
2026-08-09T22:27:52.980458,0C20F3,CMP850,32.640008,-116.673572,,,83,,7230,-49.5,218,0.7
2026-08-09T22:27:52.980458,A9B971,N7257E,33.052182,-117.314814,,,156,,1200,-49.5,94,0.0
2026-08-09T22:27:58.048243,0D0932,VOI7896,33.258874,-117.509205,,,282,,2657,-33.5,3564,9.6
2026-08-09T22:27:58.048243,AD7471,SWA3009,32.779525,-117.045089,,,102,,3207,-36.5,2360,60.1
2026-08-09T22:27:58.048243,A1239D,UAL1863,32.85103,-117.244973,,,145,,6320,-31.6,1792,0.9
2026-08-09T22:27:58.048243,A8C0D2,QXE2289,33.128016,-117.794738,,,319,,6747,-49.5,126,69.5
2026-08-09T22:27:58.048243,AC65BB,SWA3383,32.980408,-117.352551,,,144,,3344,-29.8,1423,0.4
2026-08-09T22:27:58.048243,0C2162,CMP362,33.031082,-117.326678,,,114,,1351,-49.5,1222,0.3
2026-08-09T22:27:58.048243,0C20F3,CMP850,32.641022,-116.662939,,,83,,7230,-49.5,233,0.5
2026-08-09T22:27:58.048243,A9B971,N7257E,33.052182,-117.314814,,,156,,1200,-49.5,94,5.1
2026-08-09T22:28:03.095585,0D0932,VOI7896,33.258874,-117.509205,,,282,,2657,-33.5,3564,14.6
2026-08-09T22:28:03.095585,A1239D,UAL1863,32.847885,-117.242358,,,144,,6320,-49.5,1809,2.9
2026-08-09T22:28:03.095585,A8C0D2,QXE2289,33.128016,-117.794738,,,319,,6747,-49.5,126,74.5
2026-08-09T22:28:03.095585,AC65BB,SWA3383,32.974274,-117.347443,,,144,,3344,-49.5,1454,0.1
2026-08-09T22:28:03.095585,0C2162,CMP362,33.0271,-117.316406,,,114,,1351,-26.1,1267,0.5
2026-08-09T22:28:03.095585,0C20F3,CMP850,32.641964,-116.65244,,,83,,7230,-34.8,267,0.3
2026-08-09T22:28:03.095585,A9B971,N7257E,33.052182,-117.314814,,,156,,1200,-49.5,94,10.1
2026-08-09T22:28:08.145270,0D0932,VOI7896,33.266464,-117.537067,,,296,,2657,-49.5,3566,4.3
2026-08-09T22:28:08.145270,A1239D,UAL1863,32.847885,-117.242358,,,144,,6320,-49.5,1810,8.0
2026-08-09T22:28:08.145270,A8C0D2,QXE2289,33.128016,-117.794738,,,319,,6747,-49.5,126,79.6
2026-08-09T22:28:08.145270,AC65BB,SWA3383,32.969101,-117.343103,,,144,,3344,-34.0,1484,0.7
2026-08-09T22:28:08.145270,0C2162,CMP362,33.022761,-117.305285,,,114,,1351,-19.1,1331,0.4
2026-08-09T22:28:08.145270,0C20F3,CMP850,32.642708,-116.6442,,,83,,7230,-49.5,285,1.3
2026-08-09T22:28:08.145270,A9B971,N7257E,33.052182,-117.314814,,,156,,1200,-49.5,94,15.2
2026-08-09T22:28:13.230254,0D0932,VOI7896,33.266464,-117.537067,,,296,,2657,-49.5,3566,9.3
2026-08-09T22:28:13.230254,A1239D,UAL1863,32.847885,-117.242358,,,144,,6320,-36.9,1811,13.1
2026-08-09T22:28:13.230254,A8C0D2,QXE2289,33.128016,-117.794738,,,319,,6747,-49.5,126,84.7
2026-08-09T22:28:13.230254,AC65BB,SWA3383,32.962802,-117.337852,,,144,,3344,-49.5,1522,0.3
2026-08-09T22:28:13.230254,0C2162,CMP362,33.018385,-117.294131,,,114,,1351,-20.3,1387,0.3
2026-08-09T22:28:13.230254,0C20F3,CMP850,32.642708,-116.6442,,,83,,7230,-49.5,285,6.4
2026-08-09T22:28:13.230254,A9B971,N7257E,33.052182,-117.314814,,,154,,1200,-35.6,100,20.3
2026-08-09T22:28:18.311112,0D0932,VOI7896,33.266464,-117.537067,,,296,,2657,-49.5,3566,14.4
2026-08-09T22:28:18.311112,A1239D,UAL1863,32.847885,-117.242358,,,144,,6320,-49.5,1814,18.2
2026-08-09T22:28:18.311112,A8C0D2,QXE2289,33.128016,-117.794738,,,319,,6747,-49.5,126,89.7
2026-08-09T22:28:18.311112,AC65BB,SWA3383,32.956833,-117.332886,,,144,,3344,-49.5,1566,0.3
2026-08-09T22:28:18.311112,0C2162,CMP362,33.014382,-117.283873,,,114,,1351,-25.7,1440,0.6
2026-08-09T22:28:18.311112,0C20F3,CMP850,32.642708,-116.6442,,,83,,7230,-49.5,285,11.5
2026-08-09T22:28:18.311112,A9B971,N7257E,33.042173,-117.309545,,,154,,1200,-36.7,103,4.8
2026-08-09T22:28:23.386619,0D0932,VOI7896,33.266464,-117.537067,,,296,,2657,-49.5,3566,19.5
2026-08-09T22:28:23.386619,A1239D,UAL1863,32.847885,-117.242358,,,144,,6320,-49.5,1814,23.2
2026-08-09T22:28:23.386619,A8C0D2,QXE2289,33.128016,-117.794738,,,319,,6747,-49.5,126,94.8
2026-08-09T22:28:23.386619,AC65BB,SWA3383,32.95134,-117.328271,,,144,,3344,-33.3,1604,0.5
2026-08-09T22:28:23.386619,0C2162,CMP362,33.010162,-117.273175,,,114,,1351,-26.0,1472,0.6
2026-08-09T22:28:23.386619,0C20F3,CMP850,32.642708,-116.6442,,,83,,7230,-49.5,285,16.5
2026-08-09T22:28:23.386619,A9B971,N7257E,33.042173,-117.309545,,,156,,1200,-35.5,104,9.9
2026-08-09T22:28:28.436513,0D0932,VOI7896,33.266464,-117.537067,,,296,,2657,-49.5,3566,24.5
2026-08-09T22:28:28.436513,A1239D,UAL1863,32.847885,-117.242358,,,144,,6320,-37.4,1815,28.3
2026-08-09T22:28:28.436513,A8C0D2,QXE2289,33.128016,-117.794738,,,319,,6747,-49.5,126,99.8
2026-08-09T22:28:28.436513,AC65BB,SWA3383,32.949051,-117.326349,,,144,,3344,-49.5,1622,3.5
2026-08-09T22:28:28.436513,0C2162,CMP362,33.005859,-117.262024,,,114,,1351,-24.4,1512,0.4
2026-08-09T22:28:28.436513,0C20F3,CMP850,32.642708,-116.6442,,,83,,7230,-49.5,285,21.6
2026-08-09T22:28:28.436513,A9B971,N7257E,33.042173,-117.309545,,,156,,1200,-49.5,106,14.9
2026-08-09T22:28:33.498764,0D0932,VOI7896,33.266464,-117.537067,,,296,,2657,-49.5,3566,29.6
2026-08-09T22:28:33.498764,A1239D,UAL1863,32.81749,-117.214783,,,133,,6320,-36.5,1823,2.9
2026-08-09T22:28:33.498764,A8C0D2,QXE2289,33.128016,-117.794738,,,319,,6747,-49.5,126,104.9
2026-08-09T22:28:33.498764,AC65BB,SWA3383,32.939438,-117.318219,,,144,,3344,-49.5,1641,0.0
2026-08-09T22:28:33.498764,0C2162,CMP362,33.001393,-117.25069,,,114,,1351,-22.8,1548,0.3
2026-08-09T22:28:33.498764,0C20F3,CMP850,32.642708,-116.6442,,,83,,7230,-49.5,285,26.6
2026-08-09T22:28:33.498764,A9B971,N7257E,33.042173,-117.309545,,,156,,1200,-49.5,109,20.0
2026-08-09T22:28:38.574712,0D0932,VOI7896,33.266464,-117.537067,,,296,,2657,-49.5,3566,34.7
2026-08-09T22:28:38.574712,A1239D,UAL1863,32.81749,-117.214783,,,133,,6320,-35.1,1824,8.0
2026-08-09T22:28:38.574712,A8C0D2,QXE2289,33.128016,-117.794738,,,319,,6747,-49.5,126,110.0
2026-08-09T22:28:38.574712,AC65BB,SWA3383,32.935318,-117.314758,,,144,,3344,-49.5,1661,1.3
2026-08-09T22:28:38.574712,0C2162,CMP362,32.997253,-117.239941,,,114,,1351,-16.6,1587,0.3
2026-08-09T22:28:38.574712,0C20F3,CMP850,32.642708,-116.6442,,,83,,7230,-49.5,285,31.7
2026-08-09T22:28:38.574712,A9B971,N7257E,33.042173,-117.309545,,,156,,1200,-49.5,109,25.0
2026-08-09T22:28:43.618859,0D0932,VOI7896,33.266464,-117.537067,,,296,,2657,-49.5,3566,39.7
2026-08-09T22:28:43.618859,A1239D,UAL1863,32.81749,-117.214783,,,133,,6320,-35.1,1824,13.0
2026-08-09T22:28:43.618859,AC65BB,SWA3383,32.92868,-117.30921,,,144,,3344,-49.5,1694,0.3
2026-08-09T22:28:43.618859,0C2162,CMP362,32.993293,-117.229838,,,114,,1351,-49.5,1618,0.6
2026-08-09T22:28:43.618859,0C20F3,CMP850,32.642708,-116.6442,,,83,,7230,-49.5,285,36.7
2026-08-09T22:28:43.618859,A9B971,N7257E,33.042173,-117.309545,,,156,,1200,-49.5,109,30.1
2026-08-09T22:28:43.618859,A437DA,,32.648804,-117.015106,,,70,,,-34.9,4,0.0
2026-08-09T22:28:48.672696,0D0932,VOI7896,33.266464,-117.537067,,,296,,2657,-49.5,3566,44.8
2026-08-09T22:28:48.672696,A1239D,UAL1863,32.81749,-117.214783,,,133,,6320,-35.1,1824,18.1
2026-08-09T22:28:48.672696,AC65BB,SWA3383,32.923093,-117.304557,,,144,,3344,-49.5,1729,0.2
2026-08-09T22:28:48.672696,0C2162,CMP362,32.989197,-117.219301,,,114,,1351,-22.5,1667,0.8
2026-08-09T22:28:48.672696,0C20F3,CMP850,32.642708,-116.6442,,,83,,7230,-49.5,285,41.8
2026-08-09T22:28:48.672696,A9B971,N7257E,33.025177,-117.300641,,,156,,1200,-49.5,130,0.5
2026-08-09T22:28:48.672696,A437DA,,32.648804,-117.015106,,,70,,,-37.9,11,5.1
2026-08-09T22:28:53.722517,0D0932,VOI7896,33.266464,-117.537067,,,296,,2657,-49.5,3566,49.8
2026-08-09T22:28:53.722517,A1239D,UAL1863,32.81749,-117.214783,,,103,,6320,-49.5,1826,23.1
2026-08-09T22:28:53.722517,AC65BB,SWA3383,32.917646,-117.300016,,,144,,3344,-29.8,1804,0.1
2026-08-09T22:28:53.722517,0C2162,CMP362,32.985123,-117.208795,,,114,,1351,-49.5,1702,1.0
2026-08-09T22:28:53.722517,0C20F3,CMP850,32.642708,-116.6442,,,83,,7230,-49.5,285,46.8
2026-08-09T22:28:53.722517,A9B971,N7257E,33.025177,-117.300641,,,156,,1200,-49.5,130,5.5
2026-08-09T22:28:53.722517,A437DA,,32.648804,-117.015106,,,70,,,-49.5,13,10.1
2026-08-09T22:28:58.787695,0D0932,VOI7896,33.266464,-117.537067,,,296,,2657,-49.5,3566,54.9
2026-08-09T22:28:58.787695,A1239D,UAL1863,32.804672,-117.178967,,,104,,6320,-49.5,1838,1.6
2026-08-09T22:28:58.787695,AC65BB,SWA3383,32.912432,-117.2957,,,144,,3344,-49.5,1841,0.3
2026-08-09T22:28:58.787695,0C2162,CMP362,32.980087,-117.195831,,,114,,1351,-27.4,1740,0.0
2026-08-09T22:28:58.787695,0C20F3,CMP850,32.652019,-116.543697,,,83,,7230,-35.2,288,2.7
2026-08-09T22:28:58.787695,A9B971,N7257E,33.025177,-117.300641,,,156,,1200,-49.5,130,10.6
2026-08-09T22:28:58.787695,A437DA,,32.648804,-117.015106,,,69,,,-49.5,14,15.2
2026-08-09T22:29:03.863962,0D0932,VOI7896,33.266464,-117.537067,,,296,,2657,-49.5,3566,60.0
2026-08-09T22:29:03.863962,A1239D,UAL1863,32.803436,-117.173419,,,104,,6320,-49.5,1842,2.7
2026-08-09T22:29:03.863962,AC65BB,SWA3383,32.907079,-117.291216,,,145,,3344,-49.5,1881,0.4
2026-08-09T22:29:03.863962,0C2162,CMP362,32.975922,-117.185284,,,114,,1351,-23.8,1775,0.2
2026-08-09T22:29:03.863962,0C20F3,CMP850,32.652019,-116.543697,,,83,,7230,-49.5,289,7.8
2026-08-09T22:29:03.863962,A9B971,N7257E,33.017807,-117.296851,,,156,,1200,-34.4,159,0.4
2026-08-09T22:29:03.863962,A8268D,,32.941295,-117.538296,,,307,,,-37.9,7,1.5
2026-08-09T22:29:03.863962,A437DA,DAL828,32.648804,-117.015106,,,69,,,-35.5,16,20.3
2026-08-09T22:29:08.905629,A1239D,UAL1863,32.803436,-117.173419,,,104,,6320,-49.5,1850,7.7
2026-08-09T22:29:08.905629,AC65BB,SWA3383,32.905014,-117.28949,,,145,,3344,-49.5,1902,3.5
2026-08-09T22:29:08.905629,0C2162,CMP362,32.971786,-117.174739,,,114,,1351,-32.2,1816,0.4
2026-08-09T22:29:08.905629,0C20F3,CMP850,32.652019,-116.543697,,,83,,7230,-49.5,289,12.8
2026-08-09T22:29:08.905629,A9B971,N7257E,33.015381,-117.295697,,,159,,1200,-33.3,195,0.5
2026-08-09T22:29:08.905629,A8268D,,32.946369,-117.546256,,,307,,,-49.5,13,0.6
2026-08-09T22:29:08.905629,A437DA,DAL828,32.648804,-117.015106,,,72,,,-35.8,20,25.3
2026-08-09T22:29:13.984226,A1239D,UAL1863,32.799866,-117.157544,,,104,,6320,-49.5,1862,1.7
2026-08-09T22:29:13.984226,AC65BB,SWA3383,32.896139,-117.282136,,,145,,3344,-33.3,1928,0.1
2026-08-09T22:29:13.984226,0C2162,CMP362,32.967407,-117.163531,,,114,,1351,-27.3,1855,0.3
2026-08-09T22:29:13.984226,0C20F3,CMP850,32.652019,-116.543697,,,83,,7230,-49.5,289,17.9
2026-08-09T22:29:13.984226,A9B971,N7257E,33.012772,-117.294543,,,159,,1200,-32.3,244,0.4
2026-08-09T22:29:13.984226,A8268D,,32.947114,-117.547377,,,307,,,-35.5,16,4.8
2026-08-09T22:29:13.984226,A437DA,DAL828,32.648804,-117.015106,,,72,,,-35.8,20,30.4
2026-08-09T22:29:19.063552,A1239D,UAL1863,32.798053,-117.149459,,,104,,6320,-49.5,1882,1.0
2026-08-09T22:29:19.063552,AC65BB,SWA3383,32.892694,-117.279277,,,145,,3344,-49.5,1966,2.0
2026-08-09T22:29:19.063552,0C2162,CMP362,32.963081,-117.152486,,,114,,1351,-29.8,1887,0.3
2026-08-09T22:29:19.063552,0C20F3,CMP850,32.652019,-116.543697,,,83,,7230,-49.5,289,22.9
2026-08-09T22:29:19.063552,A9B971,N7257E,33.010254,-117.293445,,,159,,1200,-49.5,309,0.4
2026-08-09T22:29:19.063552,A8268D,,32.95134,-117.553986,,,307,,,-49.5,18,4.9
2026-08-09T22:29:19.063552,A437DA,DAL828,32.665705,-116.951817,,,72,,6763,-49.5,30,0.3
2026-08-09T22:29:24.113699,A1239D,UAL1863,32.798053,-117.149459,,,105,,6320,-37.1,1883,6.0
2026-08-09T22:29:24.113699,AC65BB,SWA3383,32.885284,-117.273175,,,144,,3344,-31.5,1980,0.0
2026-08-09T22:29:24.113699,0C2162,CMP362,32.959534,-117.143427,,,114,,1351,-31.3,1915,1.1
2026-08-09T22:29:24.113699,0C20F3,CMP850,32.652019,-116.543697,,,83,,7230,-49.5,289,28.0
2026-08-09T22:29:24.113699,A9B971,N7257E,33.007538,-117.292281,,,160,,1200,-31.8,363,0.0
2026-08-09T22:29:24.113699,A8268D,,32.95134,-117.553986,,,307,,,-49.5,18,9.9
2026-08-09T22:29:24.113699,A437DA,DAL828,32.666336,-116.942157,,,87,,6763,-49.5,62,0.4
2026-08-09T22:29:29.165878,A1239D,UAL1863,32.795493,-117.138136,,,105,,6320,-49.5,1893,3.1
2026-08-09T22:29:29.165878,AC65BB,SWA3383,32.882034,-117.270421,,,144,,3344,-32.4,1992,2.0
2026-08-09T22:29:29.165878,0C2162,CMP362,32.954515,-117.130681,,,114,,1351,-49.5,1961,0.2
2026-08-09T22:29:29.165878,0C20F3,CMP850,32.652019,-116.543697,,,83,,7230,-49.5,289,33.0
2026-08-09T22:29:29.165878,A9B971,N7257E,33.005356,-117.291302,,,160,,1200,-49.5,417,0.5
2026-08-09T22:29:29.165878,A8268D,,32.95134,-117.553986,,,307,,,-49.5,18,15.0
2026-08-09T22:29:29.165878,A437DA,DAL828,32.666497,-116.931806,,,88,,6763,-33.4,103,0.3
2026-08-09T22:29:34.217568,A1239D,UAL1863,32.793352,-117.128832,,,105,,6320,-36.5,1907,1.1
2026-08-09T22:29:34.217568,AC65BB,SWA3383,32.875377,-117.264927,,,144,,3344,-32.6,2011,0.6
2026-08-09T22:29:34.217568,0C2162,CMP362,32.950372,-117.120087,,,114,,1351,-32.7,1995,0.4
2026-08-09T22:29:34.217568,0C20F3,CMP850,32.652019,-116.543697,,,83,,7230,-49.5,289,38.1
2026-08-09T22:29:34.217568,A9B971,N7257E,33.003296,-117.290424,,,159,,1200,-49.5,470,1.0
2026-08-09T22:29:34.217568,A8268D,,32.95134,-117.553986,,,307,,,-49.5,18,20.0
2026-08-09T22:29:34.217568,A437DA,DAL828,32.666729,-116.922053,,,88,,6763,-36.0,131,0.4
2026-08-09T22:29:39.268822,A1239D,UAL1863,32.791672,-117.121674,,,105,,6320,-35.2,1920,1.5
2026-08-09T22:29:39.268822,AC65BB,SWA3383,32.870256,-117.260611,,,145,,3344,-49.5,2054,0.8
2026-08-09T22:29:39.268822,0C2162,CMP362,32.94603,-117.109039,,,115,,1351,-49.5,2029,0.3
2026-08-09T22:29:39.268822,0C20F3,CMP850,32.652019,-116.543697,,,83,,7230,-49.5,289,43.1
2026-08-09T22:29:39.268822,A9B971,N7257E,33.003296,-117.290424,,,159,,1200,-35.6,471,6.0
2026-08-09T22:29:39.268822,A8268D,,32.95134,-117.553986,,,307,,,-49.5,18,25.1
2026-08-09T22:29:39.268822,A437DA,DAL828,32.666729,-116.922053,,,88,,6763,-36.0,131,5.4
2026-08-09T22:29:44.322805,A1239D,UAL1863,32.791672,-117.121674,,,105,,6320,-35.2,1920,6.5
2026-08-09T22:29:44.322805,AC65BB,SWA3383,32.864157,-117.255567,,,144,,3344,-34.0,2095,0.0
2026-08-09T22:29:44.322805,0C2162,CMP362,32.942551,-117.100189,,,115,,1351,-28.7,2067,1.3
2026-08-09T22:29:44.322805,0C20F3,CMP850,32.652019,-116.543697,,,83,,7230,-49.5,289,48.2
2026-08-09T22:29:44.322805,A9B971,N7257E,33.003296,-117.290424,,,159,,1200,-35.6,471,11.1
2026-08-09T22:29:44.322805,A8268D,,32.95134,-117.553986,,,307,,,-49.5,18,30.1
2026-08-09T22:29:44.322805,A437DA,DAL828,32.667102,-116.907648,,,88,,6763,-34.7,132,3.2
2026-08-09T22:29:49.360625,A1239D,UAL1863,32.791672,-117.121674,,,105,,6320,-35.2,1920,11.6
2026-08-09T22:29:49.360625,AC65BB,SWA3383,32.858871,-117.251147,,,144,,3344,-49.5,2129,0.0
2026-08-09T22:29:49.360625,0C2162,CMP362,32.938734,-117.090435,,,115,,1351,-20.3,2112,1.7
2026-08-09T22:29:49.360625,0C20F3,CMP850,32.652019,-116.543697,,,83,,7230,-49.5,289,53.2
2026-08-09T22:29:49.360625,A9B971,N7257E,32.995295,-117.2869,,,160,,1200,-33.4,495,0.2
2026-08-09T22:29:49.360625,A8268D,,32.981236,-117.600515,,,307,,,-37.8,19,1.7
2026-08-09T22:29:49.360625,A437DA,DAL828,32.667102,-116.907648,,,88,,6763,-49.5,134,8.3
2026-08-09T22:29:54.458846,A1239D,UAL1863,32.791672,-117.121674,,,105,,6320,-35.2,1920,16.7
2026-08-09T22:29:54.458846,AC65BB,SWA3383,32.854754,-117.247719,,,144,,3344,-35.7,2151,1.1
2026-08-09T22:29:54.458846,0C2162,CMP362,32.932962,-117.07575,,,115,,1351,-49.5,2153,0.0
2026-08-09T22:29:54.458846,0C20F3,CMP850,32.652019,-116.543697,,,83,,7230,-49.5,289,58.3
2026-08-09T22:29:54.458846,A9B971,N7257E,32.994736,-117.286633,,,161,,1200,-36.0,507,4.2
2026-08-09T22:29:54.458846,A8268D,QXE2285,32.987521,-117.610324,,,307,,,-31.8,40,0.0
2026-08-09T22:29:54.458846,A437DA,DAL828,32.667754,-116.883713,,,88,,6763,-49.5,141,1.5
2026-08-09T22:29:59.513472,A1239D,UAL1863,32.791672,-117.121674,,,105,,6320,-35.2,1920,21.7
2026-08-09T22:29:59.513472,AC65BB,SWA3383,32.850657,-117.2443,,,144,,3344,-49.5,2174,2.2
2026-08-09T22:29:59.513472,0C2162,CMP362,32.929276,-117.066467,,,115,,1351,-49.5,2186,0.8
2026-08-09T22:29:59.513472,0C20F3,CMP850,32.652019,-116.543697,,,83,,7230,-49.5,289,63.4
2026-08-09T22:29:59.513472,A9B971,N7257E,32.990314,-117.284994,,,162,,1200,-29.0,556,0.1
2026-08-09T22:29:59.513472,A8268D,QXE2285,32.992126,-117.617542,,,307,,7315,-49.5,58,0.1
2026-08-09T22:29:59.513472,A437DA,DAL828,32.667754,-116.883713,,,88,,6763,-49.5,141,6.6
2026-08-09T22:30:04.556227,A1239D,UAL1863,32.791672,-117.121674,,,105,,6320,-35.2,1920,26.8
2026-08-09T22:30:04.556227,AC65BB,SWA3383,32.846878,-117.241095,,,144,,3344,-36.1,2191,3.7
2026-08-09T22:30:04.556227,0C2162,CMP362,32.924256,-117.053665,,,115,,1351,-49.5,2222,0.0
2026-08-09T22:30:04.556227,A9B971,N7257E,32.988281,-117.284271,,,164,,1200,-35.0,603,1.0
2026-08-09T22:30:04.556227,A8268D,QXE2285,32.992126,-117.617542,,,307,,7315,-49.5,61,5.2
2026-08-09T22:30:04.556227,A437DA,DAL828,32.667754,-116.883713,,,88,,6763,-49.5,141,11.7
2026-08-09T22:30:09.637824,A1239D,UAL1863,32.791672,-117.121674,,,105,,6320,-35.2,1920,31.9
2026-08-09T22:30:09.637824,AC65BB,SWA3383,32.846878,-117.241095,,,144,,3344,-36.1,2191,8.8
2026-08-09T22:30:09.637824,0C2162,CMP362,32.919983,-117.042847,,,115,,1351,-23.2,2260,0.0
2026-08-09T22:30:09.637824,A9B971,N7257E,32.985489,-117.283392,,,166,,1200,-49.5,638,0.2
2026-08-09T22:30:09.637824,A8268D,QXE2285,33.00032,-117.630341,,,307,,7315,-36.5,67,1.4
2026-08-09T22:30:09.637824,A437DA,DAL828,32.668671,-116.848993,,,88,,6763,-36.3,151,0.0
2026-08-09T22:30:14.715180,A1239D,UAL1863,32.791672,-117.121674,,,105,,6320,-49.5,1921,37.0
2026-08-09T22:30:14.715180,AC65BB,SWA3383,32.837623,-117.233426,,,144,,3344,-36.0,2195,4.9
2026-08-09T22:30:14.715180,0C2162,CMP362,32.91568,-117.03197,,,115,,1351,-49.5,2294,0.1
2026-08-09T22:30:14.715180,A9B971,N7257E,32.983145,-117.282752,,,166,,1200,-36.8,655,0.4
2026-08-09T22:30:14.715180,A8268D,QXE2285,33.00032,-117.630341,,,307,,7315,-35.1,68,6.5
2026-08-09T22:30:14.715180,A437DA,DAL828,32.668671,-116.848993,,,88,,6763,-49.5,154,5.1
2026-08-09T22:30:19.794022,A1239D,UAL1863,32.791672,-117.121674,,,105,,6320,-49.5,1921,42.0
2026-08-09T22:30:19.794022,AC65BB,SWA3383,32.828079,-117.225522,,,144,,3344,-36.4,2199,0.9
2026-08-09T22:30:19.794022,0C2162,CMP362,32.911361,-117.02093,,,115,,1351,-49.5,2333,0.2
2026-08-09T22:30:19.794022,A9B971,N7257E,32.983145,-117.282752,,,166,,1200,-35.5,656,5.5
2026-08-09T22:30:19.794022,A8268D,QXE2285,33.00032,-117.630341,,,307,,7315,-49.5,69,11.5
2026-08-09T22:30:19.794022,A437DA,DAL828,32.668671,-116.848993,,,88,,6763,-49.5,154,10.2
2026-08-09T22:30:24.858423,A1239D,UAL1863,32.791672,-117.121674,,,105,,6320,-49.5,1921,47.1
2026-08-09T22:30:24.858423,AC65BB,SWA3383,32.827011,-117.224615,,,144,,3344,-35.2,2200,4.9
2026-08-09T22:30:24.858423,0C2162,CMP362,32.906986,-117.009832,,,115,,1351,-49.5,2366,0.0
2026-08-09T22:30:24.858423,A9B971,N7257E,32.980042,-117.281964,,,169,,1200,-49.5,666,3.9
2026-08-09T22:30:24.858423,A8268D,QXE2285,33.00032,-117.630341,,,307,,7315,-37.5,71,16.6
2026-08-09T22:30:24.858423,A437DA,DAL828,32.668671,-116.848993,,,88,,6763,-49.5,154,15.3
2026-08-09T22:30:29.926560,A1239D,UAL1863,32.791672,-117.121674,,,105,,6320,-49.5,1921,52.2
2026-08-09T22:30:29.926560,AC65BB,SWA3383,32.818583,-117.216106,,,134,,3344,-34.2,2204,1.2
2026-08-09T22:30:29.926560,0C2162,CMP362,32.902703,-116.998957,,,115,,1351,-49.5,2410,0.2
2026-08-09T22:30:29.926560,A9B971,N7257E,32.980042,-117.281964,,,169,,1200,-49.5,666,9.0
2026-08-09T22:30:29.926560,A8268D,QXE2285,33.020201,-117.661388,,,307,,7315,-49.5,78,0.6
2026-08-09T22:30:29.926560,A437DA,DAL828,32.668671,-116.848993,,,88,,6763,-49.5,154,20.3
2026-08-09T22:30:34.975729,A1239D,UAL1863,32.791672,-117.121674,,,105,,6320,-49.5,1921,57.2
2026-08-09T22:30:34.975729,AC65BB,SWA3383,32.81714,-117.214144,,,134,,3344,-37.7,2207,4.5
2026-08-09T22:30:34.975729,0C2162,CMP362,32.898653,-116.9887,,,114,,1351,-26.0,2451,0.5
2026-08-09T22:30:34.975729,A9B971,N7257E,32.980042,-117.281964,,,169,,1200,-49.5,666,14.1
2026-08-09T22:30:34.975729,A8268D,QXE2285,33.020201,-117.661388,,,307,,7315,-49.5,78,5.6
2026-08-09T22:30:34.975729,A437DA,DAL828,32.668671,-116.848993,,,88,,6763,-49.5,154,25.4
2026-08-09T22:30:40.055158,A1239D,UAL1863,32.791672,-117.121674,,,105,,6320,-49.5,1921,62.3
2026-08-09T22:30:40.055158,AC65BB,SWA3383,32.811996,-117.20528,,,118,,3344,-35.3,2212,2.3
2026-08-09T22:30:40.055158,0C2162,CMP362,32.89423,-116.977377,,,114,,1351,-49.5,2485,0.4
2026-08-09T22:30:40.055158,A9B971,N7257E,32.980042,-117.281964,,,169,,1200,-49.5,666,19.1
2026-08-09T22:30:40.055158,A8268D,QXE2285,33.020201,-117.661388,,,307,,7315,-49.5,78,10.7
2026-08-09T22:30:40.055158,A437DA,DAL828,32.668671,-116.848993,,,88,,6763,-36.2,155,30.5
2026-08-09T22:30:45.106837,A1239D,UAL1863,32.791672,-117.121674,,,105,,6320,-49.5,1921,67.3
2026-08-09T22:30:45.106837,AC65BB,SWA3383,32.811996,-117.20528,,,118,,3344,-35.3,2212,7.4
2026-08-09T22:30:45.106837,0C2162,CMP362,32.889947,-116.966447,,,114,,1351,-49.5,2525,0.5
2026-08-09T22:30:45.106837,A9B971,N7257E,32.970108,-117.280316,,,173,,1200,-37.0,671,3.2
2026-08-09T22:30:45.106837,A8268D,QXE2285,33.020201,-117.661388,,,307,,7315,-49.5,78,15.8
2026-08-09T22:30:45.106837,A437DA,DAL828,32.670454,-116.778446,,,88,,6763,-36.2,163,2.6
2026-08-09T22:30:50.157561,A1239D,UAL1863,32.791672,-117.121674,,,105,,6320,-49.5,1921,72.4
2026-08-09T22:30:50.157561,AC65BB,SWA3383,32.811996,-117.20528,,,118,,3344,-35.3,2212,12.5
2026-08-09T22:30:50.157561,0C2162,CMP362,32.885944,-116.956189,,,114,,1351,-25.7,2559,0.8
2026-08-09T22:30:50.157561,A9B971,N7257E,32.970108,-117.280316,,,173,,1200,-37.0,671,8.2
2026-08-09T22:30:50.157561,A8268D,QXE2285,33.020201,-117.661388,,,307,,7315,-49.5,78,20.8
2026-08-09T22:30:50.157561,A437DA,DAL828,32.670454,-116.778446,,,88,,6763,-49.5,165,7.6
2026-08-09T22:30:50.157561,AC245C,,32.851775,-117.398725,,,,,,-49.5,5,0.6
2026-08-09T22:30:55.205972,A1239D,UAL1863,32.791672,-117.121674,,,105,,6320,-49.5,1921,77.4
2026-08-09T22:30:55.205972,AC65BB,SWA3383,32.805267,-117.182318,,,104,,3344,-35.4,2223,1.1
2026-08-09T22:30:55.205972,0C2162,CMP362,32.881475,-116.944754,,,114,,1351,-25.5,2607,0.7
2026-08-09T22:30:55.205972,A9B971,N7257E,32.964571,-117.279781,,,176,,1200,-37.4,703,1.4
2026-08-09T22:30:55.205972,A8268D,QXE2285,33.020201,-117.661388,,,307,,7315,-49.5,78,25.9
2026-08-09T22:30:55.205972,A437DA,DAL828,32.670454,-116.778446,,,88,,6763,-49.5,165,12.6
2026-08-09T22:30:55.205972,AC245C,,32.851775,-117.398725,,,,,,-49.5,5,5.6
2026-08-09T22:31:00.260504,A1239D,UAL1863,32.791672,-117.121674,,,105,,6320,-49.5,1921,82.5
2026-08-09T22:31:00.260504,AC65BB,SWA3383,32.80394,-117.176385,,,105,,3344,-35.9,2251,2.1
2026-08-09T22:31:00.260504,0C2162,CMP362,32.877146,-116.933824,,,114,,1351,-21.5,2636,0.8
2026-08-09T22:31:00.260504,A9B971,N7257E,32.964571,-117.279781,,,176,,1200,-35.2,708,6.5
2026-08-09T22:31:00.260504,A8268D,QXE2285,33.020201,-117.661388,,,307,,7315,-37.7,79,30.9
2026-08-09T22:31:00.260504,A437DA,DAL828,32.670454,-116.778446,,,88,,6763,-49.5,165,17.7
2026-08-09T22:31:00.260504,AC245C,,32.858478,-117.409263,,,,,,-35.7,8,2.4
2026-08-09T22:31:05.340007,A1239D,UAL1863,32.791672,-117.121674,,,105,,6320,-49.5,1921,87.6
2026-08-09T22:31:05.340007,AC65BB,SWA3383,32.80394,-117.176385,,,105,,3344,-35.9,2251,7.2
2026-08-09T22:31:05.340007,0C2162,CMP362,32.872513,-116.921997,,,114,,1351,-25.9,2683,0.4
2026-08-09T22:31:05.340007,A9B971,N7257E,32.959122,-117.279492,,,178,,1200,-30.7,740,0.1
2026-08-09T22:31:05.340007,A8268D,QXE2285,33.020201,-117.661388,,,307,,7315,-37.7,79,36.1
2026-08-09T22:31:05.340007,A437DA,DAL828,32.670454,-116.778446,,,88,,6763,-49.5,165,22.8
2026-08-09T22:31:05.340007,AC245C,,32.858478,-117.409263,,,306,,,-49.5,14,7.5
2026-08-09T22:31:10.473254,A1239D,UAL1863,32.791672,-117.121674,,,105,,6320,-49.5,1921,92.7
2026-08-09T22:31:10.473254,AC65BB,SWA3383,32.800753,-117.162351,,,104,,3344,-35.8,2260,2.4
2026-08-09T22:31:10.473254,0C2162,CMP362,32.868999,-116.913029,,,114,,1351,-49.5,2717,1.4
2026-08-09T22:31:10.473254,A9B971,N7257E,32.956983,-117.279445,,,179,,1200,-33.4,772,0.7
2026-08-09T22:31:10.473254,A8268D,QXE2285,33.020201,-117.661388,,,307,,7315,-37.7,79,41.1
2026-08-09T22:31:10.473254,A437DA,DAL828,32.670454,-116.778446,,,88,,6763,-49.5,165,27.9
2026-08-09T22:31:10.473254,AC245C,SWA4473,32.866904,-117.422548,,,307,,,-37.6,35,2.1
2026-08-09T22:31:15.523977,AC65BB,SWA3383,32.799077,-117.154952,,,104,,3344,-35.1,2267,2.3
2026-08-09T22:31:15.523977,0C2162,CMP362,32.863998,-116.900244,,,115,,1351,-21.2,2751,0.6
2026-08-09T22:31:15.523977,A9B971,N7257E,32.954422,-117.279501,,,180,,1200,-49.5,782,0.4
2026-08-09T22:31:15.523977,A8268D,QXE2285,33.020201,-117.661388,,,307,,7315,-37.7,79,46.2
2026-08-09T22:31:15.523977,A437DA,DAL828,32.670454,-116.778446,,,88,,6763,-49.5,165,33.0
2026-08-09T22:31:15.523977,AC245C,SWA4473,32.866904,-117.422548,,,307,,,-37.6,35,7.1
2026-08-09T22:31:20.576171,AC65BB,SWA3383,32.798126,-117.150568,,,104,,3344,-36.3,2271,4.4
2026-08-09T22:31:20.576171,0C2162,CMP362,32.85965,-116.889258,,,115,,1351,-17.9,2784,0.6
2026-08-09T22:31:20.576171,A9B971,N7257E,32.953857,-117.279492,,,180,,1200,-49.5,793,4.4
2026-08-09T22:31:20.576171,A8268D,QXE2285,33.020201,-117.661388,,,307,,7315,-37.7,79,51.3
2026-08-09T22:31:20.576171,A437DA,DAL828,32.670454,-116.778446,,,88,,6763,-49.5,165,38.1
2026-08-09T22:31:20.576171,AC245C,SWA4473,32.866904,-117.422548,,,307,,,-49.5,38,12.2
2026-08-09T22:31:25.657073,AC65BB,SWA3383,32.795425,-117.138593,,,104,,3344,-49.5,2274,1.0
2026-08-09T22:31:25.657073,0C2162,CMP362,32.855301,-116.878271,,,115,,1351,-19.3,2819,0.8
2026-08-09T22:31:25.657073,A9B971,N7257E,32.95015,-117.279437,,,180,,1200,-49.5,801,1.7
2026-08-09T22:31:25.657073,A8268D,QXE2285,33.020201,-117.661388,,,307,,7315,-37.7,79,56.3
2026-08-09T22:31:25.657073,A437DA,DAL828,32.670454,-116.778446,,,88,,6763,-49.5,165,43.1
2026-08-09T22:31:25.657073,AC245C,SWA4473,32.866904,-117.422548,,,307,,,-49.5,38,17.3
2026-08-09T22:31:25.657073,A1878A,,32.983704,-117.604303,,,307,,,-34.4,8,0.4
2026-08-09T22:31:30.734738,AC65BB,SWA3383,32.793594,-117.130573,,,105,,3344,-49.5,2297,0.5
2026-08-09T22:31:30.734738,0C2162,CMP362,32.850331,-116.865664,,,115,,1351,-18.2,2856,0.2
2026-08-09T22:31:30.734738,A9B971,N7257E,32.95015,-117.279437,,,180,,1200,-49.5,805,6.7
2026-08-09T22:31:30.734738,A8268D,QXE2285,33.020201,-117.661388,,,307,,7315,-37.7,79,61.4
2026-08-09T22:31:30.734738,A437DA,DAL828,32.670454,-116.778446,,,88,,6763,-49.5,165,48.2
2026-08-09T22:31:30.734738,AC245C,SWA4473,32.866904,-117.422548,,,307,,,-49.5,38,22.4
2026-08-09T22:31:30.734738,A1878A,SKW3319,32.987549,-117.610291,,,307,,1333,-32.8,32,1.6
2026-08-09T22:31:35.814522,AC65BB,SWA3383,32.792653,-117.126477,,,105,,3344,-49.5,2309,2.6
2026-08-09T22:31:35.814522,0C2162,CMP362,32.845917,-116.854596,,,115,,1351,-49.5,2890,0.2
2026-08-09T22:31:35.814522,A9B971,N7257E,32.944739,-117.27866,,,171,,1200,-49.5,821,0.5
2026-08-09T22:31:35.814522,A8268D,QXE2285,33.089191,-117.755389,,,319,,7315,-35.3,87,0.5
2026-08-09T22:31:35.814522,A437DA,DAL828,32.670454,-116.778446,,,88,,6763,-49.5,165,53.3
2026-08-09T22:31:35.814522,AC245C,SWA4473,32.887024,-117.4539,,,307,,,-49.5,42,3.1
2026-08-09T22:31:35.814522,A1878A,SKW3319,32.99231,-117.617706,,,307,,1333,-36.1,47,1.9
2026-08-09T22:31:40.880450,AC65BB,SWA3383,32.791306,-117.120465,,,105,,3344,-49.5,2313,3.5
2026-08-09T22:31:40.880450,0C2162,CMP362,32.842324,-116.845541,,,115,,1351,-49.5,2921,1.3
2026-08-09T22:31:40.880450,A9B971,N7257E,32.943466,-117.278394,,,170,,1200,-49.5,829,2.6
2026-08-09T22:31:40.880450,A8268D,QXE2285,33.091658,-117.757855,,,319,,7315,-49.5,98,3.6
2026-08-09T22:31:40.880450,A437DA,DAL828,32.670454,-116.778446,,,88,,6763,-49.5,165,58.3
2026-08-09T22:31:40.880450,AC245C,SWA4473,32.887024,-117.4539,,,307,,,-49.5,42,8.1
2026-08-09T22:31:40.880450,A1878A,SKW3319,32.99231,-117.617706,,,307,,1333,-49.5,49,6.9
2026-08-09T22:31:45.949572,AC65BB,SWA3383,32.791306,-117.120465,,,105,,3344,-49.5,2313,8.6
2026-08-09T22:31:45.949572,0C2162,CMP362,32.836971,-116.832032,,,115,,1351,-49.5,2957,0.2
2026-08-09T22:31:45.949572,A9B971,N7257E,32.943466,-117.278394,,,170,,1200,-49.5,829,7.7
2026-08-09T22:31:45.949572,A8268D,QXE2285,33.091658,-117.757855,,,319,,7315,-49.5,98,8.7
2026-08-09T22:31:45.949572,A437DA,DAL828,32.670454,-116.778446,,,88,,6763,-49.5,165,63.4
2026-08-09T22:31:45.949572,AC245C,SWA4473,32.89572,-117.467278,,,307,,,-49.5,49,3.0
2026-08-09T22:31:45.949572,A1878A,SKW3319,32.99231,-117.617706,,,307,,1333,-36.6,51,12.0
2026-08-09T22:31:50.996841,AC65BB,SWA3383,32.791306,-117.120465,,,105,,3344,-49.5,2313,13.6
2026-08-09T22:31:50.996841,0C2162,CMP362,32.833293,-116.822728,,,115,,1351,-32.8,2988,1.1
2026-08-09T22:31:50.996841,A9B971,N7257E,32.937943,-117.277203,,,169,,1200,-36.3,867,1.4
2026-08-09T22:31:50.996841,A8268D,QXE2285,33.103995,-117.770411,,,319,,7315,-49.5,102,3.6
2026-08-09T22:31:50.996841,AC245C,SWA4473,32.89572,-117.467278,,,307,,,-37.5,51,8.1
2026-08-09T22:31:50.996841,A1878A,SKW3319,33.005402,-117.638141,,,307,,1333,-49.5,54,3.9
2026-08-09T22:31:56.077934,AC65BB,SWA3383,32.791306,-117.120465,,,105,,3344,-49.5,2313,18.7
2026-08-09T22:31:56.077934,0C2162,CMP362,32.83064,-116.816114,,,115,,1351,-49.5,2993,3.1
2026-08-09T22:31:56.077934,A9B971,N7257E,32.93622,-117.276811,,,169,,1200,-49.5,870,3.0
2026-08-09T22:31:56.077934,A8268D,QXE2285,33.114166,-117.780743,,,319,,7315,-37.1,107,0.5
2026-08-09T22:31:56.077934,AC245C,SWA4473,32.89572,-117.467278,,,307,,,-35.8,52,13.1
2026-08-09T22:31:56.077934,A1878A,SKW3319,33.005402,-117.638141,,,307,,1333,-49.5,54,8.9
2026-08-09T22:32:01.155352,AC65BB,SWA3383,32.783901,-117.087409,,,104,,3344,-33.6,2320,0.1
2026-08-09T22:32:01.155352,0C2162,CMP362,32.82399,-116.799225,,,115,,1351,-49.5,3013,0.6
2026-08-09T22:32:01.155352,A9B971,N7257E,32.93622,-117.276811,,,169,,1200,-49.5,870,8.1
2026-08-09T22:32:01.155352,A8268D,QXE2285,33.116638,-117.78327,,,319,,7315,-35.7,112,3.6
2026-08-09T22:32:01.155352,AC245C,SWA4473,32.91069,-117.490375,,,307,,,-49.5,65,0.8
2026-08-09T22:32:01.155352,A1878A,SKW3319,33.005402,-117.638141,,,307,,1333,-49.5,54,14.0
2026-08-09T22:32:06.234960,AC65BB,SWA3383,32.783901,-117.087409,,,104,,3344,-35.2,2324,5.2
2026-08-09T22:32:06.234960,0C2162,CMP362,32.819747,-116.788536,,,115,,1351,-49.5,3046,0.9
2026-08-09T22:32:06.234960,A9B971,N7257E,32.93622,-117.276811,,,169,,1200,-36.5,872,13.1
2026-08-09T22:32:06.234960,A8268D,QXE2285,33.126386,-117.793168,,,319,,7315,-36.5,119,0.9
2026-08-09T22:32:06.234960,AC245C,SWA4473,32.915039,-117.497241,,,306,,7343,-49.5,82,0.8
2026-08-09T22:32:06.234960,A1878A,SKW3319,33.005402,-117.638141,,,307,,1333,-49.5,54,19.1
2026-08-09T22:32:11.285920,AC65BB,SWA3383,32.783901,-117.087409,,,104,,3344,-35.2,2324,10.2
2026-08-09T22:32:11.285920,0C2162,CMP362,32.814533,-116.775419,,,115,,1351,-49.5,3081,0.0
2026-08-09T22:32:11.285920,A9B971,N7257E,32.93622,-117.276811,,,169,,1200,-36.5,872,18.1
2026-08-09T22:32:11.285920,A8268D,QXE2285,33.130142,-117.797003,,,319,,7315,-37.2,127,3.0
2026-08-09T22:32:11.285920,AC245C,SWA4473,32.917786,-117.501638,,,306,,7343,-49.5,101,2.6
2026-08-09T22:32:11.285920,A1878A,SKW3319,33.005402,-117.638141,,,307,,1333,-49.5,54,24.1
2026-08-09T22:32:16.325517,AC65BB,SWA3383,32.783901,-117.087409,,,104,,3344,-49.5,2325,15.3
2026-08-09T22:32:16.325517,0C2162,CMP362,32.810806,-116.766046,,,115,,1351,-49.5,3113,0.9
2026-08-09T22:32:16.325517,A9B971,N7257E,32.93622,-117.276811,,,169,,1200,-49.5,874,23.2
2026-08-09T22:32:16.325517,A8268D,QXE2285,33.130142,-117.797003,,,319,,7315,-37.2,127,8.0
2026-08-09T22:32:16.325517,AC245C,SWA4473,32.917786,-117.501638,,,306,,7343,-49.5,101,7.7
2026-08-09T22:32:16.325517,A1878A,SKW3319,33.005402,-117.638141,,,307,,1333,-49.5,54,29.2
2026-08-09T22:32:21.389870,AC65BB,SWA3383,32.783901,-117.087409,,,104,,3344,-49.5,2326,20.3
2026-08-09T22:32:21.389870,0C2162,CMP362,32.805595,-116.75283,,,115,,1351,-49.5,3146,0.0
2026-08-09T22:32:21.389870,A9B971,N7257E,32.93622,-117.276811,,,169,,1200,-49.5,874,28.2
2026-08-09T22:32:21.389870,A8268D,QXE2285,33.130142,-117.797003,,,319,,7315,-37.2,127,13.1
2026-08-09T22:32:21.389870,AC245C,SWA4473,32.917786,-117.501638,,,306,,7343,-49.5,101,12.7
2026-08-09T22:32:21.389870,A1878A,SKW3319,33.005402,-117.638141,,,307,,1333,-49.5,54,34.2
2026-08-09T22:32:26.431003,AC65BB,SWA3383,32.783901,-117.087409,,,104,,3344,-49.5,2326,25.4
2026-08-09T22:32:26.431003,0C2162,CMP362,32.801405,-116.742292,,,115,,1351,-26.2,3179,0.3
2026-08-09T22:32:26.431003,A9B971,N7257E,32.93622,-117.276811,,,169,,1200,-49.5,874,33.3
2026-08-09T22:32:26.431003,A8268D,QXE2285,33.130142,-117.797003,,,319,,7315,-37.2,127,18.1
2026-08-09T22:32:26.431003,AC245C,SWA4473,32.917786,-117.501638,,,306,,7343,-49.5,101,17.8
2026-08-09T22:32:26.431003,A1878A,SKW3319,33.005402,-117.638141,,,307,,1333,-49.5,54,39.3
2026-08-09T22:32:31.503934,AC65BB,SWA3383,32.783901,-117.087409,,,104,,3344,-49.5,2326,30.5
2026-08-09T22:32:31.503934,0C2162,CMP362,32.797029,-116.731306,,,115,,1351,-49.5,3209,0.5
2026-08-09T22:32:31.503934,A9B971,N7257E,32.93622,-117.276811,,,169,,1200,-49.5,877,38.4
2026-08-09T22:32:31.503934,A8268D,QXE2285,33.130142,-117.797003,,,319,,7315,-37.2,127,23.2
2026-08-09T22:32:31.503934,AC245C,SWA4473,32.917786,-117.501638,,,306,,7343,-35.6,104,22.9
2026-08-09T22:32:31.503934,A1878A,SKW3319,33.005402,-117.638141,,,307,,1333,-49.5,54,44.3
2026-08-09T22:32:36.580589,AC65BB,SWA3383,32.783901,-117.087409,,,104,,3344,-49.5,2329,35.6
2026-08-09T22:32:36.580589,0C2162,CMP362,32.792313,-116.719519,,,115,,1351,-27.7,3243,0.2
2026-08-09T22:32:36.580589,A9B971,N7257E,32.93622,-117.276811,,,169,,1200,-49.5,877,43.5
2026-08-09T22:32:36.580589,A8268D,QXE2285,33.130142,-117.797003,,,319,,7315,-37.2,127,28.3
2026-08-09T22:32:36.580589,AC245C,SWA4473,32.941527,-117.539193,,,307,,7343,-49.5,125,1.8
2026-08-09T22:32:36.580589,A1878A,SKW3319,33.005402,-117.638141,,,307,,1333,-49.5,54,49.4
2026-08-09T22:32:41.656206,AC65BB,SWA3383,32.783901,-117.087409,,,104,,3344,-49.5,2329,40.6
2026-08-09T22:32:41.656206,0C2162,CMP362,32.788138,-116.708997,,,115,,1351,-30.5,3283,0.7
2026-08-09T22:32:41.656206,A9B971,N7257E,32.93622,-117.276811,,,169,,1200,-49.5,877,48.5
2026-08-09T22:32:41.656206,A8268D,QXE2285,33.130142,-117.797003,,,319,,7315,-37.2,127,33.4
2026-08-09T22:32:41.656206,AC245C,SWA4473,32.946442,-117.546735,,,307,,7343,-34.2,163,1.8
2026-08-09T22:32:41.656206,A1878A,SKW3319,33.005402,-117.638141,,,307,,1333,-49.5,54,54.5
2026-08-09T22:32:46.702782,AC65BB,SWA3383,32.783901,-117.087409,,,104,,3344,-49.5,2329,45.7
2026-08-09T22:32:46.702782,0C2162,CMP362,32.78389,-116.698315,,,115,,1351,-49.5,3325,0.9
2026-08-09T22:32:46.702782,A9B971,N7257E,32.93622,-117.276811,,,169,,1200,-49.5,877,53.6
2026-08-09T22:32:46.702782,A8268D,QXE2285,33.130142,-117.797003,,,319,,7315,-37.2,127,38.4
2026-08-09T22:32:46.702782,AC245C,SWA4473,32.952484,-117.556018,,,307,,7343,-49.5,198,0.8
2026-08-09T22:32:46.702782,A1878A,SKW3319,33.005402,-117.638141,,,307,,1333,-49.5,54,59.5
2026-08-09T22:32:51.769069,AC65BB,SWA3383,32.783901,-117.087409,,,104,,3344,-49.5,2329,50.8
2026-08-09T22:32:51.769069,0C2162,CMP362,32.781248,-116.69162,,,115,,1351,-49.5,3334,3.0
2026-08-09T22:32:51.769069,A9B971,N7257E,32.93622,-117.276811,,,169,,1200,-49.5,877,58.7
2026-08-09T22:32:51.769069,A8268D,QXE2285,33.130142,-117.797003,,,319,,7315,-37.2,127,43.5
2026-08-09T22:32:51.769069,AC245C,SWA4473,32.952484,-117.556018,,,307,,7343,-34.4,208,5.9
2026-08-09T22:32:56.871537,AC65BB,SWA3383,32.783901,-117.087409,,,104,,3344,-49.5,2329,55.8
2026-08-09T22:32:56.871537,0C2162,CMP362,32.781248,-116.69162,,,115,,1351,-49.5,3334,8.0
2026-08-09T22:32:56.871537,A9B971,N7257E,32.93622,-117.276811,,,169,,1200,-49.5,877,63.7
2026-08-09T22:32:56.871537,A8268D,QXE2285,33.130142,-117.797003,,,319,,7315,-37.2,127,48.5
2026-08-09T22:32:56.871537,AC245C,SWA4473,32.952484,-117.556018,,,307,,7343,-34.4,208,10.9
2026-08-09T22:33:01.927336,AC65BB,SWA3383,32.783901,-117.087409,,,104,,3344,-49.5,2329,60.9
2026-08-09T22:33:01.927336,0C2162,CMP362,32.781248,-116.69162,,,115,,1351,-49.5,3337,13.1
2026-08-09T22:33:01.927336,A9B971,N7257E,32.93622,-117.276811,,,169,,1200,-49.5,877,68.8
2026-08-09T22:33:01.927336,A8268D,QXE2285,33.130142,-117.797003,,,319,,7315,-37.2,127,53.6
2026-08-09T22:33:01.927336,AC245C,SWA4473,32.964245,-117.574058,,,307,,7343,-49.5,213,4.3
2026-08-09T22:33:01.927336,AC5E23,,32.836395,-117.375458,,,,,7610,-37.1,3,2.5
2026-08-09T22:33:06.988269,AC65BB,SWA3383,32.783901,-117.087409,,,104,,3344,-49.5,2329,66.0
2026-08-09T22:33:06.988269,0C2162,CMP362,32.765746,-116.652832,,,115,,1351,-31.4,3364,0.9
2026-08-09T22:33:06.988269,A9B971,N7257E,32.93622,-117.276811,,,169,,1200,-49.5,877,73.9
2026-08-09T22:33:06.988269,A8268D,QXE2285,33.130142,-117.797003,,,319,,7315,-37.2,127,58.7
2026-08-09T22:33:06.988269,AC245C,SWA4473,32.964245,-117.574058,,,307,,7343,-49.5,213,9.4
2026-08-09T22:33:06.988269,AC5E23,,32.836395,-117.375458,,,,,7610,-37.1,3,7.6
2026-08-09T22:33:06.988269,A1878A,SKW3319,33.092606,-117.758771,,,319,,,-49.5,9,0.2
2026-08-09T22:33:12.055960,AC65BB,SWA3383,32.783901,-117.087409,,,104,,3344,-49.5,2329,71.0
2026-08-09T22:33:12.055960,0C2162,CMP362,32.761139,-116.641187,,,115,,1351,-31.9,3396,0.7
2026-08-09T22:33:12.055960,A9B971,N7257E,32.93622,-117.276811,,,169,,1200,-49.5,877,79.0
2026-08-09T22:33:12.055960,AC245C,SWA4473,32.964245,-117.574058,,,307,,7343,-49.5,213,14.5
2026-08-09T22:33:12.055960,AC5E23,,32.843307,-117.386115,,,,,7610,-35.3,4,4.0
2026-08-09T22:33:12.055960,A1878A,SKW3319,33.093986,-117.760153,,,319,,,-36.8,11,4.1
2026-08-09T22:33:17.121472,AC65BB,SWA3383,32.783901,-117.087409,,,104,,3344,-49.5,2329,76.1
2026-08-09T22:33:17.121472,0C2162,CMP362,32.756516,-116.629596,,,115,,1351,-49.5,3417,0.3
2026-08-09T22:33:17.121472,A9B971,N7257E,32.93622,-117.276811,,,169,,1200,-49.5,877,84.0
2026-08-09T22:33:17.121472,AC245C,SWA4473,32.964245,-117.574058,,,307,,7343,-49.5,213,19.6
2026-08-09T22:33:17.121472,AC5E23,,32.843307,-117.386115,,,,,7610,-35.3,4,9.0
2026-08-09T22:33:17.121472,A1878A,SKW3319,33.093986,-117.760153,,,319,,,-35.4,12,9.2
2026-08-09T22:33:22.200291,AC65BB,SWA3383,32.783901,-117.087409,,,104,,3344,-49.5,2329,81.2
2026-08-09T22:33:22.200291,0C2162,CMP362,32.75235,-116.619159,,,115,,1351,-49.5,3433,0.9
2026-08-09T22:33:22.200291,A9B971,N7257E,32.93622,-117.276811,,,169,,1200,-49.5,877,89.1
2026-08-09T22:33:22.200291,AC245C,SWA4473,32.989563,-117.613257,,,307,,7343,-49.5,221,0.3
2026-08-09T22:33:22.200291,AC5E23,,32.843307,-117.386115,,,,,7610,-49.5,6,14.1
2026-08-09T22:33:22.200291,A1878A,SKW3319,33.093986,-117.760153,,,319,,,-35.4,12,14.2
2026-08-09T22:33:27.255547,AC65BB,SWA3383,32.783901,-117.087409,,,104,,3344,-49.5,2329,86.2
2026-08-09T22:33:27.255547,0C2162,CMP362,32.75235,-116.619159,,,115,,1351,-49.5,3433,5.9
2026-08-09T22:33:27.255547,A9B971,N7257E,32.93622,-117.276811,,,169,,1200,-49.5,877,94.1
2026-08-09T22:33:27.255547,AC245C,SWA4473,32.990662,-117.614905,,,307,,7343,-49.5,229,4.3
2026-08-09T22:33:27.255547,AC5E23,,32.843307,-117.386115,,,,,7610,-49.5,6,19.2
2026-08-09T22:33:27.255547,A1878A,SKW3319,33.093986,-117.760153,,,319,,,-35.4,12,19.3
2026-08-09T22:33:32.304694,AC65BB,SWA3383,32.783901,-117.087409,,,104,,3344,-49.5,2329,91.3
2026-08-09T22:33:32.304694,0C2162,CMP362,32.75235,-116.619159,,,115,,1351,-49.5,3433,11.0
2026-08-09T22:33:32.304694,AC245C,SWA4473,32.990662,-117.614905,,,307,,7343,-49.5,230,9.4
2026-08-09T22:33:32.304694,AC5E23,,32.843307,-117.386115,,,,,7610,-37.1,7,24.2
2026-08-09T22:33:32.304694,A1878A,SKW3319,33.125793,-117.792389,,,319,,,-35.4,16,0.2
2026-08-09T22:33:37.384447,0C2162,CMP362,32.75235,-116.619159,,,115,,1351,-49.5,3433,16.0
2026-08-09T22:33:37.384447,AC245C,SWA4473,33.001021,-117.631008,,,307,,7343,-37.4,235,4.7
2026-08-09T22:33:37.384447,AC5E23,,32.843307,-117.386115,,,,,7610,-36.4,11,29.3
2026-08-09T22:33:37.384447,A1878A,SKW3319,33.127085,-117.793729,,,319,,,-37.3,19,4.3
2026-08-09T22:33:42.436540,0C2162,CMP362,32.75235,-116.619159,,,115,,1351,-49.5,3433,21.1
2026-08-09T22:33:42.436540,AC245C,SWA4473,33.001021,-117.631008,,,307,,7343,-37.4,235,9.8
2026-08-09T22:33:42.436540,AC5E23,,32.843307,-117.386115,,,,,7610,-36.6,15,34.3
2026-08-09T22:33:42.436540,A1878A,SKW3319,33.127085,-117.793729,,,319,,,-37.3,19,9.4
2026-08-09T22:33:47.487367,0C2162,CMP362,32.75235,-116.619159,,,115,,1351,-49.5,3433,26.2
2026-08-09T22:33:47.487367,AC245C,SWA4473,33.001021,-117.631008,,,307,,7343,-37.4,235,14.8
2026-08-09T22:33:47.487367,AC5E23,,32.843307,-117.386115,,,,,7610,-36.6,15,39.4
2026-08-09T22:33:47.487367,A1878A,SKW3319,33.127085,-117.793729,,,319,,,-37.3,19,14.5
2026-08-09T22:33:52.566631,0C2162,CMP362,32.75235,-116.619159,,,115,,1351,-49.5,3433,31.2
2026-08-09T22:33:52.566631,AC245C,SWA4473,33.001021,-117.631008,,,307,,7343,-37.4,235,19.9
2026-08-09T22:33:52.566631,AC5E23,,32.843307,-117.386115,,,,,7610,-36.6,15,44.5
2026-08-09T22:33:52.566631,A1878A,SKW3319,33.127085,-117.793729,,,319,,,-37.3,19,19.5
2026-08-09T22:33:57.632688,0C2162,CMP362,32.75235,-116.619159,,,115,,1351,-49.5,3433,36.3
2026-08-09T22:33:57.632688,AC245C,SWA4473,33.001021,-117.631008,,,307,,7343,-37.4,235,24.9
2026-08-09T22:33:57.632688,AC5E23,,32.843307,-117.386115,,,,,7610,-35.5,16,49.5
2026-08-09T22:33:57.632688,A1878A,SKW3319,33.127085,-117.793729,,,319,,,-37.3,19,24.6
2026-08-09T22:34:02.706570,0C2162,CMP362,32.75235,-116.619159,,,115,,1351,-49.5,3433,41.4
2026-08-09T22:34:02.706570,AC245C,SWA4473,33.001021,-117.631008,,,307,,7343,-37.4,235,30.1
2026-08-09T22:34:02.706570,AC5E23,,32.843307,-117.386115,,,307,,7610,-49.5,17,54.7
2026-08-09T22:34:02.706570,A1878A,SKW3319,33.127085,-117.793729,,,319,,,-37.3,19,29.7
2026-08-09T22:34:07.803659,0C2162,CMP362,32.75235,-116.619159,,,115,,1351,-49.5,3438,46.5
2026-08-09T22:34:07.803659,AC245C,SWA4473,33.001021,-117.631008,,,307,,7343,-37.4,235,35.1
2026-08-09T22:34:07.803659,AC5E23,,32.887207,-117.45412,,,307,,7610,-49.5,21,5.0
2026-08-09T22:34:07.803659,A1878A,SKW3319,33.127085,-117.793729,,,319,,,-37.3,19,34.7
2026-08-09T22:34:12.854481,0C2162,CMP362,32.70845,-116.509021,,,115,,1351,-49.5,3450,1.9
2026-08-09T22:34:12.854481,AC245C,SWA4473,33.001021,-117.631008,,,307,,7343,-37.4,235,40.2
2026-08-09T22:34:12.854481,AC5E23,,32.893672,-117.464251,,,307,,7610,-49.5,25,2.1
2026-08-09T22:34:12.854481,A1878A,SKW3319,33.127085,-117.793729,,,319,,,-37.3,19,39.8
2026-08-09T22:34:17.906298,0C2162,CMP362,32.704147,-116.498199,,,115,,1351,-49.5,3466,2.0
2026-08-09T22:34:17.906298,AC245C,SWA4473,33.001021,-117.631008,,,307,,7343,-37.4,235,45.2
2026-08-09T22:34:17.906298,AC5E23,,32.893672,-117.464251,,,307,,7610,-49.5,25,7.2
2026-08-09T22:34:17.906298,A1878A,SKW3319,33.127085,-117.793729,,,319,,,-37.3,19,44.9
2026-08-09T22:34:17.906298,A14AD1,,32.85141,-117.398474,,,,,,-49.5,2,1.9
2026-08-09T22:34:22.985536,0C2162,CMP362,32.700387,-116.488766,,,115,,1351,-37.3,3475,2.8
2026-08-09T22:34:22.985536,AC245C,SWA4473,33.001021,-117.631008,,,307,,7343,-37.4,235,50.3
2026-08-09T22:34:22.985536,AC5E23,,32.893672,-117.464251,,,307,,7610,-49.5,26,12.2
2026-08-09T22:34:22.985536,A1878A,SKW3319,33.127085,-117.793729,,,319,,,-37.3,19,49.9
2026-08-09T22:34:22.985536,A14AD1,,32.85141,-117.398474,,,,,,-49.5,2,7.0
2026-08-09T22:34:28.038316,0C2162,CMP362,32.700387,-116.488766,,,115,,1351,-37.3,3475,7.9
2026-08-09T22:34:28.038316,AC245C,SWA4473,33.001021,-117.631008,,,307,,7343,-37.4,235,55.4
2026-08-09T22:34:28.038316,AC5E23,,32.893672,-117.464251,,,307,,7610,-49.5,26,17.3
2026-08-09T22:34:28.038316,A1878A,SKW3319,33.127085,-117.793729,,,319,,,-37.3,19,55.0
2026-08-09T22:34:28.038316,A14AD1,,32.85141,-117.398474,,,,,,-49.5,2,12.0
2026-08-09T22:34:33.089059,0C2162,CMP362,32.700387,-116.488766,,,115,,1351,-35.9,3476,13.0
2026-08-09T22:34:33.089059,AC245C,SWA4473,33.001021,-117.631008,,,307,,7343,-37.4,235,60.4
2026-08-09T22:34:33.089059,AC5E23,,32.910337,-117.490259,,,307,,7610,-49.5,30,2.2
2026-08-09T22:34:33.089059,A1878A,SKW3319,33.127085,-117.793729,,,319,,,-37.3,19,60.0
2026-08-09T22:34:33.089059,A14AD1,,32.85141,-117.398474,,,,,,-49.5,2,17.1
2026-08-09T22:34:38.168633,0C2162,CMP362,32.700387,-116.488766,,,115,,1351,-35.9,3476,18.0
2026-08-09T22:34:38.168633,AC5E23,,32.910337,-117.490259,,,307,,7610,-49.5,30,7.2
2026-08-09T22:34:38.168633,A14AD1,,32.85141,-117.398474,,,,,,-49.5,5,22.2
2026-08-09T22:34:43.220770,0C2162,CMP362,32.700387,-116.488766,,,115,,1351,-38.2,3479,23.1
2026-08-09T22:34:43.220770,AC5E23,,32.910337,-117.490259,,,307,,7610,-49.5,30,12.3
2026-08-09T22:34:43.220770,A14AD1,,32.85141,-117.398474,,,,,,-49.5,5,27.2
2026-08-09T22:34:48.273374,0C2162,CMP362,32.676407,-116.428821,,,115,,1351,-49.5,3482,0.9
2026-08-09T22:34:48.273374,AC5E23,,32.910337,-117.490259,,,307,,7610,-49.5,30,17.4
2026-08-09T22:34:48.273374,A14AD1,,32.85141,-117.398474,,,,,,-49.5,5,32.3
2026-08-09T22:34:53.350738,0C2162,CMP362,32.676407,-116.428821,,,115,,1351,-37.5,3487,6.0
2026-08-09T22:34:53.350738,AC5E23,,32.910337,-117.490259,,,307,,7610,-49.5,30,22.4
2026-08-09T22:34:53.350738,A14AD1,,32.85141,-117.398474,,,,,,-49.5,5,37.3
2026-08-09T22:34:58.415208,0C2162,CMP362,32.676407,-116.428821,,,115,,1351,-49.5,3490,11.0
2026-08-09T22:34:58.415208,AC5E23,,32.910337,-117.490259,,,307,,7610,-49.5,30,27.5
2026-08-09T22:34:58.415208,A14AD1,,32.88627,-117.452816,,,,,,-36.2,8,0.7
2026-08-09T22:35:03.482269,0C2162,CMP362,32.676407,-116.428821,,,115,,1351,-49.5,3490,16.1
2026-08-09T22:35:03.482269,AC5E23,,32.910337,-117.490259,,,307,,7610,-49.5,30,32.5
2026-08-09T22:35:03.482269,A14AD1,,32.88627,-117.452816,,,,,,-49.5,9,5.8
2026-08-09T22:35:08.532853,0C2162,CMP362,32.676407,-116.428821,,,115,,1351,-49.5,3490,21.2
2026-08-09T22:35:08.532853,AC5E23,,32.941062,-117.538072,,,307,,7610,-37.2,51,1.2
2026-08-09T22:35:08.532853,A14AD1,,32.88627,-117.452816,,,,,,-49.5,9,10.9
2026-08-09T22:35:13.610640,0C2162,CMP362,32.676407,-116.428821,,,115,,1351,-49.5,3490,26.2
2026-08-09T22:35:13.610640,AC5E23,,32.946089,-117.54592,,,307,,7610,-33.4,64,0.5
2026-08-09T22:35:13.610640,A14AD1,,32.88627,-117.452816,,,,,,-49.5,10,15.9
2026-08-09T22:35:18.673559,0C2162,CMP362,32.676407,-116.428821,,,115,,1351,-49.5,3490,31.3
2026-08-09T22:35:18.673559,AC5E23,SWA3419,32.950698,-117.553038,,,307,,7610,-49.5,90,0.4
2026-08-09T22:35:18.673559,A14AD1,,32.88627,-117.452816,,,308,,,-38.5,11,21.0
2026-08-09T22:35:23.715102,0C2162,CMP362,32.676407,-116.428821,,,115,,1351,-49.5,3490,36.3
2026-08-09T22:35:23.715102,AC5E23,SWA3419,32.953125,-117.556842,,,307,,7610,-49.5,109,2.4
2026-08-09T22:35:23.715102,A14AD1,,32.88627,-117.452816,,,308,,,-38.5,11,26.0
2026-08-09T22:35:28.767533,0C2162,CMP362,32.676407,-116.428821,,,115,,1351,-49.5,3490,41.4
2026-08-09T22:35:28.767533,AC5E23,SWA3419,32.953125,-117.556842,,,307,,7610,-38.0,111,7.5
2026-08-09T22:35:28.767533,A14AD1,,32.88627,-117.452816,,,308,,,-49.5,13,31.1
2026-08-09T22:35:33.820326,0C2162,CMP362,32.676407,-116.428821,,,115,,1351,-49.5,3490,46.5
2026-08-09T22:35:33.820326,AC5E23,SWA3419,32.953125,-117.556842,,,307,,7610,-49.5,113,12.6
2026-08-09T22:35:33.820326,A14AD1,,32.88627,-117.452816,,,308,,,-49.5,14,36.1
2026-08-09T22:35:38.897831,0C2162,CMP362,32.676407,-116.428821,,,115,,1351,-49.5,3490,51.5
2026-08-09T22:35:38.897831,AC5E23,SWA3419,32.953125,-117.556842,,,307,,7610,-49.5,113,17.6
2026-08-09T22:35:38.897831,A14AD1,,32.88627,-117.452816,,,308,,,-49.5,14,41.2
2026-08-09T22:35:43.977813,0C2162,CMP362,32.676407,-116.428821,,,115,,1351,-49.5,3490,56.6
2026-08-09T22:35:43.977813,AC5E23,SWA3419,32.953125,-117.556842,,,307,,7610,-49.5,113,22.7
2026-08-09T22:35:43.977813,A14AD1,,32.88627,-117.452816,,,308,,,-49.5,14,46.3
2026-08-09T22:35:49.056854,0C2162,CMP362,32.676407,-116.428821,,,115,,1351,-49.5,3490,61.7
2026-08-09T22:35:49.056854,AC5E23,SWA3419,32.953125,-117.556842,,,307,,7610,-49.5,113,27.8
2026-08-09T22:35:49.056854,A14AD1,,32.88627,-117.452816,,,308,,,-49.5,14,51.3
2026-08-09T22:35:54.116855,0C2162,CMP362,32.676407,-116.428821,,,115,,1351,-49.5,3490,66.7
2026-08-09T22:35:54.116855,AC5E23,SWA3419,32.953125,-117.556842,,,307,,7610,-49.5,113,32.8
2026-08-09T22:35:54.116855,A14AD1,,32.88627,-117.452816,,,308,,,-37.9,15,56.4
2026-08-09T22:35:59.194245,AC5E23,SWA3419,32.953125,-117.556842,,,307,,7610,-49.5,114,37.9
2026-08-09T22:35:59.194245,A14AD1,,32.88627,-117.452816,,,307,,,-49.5,17,61.5
2026-08-09T22:36:04.272655,AC5E23,SWA3419,32.953125,-117.556842,,,307,,7610,-49.5,114,43.0
2026-08-09T22:36:04.272655,A14AD1,,32.88627,-117.452816,,,307,,,-49.5,18,66.6
2026-08-09T22:36:09.318214,AC5E23,SWA3419,32.953125,-117.556842,,,307,,7610,-49.5,114,48.0
2026-08-09T22:36:09.318214,A14AD1,,32.947439,-117.547545,,,307,,6765,-33.8,44,2.4
2026-08-09T22:36:14.370443,AC5E23,SWA3419,32.953125,-117.556842,,,307,,7610,-36.4,116,53.1
2026-08-09T22:36:14.370443,A14AD1,,32.947439,-117.547545,,,307,,6765,-49.5,54,7.5
2026-08-09T22:36:19.460479,AC5E23,SWA3419,32.953125,-117.556842,,,307,,7610,-36.4,116,58.2
2026-08-09T22:36:19.460479,A14AD1,UAL2278,32.95752,-117.563269,,,307,,6765,-34.4,60,1.7
2026-08-09T22:36:24.527954,AC5E23,SWA3419,32.953125,-117.556842,,,307,,7610,-36.4,116,63.2
2026-08-09T22:36:24.527954,A14AD1,UAL2278,32.95752,-117.563269,,,307,,6765,-49.5,65,6.7
2026-08-09T22:36:29.579678,AC5E23,SWA3419,32.953125,-117.556842,,,307,,7610,-36.4,116,68.3
2026-08-09T22:36:29.579678,A14AD1,UAL2278,32.95752,-117.563269,,,307,,6765,-49.5,65,11.8
2026-08-09T22:36:34.649372,AC5E23,SWA3419,32.953125,-117.556842,,,307,,7610,-36.4,116,73.4
2026-08-09T22:36:34.649372,A14AD1,UAL2278,32.95752,-117.563269,,,307,,6765,-49.5,65,16.9
2026-08-09T22:36:39.737656,AC5E23,SWA3419,32.953125,-117.556842,,,307,,7610,-36.4,116,78.5
2026-08-09T22:36:39.737656,A14AD1,UAL2278,32.95752,-117.563269,,,307,,6765,-49.5,65,22.0
2026-08-09T22:36:44.817471,AC5E23,SWA3419,32.953125,-117.556842,,,307,,7610,-36.4,116,83.5
2026-08-09T22:36:44.817471,A14AD1,UAL2278,32.95752,-117.563269,,,307,,6765,-49.5,66,27.1
2026-08-09T22:36:49.896601,AC5E23,SWA3419,32.953125,-117.556842,,,307,,7610,-36.4,116,88.6
2026-08-09T22:36:49.896601,A14AD1,UAL2278,32.95752,-117.563269,,,307,,6765,-49.5,74,32.1
2026-08-09T22:36:54.946195,AC5E23,SWA3419,32.953125,-117.556842,,,307,,7610,-36.4,116,93.7
2026-08-09T22:36:54.946195,A14AD1,UAL2278,32.991119,-117.616058,,,307,,6765,-32.7,100,0.9
2026-08-09T22:36:59.998517,AC5E23,SWA3419,32.953125,-117.556842,,,307,,7610,-36.4,116,98.7
2026-08-09T22:36:59.998517,A14AD1,UAL2278,32.992905,-117.61886,,,307,,6765,-49.5,109,4.1
2026-08-09T22:37:05.077902,AC5E23,SWA3419,32.953125,-117.556842,,,307,,7610,-36.4,116,103.8
2026-08-09T22:37:05.077902,A14AD1,UAL2278,32.992905,-117.61886,,,307,,6765,-49.5,109,9.2
2026-08-09T22:37:10.156932,AC5E23,SWA3419,32.953125,-117.556842,,,307,,7610,-36.4,116,108.9
2026-08-09T22:37:10.156932,A14AD1,UAL2278,32.992905,-117.61886,,,307,,6765,-49.5,109,14.3
2026-08-09T22:37:15.221591,A14AD1,UAL2278,32.992905,-117.61886,,,307,,6765,-37.7,111,19.3
2026-08-09T22:37:20.295819,A14AD1,UAL2278,32.992905,-117.61886,,,307,,6765,-37.7,111,24.4
2026-08-09T22:37:25.376528,A14AD1,UAL2278,33.019409,-117.660603,,,307,,6765,-36.2,112,1.6
2026-08-09T22:37:30.449738,A14AD1,UAL2278,33.019409,-117.660603,,,307,,6765,-36.2,112,6.7
2026-08-09T22:37:35.497452,A14AD1,UAL2278,33.019409,-117.660603,,,307,,6765,-36.2,112,11.7
2026-08-09T22:37:40.577175,A14AD1,UAL2278,33.019409,-117.660603,,,307,,6765,-36.2,112,16.8
2026-08-09T22:37:40.577175,ACB824,ASA617,32.896408,-116.124774,,,300,,,-49.5,13,1.0
2026-08-09T22:37:45.638617,A14AD1,UAL2278,33.019409,-117.660603,,,307,,6765,-36.2,112,21.8
2026-08-09T22:37:45.638617,ACB824,ASA617,32.898466,-116.12902,,,300,,,-49.5,26,4.3
2026-08-09T22:37:50.679693,A14AD1,UAL2278,33.019409,-117.660603,,,307,,6765,-36.2,112,26.9
2026-08-09T22:37:50.679693,ACB824,ASA617,32.898466,-116.12902,,,300,,,-49.5,30,9.3
2026-08-09T22:37:55.746771,A14AD1,UAL2278,33.019409,-117.660603,,,307,,6765,-36.2,112,32.0
2026-08-09T22:37:55.746771,ACB824,ASA617,32.898466,-116.12902,,,300,,,-36.0,32,14.4
2026-08-09T22:38:00.837934,A14AD1,UAL2278,33.019409,-117.660603,,,307,,6765,-36.2,112,37.0
2026-08-09T22:38:00.837934,ACB824,ASA617,32.898466,-116.12902,,,300,,,-49.5,37,19.4
2026-08-09T22:38:05.890384,A14AD1,UAL2278,33.019409,-117.660603,,,307,,6765,-36.2,112,42.1
2026-08-09T22:38:05.890384,ACB824,ASA617,32.923645,-116.179486,,,300,,,-49.5,49,2.3
2026-08-09T22:38:10.941862,A14AD1,UAL2278,33.019409,-117.660603,,,307,,6765,-36.2,112,47.2
2026-08-09T22:38:10.941862,ACB824,ASA617,32.927096,-116.186362,,,300,,,-49.5,61,4.3
2026-08-09T22:38:16.019161,A14AD1,UAL2278,33.019409,-117.660603,,,307,,6765,-36.2,112,52.2
2026-08-09T22:38:16.019161,ACB824,ASA617,32.927096,-116.186362,,,300,,,-35.9,64,9.4
2026-08-09T22:38:21.083856,A14AD1,UAL2278,33.019409,-117.660603,,,307,,6765,-36.2,112,57.3
2026-08-09T22:38:21.083856,ACB824,ASA617,32.942691,-116.217639,,,300,,,-49.5,82,0.6
2026-08-09T22:38:26.123004,ACB824,ASA617,32.945065,-116.222347,,,300,,4620,-35.2,108,3.5
2026-08-09T22:38:31.211323,ACB824,ASA617,32.945065,-116.222347,,,300,,4620,-49.5,109,8.6
2026-08-09T22:38:36.266513,ACB824,ASA617,32.945065,-116.222347,,,300,,4620,-49.5,109,13.6
2026-08-09T22:38:41.306681,ACB824,ASA617,32.962555,-116.257489,,,300,,4620,-36.1,123,3.0
2026-08-09T22:38:46.385575,ACB824,ASA617,32.970428,-116.273254,,,300,,4620,-36.3,151,1.0
2026-08-09T22:38:51.466100,ACB824,ASA617,32.975601,-116.283636,,,300,,4620,-36.5,175,1.3
2026-08-09T22:38:56.542519,ACB824,ASA617,32.979996,-116.29248,,,300,,4620,-36.4,191,2.4
2026-08-09T22:39:01.622855,ACB824,ASA617,32.987614,-116.307828,,,300,,4620,-32.7,220,0.5
2026-08-09T22:39:06.677273,ACB824,ASA617,32.993179,-116.318903,,,300,,4620,-30.6,260,0.5
2026-08-09T22:39:11.761883,ACB824,ASA617,32.997528,-116.327692,,,300,,4620,-34.6,292,1.6
2026-08-09T22:39:11.761883,AA7B78,,33.383743,-117.744763,,,138,,,-35.1,12,2.9
2026-08-09T22:39:16.838385,ACB824,ASA617,32.997528,-116.327692,,,300,,4620,-49.5,297,6.7
2026-08-09T22:39:16.838385,AA7B78,,33.383743,-117.744763,,,138,,,-35.2,16,8.0
2026-08-09T22:39:21.883328,ACB824,ASA617,33.00954,-116.351885,,,300,,4620,-49.5,326,0.7
2026-08-09T22:39:21.883328,AA7B78,,33.367853,-117.727923,,,138,,,-49.5,18,0.9
2026-08-09T22:39:26.939777,ACB824,ASA617,33.015106,-116.363123,,,300,,4620,-35.7,355,0.5
2026-08-09T22:39:26.939777,AA7B78,,33.367853,-117.727923,,,138,,,-49.5,18,5.9
2026-08-09T22:39:31.987744,ACB824,ASA617,33.020433,-116.373858,,,300,,4620,-49.5,377,0.7
2026-08-09T22:39:31.987744,AA7B78,,33.367853,-117.727923,,,138,,,-49.5,18,11.0
2026-08-09T22:39:37.046349,ACB824,ASA617,33.026321,-116.385645,,,300,,4620,-49.5,410,0.3
2026-08-09T22:39:37.046349,AA7B78,,33.367853,-117.727923,,,138,,,-49.5,18,16.0
2026-08-09T22:39:42.090083,ACB824,ASA617,33.03128,-116.395438,,,300,,4620,-49.5,454,0.8
2026-08-09T22:39:42.090083,AA7B78,,33.367853,-117.727923,,,138,,,-49.5,18,21.1
2026-08-09T22:39:47.154297,ACB824,ASA617,33.037425,-116.407714,,,300,,4620,-49.5,510,0.1
2026-08-09T22:39:47.154297,AA7B78,,33.367853,-117.727923,,,138,,,-49.5,18,26.1
2026-08-09T22:39:52.223770,ACB824,ASA617,33.042526,-116.418219,,,299,,4620,-30.4,563,0.4
2026-08-09T22:39:52.223770,AA7B78,,33.367853,-117.727923,,,138,,,-49.5,18,31.2
2026-08-09T22:39:57.274310,ACB824,ASA617,33.047607,-116.429645,,,296,,4620,-32.4,619,0.2
2026-08-09T22:39:57.274310,AA7B78,,33.367853,-117.727923,,,138,,,-49.5,18,36.3
2026-08-09T22:40:02.337617,ACB824,ASA617,33.052182,-116.440673,,,295,,4620,-49.5,670,0.3
2026-08-09T22:40:02.337617,AA7B78,,33.367853,-117.727923,,,138,,,-49.5,18,41.3
2026-08-09T22:40:07.375748,ACB824,ASA617,33.056808,-116.452716,,,293,,4620,-49.5,721,0.0
2026-08-09T22:40:07.375748,AA7B78,,33.367853,-117.727923,,,138,,,-38.4,19,46.4
2026-08-09T22:40:12.425460,ACB824,ASA617,33.060608,-116.462982,,,293,,4620,-30.9,772,0.5
2026-08-09T22:40:12.425460,AA7B78,,33.367853,-117.727923,,,138,,,-49.5,25,51.4
2026-08-09T22:40:17.479511,ACB824,ASA617,33.065277,-116.475513,,,294,,4620,-28.9,828,0.0
2026-08-09T22:40:17.479511,AA7B78,,33.298965,-117.65462,,,138,,,-36.9,39,2.6
2026-08-09T22:40:22.550411,ACB824,ASA617,33.069546,-116.486804,,,294,,4620,-31.6,883,0.0
2026-08-09T22:40:22.550411,AA7B78,,33.298965,-117.65462,,,138,,,-49.5,41,7.7
2026-08-09T22:40:27.640373,ACB824,ASA617,33.073596,-116.49751,,,294,,4620,-30.0,944,0.3
2026-08-09T22:40:27.640373,AA7B78,,33.298965,-117.65462,,,138,,,-49.5,42,12.7
2026-08-09T22:40:32.716753,ACB824,ASA617,33.078018,-116.509281,,,294,,4620,-31.6,1003,0.0
2026-08-09T22:40:32.716753,AA7B78,,33.298965,-117.65462,,,138,,,-36.1,44,17.8
2026-08-09T22:40:37.770146,ACB824,ASA617,33.082301,-116.520604,,,294,,4620,-31.6,1059,0.0
2026-08-09T22:40:37.770146,AA7B78,,33.298965,-117.65462,,,138,,,-36.1,44,22.9
2026-08-09T22:40:42.855353,ACB824,ASA617,33.086334,-116.531323,,,294,,4620,-49.5,1114,0.3
2026-08-09T22:40:42.855353,AA7B78,,33.298965,-117.65462,,,138,,,-36.1,44,28.0
2026-08-09T22:40:47.899551,ACB824,ASA617,33.090637,-116.542749,,,293,,4620,-49.5,1165,0.1
2026-08-09T22:40:47.899551,AA7B78,,33.298965,-117.65462,,,138,,,-36.1,44,33.0
2026-08-09T22:40:52.977621,ACB824,ASA617,33.094849,-116.55401,,,293,,4620,-49.5,1221,0.1
2026-08-09T22:40:52.977621,AA7B78,,33.298965,-117.65462,,,138,,,-36.1,44,38.1
2026-08-09T22:40:58.057433,ACB824,ASA617,33.099106,-116.565381,,,293,,4620,-49.5,1246,0.0
2026-08-09T22:40:58.057433,AA7B78,,33.298965,-117.65462,,,138,,,-36.1,44,43.2
2026-08-09T22:41:03.135725,ACB824,ASA617,33.102738,-116.575143,,,294,,4620,-32.8,1271,0.6
2026-08-09T22:41:03.135725,AA7B78,,33.298965,-117.65462,,,138,,,-36.1,44,48.2
2026-08-09T22:41:08.189667,ACB824,ASA617,33.106064,-116.583948,,,294,,4620,-49.5,1298,1.6
2026-08-09T22:41:08.189667,AA7B78,,33.298965,-117.65462,,,138,,,-36.1,44,53.3
2026-08-09T22:41:13.268769,ACB824,ASA617,33.106064,-116.583948,,,293,,4620,-49.5,1302,6.7
2026-08-09T22:41:13.268769,AA7B78,,33.298965,-117.65462,,,138,,,-36.1,44,58.3
2026-08-09T22:41:18.301291,ACB824,ASA617,33.115082,-116.608063,,,293,,4620,-34.1,1307,0.7
2026-08-09T22:41:18.301291,AA7B78,,33.298965,-117.65462,,,138,,,-36.1,44,63.4
2026-08-09T22:41:23.345094,ACB824,ASA617,33.115082,-116.608063,,,293,,4620,-32.4,1308,5.7
2026-08-09T22:41:23.345094,AA7B78,,33.298965,-117.65462,,,138,,,-36.1,44,68.4
2026-08-09T22:41:28.395827,ACB824,ASA617,33.121994,-116.627124,,,291,,4620,-49.5,1330,2.0
2026-08-09T22:41:28.395827,AA7B78,,33.298965,-117.65462,,,138,,,-36.1,44,73.5
2026-08-09T22:41:33.479723,ACB824,ASA617,33.125656,-116.63855,,,289,,4620,-49.5,1353,1.8
2026-08-09T22:41:38.553412,ACB824,ASA617,33.125656,-116.63855,,,289,,4620,-35.4,1355,6.9
2026-08-09T22:41:38.553412,AA7B78,,33.196243,-117.545856,,,138,,,-30.0,16,0.9
2026-08-09T22:41:43.606231,ACB824,ASA617,33.131647,-116.660623,,,286,,4620,-31.7,1368,2.0
2026-08-09T22:41:43.606231,A77035,,32.638367,-117.044879,,,68,,,-49.5,13,2.5
2026-08-09T22:41:43.606231,AA7B78,,33.189102,-117.538385,,,138,,3332,-49.5,53,0.0
2026-08-09T22:41:48.668085,ACB824,ASA617,33.131647,-116.660623,,,286,,4620,-31.7,1368,7.1
2026-08-09T22:41:48.668085,A77035,,32.638367,-117.044879,,,68,,,-34.5,15,7.5
2026-08-09T22:41:48.668085,AA7B78,SWA4567,33.184437,-117.533532,,,138,,3332,-49.5,86,1.3
2026-08-09T22:41:53.718907,ACB824,ASA617,33.131647,-116.660623,,,286,,4620,-49.5,1370,12.1
2026-08-09T22:41:53.718907,A77035,,32.638367,-117.044879,,,68,,,-34.5,15,12.6
2026-08-09T22:41:53.718907,AA7B78,SWA4567,33.184437,-117.533532,,,138,,3332,-49.5,86,6.4
2026-08-09T22:41:58.788096,ACB824,ASA617,33.131647,-116.660623,,,286,,4620,-49.5,1370,17.2
2026-08-09T22:41:58.788096,A77035,,32.638367,-117.044879,,,68,,,-34.5,15,17.7
2026-08-09T22:41:58.788096,AA7B78,SWA4567,33.184437,-117.533532,,,138,,3332,-49.5,86,11.4
2026-08-09T22:42:03.866333,ACB824,ASA617,33.131647,-116.660623,,,286,,4620,-49.5,1370,22.3
2026-08-09T22:42:03.866333,A77035,,32.638367,-117.044879,,,68,,,-34.5,15,22.7
2026-08-09T22:42:03.866333,AA7B78,SWA4567,33.165025,-117.513017,,,138,,3332,-49.5,90,0.5
2026-08-09T22:42:08.946732,ACB824,ASA617,33.131647,-116.660623,,,286,,4620,-49.5,1370,27.4
2026-08-09T22:42:08.946732,A77035,,32.654572,-116.994562,,,69,,,-49.5,29,1.0
2026-08-09T22:42:08.946732,AA7B78,SWA4567,33.158707,-117.50636,,,138,,3332,-49.5,117,0.3
2026-08-09T22:42:14.023607,ACB824,ASA617,33.131647,-116.660623,,,286,,4620,-49.5,1370,32.5
2026-08-09T22:42:14.023607,A77035,,32.656441,-116.988812,,,69,,,-49.5,45,3.0
2026-08-09T22:42:14.023607,AA7B78,SWA4567,33.152435,-117.499713,,,138,,3332,-29.9,148,0.2
2026-08-09T22:42:19.106163,ACB824,ASA617,33.145659,-116.741395,,,280,,4620,-33.7,1387,1.9
2026-08-09T22:42:19.106163,A77035,,32.658722,-116.981749,,,69,,,-49.5,49,4.2
2026-08-09T22:42:19.106163,AA7B78,SWA4567,33.146576,-117.493561,,,138,,3332,-27.8,188,0.3
2026-08-09T22:42:24.158496,ACB824,ASA617,33.145659,-116.741395,,,280,,4620,-49.5,1390,7.0
2026-08-09T22:42:24.158496,A77035,,32.658722,-116.981749,,,69,,,-49.5,50,9.2
2026-08-09T22:42:24.158496,AA7B78,SWA4567,33.140538,-117.487345,,,140,,3332,-28.3,228,0.4
2026-08-09T22:42:29.206566,ACB824,ASA617,33.148087,-116.757477,,,280,,4620,-33.3,1392,4.9
2026-08-09T22:42:29.206566,A77035,,32.658722,-116.981749,,,69,,,-34.6,52,14.3
2026-08-09T22:42:29.206566,AA7B78,SWA4567,33.134171,-117.481366,,,142,,3332,-27.7,275,0.4
2026-08-09T22:42:34.261324,ACB824,ASA617,33.148087,-116.757477,,,280,,4620,-49.5,1393,10.0
2026-08-09T22:42:34.261324,A77035,,32.658722,-116.981749,,,69,,,-34.9,55,19.3
2026-08-09T22:42:34.261324,AA7B78,SWA4567,33.127969,-117.475966,,,144,,3332,-49.5,305,0.6
2026-08-09T22:42:39.312809,ACB824,ASA617,33.152828,-116.789264,,,279,,4620,-28.5,1408,1.1
2026-08-09T22:42:39.312809,A77035,,32.666611,-116.934741,,,88,,1365,-31.5,79,0.5
2026-08-09T22:42:39.312809,AA7B78,SWA4567,33.123962,-117.472632,,,144,,3332,-49.5,314,2.6
2026-08-09T22:42:44.389382,ACB824,ASA617,33.1539,-116.796643,,,279,,4620,-49.5,1429,2.9
2026-08-09T22:42:44.389382,A77035,DAL709,32.666748,-116.926996,,,88,,1365,-49.5,114,1.7
2026-08-09T22:42:44.389382,AA7B78,SWA4567,33.114236,-117.464475,,,144,,3332,-49.5,342,0.3
2026-08-09T22:42:49.441862,ACB824,ASA617,33.15596,-116.810706,,,279,,4620,-49.5,1445,1.8
2026-08-09T22:42:49.441862,A77035,DAL709,32.666748,-116.926996,,,89,,1365,-49.5,118,6.8
2026-08-09T22:42:49.441862,AA7B78,SWA4567,33.107712,-117.459009,,,144,,3332,-49.5,378,0.3
2026-08-09T22:42:54.492809,ACB824,ASA617,33.157343,-116.820261,,,279,,4620,-31.7,1456,2.6
2026-08-09T22:42:54.492809,A77035,DAL709,32.666748,-116.926996,,,89,,1365,-49.5,118,11.9
2026-08-09T22:42:54.492809,AA7B78,SWA4567,33.101341,-117.453657,,,144,,3332,-49.5,418,0.5
2026-08-09T22:42:59.542138,ACB824,ASA617,33.159393,-116.834326,,,279,,4620,-34.5,1459,1.4
2026-08-09T22:42:59.542138,A77035,DAL709,32.666748,-116.926996,,,89,,1365,-34.8,119,16.9
2026-08-09T22:42:59.542138,AA7B78,SWA4567,33.094265,-117.447827,,,144,,3332,-49.5,450,0.0
2026-08-09T22:43:04.596067,ACB824,ASA617,33.160995,-116.845587,,,279,,4620,-49.5,1481,1.5
2026-08-09T22:43:04.596067,A77035,DAL709,32.666748,-116.926996,,,89,,1365,-34.3,123,22.0
2026-08-09T22:43:04.596067,AA7B78,SWA4567,33.088211,-117.442749,,,145,,3332,-49.5,489,0.5
2026-08-09T22:43:09.647885,ACB824,ASA617,33.162872,-116.858386,,,279,,4620,-30.0,1519,0.8
2026-08-09T22:43:09.647885,A77035,DAL709,32.666748,-116.926996,,,89,,1365,-34.3,123,27.0
2026-08-09T22:43:09.647885,AA7B78,SWA4567,33.088211,-117.442749,,,145,,3332,-49.5,493,5.5
2026-08-09T22:43:14.702273,ACB824,ASA617,33.16452,-116.869812,,,279,,4620,-31.1,1556,0.7
2026-08-09T22:43:14.702273,A77035,DAL709,32.668173,-116.863366,,,89,,1365,-49.5,126,1.1
2026-08-09T22:43:14.702273,AA7B78,SWA4567,33.074993,-117.431852,,,145,,3332,-32.6,511,0.4
2026-08-09T22:43:19.756072,ACB824,ASA617,33.16626,-116.881622,,,279,,4620,-31.0,1599,0.5
2026-08-09T22:43:19.756072,A77035,DAL709,32.668173,-116.863366,,,89,,1365,-32.2,128,6.1
2026-08-09T22:43:19.756072,AA7B78,SWA4567,33.068755,-117.426639,,,145,,3332,-29.0,532,0.6
2026-08-09T22:43:24.802856,ACB824,ASA617,33.167771,-116.891953,,,279,,4620,-31.4,1647,0.9
2026-08-09T22:43:24.802856,A77035,DAL709,32.668173,-116.863366,,,88,,1365,-49.5,137,11.2
2026-08-09T22:43:24.802856,AA7B78,SWA4567,33.064865,-117.423413,,,144,,3332,-49.5,549,2.7
2026-08-09T22:43:29.856165,ACB824,ASA617,33.169418,-116.903156,,,279,,4620,-49.5,1705,0.9
2026-08-09T22:43:29.856165,A77035,DAL709,32.668173,-116.863366,,,88,,1365,-49.5,137,16.2
2026-08-09T22:43:29.856165,AA7B78,SWA4567,33.064865,-117.423413,,,144,,3332,-49.5,549,7.7
2026-08-09T22:43:34.906473,ACB824,ASA617,33.171309,-116.916112,,,279,,4620,-49.5,1745,0.0
2026-08-09T22:43:34.906473,A77035,DAL709,32.668173,-116.863366,,,88,,1365,-49.5,137,21.3
2026-08-09T22:43:34.906473,AA7B78,SWA4567,33.051716,-117.412458,,,144,,3332,-49.5,553,2.6
2026-08-09T22:43:39.962674,ACB824,ASA617,33.171309,-116.916112,,,279,,4620,-31.2,1751,5.1
2026-08-09T22:43:39.962674,A77035,DAL709,32.668173,-116.863366,,,88,,1365,-49.5,137,26.4
2026-08-09T22:43:39.962674,AA7B78,SWA4567,33.04329,-117.405452,,,144,,3332,-49.5,561,1.1
2026-08-09T22:43:45.010403,ACB824,ASA617,33.174242,-116.936347,,,279,,4620,-49.5,1793,1.0
2026-08-09T22:43:45.010403,A77035,DAL709,32.668173,-116.863366,,,88,,1365,-49.5,137,31.4
2026-08-09T22:43:45.010403,AA7B78,SWA4567,33.036075,-117.399398,,,144,,3332,-49.5,590,0.4
2026-08-09T22:43:50.072250,ACB824,ASA617,33.176102,-116.949408,,,279,,4620,-49.5,1842,0.0
2026-08-09T22:43:50.072250,A77035,DAL709,32.674271,-116.787471,,,74,,1365,-49.5,142,0.0
2026-08-09T22:43:50.072250,AA7B78,SWA4567,33.030212,-117.394464,,,144,,3332,-49.5,625,0.9
2026-08-09T22:43:55.118695,ACB824,ASA617,33.177704,-116.960339,,,279,,4620,-29.8,1892,0.2
2026-08-09T22:43:55.118695,A77035,DAL709,32.676785,-116.779679,,,66,,1365,-49.5,182,1.3
2026-08-09T22:43:55.118695,AA7B78,SWA4567,33.030212,-117.394464,,,144,,3332,-49.5,626,6.0
2026-08-09T22:44:00.192425,ACB824,ASA617,33.17926,-116.97149,,,279,,4620,-29.8,1947,0.1
2026-08-09T22:44:00.192425,A77035,DAL709,32.679764,-116.772505,,,66,,1365,-36.7,191,2.6
2026-08-09T22:44:00.192425,AA7B78,SWA4567,33.016988,-117.383311,,,144,,3332,-49.5,638,0.7
2026-08-09T22:44:05.249324,ACB824,ASA617,33.180817,-116.982367,,,279,,4620,-27.7,2011,0.2
2026-08-09T22:44:05.249324,A77035,DAL709,32.679764,-116.772505,,,66,,1365,-36.7,191,7.7
2026-08-09T22:44:05.249324,AA7B78,SWA4567,33.009979,-117.37738,,,144,,3332,-30.1,687,0.2
2026-08-09T22:44:10.296116,ACB824,ASA617,33.182249,-116.992231,,,279,,4620,-27.4,2076,0.7
2026-08-09T22:44:10.296116,A77035,DAL709,32.690192,-116.755016,,,48,,1365,-49.5,198,2.8
2026-08-09T22:44:10.296116,AA7B78,SWA4567,33.003721,-117.3721,,,144,,3332,-27.4,740,0.2
2026-08-09T22:44:15.349358,ACB824,ASA617,33.183838,-117.003186,,,279,,4620,-33.5,2112,0.7
2026-08-09T22:44:15.349358,A77035,DAL709,32.697873,-116.74616,,,48,,1365,-34.9,200,2.0
2026-08-09T22:44:15.349358,AA7B78,SWA4567,32.997025,-117.366394,,,144,,3332,-31.0,772,0.0
2026-08-09T22:44:20.401913,ACB824,ASA617,33.185577,-117.014886,,,279,,4620,-27.0,2148,0.3
2026-08-09T22:44:20.401913,A77035,DAL709,32.708487,-116.736967,,,33,,1365,-35.1,231,0.0
2026-08-09T22:44:20.401913,AA7B78,SWA4567,32.995789,-117.36535,,,144,,3332,-31.7,776,4.1
2026-08-09T22:44:25.454617,ACB824,ASA617,33.186346,-117.02037,,,279,,4620,-30.7,2179,2.8
2026-08-09T22:44:25.454617,A77035,DAL709,32.709418,-116.736238,,,30,,1365,-33.0,236,4.5
2026-08-09T22:44:25.454617,AA7B78,SWA4567,32.984985,-117.356287,,,144,,3332,-49.5,802,0.4
2026-08-09T22:44:30.486387,ACB824,ASA617,33.188208,-117.033318,,,279,,4620,-49.5,2205,1.9
2026-08-09T22:44:30.486387,A77035,DAL709,32.709418,-116.736238,,,30,,1365,-33.0,236,9.5
2026-08-09T22:44:30.486387,AA7B78,SWA4567,32.979172,-117.351453,,,144,,3332,-27.0,847,0.7
2026-08-09T22:44:35.529540,ACB824,ASA617,33.190349,-117.048116,,,279,,4620,-49.5,2225,0.0
2026-08-09T22:44:35.529540,A77035,DAL709,32.709418,-116.736238,,,30,,1365,-33.0,236,14.6
2026-08-09T22:44:35.529540,AA7B78,SWA4567,32.973175,-117.346399,,,144,,3332,-49.5,873,0.8
2026-08-09T22:44:40.592472,ACB824,ASA617,33.191606,-117.05686,,,279,,4620,-29.1,2263,1.0
2026-08-09T22:44:40.592472,A77035,DAL709,32.709418,-116.736238,,,30,,1365,-33.0,236,19.6
2026-08-09T22:44:40.592472,AA7B78,SWA4567,32.967038,-117.341271,,,144,,3332,-33.0,887,0.7
2026-08-09T22:44:45.631171,ACB824,ASA617,33.19313,-117.067456,,,279,,4620,-28.8,2312,1.0
2026-08-09T22:44:45.631171,A77035,DAL709,32.709418,-116.736238,,,30,,1365,-49.5,237,24.7
2026-08-09T22:44:45.631171,AA7B78,SWA4567,32.962418,-117.337445,,,144,,3332,-49.5,897,1.8
2026-08-09T22:44:50.684036,ACB824,ASA617,33.194911,-117.079898,,,279,,4620,-49.5,2330,0.3
2026-08-09T22:44:50.684036,A77035,DAL709,32.759648,-116.710734,,,22,,1365,-31.1,259,0.7
2026-08-09T22:44:50.684036,AA7B78,SWA4567,32.955414,-117.331567,,,144,,3332,-29.0,939,0.8
2026-08-09T22:44:55.758264,ACB824,ASA617,33.196261,-117.089483,,,279,,4620,-49.5,2338,0.8
2026-08-09T22:44:55.758264,A77035,DAL709,32.768784,-116.706171,,,22,,1365,-32.8,299,0.5
2026-08-09T22:44:55.758264,AA7B78,SWA4567,32.949783,-117.326898,,,144,,3332,-49.5,961,1.0
2026-08-09T22:45:00.815819,ACB824,ASA617,33.197891,-117.100854,,,279,,4620,-28.1,2364,0.6
2026-08-09T22:45:00.815819,A77035,DAL709,32.774048,-116.703589,,,22,,1365,-33.8,331,2.6
2026-08-09T22:45:00.815819,AA7B78,SWA4567,32.948685,-117.325964,,,144,,3332,-30.8,968,5.0
2026-08-09T22:45:05.892513,ACB824,ASA617,33.19952,-117.11196,,,279,,4620,-49.5,2386,0.4
2026-08-09T22:45:05.892513,A77035,DAL709,32.786508,-116.697338,,,22,,1365,-30.6,360,0.5
2026-08-09T22:45:05.892513,AA7B78,SWA4567,32.937757,-117.316832,,,144,,3332,-49.5,1005,0.3
2026-08-09T22:45:10.956545,ACB824,ASA617,33.201056,-117.122498,,,279,,4620,-49.5,2429,0.4
2026-08-09T22:45:10.956545,A77035,DAL709,32.789749,-116.695734,,,22,,1365,-32.5,372,3.8
2026-08-09T22:45:10.956545,AA7B78,SWA4567,32.93352,-117.313301,,,144,,3332,-49.5,1017,1.5
2026-08-09T22:45:15.997389,ACB824,ASA617,33.202499,-117.132419,,,279,,4620,-49.5,2477,0.8
2026-08-09T22:45:15.997389,A77035,DAL709,32.800195,-116.690555,,,22,,1365,-36.2,379,2.8
2026-08-09T22:45:15.997389,AA7B78,SWA4567,32.926956,-117.307864,,,144,,3332,-49.5,1037,0.4
2026-08-09T22:45:21.053193,ACB824,ASA617,33.202825,-117.134493,,,279,,4620,-49.5,2482,4.9
2026-08-09T22:45:21.053193,A77035,DAL709,32.800195,-116.690555,,,22,,1365,-36.2,379,7.9
2026-08-09T22:45:21.053193,AA7B78,SWA4567,32.921184,-117.303043,,,144,,3332,-49.5,1070,0.1
2026-08-09T22:45:26.127185,ACB824,ASA617,33.20549,-117.153534,,,279,,4620,-26.5,2531,0.8
2026-08-09T22:45:26.127185,A77035,DAL709,32.822633,-116.679457,,,22,,1365,-49.5,421,0.3
2026-08-09T22:45:26.127185,AA7B78,SWA4567,32.918577,-117.300857,,,144,,3332,-31.3,1087,2.7
2026-08-09T22:45:31.202462,ACB824,ASA617,33.206363,-117.159492,,,279,,4620,-31.9,2548,3.1
2026-08-09T22:45:31.202462,A77035,DAL709,32.831664,-116.674973,,,22,,1365,-33.3,460,0.3
2026-08-09T22:45:31.202462,AA7B78,SWA4567,32.910803,-117.294355,,,144,,3332,-30.0,1147,0.4
2026-08-09T22:45:36.259394,ACB824,ASA617,33.20874,-117.17655,,,279,,4620,-28.7,2596,0.0
2026-08-09T22:45:36.259394,A77035,DAL709,32.840323,-116.670713,,,22,,1365,-31.1,500,0.4
2026-08-09T22:45:36.259394,AA7B78,SWA4567,32.905496,-117.289927,,,144,,3332,-49.5,1189,0.4
2026-08-09T22:45:41.339316,ACB824,ASA617,33.21018,-117.186622,,,279,,4620,-49.5,2629,0.2
2026-08-09T22:45:41.339316,A77035,DAL709,32.849168,-116.666397,,,22,,1365,-49.5,533,0.5
2026-08-09T22:45:41.339316,AA7B78,SWA4567,32.905496,-117.289927,,,144,,3332,-31.8,1200,5.4
2026-08-09T22:45:46.399039,ACB824,ASA617,33.211763,-117.19744,,,279,,4620,-49.5,2686,0.1
2026-08-09T22:45:46.399039,A77035,DAL709,32.856125,-116.662939,,,22,,1365,-49.5,569,1.6
2026-08-09T22:45:46.399039,AA7B78,SWA4567,32.896325,-117.282248,,,144,,3332,-49.5,1225,1.7
2026-08-09T22:45:51.471921,ACB824,ASA617,33.213253,-117.208034,,,279,,4620,-49.5,2721,0.0
2026-08-09T22:45:51.471921,A77035,DAL709,32.856125,-116.662939,,,22,,1365,-49.5,569,6.7
2026-08-09T22:45:51.471921,AA7B78,SWA4567,32.89032,-117.277259,,,144,,3332,-49.5,1245,1.0
2026-08-09T22:45:56.550089,ACB824,ASA617,33.214691,-117.218298,,,279,,4620,-49.5,2777,0.2
2026-08-09T22:45:56.550089,A77035,DAL709,32.856125,-116.662939,,,22,,1365,-49.5,569,11.7
2026-08-09T22:45:56.550089,AA7B78,SWA4567,32.885834,-117.273505,,,144,,3332,-34.2,1259,1.7
2026-08-09T22:46:01.602085,ACB824,ASA617,33.215973,-117.227417,,,279,,4620,-49.5,2818,0.8
2026-08-09T22:46:01.602085,A77035,DAL709,32.856125,-116.662939,,,22,,1365,-37.5,571,16.8
2026-08-09T22:46:01.602085,AA7B78,SWA4567,32.879333,-117.268122,,,144,,3332,-36.5,1279,0.5
2026-08-09T22:46:06.654219,ACB824,ASA617,33.216977,-117.234771,,,279,,4620,-30.3,2844,2.4
2026-08-09T22:46:06.654219,A77035,DAL709,32.89357,-116.644537,,,22,,1365,-49.5,593,0.8
2026-08-09T22:46:06.654219,AA7B78,SWA4567,32.874207,-117.263837,,,144,,3332,-33.4,1303,0.6
2026-08-09T22:46:11.705176,ACB824,ASA617,33.218765,-117.247247,,,279,,4620,-49.5,2861,1.3
2026-08-09T22:46:11.705176,A77035,DAL709,32.902863,-116.640033,,,22,,1365,-49.5,633,0.6
2026-08-09T22:46:11.705176,AA7B78,SWA4567,32.868896,-117.259497,,,144,,3332,-49.5,1349,0.6
2026-08-09T22:46:16.780806,ACB824,ASA617,33.219498,-117.252631,,,279,,4620,-35.2,2875,3.8
2026-08-09T22:46:16.780806,A77035,DAL709,32.908401,-116.637286,,,22,,1365,-36.6,659,2.6
2026-08-09T22:46:16.780806,AA7B78,SWA4567,32.864548,-117.255872,,,144,,3332,-30.4,1404,1.5
2026-08-09T22:46:21.836164,ACB824,ASA617,33.222098,-117.270645,,,279,,4620,-49.5,2897,0.0
2026-08-09T22:46:21.836164,A77035,DAL709,32.921696,-116.630747,,,22,,1365,-49.5,701,0.0
2026-08-09T22:46:21.836164,AA7B78,SWA4567,32.858571,-117.250858,,,144,,3332,-32.1,1432,0.7
2026-08-09T22:46:21.836164,AC0FF9,SWA572,32.858106,-117.409375,,,307,,,-33.6,4,1.6
2026-08-09T22:46:26.900181,ACB824,ASA617,33.223401,-117.279501,,,279,,4620,-49.5,2930,0.9
2026-08-09T22:46:26.900181,A77035,DAL709,32.929001,-116.627179,,,22,,1365,-49.5,738,1.2
2026-08-09T22:46:26.900181,AA7B78,SWA4567,32.854156,-117.247192,,,144,,3332,-31.4,1448,1.6
2026-08-09T22:46:26.900181,AC0FF9,SWA572,32.858106,-117.409375,,,307,,,-33.6,4,6.6
2026-08-09T22:46:31.964102,ACB824,ASA617,33.224579,-117.287622,,,279,,4620,-28.9,2948,1.9
2026-08-09T22:46:31.964102,A77035,DAL709,32.929001,-116.627179,,,22,,1365,-33.3,739,6.2
2026-08-09T22:46:31.964102,AA7B78,SWA4567,32.854156,-117.247192,,,144,,3332,-31.8,1455,6.6
2026-08-09T22:46:31.964102,AC0FF9,SWA572,32.858106,-117.409375,,,307,,,-33.6,4,11.7
2026-08-09T22:46:37.014001,ACB824,ASA617,33.226593,-117.302014,,,279,,4620,-49.5,2965,0.0
2026-08-09T22:46:37.014001,A77035,DAL709,32.948231,-116.617743,,,22,,1365,-49.5,741,0.6
2026-08-09T22:46:37.014001,AA7B78,SWA4567,32.854156,-117.247192,,,144,,3332,-31.8,1455,11.7
2026-08-09T22:46:37.014001,AC0FF9,SWA572,32.858106,-117.409375,,,307,,,-33.6,4,16.7
2026-08-09T22:46:42.068446,ACB824,ASA617,33.226593,-117.302014,,,279,,4620,-49.5,2974,5.1
2026-08-09T22:46:42.068446,A77035,DAL709,32.957495,-116.613147,,,22,,1365,-29.8,768,0.6
2026-08-09T22:46:42.068446,AA7B78,SWA4567,32.854156,-117.247192,,,144,,3332,-31.8,1455,16.7
2026-08-09T22:46:42.068446,AC0FF9,SWA572,32.858106,-117.409375,,,307,,,-33.6,4,21.8
2026-08-09T22:46:47.117299,ACB824,ASA617,33.229568,-117.322504,,,279,,4620,-49.5,3021,0.0
2026-08-09T22:46:47.117299,A77035,DAL709,32.966433,-116.608775,,,22,,1365,-29.5,815,0.8
2026-08-09T22:46:47.117299,AA7B78,SWA4567,32.854156,-117.247192,,,144,,3332,-31.8,1455,21.8
2026-08-09T22:46:47.117299,AC0FF9,SWA572,32.858106,-117.409375,,,307,,,-33.6,4,26.8
2026-08-09T22:46:52.170178,ACB824,ASA617,33.230989,-117.332247,,,279,,4620,-25.0,3068,0.3
2026-08-09T22:46:52.170178,A77035,DAL709,32.971985,-116.60603,,,22,,1365,-30.1,859,2.7
2026-08-09T22:46:52.170178,AA7B78,SWA4567,32.854156,-117.247192,,,144,,3332,-31.8,1455,26.8
2026-08-09T22:46:52.170178,AC0FF9,SWA572,32.858106,-117.409375,,,307,,,-33.6,4,31.9
2026-08-09T22:46:57.219941,ACB824,ASA617,33.231268,-117.334209,,,280,,4620,-30.0,3080,4.3
2026-08-09T22:46:57.219941,A77035,DAL709,32.984681,-116.59975,,,22,,1365,-30.3,899,0.8
2026-08-09T22:46:57.219941,AA7B78,SWA4567,32.854156,-117.247192,,,144,,3332,-31.8,1455,31.9
2026-08-09T22:46:57.219941,AC0FF9,SWA572,32.858106,-117.409375,,,307,,,-33.6,4,36.9
2026-08-09T22:47:02.275560,ACB824,ASA617,33.233177,-117.346876,,,280,,4620,-49.5,3105,2.9
2026-08-09T22:47:02.275560,A77035,DAL709,32.993912,-116.595209,,,22,,1365,-30.4,936,0.9
2026-08-09T22:47:02.275560,AA7B78,SWA4567,32.854156,-117.247192,,,144,,3332,-31.8,1455,36.9
2026-08-09T22:47:02.275560,AC0FF9,SWA572,32.858106,-117.409375,,,307,,,-33.6,4,42.0
2026-08-09T22:47:07.329426,ACB824,ASA617,33.235474,-117.361176,,,280,,4620,-31.4,3116,0.8
2026-08-09T22:47:07.329426,A77035,DAL709,33.003433,-116.590485,,,22,,1365,-28.4,988,0.7
2026-08-09T22:47:07.329426,AA7B78,SWA4567,32.854156,-117.247192,,,144,,3332,-31.8,1455,42.0
2026-08-09T22:47:07.329426,AC0FF9,SWA572,32.858106,-117.409375,,,307,,,-33.6,4,47.1
2026-08-09T22:47:12.380382,ACB824,ASA617,33.235474,-117.361176,,,280,,4620,-31.4,3116,5.9
2026-08-09T22:47:12.380382,A77035,DAL709,33.012706,-116.585905,,,22,,1365,-49.5,1022,0.7
2026-08-09T22:47:12.380382,AA7B78,SWA4567,32.813644,-117.204126,,,144,,3332,-30.8,1456,3.1
2026-08-09T22:47:12.380382,AC0FF9,SWA572,32.858106,-117.409375,,,307,,,-33.6,4,52.1
2026-08-09T22:47:17.457319,ACB824,ASA617,33.235474,-117.361176,,,280,,4620,-31.4,3116,10.9
2026-08-09T22:47:17.457319,A77035,DAL709,33.023366,-116.580636,,,22,,1365,-29.0,1051,0.0
2026-08-09T22:47:17.457319,AA7B78,SWA4567,32.813644,-117.204126,,,144,,3332,-30.8,1456,8.1
2026-08-09T22:47:17.457319,AC0FF9,SWA572,32.858106,-117.409375,,,307,,,-33.6,4,57.2
2026-08-09T22:47:22.510517,ACB824,ASA617,33.240346,-117.390934,,,280,,4620,-49.5,3129,0.8
2026-08-09T22:47:22.510517,A77035,DAL709,33.030807,-116.576862,,,23,,1365,-28.0,1111,0.9
2026-08-09T22:47:22.510517,AA7B78,SWA4567,32.813644,-117.204126,,,144,,3332,-30.8,1456,13.2
2026-08-09T22:47:27.542936,ACB824,ASA617,33.241562,-117.398529,,,280,,4620,-33.6,3151,2.0
2026-08-09T22:47:27.542936,A77035,DAL709,33.040146,-116.572028,,,23,,1365,-27.5,1155,0.9
2026-08-09T22:47:27.542936,AA7B78,SWA4567,32.808062,-117.179111,,,103,,3332,-31.4,1464,0.5
2026-08-09T22:47:32.615366,ACB824,ASA617,33.24321,-117.408527,,,280,,4620,-49.5,3189,1.9
2026-08-09T22:47:32.615366,A77035,DAL709,33.050087,-116.566791,,,24,,1365,-49.5,1213,0.6
2026-08-09T22:47:32.615366,AA7B78,SWA4567,32.808062,-117.179111,,,103,,3332,-49.5,1469,5.6
2026-08-09T22:47:37.666385,ACB824,ASA617,33.24472,-117.41803,,,280,,4620,-49.5,3213,2.2
2026-08-09T22:47:37.666385,A77035,DAL709,33.059509,-116.561755,,,24,,1365,-49.5,1265,0.5
2026-08-09T22:47:37.666385,AA7B78,SWA4567,32.808062,-117.179111,,,103,,3332,-49.5,1469,10.7
2026-08-09T22:47:42.741451,ACB824,ASA617,33.24472,-117.41803,,,280,,4620,-33.9,3215,7.3
2026-08-09T22:47:42.741451,A77035,DAL709,33.069639,-116.556365,,,24,,1365,-28.2,1323,0.0
2026-08-09T22:47:42.741451,AA7B78,SWA4567,32.808062,-117.179111,,,103,,3332,-49.5,1469,15.8
2026-08-09T22:47:47.822263,ACB824,ASA617,33.248167,-117.439868,,,280,,4620,-49.5,3226,1.3
2026-08-09T22:47:47.822263,A77035,DAL709,33.078506,-116.551648,,,24,,1365,-25.1,1380,0.2
2026-08-09T22:47:47.822263,AA7B78,SWA4567,32.808062,-117.179111,,,103,,3332,-49.5,1469,20.8
2026-08-09T22:47:52.875667,ACB824,ASA617,33.248167,-117.439868,,,280,,4620,-49.5,3226,6.6
2026-08-09T22:47:52.875667,A77035,DAL709,33.086746,-116.547308,,,23,,1365,-29.1,1431,0.9
2026-08-09T22:47:52.875667,AA7B78,SWA4567,32.808062,-117.179111,,,102,,3332,-49.5,1470,26.1
2026-08-09T22:47:58.128513,ACB824,ASA617,33.248167,-117.439868,,,280,,4620,-49.5,3226,11.6
2026-08-09T22:47:58.128513,A77035,DAL709,33.09622,-116.542296,,,23,,1365,-49.5,1478,0.9
2026-08-09T22:47:58.128513,AA7B78,SWA4567,32.808062,-117.179111,,,102,,3332,-49.5,1470,31.1
2026-08-09T22:47:58.128513,AC0FF9,,32.945343,-117.544702,,,307,,,-49.5,5,3.1
2026-08-09T22:48:03.196534,ACB824,ASA617,33.248167,-117.439868,,,280,,4620,-49.5,3226,16.7
2026-08-09T22:48:03.196534,A77035,DAL709,33.103436,-116.538485,,,23,,1365,-32.1,1520,2.1
2026-08-09T22:48:03.196534,AA7B78,SWA4567,32.808062,-117.179111,,,102,,3332,-35.4,1471,36.2
2026-08-09T22:48:03.196534,AC0FF9,SWA572,32.951477,-117.55426,,,307,,,-49.5,13,2.3
2026-08-09T22:48:08.272974,ACB824,ASA617,33.248167,-117.439868,,,280,,4620,-49.5,3226,21.8
2026-08-09T22:48:08.272974,A77035,DAL709,33.112653,-116.533664,,,23,,1365,-32.6,1544,2.1
2026-08-09T22:48:08.272974,AA7B78,SWA4567,32.796936,-117.122003,,,102,,3332,-32.5,1488,1.4
2026-08-09T22:48:08.272974,AC0FF9,SWA572,32.951477,-117.55426,,,307,,,-49.5,13,7.4
2026-08-09T22:48:13.325558,ACB824,ASA617,33.248167,-117.439868,,,280,,4620,-49.5,3226,26.8
2026-08-09T22:48:13.325558,A77035,DAL709,33.112653,-116.533664,,,23,,1365,-32.6,1544,7.2
2026-08-09T22:48:13.325558,AA7B78,SWA4567,32.796936,-117.122003,,,102,,3332,-49.5,1489,6.5
2026-08-09T22:48:13.325558,AC0FF9,SWA572,32.951477,-117.55426,,,307,,,-49.5,13,12.5
2026-08-09T22:48:13.325558,A54BAB,,33.19142,-117.539978,,,138,,3362,-32.6,8,0.4
2026-08-09T22:48:18.408054,ACB824,ASA617,33.257401,-117.499274,,,281,,4620,-49.5,3233,1.7
2026-08-09T22:48:18.408054,A77035,DAL709,33.112653,-116.533664,,,23,,1365,-49.5,1545,12.3
2026-08-09T22:48:18.408054,AA7B78,SWA4567,32.796936,-117.122003,,,102,,3332,-49.5,1489,11.5
2026-08-09T22:48:18.408054,AC0FF9,SWA572,32.951477,-117.55426,,,307,,,-49.5,13,17.6
2026-08-09T22:48:18.408054,A54BAB,,33.18723,-117.535662,,,138,,3362,-49.5,29,2.4
2026-08-09T22:48:23.487512,ACB824,ASA617,33.258036,-117.503095,,,282,,4620,-49.5,3237,4.7
2026-08-09T22:48:23.487512,A77035,DAL709,33.139188,-116.519819,,,23,,1365,-35.2,1555,3.0
2026-08-09T22:48:23.487512,AA7B78,SWA4567,32.796936,-117.122003,,,102,,3332,-49.5,1489,16.6
2026-08-09T22:48:23.487512,AC0FF9,SWA572,32.951477,-117.55426,,,307,,,-49.5,13,22.6
2026-08-09T22:48:23.487512,A54BAB,,33.18723,-117.535662,,,138,,3362,-36.0,31,7.5
2026-08-09T22:48:28.548556,ACB824,ASA617,33.258036,-117.503095,,,282,,4620,-49.5,3237,9.8
2026-08-09T22:48:28.548556,A77035,DAL709,33.139188,-116.519819,,,23,,1365,-49.5,1561,8.1
2026-08-09T22:48:28.548556,AA7B78,SWA4567,32.796936,-117.122003,,,102,,3332,-49.5,1489,21.7
2026-08-09T22:48:28.548556,AC0FF9,SWA572,32.951477,-117.55426,,,307,,,-49.5,13,27.7
2026-08-09T22:48:28.548556,A54BAB,,33.18723,-117.535662,,,138,,3362,-36.0,31,12.6
2026-08-09T22:48:33.620691,ACB824,ASA617,33.258036,-117.503095,,,282,,4620,-49.5,3237,14.9
2026-08-09T22:48:33.620691,A77035,DAL709,33.154907,-116.511603,,,23,,1365,-34.2,1571,4.7
2026-08-09T22:48:33.620691,AA7B78,SWA4567,32.796936,-117.122003,,,102,,3332,-49.5,1489,26.7
2026-08-09T22:48:33.620691,AC0FF9,SWA572,32.951477,-117.55426,,,307,,,-49.5,13,32.8
2026-08-09T22:48:33.620691,A54BAB,,33.18723,-117.535662,,,138,,3362,-49.5,33,17.6
2026-08-09T22:48:38.667221,ACB824,ASA617,33.258036,-117.503095,,,282,,4620,-49.5,3237,20.0
2026-08-09T22:48:38.667221,A77035,DAL709,33.168365,-116.504626,,,23,,1365,-34.6,1588,2.6
2026-08-09T22:48:38.667221,AA7B78,SWA4567,32.796936,-117.122003,,,102,,3332,-49.5,1489,31.8
2026-08-09T22:48:38.667221,AC0FF9,SWA572,32.951477,-117.55426,,,307,,,-49.5,13,37.8
2026-08-09T22:48:38.667221,A54BAB,,33.156418,-117.503394,,,138,,3362,-34.0,47,0.2
2026-08-09T22:48:43.787791,ACB824,ASA617,33.258036,-117.503095,,,282,,4620,-49.5,3237,25.1
2026-08-09T22:48:43.787791,A77035,DAL709,33.168365,-116.504626,,,23,,1365,-34.6,1588,7.6
2026-08-09T22:48:43.787791,AA7B78,SWA4567,32.796936,-117.122003,,,103,,3332,-49.5,1490,36.9
2026-08-09T22:48:43.787791,AC0FF9,SWA572,32.951477,-117.55426,,,307,,,-49.5,13,42.9
2026-08-09T22:48:43.787791,A54BAB,,33.152176,-117.498947,,,138,,3362,-49.5,61,2.1
2026-08-09T22:48:48.855016,ACB824,ASA617,33.258036,-117.503095,,,282,,4620,-49.5,3237,30.1
2026-08-09T22:48:48.855016,A77035,DAL709,33.168365,-116.504626,,,23,,1365,-49.5,1589,12.7
2026-08-09T22:48:48.855016,AA7B78,SWA4567,32.796936,-117.122003,,,103,,3332,-49.5,1490,42.0
2026-08-09T22:48:48.855016,AC0FF9,SWA572,32.951477,-117.55426,,,307,,,-49.5,13,48.0
2026-08-09T22:48:48.855016,A54BAB,SWA186,33.143704,-117.490259,,,139,,3362,-29.9,88,1.0
2026-08-09T22:48:53.907168,ACB824,ASA617,33.258036,-117.503095,,,282,,4620,-49.5,3237,35.2
2026-08-09T22:48:53.907168,A77035,DAL709,33.19789,-116.489158,,,23,,1365,-33.7,1596,2.0
2026-08-09T22:48:53.907168,AA7B78,SWA4567,32.796936,-117.122003,,,103,,3332,-49.5,1490,47.0
2026-08-09T22:48:53.907168,AC0FF9,SWA572,32.951477,-117.55426,,,307,,,-49.5,13,53.0
2026-08-09T22:48:53.907168,A54BAB,SWA186,33.135361,-117.4823,,,142,,3362,-32.7,119,0.0
2026-08-09T22:48:58.963464,ACB824,ASA617,33.258036,-117.503095,,,282,,4620,-49.5,3237,40.2
2026-08-09T22:48:58.963464,A77035,DAL709,33.19789,-116.489158,,,23,,1365,-49.5,1598,7.1
2026-08-09T22:48:58.963464,AA7B78,SWA4567,32.796936,-117.122003,,,103,,3332,-49.5,1490,52.1
2026-08-09T22:48:58.963464,AC0FF9,SWA572,32.951477,-117.55426,,,307,,,-49.5,13,58.1
2026-08-09T22:48:58.963464,A54BAB,SWA186,33.127945,-117.475818,,,144,,3362,-49.5,161,0.0
2026-08-09T22:49:04.040348,ACB824,ASA617,33.258036,-117.503095,,,282,,4620,-49.5,3237,45.3
2026-08-09T22:49:04.040348,A77035,DAL709,33.19789,-116.489158,,,23,,1365,-35.9,1603,12.2
2026-08-09T22:49:04.040348,AA7B78,SWA4567,32.796936,-117.122003,,,103,,3332,-49.5,1490,57.2
2026-08-09T22:49:04.040348,A54BAB,SWA186,33.122452,-117.471259,,,145,,3362,-32.9,184,1.3
2026-08-09T22:49:09.087288,ACB824,ASA617,33.258036,-117.503095,,,282,,4620,-49.5,3237,50.3
2026-08-09T22:49:09.087288,A77035,DAL709,33.19789,-116.489158,,,23,,1365,-34.5,1604,17.2
2026-08-09T22:49:09.087288,AA7B78,SWA4567,32.796936,-117.122003,,,103,,3332,-49.5,1490,62.2
2026-08-09T22:49:09.087288,A54BAB,SWA186,33.113305,-117.463746,,,145,,3362,-49.5,210,0.2
2026-08-09T22:49:14.137313,ACB824,ASA617,33.258036,-117.503095,,,282,,4620,-49.5,3237,55.4
2026-08-09T22:49:14.137313,A77035,DAL709,33.19789,-116.489158,,,23,,1365,-34.5,1604,22.3
2026-08-09T22:49:14.137313,AA7B78,SWA4567,32.796936,-117.122003,,,104,,3332,-33.7,1492,67.3
2026-08-09T22:49:14.137313,A54BAB,SWA186,33.106247,-117.457855,,,145,,3362,-31.3,251,0.4
2026-08-09T22:49:19.193703,ACB824,ASA617,33.258036,-117.503095,,,282,,4620,-49.5,3237,60.4
2026-08-09T22:49:19.193703,A77035,DAL709,33.19789,-116.489158,,,23,,1365,-49.5,1606,27.3
2026-08-09T22:49:19.193703,AA7B78,SWA4567,32.796936,-117.122003,,,104,,3332,-33.7,1492,72.3
2026-08-09T22:49:19.193703,A54BAB,SWA186,33.099153,-117.451919,,,144,,3362,-49.5,297,0.5
2026-08-09T22:49:24.245879,A77035,DAL709,33.256779,-116.458273,,,23,,1365,-49.5,1637,1.3
2026-08-09T22:49:24.245879,AA7B78,SWA4567,32.796936,-117.122003,,,104,,3332,-33.7,1492,77.4
2026-08-09T22:49:24.245879,A54BAB,SWA186,33.09201,-117.44588,,,144,,3362,-33.1,319,0.7
2026-08-09T22:49:29.322069,A77035,DAL709,33.256779,-116.458273,,,23,,1365,-35.7,1639,6.4
2026-08-09T22:49:29.322069,AA7B78,SWA4567,32.796936,-117.122003,,,104,,3332,-33.7,1492,82.4
2026-08-09T22:49:29.322069,A54BAB,SWA186,33.089355,-117.443683,,,144,,3362,-49.5,326,3.9
2026-08-09T22:49:29.322069,0D0DD3,,33.025647,-116.383891,,,,,,-35.3,3,3.9
2026-08-09T22:49:34.375941,A77035,DAL709,33.277634,-116.447278,,,23,,1365,-49.5,1649,0.5
2026-08-09T22:49:34.375941,AA7B78,SWA4567,32.796936,-117.122003,,,104,,3332,-33.7,1492,87.5
2026-08-09T22:49:34.375941,A54BAB,SWA186,33.089355,-117.443683,,,144,,3362,-49.5,326,9.0
2026-08-09T22:49:34.375941,0D0DD3,,33.030762,-116.394159,,,300,,,-33.0,20,4.0
2026-08-09T22:49:39.452588,A77035,DAL709,33.277634,-116.447278,,,23,,1365,-49.5,1650,5.5
2026-08-09T22:49:39.452588,AA7B78,SWA4567,32.796936,-117.122003,,,104,,3332,-33.7,1492,92.6
2026-08-09T22:49:39.452588,A54BAB,SWA186,33.070496,-117.427808,,,144,,3362,-34.7,339,1.0
2026-08-09T22:49:39.452588,0D0DD3,,33.035796,-116.404519,,,300,,,-49.5,34,4.1
2026-08-09T22:49:44.533590,A77035,DAL709,33.277634,-116.447278,,,23,,1365,-49.5,1650,10.6
2026-08-09T22:49:44.533590,AA7B78,SWA4567,32.796936,-117.122003,,,104,,3332,-33.7,1492,97.6
2026-08-09T22:49:44.533590,A54BAB,SWA186,33.070496,-117.427808,,,144,,3362,-33.4,340,6.0
2026-08-09T22:49:44.533590,0D0DD3,,33.044687,-116.423745,,,297,,,-31.5,64,0.0
2026-08-09T22:49:49.576425,A77035,DAL709,33.277634,-116.447278,,,23,,1365,-49.5,1650,15.6
2026-08-09T22:49:49.576425,AA7B78,SWA4567,32.796936,-117.122003,,,104,,3332,-33.7,1492,102.7
2026-08-09T22:49:49.576425,A54BAB,SWA186,33.060794,-117.419689,,,144,,3362,-49.5,341,4.2
2026-08-09T22:49:49.576425,0D0DD3,,33.048843,-116.433325,,,296,,7250,-49.5,94,0.7
2026-08-09T22:49:54.635707,A77035,DAL709,33.277634,-116.447278,,,23,,1365,-49.5,1650,20.7
2026-08-09T22:49:54.635707,AA7B78,SWA4567,32.796936,-117.122003,,,104,,3332,-33.7,1492,107.7
2026-08-09T22:49:54.635707,A54BAB,SWA186,33.060794,-117.419689,,,144,,3362,-49.5,341,9.3
2026-08-09T22:49:54.635707,0D0DD3,,33.053558,-116.444806,,,295,,7250,-31.0,116,0.4
2026-08-09T22:49:59.698733,A77035,DAL709,33.277634,-116.447278,,,23,,1365,-49.5,1650,25.8
2026-08-09T22:49:59.698733,AA7B78,SWA4567,32.796936,-117.122003,,,104,,3332,-33.7,1492,112.8
2026-08-09T22:49:59.698733,A54BAB,SWA186,33.060794,-117.419689,,,144,,3362,-49.5,341,14.4
2026-08-09T22:49:59.698733,0D0DD3,VOI1720,33.057768,-116.455583,,,294,,7250,-49.5,161,0.5
2026-08-09T22:50:04.739243,A77035,DAL709,33.277634,-116.447278,,,23,,1365,-49.5,1650,30.8
2026-08-09T22:50:04.739243,AA7B78,SWA4567,32.796936,-117.122003,,,104,,3332,-33.7,1492,117.8
2026-08-09T22:50:04.739243,A54BAB,SWA186,33.034073,-117.39738,,,144,,3362,-31.9,356,0.0
2026-08-09T22:50:04.739243,0D0DD3,VOI1720,33.061798,-116.466449,,,293,,7250,-31.1,199,0.6
2026-08-09T22:50:09.793821,A77035,DAL709,33.277634,-116.447278,,,23,,1365,-49.5,1650,35.9
2026-08-09T22:50:09.793821,AA7B78,SWA4567,32.796936,-117.122003,,,104,,3332,-33.7,1492,122.9
2026-08-09T22:50:09.793821,A54BAB,SWA186,33.032822,-117.396332,,,144,,3362,-34.7,359,4.1
2026-08-09T22:50:09.793821,0D0DD3,VOI1720,33.06638,-116.478788,,,293,,7250,-31.4,247,0.0
2026-08-09T22:50:14.843653,A77035,DAL709,33.277634,-116.447278,,,23,,1365,-49.5,1650,40.9
2026-08-09T22:50:14.843653,A54BAB,SWA186,33.032822,-117.396332,,,144,,3362,-34.7,359,9.2
2026-08-09T22:50:14.843653,0D0DD3,VOI1720,33.069855,-116.488367,,,293,,7250,-49.5,289,0.7
2026-08-09T22:50:19.921743,A77035,DAL709,33.277634,-116.447278,,,23,,1365,-49.5,1650,46.0
2026-08-09T22:50:19.921743,A54BAB,SWA186,33.014465,-117.380841,,,144,,3362,-30.6,375,0.3
2026-08-09T22:50:19.921743,0D0DD3,VOI1720,33.074294,-116.500257,,,293,,7250,-29.5,343,0.3
2026-08-09T22:50:19.921743,A7AC8F,,33.503925,-117.141219,,,91,,,-49.5,5,3.8
2026-08-09T22:50:25.001038,A77035,DAL709,33.277634,-116.447278,,,23,,1365,-49.5,1650,51.1
2026-08-09T22:50:25.001038,A54BAB,SWA186,33.008702,-117.376024,,,144,,3362,-49.5,406,0.9
2026-08-09T22:50:25.001038,0D0DD3,VOI1720,33.07869,-116.511987,,,294,,7250,-29.4,399,0.0
2026-08-09T22:50:25.001038,A7AC8F,,33.503925,-117.141219,,,91,,,-49.5,5,8.9
2026-08-09T22:50:30.081687,A77035,DAL709,33.277634,-116.447278,,,23,,1365,-49.5,1650,56.1
2026-08-09T22:50:30.081687,A54BAB,SWA186,33.002289,-117.370679,,,144,,3362,-30.7,440,0.9
2026-08-09T22:50:30.081687,0D0DD3,VOI1720,33.08286,-116.523014,,,294,,7250,-27.2,472,0.0
2026-08-09T22:50:30.081687,A7AC8F,,33.503925,-117.141219,,,91,,,-49.5,5,13.9
2026-08-09T22:50:35.130188,A54BAB,SWA186,32.996273,-117.365598,,,144,,3362,-31.1,448,1.1
2026-08-09T22:50:35.130188,0D0DD3,VOI1720,33.086956,-116.533776,,,294,,7250,-29.3,519,0.2
2026-08-09T22:50:35.130188,A7AC8F,,33.503925,-117.141219,,,91,,,-49.5,5,19.0
2026-08-09T22:50:40.174789,A54BAB,SWA186,32.993759,-117.363524,,,144,,3362,-49.5,454,4.1
2026-08-09T22:50:40.174789,0D0DD3,VOI1720,33.090588,-116.543417,,,294,,7250,-49.5,557,0.9
2026-08-09T22:50:40.174789,A7AC8F,,33.503925,-117.141219,,,91,,,-49.5,5,24.1
2026-08-09T22:50:45.264352,A54BAB,SWA186,32.982651,-117.354254,,,144,,3362,-27.2,475,0.0
2026-08-09T22:50:45.264352,0D0DD3,VOI1720,33.095352,-116.556097,,,294,,7250,-31.6,591,0.2
2026-08-09T22:50:45.264352,A7AC8F,,33.503925,-117.141219,,,91,,,-49.5,5,29.1
2026-08-09T22:50:50.342195,A54BAB,SWA186,32.979126,-117.351288,,,144,,3362,-29.4,499,2.2
2026-08-09T22:50:50.342195,0D0DD3,VOI1720,33.098648,-116.564832,,,294,,7250,-30.8,616,1.3
2026-08-09T22:50:50.342195,A7AC8F,,33.503925,-117.141219,,,91,,,-49.5,5,34.2
2026-08-09T22:50:55.391834,A54BAB,SWA186,32.97295,-117.346148,,,144,,3362,-49.5,514,2.1
2026-08-09T22:50:55.391834,0D0DD3,VOI1720,33.102859,-116.576038,,,294,,7250,-49.5,637,1.3
2026-08-09T22:50:55.391834,A7AC8F,,33.503925,-117.141219,,,91,,,-49.5,5,39.3
2026-08-09T22:51:00.473034,A54BAB,SWA186,32.96608,-117.340411,,,144,,3362,-49.5,518,1.3
2026-08-09T22:51:00.473034,0D0DD3,VOI1720,33.107719,-116.588988,,,294,,7250,-32.3,660,0.4
2026-08-09T22:51:00.473034,A7AC8F,,33.503925,-117.141219,,,91,,,-49.5,5,44.3
2026-08-09T22:51:05.522844,A54BAB,SWA186,32.958755,-117.334314,,,144,,3362,-30.8,535,0.1
2026-08-09T22:51:05.522844,0D0DD3,VOI1720,33.107719,-116.588988,,,294,,7250,-33.0,664,5.4
2026-08-09T22:51:05.522844,A7AC8F,,33.503925,-117.141219,,,91,,,-49.5,5,49.4
2026-08-09T22:51:10.580709,A54BAB,SWA186,32.953305,-117.329724,,,144,,3362,-30.9,564,0.4
2026-08-09T22:51:10.580709,0D0DD3,VOI1720,33.115265,-116.608942,,,294,,7250,-49.5,674,1.2
2026-08-09T22:51:10.580709,A7AC8F,,33.501846,-117.010382,,,91,,,-34.3,11,0.7
2026-08-09T22:51:15.627328,A54BAB,SWA186,32.948914,-117.326074,,,144,,3362,-49.5,585,1.5
2026-08-09T22:51:15.627328,0D0DD3,VOI1720,33.120055,-116.621779,,,293,,7250,-33.5,683,0.3
2026-08-09T22:51:15.627328,A7AC8F,,33.501846,-117.010382,,,91,,,-32.7,12,5.7
2026-08-09T22:51:20.707271,A54BAB,SWA186,32.942551,-117.320746,,,144,,3362,-31.2,596,0.9
2026-08-09T22:51:20.707271,0D0DD3,VOI1720,33.12323,-116.630804,,,291,,7250,-32.3,712,1.3
2026-08-09T22:51:20.707271,A7AC8F,,33.501846,-117.010382,,,91,,,-32.7,12,10.8
2026-08-09T22:51:25.755772,A54BAB,SWA186,32.938065,-117.31701,,,144,,3362,-49.5,622,1.9
2026-08-09T22:51:25.755772,0D0DD3,VOI1720,33.125336,-116.637122,,,290,,7250,-49.5,733,3.4
2026-08-09T22:51:25.755772,A7AC8F,,33.501846,-117.010382,,,91,,,-32.7,12,15.9
2026-08-09T22:51:30.807445,A54BAB,SWA186,32.934963,-117.314422,,,144,,3362,-49.5,638,4.1
2026-08-09T22:51:30.807445,0D0DD3,VOI1720,33.125336,-116.637122,,,290,,7250,-49.5,733,8.5
2026-08-09T22:51:30.807445,A7AC8F,,33.501846,-117.010382,,,91,,,-32.7,12,20.9
2026-08-09T22:51:35.858201,A54BAB,SWA186,32.926208,-117.307123,,,144,,3362,-31.5,663,1.0
2026-08-09T22:51:35.858201,0D0DD3,VOI1720,33.132156,-116.661511,,,286,,7250,-32.2,740,2.5
2026-08-09T22:51:35.858201,A7AC8F,,33.501846,-117.010382,,,91,,,-32.7,12,25.9
2026-08-09T22:51:40.912153,A54BAB,SWA186,32.920858,-117.302651,,,144,,3362,-33.9,707,1.0
2026-08-09T22:51:40.912153,0D0DD3,VOI1720,33.132156,-116.661511,,,286,,7250,-32.2,740,7.6
2026-08-09T22:51:40.912153,A7AC8F,,33.501846,-117.010382,,,91,,,-32.7,12,31.0
2026-08-09T22:51:45.957484,A54BAB,SWA186,32.914806,-117.29755,,,144,,3362,-33.1,743,0.2
2026-08-09T22:51:45.957484,0D0DD3,VOI1720,33.132156,-116.661511,,,286,,7250,-32.2,740,12.6
2026-08-09T22:51:45.957484,A7AC8F,,33.501846,-117.010382,,,91,,,-32.7,12,36.0
2026-08-09T22:51:51.012936,A54BAB,SWA186,32.910507,-117.293939,,,144,,3362,-29.5,768,1.1
2026-08-09T22:51:51.012936,0D0DD3,VOI1720,33.132156,-116.661511,,,286,,7250,-32.2,740,17.7
2026-08-09T22:51:51.012936,A7AC8F,,33.501846,-117.010382,,,91,,,-32.7,12,41.1
2026-08-09T22:51:56.067026,A54BAB,SWA186,32.905426,-117.289709,,,144,,3362,-49.5,785,1.2
2026-08-09T22:51:56.067026,0D0DD3,VOI1720,33.132156,-116.661511,,,286,,7250,-32.2,740,22.8
2026-08-09T22:51:56.067026,A7AC8F,,33.501846,-117.010382,,,91,,,-32.7,12,46.2
2026-08-09T22:52:01.149008,A54BAB,SWA186,32.901352,-117.286304,,,144,,3362,-49.5,790,2.4
2026-08-09T22:52:01.149008,0D0DD3,VOI1720,33.132156,-116.661511,,,286,,7250,-49.5,741,27.8
2026-08-09T22:52:01.149008,A7AC8F,,33.501846,-117.010382,,,91,,,-32.7,12,51.3
2026-08-09T22:52:06.222175,A54BAB,SWA186,32.894184,-117.280342,,,145,,3362,-49.5,814,0.6
2026-08-09T22:52:06.222175,0D0DD3,VOI1720,33.132156,-116.661511,,,286,,7250,-49.5,741,32.9
2026-08-09T22:52:06.222175,A7AC8F,,33.501846,-117.010382,,,91,,,-32.7,12,56.3
2026-08-09T22:52:11.311411,A54BAB,SWA186,32.892322,-117.278772,,,145,,3362,-34.6,827,3.8
2026-08-09T22:52:11.311411,0D0DD3,VOI1720,33.145473,-116.742012,,,279,,7250,-49.5,746,2.3
2026-08-09T22:52:16.358207,A54BAB,SWA186,32.892322,-117.278772,,,145,,3362,-49.5,837,8.8
2026-08-09T22:52:16.358207,0D0DD3,VOI1720,33.145473,-116.742012,,,279,,7250,-49.5,746,7.4
2026-08-09T22:52:21.413380,A54BAB,SWA186,32.883041,-117.271088,,,145,,3362,-49.5,849,5.0
2026-08-09T22:52:21.413380,0D0DD3,VOI1720,33.145473,-116.742012,,,279,,7250,-49.5,746,12.4
2026-08-09T22:52:26.462071,A54BAB,SWA186,32.872971,-117.262793,,,145,,3362,-31.8,876,0.2
2026-08-09T22:52:26.462071,0D0DD3,VOI1720,33.145473,-116.742012,,,279,,7250,-49.5,746,17.5
2026-08-09T22:52:31.522115,A54BAB,SWA186,32.869766,-117.260156,,,145,,3362,-28.7,904,2.2
2026-08-09T22:52:31.522115,0D0DD3,VOI1720,33.15271,-116.790765,,,280,,7250,-49.5,750,0.8
2026-08-09T22:52:36.588753,A54BAB,SWA186,32.862807,-117.25439,,,144,,3362,-49.5,954,0.5
2026-08-09T22:52:36.588753,0D0DD3,VOI1720,33.154038,-116.799802,,,279,,7250,-49.5,774,1.8
2026-08-09T22:52:41.644236,A54BAB,SWA186,32.858826,-117.251093,,,144,,3362,-49.5,990,1.6
2026-08-09T22:52:41.644236,0D0DD3,VOI1720,33.15604,-116.813367,,,279,,7250,-49.5,786,0.8
2026-08-09T22:52:46.703522,A54BAB,SWA186,32.85466,-117.247632,,,144,,3362,-49.5,1001,2.7
2026-08-09T22:52:46.703522,0D0DD3,VOI1720,33.15604,-116.813367,,,279,,7250,-36.7,787,5.8
2026-08-09T22:52:46.703522,A1460A,,32.990112,-117.614575,,,,,,-49.5,2,3.0
2026-08-09T22:52:51.745190,A54BAB,SWA186,32.851364,-117.244885,,,144,,3362,-34.9,1015,4.5
2026-08-09T22:52:51.745190,0D0DD3,VOI1720,33.159392,-116.836012,,,279,,7250,-49.5,798,0.7
2026-08-09T22:52:51.745190,A1460A,,32.990112,-117.614575,,,,,,-49.5,2,8.0
2026-08-09T22:52:51.745190,AAA244,,32.653107,-116.998132,,,,,,-34.4,7,0.4
2026-08-09T22:52:51.745190,A7AC8F,,33.507568,-116.760498,,,73,,,-49.5,2,1.0
2026-08-09T22:52:56.788876,A54BAB,SWA186,32.84549,-117.24004,,,144,,3362,-49.5,1017,3.7
2026-08-09T22:52:56.788876,0D0DD3,VOI1720,33.161114,-116.847727,,,279,,7250,-49.5,825,0.4
2026-08-09T22:52:56.788876,A1460A,,32.990112,-117.614575,,,,,,-49.5,2,13.1
2026-08-09T22:52:56.788876,AAA244,,32.655396,-116.990826,,,70,,,-49.5,26,1.6
2026-08-09T22:52:56.788876,A7AC8F,,33.507568,-116.760498,,,72,,,-35.7,3,6.1
2026-08-09T22:53:01.851344,A54BAB,SWA186,32.84549,-117.24004,,,144,,3362,-34.5,1019,8.8
2026-08-09T22:53:01.851344,0D0DD3,VOI1720,33.162598,-116.857782,,,279,,7250,-28.3,852,1.0
2026-08-09T22:53:01.851344,A1460A,,33.004047,-117.636277,,,,,,-35.3,3,3.9
2026-08-09T22:53:01.851344,AAA244,,32.657089,-116.984564,,,70,,,-49.5,29,3.6
2026-08-09T22:53:01.851344,A7AC8F,,33.507568,-116.760498,,,72,,,-35.7,3,11.2
2026-08-09T22:53:06.927741,A54BAB,SWA186,32.84549,-117.24004,,,144,,3362,-34.5,1019,13.9
2026-08-09T22:53:06.927741,0D0DD3,VOI1720,33.16452,-116.870856,,,279,,7250,-49.5,898,0.0
2026-08-09T22:53:06.927741,A1460A,,33.004047,-117.636277,,,,,,-35.3,3,9.0
2026-08-09T22:53:06.927741,AAA244,,32.657089,-116.984564,,,70,,,-49.5,29,8.6
2026-08-09T22:53:06.927741,A7AC8F,,33.507568,-116.760498,,,72,,,-35.7,3,16.2
2026-08-09T22:53:11.979327,A54BAB,SWA186,32.84549,-117.24004,,,144,,3362,-33.0,1020,18.9
2026-08-09T22:53:11.979327,0D0DD3,VOI1720,33.166168,-116.882117,,,279,,7250,-49.5,953,0.0
2026-08-09T22:53:11.979327,A1460A,,33.004047,-117.636277,,,,,,-35.3,3,14.0
2026-08-09T22:53:11.979327,AAA244,,32.657089,-116.984564,,,70,,,-49.5,29,13.7
2026-08-09T22:53:11.979327,A7AC8F,,33.507568,-116.760498,,,72,,,-35.7,3,21.3
2026-08-09T22:53:17.034145,A54BAB,SWA186,32.84549,-117.24004,,,144,,3362,-33.0,1020,24.0
2026-08-09T22:53:17.034145,0D0DD3,VOI1720,33.167542,-116.891345,,,279,,7250,-31.9,987,0.9
2026-08-09T22:53:17.034145,A1460A,,33.004047,-117.636277,,,,,,-35.3,3,19.1
2026-08-09T22:53:17.034145,AAA244,,32.657089,-116.984564,,,70,,,-49.5,29,18.7
2026-08-09T22:53:17.034145,A7AC8F,,33.507568,-116.760498,,,72,,,-35.7,3,26.3
2026-08-09T22:53:22.091347,A54BAB,SWA186,32.817261,-117.214618,,,144,,3362,-49.5,1025,0.5
2026-08-09T22:53:22.091347,0D0DD3,VOI1720,33.169447,-116.904228,,,279,,7250,-49.5,1026,0.0
2026-08-09T22:53:22.091347,A1460A,,33.004047,-117.636277,,,,,,-35.3,3,24.1
2026-08-09T22:53:22.091347,AAA244,,32.665695,-116.938477,,,82,,,-34.2,47,1.5
2026-08-09T22:53:22.091347,A7AC8F,,33.507568,-116.760498,,,72,,,-35.7,3,31.4
2026-08-09T22:53:27.138047,A54BAB,SWA186,32.816535,-117.213639,,,144,,3362,-34.5,1028,4.6
2026-08-09T22:53:27.138047,0D0DD3,VOI1720,33.170837,-116.913593,,,279,,7250,-49.5,1054,0.9
2026-08-09T22:53:27.138047,A1460A,,33.004047,-117.636277,,,,,,-35.3,3,29.2
2026-08-09T22:53:27.138047,AAA244,UAL2129,32.666776,-116.926313,,,84,,,-31.6,84,0.9
2026-08-09T22:53:27.138047,A7AC8F,,33.507568,-116.760498,,,72,,,-35.7,3,36.4
2026-08-09T22:53:32.188062,A54BAB,SWA186,32.816535,-117.213639,,,144,,3362,-34.5,1028,9.9
2026-08-09T22:53:32.188062,0D0DD3,VOI1720,33.170837,-116.913593,,,279,,7250,-35.4,1055,6.1
2026-08-09T22:53:32.188062,A1460A,,33.004047,-117.636277,,,,,,-35.3,3,34.4
2026-08-09T22:53:32.188062,AAA244,UAL2129,32.666776,-116.926313,,,84,,,-35.6,87,6.1
2026-08-09T22:53:32.188062,A7AC8F,,33.507568,-116.760498,,,72,,,-35.7,3,41.7
2026-08-09T22:53:37.422042,A54BAB,SWA186,32.816535,-117.213639,,,144,,3362,-34.5,1028,15.0
2026-08-09T22:53:37.422042,0D0DD3,VOI1720,33.174316,-116.937433,,,279,,7250,-32.6,1084,0.3
2026-08-09T22:53:37.422042,A1460A,,33.004047,-117.636277,,,,,,-35.3,3,39.5
2026-08-09T22:53:37.422042,AAA244,UAL2129,32.666776,-116.926313,,,84,,,-35.6,87,11.2
2026-08-09T22:53:37.422042,A7AC8F,,33.537303,-116.660399,,,72,,,-34.1,4,4.9
2026-08-09T22:53:42.484687,A54BAB,SWA186,32.816535,-117.213639,,,144,,3362,-34.5,1028,20.0
2026-08-09T22:53:42.484687,0D0DD3,VOI1720,33.175871,-116.948174,,,279,,7250,-31.2,1111,0.4
2026-08-09T22:53:42.484687,A1460A,,33.004047,-117.636277,,,,,,-35.3,3,44.5
2026-08-09T22:53:42.484687,AAA244,UAL2129,32.666776,-116.926313,,,84,,,-49.5,89,16.2
2026-08-09T22:53:42.484687,A7AC8F,,33.537303,-116.660399,,,72,,,-34.1,4,10.0
2026-08-09T22:53:47.535320,A54BAB,SWA186,32.805222,-117.181633,,,103,,3362,-49.5,1054,1.0
2026-08-09T22:53:47.535320,0D0DD3,VOI1720,33.177475,-116.959131,,,279,,7250,-49.5,1146,0.4
2026-08-09T22:53:47.535320,A1460A,,33.004047,-117.636277,,,,,,-35.3,3,49.6
2026-08-09T22:53:47.535320,AAA244,UAL2129,32.666776,-116.926313,,,84,,,-49.5,89,21.3
2026-08-09T22:53:47.535320,A7AC8F,,33.537303,-116.660399,,,72,,,-34.1,4,15.0
2026-08-09T22:53:52.586409,A54BAB,SWA186,32.80426,-117.177045,,,103,,3362,-49.5,1070,2.8
2026-08-09T22:53:52.586409,0D0DD3,VOI1720,33.179031,-116.969952,,,279,,7250,-29.3,1188,0.4
2026-08-09T22:53:52.586409,A1460A,,33.004047,-117.636277,,,,,,-35.3,3,54.6
2026-08-09T22:53:52.586409,AAA244,UAL2129,32.666776,-116.926313,,,84,,,-49.5,89,26.3
2026-08-09T22:53:52.586409,A7AC8F,,33.537303,-116.660399,,,72,,,-34.1,4,20.1
2026-08-09T22:53:52.586409,A87CF9,,32.99213,-117.616266,,,307,,,-49.5,10,1.4
2026-08-09T22:53:57.647636,A54BAB,SWA186,32.80426,-117.177045,,,103,,3362,-49.5,1070,7.9
2026-08-09T22:53:57.647636,0D0DD3,VOI1720,33.180679,-116.981213,,,279,,7250,-27.1,1240,0.3
2026-08-09T22:53:57.647636,A1460A,,33.004047,-117.636277,,,,,,-35.3,3,59.7
2026-08-09T22:53:57.647636,AAA244,UAL2129,32.666776,-116.926313,,,84,,,-49.5,89,31.4
2026-08-09T22:53:57.647636,A7AC8F,,33.537303,-116.660399,,,72,,,-34.1,4,25.1
2026-08-09T22:53:57.647636,A87CF9,,32.99213,-117.616266,,,307,,,-49.5,10,6.5
2026-08-09T22:54:02.723945,A54BAB,SWA186,32.80426,-117.177045,,,103,,3362,-35.3,1071,12.9
2026-08-09T22:54:02.723945,0D0DD3,VOI1720,33.182202,-116.991671,,,279,,7250,-49.5,1293,0.5
2026-08-09T22:54:02.723945,AAA244,UAL2129,32.668964,-116.851371,,,84,,,-35.2,95,1.7
2026-08-09T22:54:02.723945,A7AC8F,,33.537303,-116.660399,,,72,,,-34.1,4,30.2
2026-08-09T22:54:02.723945,A87CF9,,32.99213,-117.616266,,,307,,,-49.5,10,11.6
2026-08-09T22:54:07.766550,A54BAB,SWA186,32.799636,-117.156465,,,103,,3362,-49.5,1074,3.4
2026-08-09T22:54:07.766550,0D0DD3,VOI1720,33.182808,-116.995987,,,279,,7250,-49.5,1302,3.6
2026-08-09T22:54:07.766550,AAA244,UAL2129,32.668964,-116.851371,,,84,,,-35.2,95,6.7
2026-08-09T22:54:07.766550,A7AC8F,,33.537303,-116.660399,,,72,,,-49.5,5,35.3
2026-08-09T22:54:07.766550,A87CF9,,32.99213,-117.616266,,,307,,,-49.5,13,16.6
2026-08-09T22:54:12.841306,A54BAB,SWA186,32.798053,-117.149683,,,103,,3362,-49.5,1077,3.7
2026-08-09T22:54:12.841306,0D0DD3,VOI1720,33.185508,-117.014428,,,279,,7250,-49.5,1310,0.0
2026-08-09T22:54:12.841306,AAA244,UAL2129,32.668964,-116.851371,,,84,,,-35.2,95,11.8
2026-08-09T22:54:12.841306,A7AC8F,,33.537303,-116.660399,,,72,,,-49.5,5,40.3
2026-08-09T22:54:12.841306,A87CF9,,33.010238,-117.644628,,,307,,,-49.5,14,2.8
2026-08-09T22:54:17.904849,A54BAB,SWA186,32.795746,-117.139471,,,105,,3362,-49.5,1081,1.5
2026-08-09T22:54:17.904849,0D0DD3,VOI1720,33.186159,-117.018912,,,279,,7250,-49.5,1338,3.0
2026-08-09T22:54:17.904849,AAA244,UAL2129,32.668964,-116.851371,,,84,,,-35.2,95,16.9
2026-08-09T22:54:17.904849,A7AC8F,,33.537303,-116.660399,,,72,,,-49.5,5,45.4
2026-08-09T22:54:17.904849,A87CF9,,33.010238,-117.644628,,,307,,,-49.5,18,7.9
2026-08-09T22:54:22.983918,A54BAB,SWA186,32.793777,-117.130902,,,105,,3362,-32.5,1088,0.4
2026-08-09T22:54:22.983918,0D0DD3,VOI1720,33.188004,-117.031641,,,279,,7250,-31.3,1364,2.2
2026-08-09T22:54:22.983918,AAA244,UAL2129,32.668964,-116.851371,,,84,,,-35.2,95,22.0
2026-08-09T22:54:22.983918,A7AC8F,,33.537303,-116.660399,,,72,,,-49.5,5,50.5
2026-08-09T22:54:22.983918,A87CF9,,33.010238,-117.644628,,,306,,,-49.5,21,13.0
2026-08-09T22:54:28.061811,A54BAB,SWA186,32.792358,-117.124969,,,105,,3362,-49.5,1110,1.2
2026-08-09T22:54:28.061811,0D0DD3,VOI1720,33.190116,-117.04649,,,279,,7250,-33.3,1375,0.3
2026-08-09T22:54:28.061811,AAA244,UAL2129,32.668964,-116.851371,,,84,,,-35.2,95,27.0
2026-08-09T22:54:28.061811,A7AC8F,,33.537303,-116.660399,,,72,,,-49.5,5,55.5
2026-08-09T22:54:28.061811,A87CF9,,33.010238,-117.644628,,,306,,,-49.5,21,18.0
2026-08-09T22:54:33.111429,A54BAB,SWA186,32.791629,-117.122273,,,105,,3362,-33.2,1112,4.4
2026-08-09T22:54:33.111429,0D0DD3,VOI1720,33.191652,-117.057084,,,279,,7250,-49.5,1397,0.3
2026-08-09T22:54:33.111429,AAA244,UAL2129,32.668964,-116.851371,,,84,,,-49.5,98,32.1
2026-08-09T22:54:33.111429,A7AC8F,,33.537303,-116.660399,,,72,,,-49.5,5,60.6
2026-08-09T22:54:33.111429,A87CF9,,33.010238,-117.644628,,,306,,,-49.5,21,23.1
2026-08-09T22:54:38.167116,A54BAB,SWA186,32.791629,-117.122273,,,105,,3362,-33.2,1112,9.4
2026-08-09T22:54:38.167116,0D0DD3,VOI1720,33.19313,-117.067401,,,279,,7250,-49.5,1438,0.5
2026-08-09T22:54:38.167116,AAA244,UAL2129,32.668964,-116.851371,,,84,,,-49.5,98,37.1
2026-08-09T22:54:38.167116,A7AC8F,,33.537303,-116.660399,,,72,,,-49.5,5,65.6
2026-08-09T22:54:38.167116,A87CF9,,33.010238,-117.644628,,,306,,,-49.5,21,28.2
2026-08-09T22:54:43.211808,A54BAB,SWA186,32.791629,-117.122273,,,105,,3362,-33.2,1112,14.5
2026-08-09T22:54:43.211808,0D0DD3,VOI1720,33.194687,-117.077948,,,279,,7250,-49.5,1466,0.6
2026-08-09T22:54:43.211808,AAA244,UAL2129,32.668964,-116.851371,,,84,,,-49.5,98,42.2
2026-08-09T22:54:43.211808,A7AC8F,,33.537303,-116.660399,,,72,,,-49.5,5,70.7
2026-08-09T22:54:43.211808,A87CF9,,33.010238,-117.644628,,,306,,,-49.5,21,33.2
2026-08-09T22:54:48.268894,A54BAB,SWA186,32.791629,-117.122273,,,105,,3362,-33.2,1112,19.5
2026-08-09T22:54:48.268894,0D0DD3,VOI1720,33.196243,-117.088715,,,279,,7250,-49.5,1482,0.5
2026-08-09T22:54:48.268894,AAA244,UAL2129,32.668964,-116.851371,,,84,,,-49.5,98,47.2
2026-08-09T22:54:48.268894,A7AC8F,,33.537303,-116.660399,,,72,,,-49.5,5,75.8
2026-08-09T22:54:48.268894,A87CF9,,33.010238,-117.644628,,,306,,,-49.5,21,38.3
2026-08-09T22:54:48.268894,AC61BC,,32.902679,-117.47851,,,,,,-35.4,3,0.4
2026-08-09T22:54:53.347943,A54BAB,SWA186,32.791629,-117.122273,,,105,,3362,-33.2,1112,24.6
2026-08-09T22:54:53.347943,0D0DD3,VOI1720,33.197754,-117.099207,,,279,,7250,-49.5,1501,0.6
2026-08-09T22:54:53.347943,AAA244,UAL2129,32.668964,-116.851371,,,84,,,-49.5,98,52.3
2026-08-09T22:54:53.347943,A7AC8F,,33.537303,-116.660399,,,72,,,-49.5,5,80.8
2026-08-09T22:54:53.347943,A87CF9,,33.010238,-117.644628,,,306,,,-49.5,21,43.3
2026-08-09T22:54:53.347943,AC61BC,,32.902679,-117.47851,,,307,,,-33.5,4,5.5
2026-08-09T22:54:58.397677,A54BAB,SWA186,32.791629,-117.122273,,,105,,3362,-33.2,1112,29.6
2026-08-09T22:54:58.397677,0D0DD3,VOI1720,33.19938,-117.110222,,,279,,7250,-34.3,1515,0.4
2026-08-09T22:54:58.397677,AAA244,UAL2129,32.668964,-116.851371,,,40,,,-49.5,105,57.3
2026-08-09T22:54:58.397677,A7AC8F,,33.537303,-116.660399,,,72,,,-49.5,5,85.9
2026-08-09T22:54:58.397677,A87CF9,,33.010238,-117.644628,,,306,,,-49.5,21,48.4
2026-08-09T22:54:58.397677,AC61BC,,32.902679,-117.47851,,,307,,,-49.5,5,10.5
2026-08-09T22:55:03.445265,A54BAB,SWA186,32.791629,-117.122273,,,105,,3362,-33.2,1112,34.7
2026-08-09T22:55:03.445265,0D0DD3,VOI1720,33.200963,-117.12132,,,279,,7250,-49.5,1549,0.2
2026-08-09T22:55:03.445265,AAA244,UAL2129,32.711792,-116.735229,,,34,,,-49.5,113,3.0
2026-08-09T22:55:03.445265,A7AC8F,,33.537303,-116.660399,,,72,,,-49.5,5,90.9
2026-08-09T22:55:03.445265,A87CF9,,33.010238,-117.644628,,,306,,,-49.5,21,53.4
2026-08-09T22:55:03.445265,AC61BC,,32.902679,-117.47851,,,307,,,-49.5,5,15.6
2026-08-09T22:55:08.501459,A54BAB,SWA186,32.791629,-117.122273,,,105,,3362,-33.2,1112,39.8
2026-08-09T22:55:08.501459,0D0DD3,VOI1720,33.202332,-117.130573,,,279,,7250,-30.2,1608,0.8
2026-08-09T22:55:08.501459,AAA244,UAL2129,32.711792,-116.735229,,,34,,,-49.5,113,8.0
2026-08-09T22:55:08.501459,A87CF9,,33.010238,-117.644628,,,306,,,-49.5,21,58.5
2026-08-09T22:55:08.501459,AC61BC,,32.902679,-117.47851,,,307,,,-49.5,5,20.6
2026-08-09T22:55:13.557859,A54BAB,SWA186,32.791629,-117.122273,,,105,,3362,-33.2,1112,44.8
2026-08-09T22:55:13.557859,0D0DD3,VOI1720,33.203244,-117.137127,,,279,,7250,-49.5,1622,2.7
2026-08-09T22:55:13.557859,AAA244,UAL2129,32.711792,-116.735229,,,34,,,-49.5,113,13.1
2026-08-09T22:55:13.557859,A87CF9,,33.010238,-117.644628,,,306,,,-49.5,21,63.6
2026-08-09T22:55:13.557859,AC61BC,,32.902679,-117.47851,,,307,,,-49.5,5,25.7
2026-08-09T22:55:18.603663,A54BAB,SWA186,32.791629,-117.122273,,,105,,3362,-33.2,1112,49.9
2026-08-09T22:55:18.603663,0D0DD3,VOI1720,33.205432,-117.152542,,,279,,7250,-49.5,1653,0.3
2026-08-09T22:55:18.603663,AAA244,UAL2129,32.711792,-116.735229,,,34,,,-49.5,113,18.1
2026-08-09T22:55:18.603663,A87CF9,,33.010238,-117.644628,,,306,,,-49.5,21,68.6
2026-08-09T22:55:18.603663,AC61BC,,32.902679,-117.47851,,,307,,,-49.5,5,30.7
2026-08-09T22:55:23.663142,A54BAB,SWA186,32.791629,-117.122273,,,105,,3362,-33.2,1112,54.9
2026-08-09T22:55:23.663142,0D0DD3,VOI1720,33.206177,-117.157599,,,279,,7250,-31.4,1679,2.9
2026-08-09T22:55:23.663142,AAA244,UAL2129,32.711792,-116.735229,,,34,,,-36.9,115,23.2
2026-08-09T22:55:23.663142,AC61BC,,32.902679,-117.47851,,,307,,,-49.5,5,35.8
2026-08-09T22:55:28.743318,A54BAB,SWA186,32.791629,-117.122273,,,105,,3362,-33.2,1112,60.0
2026-08-09T22:55:28.743318,0D0DD3,VOI1720,33.208374,-117.173529,,,279,,7250,-29.3,1712,0.3
2026-08-09T22:55:28.743318,AAA244,UAL2129,32.761963,-116.708093,,,22,,,-32.0,140,0.0
2026-08-09T22:55:28.743318,AC61BC,,32.902679,-117.47851,,,307,,,-49.5,5,40.9
2026-08-09T22:55:33.812766,0D0DD3,VOI1720,33.209747,-117.183142,,,279,,7250,-31.3,1743,0.8
2026-08-09T22:55:33.812766,AAA244,UAL2129,32.766907,-116.705676,,,22,,,-49.5,154,2.4
2026-08-09T22:55:33.812766,AC61BC,,32.94017,-117.536682,,,307,,,-49.5,13,2.0
2026-08-09T22:55:38.862497,0D0DD3,VOI1720,33.211344,-117.194525,,,279,,7250,-25.3,1784,0.3
2026-08-09T22:55:38.862497,AAA244,UAL2129,32.774414,-116.701996,,,22,,,-34.7,163,3.3
2026-08-09T22:55:38.862497,AC61BC,,32.941956,-117.539374,,,307,,,-49.5,22,5.0
2026-08-09T22:55:43.929293,0D0DD3,VOI1720,33.212906,-117.20528,,,279,,7250,-29.8,1815,0.0
2026-08-09T22:55:43.929293,AAA244,UAL2129,32.78595,-116.696385,,,22,,,-49.5,173,2.1
2026-08-09T22:55:43.929293,AC61BC,,32.947858,-117.548554,,,307,,2002,-49.5,38,3.3
2026-08-09T22:55:48.992832,0D0DD3,VOI1720,33.21437,-117.215825,,,279,,7250,-49.5,1849,0.0
2026-08-09T22:55:48.992832,AAA244,UAL2129,32.78595,-116.696385,,,22,,,-49.5,173,7.2
2026-08-09T22:55:48.992832,AC61BC,,32.953079,-117.556732,,,307,,2002,-49.5,49,2.4
2026-08-09T22:55:54.048542,0D0DD3,VOI1720,33.21579,-117.225934,,,279,,7250,-49.5,1881,0.1
2026-08-09T22:55:54.048542,AAA244,UAL2129,32.800461,-116.689252,,,22,,,-49.5,174,4.2
2026-08-09T22:55:54.048542,AC61BC,,32.953079,-117.556732,,,307,,2002,-49.5,49,7.4
2026-08-09T22:55:54.048542,A87CF9,,33.12769,-117.779211,,,346,,,-33.2,8,3.9
2026-08-09T22:55:59.104515,0D0DD3,VOI1720,33.217209,-117.235876,,,279,,7250,-31.3,1915,0.2
2026-08-09T22:55:59.104515,AAA244,UAL2129,32.800461,-116.689252,,,22,,,-34.0,176,9.3
2026-08-09T22:55:59.104515,AC61BC,,32.953079,-117.556732,,,307,,2002,-49.5,49,12.5
2026-08-09T22:55:59.104515,A87CF9,,33.12769,-117.779211,,,346,,,-33.2,8,9.0
2026-08-09T22:56:04.151029,0D0DD3,VOI1720,33.218079,-117.242413,,,279,,7250,-49.5,1922,2.1
2026-08-09T22:56:04.151029,AAA244,UAL2129,32.826828,-116.676343,,,22,,,-49.5,198,0.1
2026-08-09T22:56:04.151029,AC61BC,,32.953079,-117.556732,,,307,,2002,-49.5,49,17.6
2026-08-09T22:56:04.151029,A87CF9,,33.12769,-117.779211,,,346,,,-33.2,8,14.1
2026-08-09T22:56:09.230369,0D0DD3,VOI1720,33.219817,-117.254502,,,279,,7250,-31.9,1944,1.2
2026-08-09T22:56:09.230369,AAA244,UAL2129,32.830536,-116.67453,,,22,,,-35.9,211,3.2
2026-08-09T22:56:09.230369,AC61BC,,32.953079,-117.556732,,,307,,2002,-49.5,49,22.6
2026-08-09T22:56:09.230369,A87CF9,,33.12769,-117.779211,,,346,,,-33.2,8,19.1
2026-08-09T22:56:14.290750,0D0DD3,VOI1720,33.221512,-117.266309,,,279,,7250,-31.7,1952,0.4
2026-08-09T22:56:14.290750,AAA244,UAL2129,32.842712,-116.668597,,,22,,,-49.5,221,1.6
2026-08-09T22:56:14.290750,AC61BC,,32.953079,-117.556732,,,307,,2002,-49.5,49,27.7
2026-08-09T22:56:14.290750,A87CF9,,33.12769,-117.779211,,,346,,,-33.2,8,24.2
2026-08-09T22:56:19.364201,0D0DD3,VOI1720,33.222889,-117.275858,,,279,,7250,-49.5,1993,0.7
2026-08-09T22:56:19.364201,AAA244,UAL2129,32.853424,-116.663379,,,22,,,-33.9,243,0.9
2026-08-09T22:56:19.364201,AC61BC,,32.953079,-117.556732,,,307,,2002,-49.5,49,32.7
2026-08-09T22:56:19.364201,A87CF9,,33.12769,-117.779211,,,346,,,-33.2,8,29.2
2026-08-09T22:56:24.413776,0D0DD3,VOI1720,33.224533,-117.287183,,,279,,7250,-32.0,2039,0.2
2026-08-09T22:56:24.413776,AAA244,UAL2129,32.857315,-116.661456,,,22,,,-49.5,249,3.8
2026-08-09T22:56:24.413776,AC61BC,,32.953079,-117.556732,,,307,,2002,-49.5,50,37.8
2026-08-09T22:56:24.413776,A87CF9,,33.12769,-117.779211,,,346,,,-49.5,9,34.3
2026-08-09T22:56:29.476125,0D0DD3,VOI1720,33.22554,-117.293994,,,279,,7250,-49.5,2065,1.8
2026-08-09T22:56:29.476125,AAA244,UAL2129,32.857315,-116.661456,,,22,,,-49.5,249,8.9
2026-08-09T22:56:29.476125,AC61BC,,32.953079,-117.556732,,,307,,2002,-49.5,50,42.9
2026-08-09T22:56:29.476125,A87CF9,,33.194,-117.782062,,,346,,,-49.5,10,0.3
2026-08-09T22:56:34.535191,0D0DD3,VOI1720,33.227265,-117.306126,,,279,,7250,-33.6,2103,0.8
2026-08-09T22:56:34.535191,AAA244,UAL2129,32.857315,-116.661456,,,22,,,-49.5,249,13.9
2026-08-09T22:56:34.535191,AC61BC,,32.953079,-117.556732,,,307,,2002,-49.5,50,47.9
2026-08-09T22:56:34.535191,A87CF9,,33.194,-117.782062,,,0,,,-49.5,14,5.4
2026-08-09T22:56:39.584233,0D0DD3,VOI1720,33.228941,-117.317841,,,279,,7250,-31.7,2119,0.0
2026-08-09T22:56:39.584233,AAA244,UAL2129,32.857315,-116.661456,,,22,,,-49.5,249,19.0
2026-08-09T22:56:39.584233,AC61BC,,32.953079,-117.556732,,,307,,2002,-49.5,50,53.0
2026-08-09T22:56:39.584233,A87CF9,,33.194,-117.782062,,,0,,,-49.5,14,10.4
2026-08-09T22:56:44.641343,0D0DD3,VOI1720,33.230301,-117.327502,,,279,,7250,-27.5,2156,0.2
2026-08-09T22:56:44.641343,AAA244,UAL2129,32.902084,-116.639758,,,22,,,-49.5,261,0.0
2026-08-09T22:56:44.641343,AC61BC,,32.953079,-117.556732,,,307,,2002,-49.5,50,58.0
2026-08-09T22:56:44.641343,A87CF9,,33.194,-117.782062,,,0,,,-49.5,14,15.5
2026-08-09T22:56:49.695945,0D0DD3,VOI1720,33.231033,-117.332446,,,279,,7250,-49.5,2194,2.8
2026-08-09T22:56:49.695945,AAA244,UAL2129,32.905077,-116.638314,,,22,,,-49.5,277,3.5
2026-08-09T22:56:49.695945,AC61BC,,32.953079,-117.556732,,,307,,2002,-36.8,51,63.1
2026-08-09T22:56:49.695945,A87CF9,,33.194,-117.782062,,,0,,,-49.5,14,20.6
2026-08-09T22:56:54.778358,0D0DD3,VOI1720,33.231033,-117.332446,,,280,,7250,-34.1,2203,7.8
2026-08-09T22:56:54.778358,AAA244,UAL2129,32.919648,-116.631252,,,22,,,-32.2,284,0.8
2026-08-09T22:56:54.778358,AC61BC,,33.010162,-117.645831,,,307,,2002,-49.5,57,4.8
2026-08-09T22:56:54.778358,A87CF9,,33.194,-117.782062,,,0,,,-49.5,14,25.6
2026-08-09T22:56:59.838183,0D0DD3,VOI1720,33.231033,-117.332446,,,280,,7250,-34.1,2203,12.9
2026-08-09T22:56:59.838183,AAA244,UAL2129,32.928865,-116.626824,,,22,,,-49.5,313,0.8
2026-08-09T22:56:59.838183,AC61BC,,33.01918,-117.659949,,,307,,2002,-49.5,62,0.1
2026-08-09T22:56:59.838183,A87CF9,,33.194,-117.782062,,,0,,,-49.5,14,30.7
2026-08-09T22:57:04.908410,0D0DD3,VOI1720,33.231033,-117.332446,,,280,,7250,-34.1,2203,17.9
2026-08-09T22:57:04.908410,AAA244,UAL2129,32.928865,-116.626824,,,22,,1346,-33.9,320,5.9
2026-08-09T22:57:04.908410,AC61BC,,33.01918,-117.659949,,,307,,2002,-34.6,63,5.2
2026-08-09T22:57:04.908410,A87CF9,,33.194,-117.782062,,,0,,,-49.5,14,35.7
2026-08-09T22:57:04.908410,A1311E,,33.127304,-117.794092,,,319,,,-49.5,2,0.7
2026-08-09T22:57:09.960375,0D0DD3,VOI1720,33.231033,-117.332446,,,280,,7250,-34.1,2203,23.0
2026-08-09T22:57:09.960375,AAA244,UAL2129,32.928865,-116.626824,,,22,,1346,-32.5,324,11.0
2026-08-09T22:57:09.960375,AC61BC,,33.01918,-117.659949,,,307,,2002,-34.6,63,10.2
2026-08-09T22:57:09.960375,A87CF9,,33.194,-117.782062,,,0,,,-49.5,14,40.8
2026-08-09T22:57:09.960375,A1311E,,33.128574,-117.795354,,,319,,,-49.5,5,4.8
2026-08-09T22:57:15.040282,0D0DD3,VOI1720,33.231033,-117.332446,,,280,,7250,-34.1,2203,28.1
2026-08-09T22:57:15.040282,AAA244,UAL2129,32.959124,-116.612138,,,22,,1346,-49.5,350,0.0
2026-08-09T22:57:15.040282,AC61BC,,33.01918,-117.659949,,,307,,2002,-34.6,63,15.3
2026-08-09T22:57:15.040282,A87CF9,,33.194,-117.782062,,,0,,,-49.5,14,45.9
2026-08-09T22:57:15.040282,A1311E,,33.128574,-117.795354,,,319,,,-49.5,5,9.9
2026-08-09T22:57:20.088896,0D0DD3,VOI1720,33.240555,-117.392981,,,280,,7250,-35.9,2211,2.5
2026-08-09T22:57:20.088896,AAA244,UAL2129,32.968369,-116.607623,,,22,,1346,-32.4,399,0.2
2026-08-09T22:57:20.088896,AC61BC,,33.01918,-117.659949,,,307,,2002,-34.6,63,20.4
2026-08-09T22:57:20.088896,A87CF9,,33.194,-117.782062,,,0,,,-49.5,14,50.9
2026-08-09T22:57:20.088896,A1311E,,33.128574,-117.795354,,,319,,,-49.5,5,15.0
2026-08-09T22:57:25.166456,0D0DD3,VOI1720,33.242394,-117.404835,,,280,,7250,-35.0,2219,1.6
2026-08-09T22:57:25.166456,AAA244,UAL2129,32.977466,-116.603225,,,22,,1346,-49.5,430,0.4
2026-08-09T22:57:25.166456,AC61BC,,33.01918,-117.659949,,,307,,2002,-34.6,63,25.4
2026-08-09T22:57:25.166456,A87CF9,,33.194,-117.782062,,,0,,,-49.5,14,56.0
2026-08-09T22:57:25.166456,A1311E,,33.128574,-117.795354,,,319,,,-49.5,5,20.0
2026-08-09T22:57:30.222049,0D0DD3,VOI1720,33.244256,-117.416774,,,280,,7250,-49.5,2237,0.6
2026-08-09T22:57:30.222049,AAA244,UAL2129,32.986962,-116.598573,,,22,,1346,-32.1,443,0.5
2026-08-09T22:57:30.222049,AC61BC,,33.01918,-117.659949,,,307,,2002,-34.6,63,30.5
2026-08-09T22:57:30.222049,A87CF9,,33.194,-117.782062,,,0,,,-49.5,14,61.1
2026-08-09T22:57:30.222049,A1311E,,33.128574,-117.795354,,,319,,,-49.5,5,25.1
2026-08-09T22:57:35.302704,0D0DD3,VOI1720,33.244256,-117.416774,,,280,,7250,-49.5,2238,5.7
2026-08-09T22:57:35.302704,AAA244,UAL2129,32.996475,-116.593945,,,22,,1346,-49.5,469,0.5
2026-08-09T22:57:35.302704,AC61BC,,33.01918,-117.659949,,,307,,2002,-34.6,63,35.6
2026-08-09T22:57:35.302704,A1311E,,33.128574,-117.795354,,,319,,,-49.5,5,30.2
2026-08-09T22:57:40.380034,0D0DD3,VOI1720,33.244256,-117.416774,,,280,,7250,-49.5,2238,10.8
2026-08-09T22:57:40.380034,AAA244,UAL2129,33.005676,-116.589441,,,22,,1346,-49.5,506,0.9
2026-08-09T22:57:40.380034,AC61BC,,33.01918,-117.659949,,,307,,2002,-34.6,63,40.7
2026-08-09T22:57:40.380034,A1311E,,33.128574,-117.795354,,,319,,,-49.5,5,35.2
2026-08-09T22:57:45.460281,0D0DD3,VOI1720,33.248353,-117.443231,,,280,,7250,-49.5,2245,2.5
2026-08-09T22:57:45.460281,AAA244,UAL2129,33.015406,-116.584672,,,22,,1346,-34.7,531,0.9
2026-08-09T22:57:45.460281,AC61BC,,33.01918,-117.659949,,,307,,2002,-34.6,63,45.7
2026-08-09T22:57:45.460281,A1311E,,33.128574,-117.795354,,,319,,,-49.5,5,40.3
2026-08-09T22:57:50.538464,0D0DD3,VOI1720,33.248353,-117.443231,,,280,,7250,-49.5,2245,7.6
2026-08-09T22:57:50.538464,AAA244,UAL2129,33.024994,-116.579883,,,22,,1346,-31.8,555,0.9
2026-08-09T22:57:50.538464,AC61BC,,33.01918,-117.659949,,,307,,2002,-34.6,63,50.8
2026-08-09T22:57:50.538464,A1311E,,33.128574,-117.795354,,,319,,,-49.5,5,45.4
2026-08-09T22:57:55.613607,0D0DD3,VOI1720,33.248353,-117.443231,,,280,,7250,-49.5,2245,12.7
2026-08-09T22:57:55.613607,AAA244,UAL2129,33.036261,-116.574134,,,23,,1346,-29.0,604,0.0
2026-08-09T22:57:55.613607,AC61BC,,33.01918,-117.659949,,,307,,2002,-34.6,63,55.9
2026-08-09T22:57:55.613607,A1311E,,33.128574,-117.795354,,,319,,,-49.5,5,50.5
2026-08-09T22:57:55.613607,AC769B,AAL2056,32.686468,-117.123619,,,54,,,-34.9,11,3.9
2026-08-09T22:58:00.667231,0D0DD3,VOI1720,33.248353,-117.443231,,,280,,7250,-49.5,2245,17.8
2026-08-09T22:58:00.667231,AAA244,UAL2129,33.044454,-116.56993,,,23,,1346,-49.5,645,0.9
2026-08-09T22:58:00.667231,A1311E,,33.128574,-117.795354,,,319,,,-49.5,5,55.5
2026-08-09T22:58:00.667231,AC769B,AAL2056,32.686468,-117.123619,,,54,,,-33.4,12,9.0
2026-08-09T22:58:05.745561,0D0DD3,VOI1720,33.248353,-117.443231,,,280,,7250,-49.5,2245,22.8
2026-08-09T22:58:05.745561,AAA244,UAL2129,33.055534,-116.564101,,,23,,1346,-49.5,694,0.1
2026-08-09T22:58:05.745561,A1311E,,33.128574,-117.795354,,,319,,,-49.5,5,60.6
2026-08-09T22:58:05.745561,AC769B,AAL2056,32.686468,-117.123619,,,54,,,-33.4,12,14.0
2026-08-09T22:58:10.799131,0D0DD3,VOI1720,33.248353,-117.443231,,,280,,7250,-49.5,2245,27.9
2026-08-09T22:58:10.799131,AAA244,UAL2129,33.064728,-116.559229,,,24,,1346,-30.2,747,0.3
2026-08-09T22:58:10.799131,AC769B,AAL2056,32.686468,-117.123619,,,54,,,-33.4,12,19.1
